[0.198s] [34mcolcon[0m [1;30mDEBUG[0m [32mCommand line arguments: ['/usr/bin/colcon', 'build', '--symlink-install'][0m
[0.198s] [34mcolcon[0m [1;30mDEBUG[0m [32mParsed command line arguments: Namespace(log_base=None, log_level=None, verb_name='build', build_base='build', install_base='install', merge_install=False, symlink_install=True, test_result_base=None, continue_on_error=False, executor='parallel', parallel_workers=8, event_handlers=None, ignore_user_meta=False, metas=['./colcon.meta'], base_paths=['.'], packages_ignore=None, packages_ignore_regex=None, paths=None, packages_up_to=None, packages_up_to_regex=None, packages_above=None, packages_above_and_dependencies=None, packages_above_depth=None, packages_select_by_dep=None, packages_skip_by_dep=None, packages_skip_up_to=None, packages_select_build_failed=False, packages_skip_build_finished=False, packages_select_test_failures=False, packages_skip_test_passed=False, packages_select=None, packages_skip=None, packages_select_regex=None, packages_skip_regex=None, packages_start=None, packages_end=None, allow_overriding=[], cmake_args=None, cmake_target=None, cmake_target_skip_unavailable=False, cmake_clean_cache=False, cmake_clean_first=False, cmake_force_configure=False, ament_cmake_args=None, catkin_cmake_args=None, catkin_skip_building_tests=False, verb_parser=<colcon_defaults.argument_parser.defaults.DefaultArgumentsDecorator object at 0xffff80a57310>, verb_extension=<colcon_core.verb.build.BuildVerb object at 0xffff80a56d10>, main=<bound method BuildVerb.main of <colcon_core.verb.build.BuildVerb object at 0xffff80a56d10>>)[0m
[0.470s] [34mcolcon.colcon_core.package_discovery[0m [1;30mLevel 1[0m discover_packages(colcon_meta) check parameters
[0.471s] [34mcolcon.colcon_core.package_discovery[0m [1;30mLevel 1[0m discover_packages(recursive) check parameters
[0.471s] [34mcolcon.colcon_core.package_discovery[0m [1;30mLevel 1[0m discover_packages(ignore) check parameters
[0.471s] [34mcolcon.colcon_core.package_discovery[0m [1;30mLevel 1[0m discover_packages(path) check parameters
[0.471s] [34mcolcon.colcon_core.package_discovery[0m [1;30mLevel 1[0m discover_packages(colcon_meta) discover
[0.471s] [34mcolcon.colcon_core.package_discovery[0m [1;30mLevel 1[0m discover_packages(recursive) discover
[0.471s] [34mcolcon.colcon_core.package_discovery[0m [1;30mINFO[0m Crawling recursively for packages in '/home/nvidia/acfly_ws'
[0.471s] [34mcolcon.colcon_core.package_identification[0m [1;30mLevel 1[0m _identify(.) by extensions ['ignore', 'ignore_ament_install']
[0.472s] [34mcolcon.colcon_core.package_identification[0m [1;30mLevel 1[0m _identify(.) by extension 'ignore'
[0.472s] [34mcolcon.colcon_core.package_identification[0m [1;30mLevel 1[0m _identify(.) by extension 'ignore_ament_install'
[0.472s] [34mcolcon.colcon_core.package_identification[0m [1;30mLevel 1[0m _identify(.) by extensions ['colcon_pkg']
[0.472s] [34mcolcon.colcon_core.package_identification[0m [1;30mLevel 1[0m _identify(.) by extension 'colcon_pkg'
[0.472s] [34mcolcon.colcon_core.package_identification[0m [1;30mLevel 1[0m _identify(.) by extensions ['colcon_meta']
[0.472s] [34mcolcon.colcon_core.package_identification[0m [1;30mLevel 1[0m _identify(.) by extension 'colcon_meta'
[0.472s] [34mcolcon.colcon_core.package_identification[0m [1;30mLevel 1[0m _identify(.) by extensions ['ros']
[0.472s] [34mcolcon.colcon_core.package_identification[0m [1;30mLevel 1[0m _identify(.) by extension 'ros'
[0.490s] [34mcolcon.colcon_core.package_identification[0m [1;30mLevel 1[0m _identify(.) by extensions ['cmake', 'python']
[0.490s] [34mcolcon.colcon_core.package_identification[0m [1;30mLevel 1[0m _identify(.) by extension 'cmake'
[0.490s] [34mcolcon.colcon_core.package_identification[0m [1;30mLevel 1[0m _identify(.) by extension 'python'
[0.490s] [34mcolcon.colcon_core.package_identification[0m [1;30mLevel 1[0m _identify(.) by extensions ['python_setup_py']
[0.490s] [34mcolcon.colcon_core.package_identification[0m [1;30mLevel 1[0m _identify(.) by extension 'python_setup_py'
[0.491s] [34mcolcon.colcon_core.package_identification[0m [1;30mLevel 1[0m _identify(build) by extensions ['ignore', 'ignore_ament_install']
[0.491s] [34mcolcon.colcon_core.package_identification[0m [1;30mLevel 1[0m _identify(build) by extension 'ignore'
[0.491s] [34mcolcon.colcon_core.package_identification[0m [1;30mLevel 1[0m _identify(build) ignored
[0.491s] [34mcolcon.colcon_core.package_identification[0m [1;30mLevel 1[0m _identify(install) by extensions ['ignore', 'ignore_ament_install']
[0.491s] [34mcolcon.colcon_core.package_identification[0m [1;30mLevel 1[0m _identify(install) by extension 'ignore'
[0.492s] [34mcolcon.colcon_core.package_identification[0m [1;30mLevel 1[0m _identify(install) ignored
[0.492s] [34mcolcon.colcon_core.package_identification[0m [1;30mLevel 1[0m _identify(log) by extensions ['ignore', 'ignore_ament_install']
[0.492s] [34mcolcon.colcon_core.package_identification[0m [1;30mLevel 1[0m _identify(log) by extension 'ignore'
[0.492s] [34mcolcon.colcon_core.package_identification[0m [1;30mLevel 1[0m _identify(log) ignored
[0.492s] [34mcolcon.colcon_core.package_identification[0m [1;30mLevel 1[0m _identify(src) by extensions ['ignore', 'ignore_ament_install']
[0.492s] [34mcolcon.colcon_core.package_identification[0m [1;30mLevel 1[0m _identify(src) by extension 'ignore'
[0.492s] [34mcolcon.colcon_core.package_identification[0m [1;30mLevel 1[0m _identify(src) by extension 'ignore_ament_install'
[0.492s] [34mcolcon.colcon_core.package_identification[0m [1;30mLevel 1[0m _identify(src) by extensions ['colcon_pkg']
[0.492s] [34mcolcon.colcon_core.package_identification[0m [1;30mLevel 1[0m _identify(src) by extension 'colcon_pkg'
[0.493s] [34mcolcon.colcon_core.package_identification[0m [1;30mLevel 1[0m _identify(src) by extensions ['colcon_meta']
[0.493s] [34mcolcon.colcon_core.package_identification[0m [1;30mLevel 1[0m _identify(src) by extension 'colcon_meta'
[0.493s] [34mcolcon.colcon_core.package_identification[0m [1;30mLevel 1[0m _identify(src) by extensions ['ros']
[0.493s] [34mcolcon.colcon_core.package_identification[0m [1;30mLevel 1[0m _identify(src) by extension 'ros'
[0.493s] [34mcolcon.colcon_core.package_identification[0m [1;30mLevel 1[0m _identify(src) by extensions ['cmake', 'python']
[0.493s] [34mcolcon.colcon_core.package_identification[0m [1;30mLevel 1[0m _identify(src) by extension 'cmake'
[0.493s] [34mcolcon.colcon_core.package_identification[0m [1;30mLevel 1[0m _identify(src) by extension 'python'
[0.493s] [34mcolcon.colcon_core.package_identification[0m [1;30mLevel 1[0m _identify(src) by extensions ['python_setup_py']
[0.493s] [34mcolcon.colcon_core.package_identification[0m [1;30mLevel 1[0m _identify(src) by extension 'python_setup_py'
[0.493s] [34mcolcon.colcon_core.package_identification[0m [1;30mLevel 1[0m _identify(src/acfly_mavros) by extensions ['ignore', 'ignore_ament_install']
[0.493s] [34mcolcon.colcon_core.package_identification[0m [1;30mLevel 1[0m _identify(src/acfly_mavros) by extension 'ignore'
[0.493s] [34mcolcon.colcon_core.package_identification[0m [1;30mLevel 1[0m _identify(src/acfly_mavros) by extension 'ignore_ament_install'
[0.494s] [34mcolcon.colcon_core.package_identification[0m [1;30mLevel 1[0m _identify(src/acfly_mavros) by extensions ['colcon_pkg']
[0.494s] [34mcolcon.colcon_core.package_identification[0m [1;30mLevel 1[0m _identify(src/acfly_mavros) by extension 'colcon_pkg'
[0.494s] [34mcolcon.colcon_core.package_identification[0m [1;30mLevel 1[0m _identify(src/acfly_mavros) by extensions ['colcon_meta']
[0.494s] [34mcolcon.colcon_core.package_identification[0m [1;30mLevel 1[0m _identify(src/acfly_mavros) by extension 'colcon_meta'
[0.494s] [34mcolcon.colcon_core.package_identification[0m [1;30mLevel 1[0m _identify(src/acfly_mavros) by extensions ['ros']
[0.494s] [34mcolcon.colcon_core.package_identification[0m [1;30mLevel 1[0m _identify(src/acfly_mavros) by extension 'ros'
[0.494s] [34mcolcon.colcon_core.package_identification[0m [1;30mLevel 1[0m _identify(src/acfly_mavros) by extensions ['cmake', 'python']
[0.494s] [34mcolcon.colcon_core.package_identification[0m [1;30mLevel 1[0m _identify(src/acfly_mavros) by extension 'cmake'
[0.494s] [34mcolcon.colcon_core.package_identification[0m [1;30mLevel 1[0m _identify(src/acfly_mavros) by extension 'python'
[0.494s] [34mcolcon.colcon_core.package_identification[0m [1;30mLevel 1[0m _identify(src/acfly_mavros) by extensions ['python_setup_py']
[0.494s] [34mcolcon.colcon_core.package_identification[0m [1;30mLevel 1[0m _identify(src/acfly_mavros) by extension 'python_setup_py'
[0.494s] [34mcolcon.colcon_core.package_identification[0m [1;30mLevel 1[0m _identify(src/acfly_mavros/mavlink-gbp-release) by extensions ['ignore', 'ignore_ament_install']
[0.495s] [34mcolcon.colcon_core.package_identification[0m [1;30mLevel 1[0m _identify(src/acfly_mavros/mavlink-gbp-release) by extension 'ignore'
[0.495s] [34mcolcon.colcon_core.package_identification[0m [1;30mLevel 1[0m _identify(src/acfly_mavros/mavlink-gbp-release) by extension 'ignore_ament_install'
[0.495s] [34mcolcon.colcon_core.package_identification[0m [1;30mLevel 1[0m _identify(src/acfly_mavros/mavlink-gbp-release) by extensions ['colcon_pkg']
[0.495s] [34mcolcon.colcon_core.package_identification[0m [1;30mLevel 1[0m _identify(src/acfly_mavros/mavlink-gbp-release) by extension 'colcon_pkg'
[0.495s] [34mcolcon.colcon_core.package_identification[0m [1;30mLevel 1[0m _identify(src/acfly_mavros/mavlink-gbp-release) by extensions ['colcon_meta']
[0.495s] [34mcolcon.colcon_core.package_identification[0m [1;30mLevel 1[0m _identify(src/acfly_mavros/mavlink-gbp-release) by extension 'colcon_meta'
[0.495s] [34mcolcon.colcon_core.package_identification[0m [1;30mLevel 1[0m _identify(src/acfly_mavros/mavlink-gbp-release) by extensions ['ros']
[0.495s] [34mcolcon.colcon_core.package_identification[0m [1;30mLevel 1[0m _identify(src/acfly_mavros/mavlink-gbp-release) by extension 'ros'
[0.532s] [34mcolcon.colcon_core.package_identification[0m [1;30mDEBUG[0m [32mPackage 'src/acfly_mavros/mavlink-gbp-release' with type 'ros.cmake' and name 'mavlink'[0m
[0.532s] [34mcolcon.colcon_core.package_identification[0m [1;30mLevel 1[0m _identify(src/acfly_mavros/mavros) by extensions ['ignore', 'ignore_ament_install']
[0.532s] [34mcolcon.colcon_core.package_identification[0m [1;30mLevel 1[0m _identify(src/acfly_mavros/mavros) by extension 'ignore'
[0.533s] [34mcolcon.colcon_core.package_identification[0m [1;30mLevel 1[0m _identify(src/acfly_mavros/mavros) by extension 'ignore_ament_install'
[0.533s] [34mcolcon.colcon_core.package_identification[0m [1;30mLevel 1[0m _identify(src/acfly_mavros/mavros) by extensions ['colcon_pkg']
[0.533s] [34mcolcon.colcon_core.package_identification[0m [1;30mLevel 1[0m _identify(src/acfly_mavros/mavros) by extension 'colcon_pkg'
[0.533s] [34mcolcon.colcon_core.package_identification[0m [1;30mLevel 1[0m _identify(src/acfly_mavros/mavros) by extensions ['colcon_meta']
[0.533s] [34mcolcon.colcon_core.package_identification[0m [1;30mLevel 1[0m _identify(src/acfly_mavros/mavros) by extension 'colcon_meta'
[0.533s] [34mcolcon.colcon_core.package_identification[0m [1;30mLevel 1[0m _identify(src/acfly_mavros/mavros) by extensions ['ros']
[0.533s] [34mcolcon.colcon_core.package_identification[0m [1;30mLevel 1[0m _identify(src/acfly_mavros/mavros) by extension 'ros'
[0.533s] [34mcolcon.colcon_core.package_identification[0m [1;30mLevel 1[0m _identify(src/acfly_mavros/mavros) by extensions ['cmake', 'python']
[0.533s] [34mcolcon.colcon_core.package_identification[0m [1;30mLevel 1[0m _identify(src/acfly_mavros/mavros) by extension 'cmake'
[0.533s] [34mcolcon.colcon_core.package_identification[0m [1;30mLevel 1[0m _identify(src/acfly_mavros/mavros) by extension 'python'
[0.534s] [34mcolcon.colcon_core.package_identification[0m [1;30mLevel 1[0m _identify(src/acfly_mavros/mavros) by extensions ['python_setup_py']
[0.534s] [34mcolcon.colcon_core.package_identification[0m [1;30mLevel 1[0m _identify(src/acfly_mavros/mavros) by extension 'python_setup_py'
[0.534s] [34mcolcon.colcon_core.package_identification[0m [1;30mLevel 1[0m _identify(src/acfly_mavros/mavros/libmavconn) by extensions ['ignore', 'ignore_ament_install']
[0.534s] [34mcolcon.colcon_core.package_identification[0m [1;30mLevel 1[0m _identify(src/acfly_mavros/mavros/libmavconn) by extension 'ignore'
[0.534s] [34mcolcon.colcon_core.package_identification[0m [1;30mLevel 1[0m _identify(src/acfly_mavros/mavros/libmavconn) by extension 'ignore_ament_install'
[0.534s] [34mcolcon.colcon_core.package_identification[0m [1;30mLevel 1[0m _identify(src/acfly_mavros/mavros/libmavconn) by extensions ['colcon_pkg']
[0.534s] [34mcolcon.colcon_core.package_identification[0m [1;30mLevel 1[0m _identify(src/acfly_mavros/mavros/libmavconn) by extension 'colcon_pkg'
[0.534s] [34mcolcon.colcon_core.package_identification[0m [1;30mLevel 1[0m _identify(src/acfly_mavros/mavros/libmavconn) by extensions ['colcon_meta']
[0.534s] [34mcolcon.colcon_core.package_identification[0m [1;30mLevel 1[0m _identify(src/acfly_mavros/mavros/libmavconn) by extension 'colcon_meta'
[0.534s] [34mcolcon.colcon_core.package_identification[0m [1;30mLevel 1[0m _identify(src/acfly_mavros/mavros/libmavconn) by extensions ['ros']
[0.535s] [34mcolcon.colcon_core.package_identification[0m [1;30mLevel 1[0m _identify(src/acfly_mavros/mavros/libmavconn) by extension 'ros'
[0.536s] [34mcolcon.colcon_core.package_identification[0m [1;30mDEBUG[0m [32mPackage 'src/acfly_mavros/mavros/libmavconn' with type 'ros.ament_cmake' and name 'libmavconn'[0m
[0.536s] [34mcolcon.colcon_core.package_identification[0m [1;30mLevel 1[0m _identify(src/acfly_mavros/mavros/mavros) by extensions ['ignore', 'ignore_ament_install']
[0.537s] [34mcolcon.colcon_core.package_identification[0m [1;30mLevel 1[0m _identify(src/acfly_mavros/mavros/mavros) by extension 'ignore'
[0.537s] [34mcolcon.colcon_core.package_identification[0m [1;30mLevel 1[0m _identify(src/acfly_mavros/mavros/mavros) by extension 'ignore_ament_install'
[0.537s] [34mcolcon.colcon_core.package_identification[0m [1;30mLevel 1[0m _identify(src/acfly_mavros/mavros/mavros) by extensions ['colcon_pkg']
[0.537s] [34mcolcon.colcon_core.package_identification[0m [1;30mLevel 1[0m _identify(src/acfly_mavros/mavros/mavros) by extension 'colcon_pkg'
[0.537s] [34mcolcon.colcon_core.package_identification[0m [1;30mLevel 1[0m _identify(src/acfly_mavros/mavros/mavros) by extensions ['colcon_meta']
[0.537s] [34mcolcon.colcon_core.package_identification[0m [1;30mLevel 1[0m _identify(src/acfly_mavros/mavros/mavros) by extension 'colcon_meta'
[0.537s] [34mcolcon.colcon_core.package_identification[0m [1;30mLevel 1[0m _identify(src/acfly_mavros/mavros/mavros) by extensions ['ros']
[0.537s] [34mcolcon.colcon_core.package_identification[0m [1;30mLevel 1[0m _identify(src/acfly_mavros/mavros/mavros) by extension 'ros'
[0.542s] [34mcolcon.colcon_core.package_identification[0m [1;30mDEBUG[0m [32mPackage 'src/acfly_mavros/mavros/mavros' with type 'ros.ament_cmake' and name 'mavros'[0m
[0.543s] [34mcolcon.colcon_core.package_identification[0m [1;30mLevel 1[0m _identify(src/acfly_mavros/mavros/mavros_extras) by extensions ['ignore', 'ignore_ament_install']
[0.543s] [34mcolcon.colcon_core.package_identification[0m [1;30mLevel 1[0m _identify(src/acfly_mavros/mavros/mavros_extras) by extension 'ignore'
[0.543s] [34mcolcon.colcon_core.package_identification[0m [1;30mLevel 1[0m _identify(src/acfly_mavros/mavros/mavros_extras) by extension 'ignore_ament_install'
[0.543s] [34mcolcon.colcon_core.package_identification[0m [1;30mLevel 1[0m _identify(src/acfly_mavros/mavros/mavros_extras) by extensions ['colcon_pkg']
[0.543s] [34mcolcon.colcon_core.package_identification[0m [1;30mLevel 1[0m _identify(src/acfly_mavros/mavros/mavros_extras) by extension 'colcon_pkg'
[0.543s] [34mcolcon.colcon_core.package_identification[0m [1;30mLevel 1[0m _identify(src/acfly_mavros/mavros/mavros_extras) by extensions ['colcon_meta']
[0.543s] [34mcolcon.colcon_core.package_identification[0m [1;30mLevel 1[0m _identify(src/acfly_mavros/mavros/mavros_extras) by extension 'colcon_meta'
[0.544s] [34mcolcon.colcon_core.package_identification[0m [1;30mLevel 1[0m _identify(src/acfly_mavros/mavros/mavros_extras) by extensions ['ros']
[0.544s] [34mcolcon.colcon_core.package_identification[0m [1;30mLevel 1[0m _identify(src/acfly_mavros/mavros/mavros_extras) by extension 'ros'
[0.548s] [34mcolcon.colcon_core.package_identification[0m [1;30mDEBUG[0m [32mPackage 'src/acfly_mavros/mavros/mavros_extras' with type 'ros.ament_cmake' and name 'mavros_extras'[0m
[0.549s] [34mcolcon.colcon_core.package_identification[0m [1;30mLevel 1[0m _identify(src/acfly_mavros/mavros/mavros_msgs) by extensions ['ignore', 'ignore_ament_install']
[0.549s] [34mcolcon.colcon_core.package_identification[0m [1;30mLevel 1[0m _identify(src/acfly_mavros/mavros/mavros_msgs) by extension 'ignore'
[0.549s] [34mcolcon.colcon_core.package_identification[0m [1;30mLevel 1[0m _identify(src/acfly_mavros/mavros/mavros_msgs) by extension 'ignore_ament_install'
[0.549s] [34mcolcon.colcon_core.package_identification[0m [1;30mLevel 1[0m _identify(src/acfly_mavros/mavros/mavros_msgs) by extensions ['colcon_pkg']
[0.549s] [34mcolcon.colcon_core.package_identification[0m [1;30mLevel 1[0m _identify(src/acfly_mavros/mavros/mavros_msgs) by extension 'colcon_pkg'
[0.549s] [34mcolcon.colcon_core.package_identification[0m [1;30mLevel 1[0m _identify(src/acfly_mavros/mavros/mavros_msgs) by extensions ['colcon_meta']
[0.549s] [34mcolcon.colcon_core.package_identification[0m [1;30mLevel 1[0m _identify(src/acfly_mavros/mavros/mavros_msgs) by extension 'colcon_meta'
[0.549s] [34mcolcon.colcon_core.package_identification[0m [1;30mLevel 1[0m _identify(src/acfly_mavros/mavros/mavros_msgs) by extensions ['ros']
[0.549s] [34mcolcon.colcon_core.package_identification[0m [1;30mLevel 1[0m _identify(src/acfly_mavros/mavros/mavros_msgs) by extension 'ros'
[0.551s] [34mcolcon.colcon_core.package_identification[0m [1;30mDEBUG[0m [32mPackage 'src/acfly_mavros/mavros/mavros_msgs' with type 'ros.ament_cmake' and name 'mavros_msgs'[0m
[0.551s] [34mcolcon.colcon_core.package_identification[0m [1;30mLevel 1[0m _identify(src/acfly_mavros/mavros/test_mavros) by extensions ['ignore', 'ignore_ament_install']
[0.551s] [34mcolcon.colcon_core.package_identification[0m [1;30mLevel 1[0m _identify(src/acfly_mavros/mavros/test_mavros) by extension 'ignore'
[0.551s] [34mcolcon.colcon_core.package_identification[0m [1;30mLevel 1[0m _identify(src/acfly_mavros/mavros/test_mavros) ignored
[0.552s] [34mcolcon.colcon_core.package_identification[0m [1;30mLevel 1[0m _identify(src/acfly_mavros/mavros/tools) by extensions ['ignore', 'ignore_ament_install']
[0.552s] [34mcolcon.colcon_core.package_identification[0m [1;30mLevel 1[0m _identify(src/acfly_mavros/mavros/tools) by extension 'ignore'
[0.552s] [34mcolcon.colcon_core.package_identification[0m [1;30mLevel 1[0m _identify(src/acfly_mavros/mavros/tools) by extension 'ignore_ament_install'
[0.552s] [34mcolcon.colcon_core.package_identification[0m [1;30mLevel 1[0m _identify(src/acfly_mavros/mavros/tools) by extensions ['colcon_pkg']
[0.552s] [34mcolcon.colcon_core.package_identification[0m [1;30mLevel 1[0m _identify(src/acfly_mavros/mavros/tools) by extension 'colcon_pkg'
[0.552s] [34mcolcon.colcon_core.package_identification[0m [1;30mLevel 1[0m _identify(src/acfly_mavros/mavros/tools) by extensions ['colcon_meta']
[0.552s] [34mcolcon.colcon_core.package_identification[0m [1;30mLevel 1[0m _identify(src/acfly_mavros/mavros/tools) by extension 'colcon_meta'
[0.552s] [34mcolcon.colcon_core.package_identification[0m [1;30mLevel 1[0m _identify(src/acfly_mavros/mavros/tools) by extensions ['ros']
[0.552s] [34mcolcon.colcon_core.package_identification[0m [1;30mLevel 1[0m _identify(src/acfly_mavros/mavros/tools) by extension 'ros'
[0.552s] [34mcolcon.colcon_core.package_identification[0m [1;30mLevel 1[0m _identify(src/acfly_mavros/mavros/tools) by extensions ['cmake', 'python']
[0.552s] [34mcolcon.colcon_core.package_identification[0m [1;30mLevel 1[0m _identify(src/acfly_mavros/mavros/tools) by extension 'cmake'
[0.553s] [34mcolcon.colcon_core.package_identification[0m [1;30mLevel 1[0m _identify(src/acfly_mavros/mavros/tools) by extension 'python'
[0.553s] [34mcolcon.colcon_core.package_identification[0m [1;30mLevel 1[0m _identify(src/acfly_mavros/mavros/tools) by extensions ['python_setup_py']
[0.553s] [34mcolcon.colcon_core.package_identification[0m [1;30mLevel 1[0m _identify(src/acfly_mavros/mavros/tools) by extension 'python_setup_py'
[0.553s] [34mcolcon.colcon_core.package_identification[0m [1;30mLevel 1[0m _identify(src/fly_mission) by extensions ['ignore', 'ignore_ament_install']
[0.553s] [34mcolcon.colcon_core.package_identification[0m [1;30mLevel 1[0m _identify(src/fly_mission) by extension 'ignore'
[0.553s] [34mcolcon.colcon_core.package_identification[0m [1;30mLevel 1[0m _identify(src/fly_mission) by extension 'ignore_ament_install'
[0.553s] [34mcolcon.colcon_core.package_identification[0m [1;30mLevel 1[0m _identify(src/fly_mission) by extensions ['colcon_pkg']
[0.553s] [34mcolcon.colcon_core.package_identification[0m [1;30mLevel 1[0m _identify(src/fly_mission) by extension 'colcon_pkg'
[0.553s] [34mcolcon.colcon_core.package_identification[0m [1;30mLevel 1[0m _identify(src/fly_mission) by extensions ['colcon_meta']
[0.553s] [34mcolcon.colcon_core.package_identification[0m [1;30mLevel 1[0m _identify(src/fly_mission) by extension 'colcon_meta'
[0.553s] [34mcolcon.colcon_core.package_identification[0m [1;30mLevel 1[0m _identify(src/fly_mission) by extensions ['ros']
[0.553s] [34mcolcon.colcon_core.package_identification[0m [1;30mLevel 1[0m _identify(src/fly_mission) by extension 'ros'
[0.555s] [34mcolcon.colcon_core.package_identification[0m [1;30mDEBUG[0m [32mPackage 'src/fly_mission' with type 'ros.ament_cmake' and name 'fly_mission'[0m
[0.555s] [34mcolcon.colcon_core.package_identification[0m [1;30mLevel 1[0m _identify(src/fly_mission_gps) by extensions ['ignore', 'ignore_ament_install']
[0.555s] [34mcolcon.colcon_core.package_identification[0m [1;30mLevel 1[0m _identify(src/fly_mission_gps) by extension 'ignore'
[0.555s] [34mcolcon.colcon_core.package_identification[0m [1;30mLevel 1[0m _identify(src/fly_mission_gps) by extension 'ignore_ament_install'
[0.555s] [34mcolcon.colcon_core.package_identification[0m [1;30mLevel 1[0m _identify(src/fly_mission_gps) by extensions ['colcon_pkg']
[0.555s] [34mcolcon.colcon_core.package_identification[0m [1;30mLevel 1[0m _identify(src/fly_mission_gps) by extension 'colcon_pkg'
[0.555s] [34mcolcon.colcon_core.package_identification[0m [1;30mLevel 1[0m _identify(src/fly_mission_gps) by extensions ['colcon_meta']
[0.555s] [34mcolcon.colcon_core.package_identification[0m [1;30mLevel 1[0m _identify(src/fly_mission_gps) by extension 'colcon_meta'
[0.556s] [34mcolcon.colcon_core.package_identification[0m [1;30mLevel 1[0m _identify(src/fly_mission_gps) by extensions ['ros']
[0.556s] [34mcolcon.colcon_core.package_identification[0m [1;30mLevel 1[0m _identify(src/fly_mission_gps) by extension 'ros'
[0.557s] [34mcolcon.colcon_core.package_identification[0m [1;30mDEBUG[0m [32mPackage 'src/fly_mission_gps' with type 'ros.ament_cmake' and name 'fly_mission_gps'[0m
[0.557s] [34mcolcon.colcon_core.package_discovery[0m [1;30mLevel 1[0m discover_packages(recursive) using defaults
[0.557s] [34mcolcon.colcon_core.package_discovery[0m [1;30mLevel 1[0m discover_packages(ignore) discover
[0.557s] [34mcolcon.colcon_core.package_discovery[0m [1;30mLevel 1[0m discover_packages(ignore) using defaults
[0.557s] [34mcolcon.colcon_core.package_discovery[0m [1;30mLevel 1[0m discover_packages(path) discover
[0.557s] [34mcolcon.colcon_core.package_discovery[0m [1;30mLevel 1[0m discover_packages(path) using defaults
[0.587s] [34mcolcon.colcon_core.package_discovery[0m [1;30mLevel 1[0m discover_packages(prefix_path) check parameters
[0.588s] [34mcolcon.colcon_core.package_discovery[0m [1;30mLevel 1[0m discover_packages(prefix_path) discover
[0.591s] [34mcolcon.colcon_installed_package_information.package_discovery[0m [1;30mDEBUG[0m [32mFound 4 installed packages in /home/nvidia/ws_point/install[0m
[0.592s] [34mcolcon.colcon_installed_package_information.package_discovery[0m [1;30mDEBUG[0m [32mFound 1 installed packages in /home/nvidia/ws_livox/install[0m
[0.593s] [34mcolcon.colcon_installed_package_information.package_discovery[0m [1;30mDEBUG[0m [32mFound 4 installed packages in /home/nvidia/ws_orbbec/install[0m
[0.594s] [34mcolcon.colcon_installed_package_information.package_discovery[0m [1;30mDEBUG[0m [32mFound 284 installed packages in /opt/ros/humble[0m
[0.598s] [34mcolcon.colcon_core.package_discovery[0m [1;30mLevel 1[0m discover_packages(prefix_path) using defaults
[0.657s] [34mcolcon.colcon_core.verb[0m [1;30mLevel 5[0m set package 'mavlink' build argument 'cmake_args' from command line to 'None'
[0.657s] [34mcolcon.colcon_core.verb[0m [1;30mLevel 5[0m set package 'mavlink' build argument 'cmake_target' from command line to 'None'
[0.657s] [34mcolcon.colcon_core.verb[0m [1;30mLevel 5[0m set package 'mavlink' build argument 'cmake_target_skip_unavailable' from command line to 'False'
[0.657s] [34mcolcon.colcon_core.verb[0m [1;30mLevel 5[0m set package 'mavlink' build argument 'cmake_clean_cache' from command line to 'False'
[0.657s] [34mcolcon.colcon_core.verb[0m [1;30mLevel 5[0m set package 'mavlink' build argument 'cmake_clean_first' from command line to 'False'
[0.657s] [34mcolcon.colcon_core.verb[0m [1;30mLevel 5[0m set package 'mavlink' build argument 'cmake_force_configure' from command line to 'False'
[0.657s] [34mcolcon.colcon_core.verb[0m [1;30mLevel 5[0m set package 'mavlink' build argument 'ament_cmake_args' from command line to 'None'
[0.657s] [34mcolcon.colcon_core.verb[0m [1;30mLevel 5[0m set package 'mavlink' build argument 'catkin_cmake_args' from command line to 'None'
[0.657s] [34mcolcon.colcon_core.verb[0m [1;30mLevel 5[0m set package 'mavlink' build argument 'catkin_skip_building_tests' from command line to 'False'
[0.657s] [34mcolcon.colcon_core.verb[0m [1;30mDEBUG[0m [32mBuilding package 'mavlink' with the following arguments: {'ament_cmake_args': None, 'build_base': '/home/nvidia/acfly_ws/build/mavlink', 'catkin_cmake_args': None, 'catkin_skip_building_tests': False, 'cmake_args': None, 'cmake_clean_cache': False, 'cmake_clean_first': False, 'cmake_force_configure': False, 'cmake_target': None, 'cmake_target_skip_unavailable': False, 'install_base': '/home/nvidia/acfly_ws/install/mavlink', 'merge_install': False, 'path': '/home/nvidia/acfly_ws/src/acfly_mavros/mavlink-gbp-release', 'symlink_install': True, 'test_result_base': None}[0m
[0.658s] [34mcolcon.colcon_core.verb[0m [1;30mLevel 5[0m set package 'mavros_msgs' build argument 'cmake_args' from command line to 'None'
[0.658s] [34mcolcon.colcon_core.verb[0m [1;30mLevel 5[0m set package 'mavros_msgs' build argument 'cmake_target' from command line to 'None'
[0.658s] [34mcolcon.colcon_core.verb[0m [1;30mLevel 5[0m set package 'mavros_msgs' build argument 'cmake_target_skip_unavailable' from command line to 'False'
[0.658s] [34mcolcon.colcon_core.verb[0m [1;30mLevel 5[0m set package 'mavros_msgs' build argument 'cmake_clean_cache' from command line to 'False'
[0.658s] [34mcolcon.colcon_core.verb[0m [1;30mLevel 5[0m set package 'mavros_msgs' build argument 'cmake_clean_first' from command line to 'False'
[0.658s] [34mcolcon.colcon_core.verb[0m [1;30mLevel 5[0m set package 'mavros_msgs' build argument 'cmake_force_configure' from command line to 'False'
[0.658s] [34mcolcon.colcon_core.verb[0m [1;30mLevel 5[0m set package 'mavros_msgs' build argument 'ament_cmake_args' from command line to 'None'
[0.658s] [34mcolcon.colcon_core.verb[0m [1;30mLevel 5[0m set package 'mavros_msgs' build argument 'catkin_cmake_args' from command line to 'None'
[0.658s] [34mcolcon.colcon_core.verb[0m [1;30mLevel 5[0m set package 'mavros_msgs' build argument 'catkin_skip_building_tests' from command line to 'False'
[0.658s] [34mcolcon.colcon_core.verb[0m [1;30mDEBUG[0m [32mBuilding package 'mavros_msgs' with the following arguments: {'ament_cmake_args': None, 'build_base': '/home/nvidia/acfly_ws/build/mavros_msgs', 'catkin_cmake_args': None, 'catkin_skip_building_tests': False, 'cmake_args': None, 'cmake_clean_cache': False, 'cmake_clean_first': False, 'cmake_force_configure': False, 'cmake_target': None, 'cmake_target_skip_unavailable': False, 'install_base': '/home/nvidia/acfly_ws/install/mavros_msgs', 'merge_install': False, 'path': '/home/nvidia/acfly_ws/src/acfly_mavros/mavros/mavros_msgs', 'symlink_install': True, 'test_result_base': None}[0m
[0.659s] [34mcolcon.colcon_core.verb[0m [1;30mLevel 5[0m set package 'fly_mission' build argument 'cmake_args' from command line to 'None'
[0.659s] [34mcolcon.colcon_core.verb[0m [1;30mLevel 5[0m set package 'fly_mission' build argument 'cmake_target' from command line to 'None'
[0.659s] [34mcolcon.colcon_core.verb[0m [1;30mLevel 5[0m set package 'fly_mission' build argument 'cmake_target_skip_unavailable' from command line to 'False'
[0.659s] [34mcolcon.colcon_core.verb[0m [1;30mLevel 5[0m set package 'fly_mission' build argument 'cmake_clean_cache' from command line to 'False'
[0.659s] [34mcolcon.colcon_core.verb[0m [1;30mLevel 5[0m set package 'fly_mission' build argument 'cmake_clean_first' from command line to 'False'
[0.659s] [34mcolcon.colcon_core.verb[0m [1;30mLevel 5[0m set package 'fly_mission' build argument 'cmake_force_configure' from command line to 'False'
[0.659s] [34mcolcon.colcon_core.verb[0m [1;30mLevel 5[0m set package 'fly_mission' build argument 'ament_cmake_args' from command line to 'None'
[0.659s] [34mcolcon.colcon_core.verb[0m [1;30mLevel 5[0m set package 'fly_mission' build argument 'catkin_cmake_args' from command line to 'None'
[0.659s] [34mcolcon.colcon_core.verb[0m [1;30mLevel 5[0m set package 'fly_mission' build argument 'catkin_skip_building_tests' from command line to 'False'
[0.659s] [34mcolcon.colcon_core.verb[0m [1;30mDEBUG[0m [32mBuilding package 'fly_mission' with the following arguments: {'ament_cmake_args': None, 'build_base': '/home/nvidia/acfly_ws/build/fly_mission', 'catkin_cmake_args': None, 'catkin_skip_building_tests': False, 'cmake_args': None, 'cmake_clean_cache': False, 'cmake_clean_first': False, 'cmake_force_configure': False, 'cmake_target': None, 'cmake_target_skip_unavailable': False, 'install_base': '/home/nvidia/acfly_ws/install/fly_mission', 'merge_install': False, 'path': '/home/nvidia/acfly_ws/src/fly_mission', 'symlink_install': True, 'test_result_base': None}[0m
[0.660s] [34mcolcon.colcon_core.verb[0m [1;30mLevel 5[0m set package 'fly_mission_gps' build argument 'cmake_args' from command line to 'None'
[0.660s] [34mcolcon.colcon_core.verb[0m [1;30mLevel 5[0m set package 'fly_mission_gps' build argument 'cmake_target' from command line to 'None'
[0.660s] [34mcolcon.colcon_core.verb[0m [1;30mLevel 5[0m set package 'fly_mission_gps' build argument 'cmake_target_skip_unavailable' from command line to 'False'
[0.660s] [34mcolcon.colcon_core.verb[0m [1;30mLevel 5[0m set package 'fly_mission_gps' build argument 'cmake_clean_cache' from command line to 'False'
[0.660s] [34mcolcon.colcon_core.verb[0m [1;30mLevel 5[0m set package 'fly_mission_gps' build argument 'cmake_clean_first' from command line to 'False'
[0.660s] [34mcolcon.colcon_core.verb[0m [1;30mLevel 5[0m set package 'fly_mission_gps' build argument 'cmake_force_configure' from command line to 'False'
[0.660s] [34mcolcon.colcon_core.verb[0m [1;30mLevel 5[0m set package 'fly_mission_gps' build argument 'ament_cmake_args' from command line to 'None'
[0.660s] [34mcolcon.colcon_core.verb[0m [1;30mLevel 5[0m set package 'fly_mission_gps' build argument 'catkin_cmake_args' from command line to 'None'
[0.660s] [34mcolcon.colcon_core.verb[0m [1;30mLevel 5[0m set package 'fly_mission_gps' build argument 'catkin_skip_building_tests' from command line to 'False'
[0.660s] [34mcolcon.colcon_core.verb[0m [1;30mDEBUG[0m [32mBuilding package 'fly_mission_gps' with the following arguments: {'ament_cmake_args': None, 'build_base': '/home/nvidia/acfly_ws/build/fly_mission_gps', 'catkin_cmake_args': None, 'catkin_skip_building_tests': False, 'cmake_args': None, 'cmake_clean_cache': False, 'cmake_clean_first': False, 'cmake_force_configure': False, 'cmake_target': None, 'cmake_target_skip_unavailable': False, 'install_base': '/home/nvidia/acfly_ws/install/fly_mission_gps', 'merge_install': False, 'path': '/home/nvidia/acfly_ws/src/fly_mission_gps', 'symlink_install': True, 'test_result_base': None}[0m
[0.661s] [34mcolcon.colcon_core.verb[0m [1;30mLevel 5[0m set package 'libmavconn' build argument 'cmake_args' from command line to 'None'
[0.661s] [34mcolcon.colcon_core.verb[0m [1;30mLevel 5[0m set package 'libmavconn' build argument 'cmake_target' from command line to 'None'
[0.661s] [34mcolcon.colcon_core.verb[0m [1;30mLevel 5[0m set package 'libmavconn' build argument 'cmake_target_skip_unavailable' from command line to 'False'
[0.661s] [34mcolcon.colcon_core.verb[0m [1;30mLevel 5[0m set package 'libmavconn' build argument 'cmake_clean_cache' from command line to 'False'
[0.661s] [34mcolcon.colcon_core.verb[0m [1;30mLevel 5[0m set package 'libmavconn' build argument 'cmake_clean_first' from command line to 'False'
[0.661s] [34mcolcon.colcon_core.verb[0m [1;30mLevel 5[0m set package 'libmavconn' build argument 'cmake_force_configure' from command line to 'False'
[0.661s] [34mcolcon.colcon_core.verb[0m [1;30mLevel 5[0m set package 'libmavconn' build argument 'ament_cmake_args' from command line to 'None'
[0.661s] [34mcolcon.colcon_core.verb[0m [1;30mLevel 5[0m set package 'libmavconn' build argument 'catkin_cmake_args' from command line to 'None'
[0.661s] [34mcolcon.colcon_core.verb[0m [1;30mLevel 5[0m set package 'libmavconn' build argument 'catkin_skip_building_tests' from command line to 'False'
[0.661s] [34mcolcon.colcon_core.verb[0m [1;30mDEBUG[0m [32mBuilding package 'libmavconn' with the following arguments: {'ament_cmake_args': None, 'build_base': '/home/nvidia/acfly_ws/build/libmavconn', 'catkin_cmake_args': None, 'catkin_skip_building_tests': False, 'cmake_args': None, 'cmake_clean_cache': False, 'cmake_clean_first': False, 'cmake_force_configure': False, 'cmake_target': None, 'cmake_target_skip_unavailable': False, 'install_base': '/home/nvidia/acfly_ws/install/libmavconn', 'merge_install': False, 'path': '/home/nvidia/acfly_ws/src/acfly_mavros/mavros/libmavconn', 'symlink_install': True, 'test_result_base': None}[0m
[0.662s] [34mcolcon.colcon_core.verb[0m [1;30mLevel 5[0m set package 'mavros' build argument 'cmake_args' from command line to 'None'
[0.662s] [34mcolcon.colcon_core.verb[0m [1;30mLevel 5[0m set package 'mavros' build argument 'cmake_target' from command line to 'None'
[0.662s] [34mcolcon.colcon_core.verb[0m [1;30mLevel 5[0m set package 'mavros' build argument 'cmake_target_skip_unavailable' from command line to 'False'
[0.662s] [34mcolcon.colcon_core.verb[0m [1;30mLevel 5[0m set package 'mavros' build argument 'cmake_clean_cache' from command line to 'False'
[0.662s] [34mcolcon.colcon_core.verb[0m [1;30mLevel 5[0m set package 'mavros' build argument 'cmake_clean_first' from command line to 'False'
[0.662s] [34mcolcon.colcon_core.verb[0m [1;30mLevel 5[0m set package 'mavros' build argument 'cmake_force_configure' from command line to 'False'
[0.662s] [34mcolcon.colcon_core.verb[0m [1;30mLevel 5[0m set package 'mavros' build argument 'ament_cmake_args' from command line to 'None'
[0.662s] [34mcolcon.colcon_core.verb[0m [1;30mLevel 5[0m set package 'mavros' build argument 'catkin_cmake_args' from command line to 'None'
[0.662s] [34mcolcon.colcon_core.verb[0m [1;30mLevel 5[0m set package 'mavros' build argument 'catkin_skip_building_tests' from command line to 'False'
[0.662s] [34mcolcon.colcon_core.verb[0m [1;30mDEBUG[0m [32mBuilding package 'mavros' with the following arguments: {'ament_cmake_args': None, 'build_base': '/home/nvidia/acfly_ws/build/mavros', 'catkin_cmake_args': None, 'catkin_skip_building_tests': False, 'cmake_args': None, 'cmake_clean_cache': False, 'cmake_clean_first': False, 'cmake_force_configure': False, 'cmake_target': None, 'cmake_target_skip_unavailable': False, 'install_base': '/home/nvidia/acfly_ws/install/mavros', 'merge_install': False, 'path': '/home/nvidia/acfly_ws/src/acfly_mavros/mavros/mavros', 'symlink_install': True, 'test_result_base': None}[0m
[0.662s] [34mcolcon.colcon_core.verb[0m [1;30mLevel 5[0m set package 'mavros_extras' build argument 'cmake_args' from command line to 'None'
[0.663s] [34mcolcon.colcon_core.verb[0m [1;30mLevel 5[0m set package 'mavros_extras' build argument 'cmake_target' from command line to 'None'
[0.663s] [34mcolcon.colcon_core.verb[0m [1;30mLevel 5[0m set package 'mavros_extras' build argument 'cmake_target_skip_unavailable' from command line to 'False'
[0.663s] [34mcolcon.colcon_core.verb[0m [1;30mLevel 5[0m set package 'mavros_extras' build argument 'cmake_clean_cache' from command line to 'False'
[0.663s] [34mcolcon.colcon_core.verb[0m [1;30mLevel 5[0m set package 'mavros_extras' build argument 'cmake_clean_first' from command line to 'False'
[0.663s] [34mcolcon.colcon_core.verb[0m [1;30mLevel 5[0m set package 'mavros_extras' build argument 'cmake_force_configure' from command line to 'False'
[0.663s] [34mcolcon.colcon_core.verb[0m [1;30mLevel 5[0m set package 'mavros_extras' build argument 'ament_cmake_args' from command line to 'None'
[0.663s] [34mcolcon.colcon_core.verb[0m [1;30mLevel 5[0m set package 'mavros_extras' build argument 'catkin_cmake_args' from command line to 'None'
[0.663s] [34mcolcon.colcon_core.verb[0m [1;30mLevel 5[0m set package 'mavros_extras' build argument 'catkin_skip_building_tests' from command line to 'False'
[0.663s] [34mcolcon.colcon_core.verb[0m [1;30mDEBUG[0m [32mBuilding package 'mavros_extras' with the following arguments: {'ament_cmake_args': None, 'build_base': '/home/nvidia/acfly_ws/build/mavros_extras', 'catkin_cmake_args': None, 'catkin_skip_building_tests': False, 'cmake_args': None, 'cmake_clean_cache': False, 'cmake_clean_first': False, 'cmake_force_configure': False, 'cmake_target': None, 'cmake_target_skip_unavailable': False, 'install_base': '/home/nvidia/acfly_ws/install/mavros_extras', 'merge_install': False, 'path': '/home/nvidia/acfly_ws/src/acfly_mavros/mavros/mavros_extras', 'symlink_install': True, 'test_result_base': None}[0m
[0.663s] [34mcolcon.colcon_core.executor[0m [1;30mINFO[0m Executing jobs using 'parallel' executor
[0.665s] [34mcolcon.colcon_parallel_executor.executor.parallel[0m [1;30mDEBUG[0m [32mrun_until_complete[0m
[0.665s] [34mcolcon.colcon_ros.task.ament_cmake.build[0m [1;30mINFO[0m Building ROS package in '/home/nvidia/acfly_ws/src/acfly_mavros/mavros/mavros_msgs' with build type 'ament_cmake'
[0.666s] [34mcolcon.colcon_cmake.task.cmake.build[0m [1;30mINFO[0m Building CMake package in '/home/nvidia/acfly_ws/src/acfly_mavros/mavros/mavros_msgs'
[0.669s] [34mcolcon.colcon_core.plugin_system[0m [1;30mINFO[0m Skipping extension 'colcon_core.shell.bat': Not used on non-Windows systems
[0.670s] [34mcolcon.colcon_core.shell[0m [1;30mINFO[0m Skip shell extension 'powershell' for command environment: Not usable outside of PowerShell
[0.670s] [34mcolcon.colcon_core.shell[0m [1;30mDEBUG[0m [32mSkip shell extension 'dsv' for command environment[0m
[0.677s] [34mcolcon.colcon_ros.task.cmake.build[0m [1;30mINFO[0m Building ROS package in '/home/nvidia/acfly_ws/src/acfly_mavros/mavlink-gbp-release' with build type 'cmake'
[0.677s] [34mcolcon.colcon_cmake.task.cmake.build[0m [1;30mINFO[0m Building CMake package in '/home/nvidia/acfly_ws/src/acfly_mavros/mavlink-gbp-release'
[0.678s] [34mcolcon.colcon_core.shell[0m [1;30mINFO[0m Skip shell extension 'powershell' for command environment: Not usable outside of PowerShell
[0.678s] [34mcolcon.colcon_core.shell[0m [1;30mDEBUG[0m [32mSkip shell extension 'dsv' for command environment[0m
[0.690s] [34mcolcon.colcon_core.event_handler.log_command[0m [1;30mDEBUG[0m [32mInvoking command in '/home/nvidia/acfly_ws/build/mavros_msgs': CMAKE_PREFIX_PATH=${CMAKE_PREFIX_PATH}:/home/nvidia/ws_orbbec/install/gemini_vision:/opt/ros/humble /usr/bin/cmake --build /home/nvidia/acfly_ws/build/mavros_msgs -- -j8 -l8[0m
[0.698s] [34mcolcon.colcon_core.event_handler.log_command[0m [1;30mDEBUG[0m [32mInvoking command in '/home/nvidia/acfly_ws/build/mavlink': CMAKE_PREFIX_PATH=${CMAKE_PREFIX_PATH}:/home/nvidia/ws_orbbec/install/gemini_vision:/opt/ros/humble /usr/bin/cmake --build /home/nvidia/acfly_ws/build/mavlink -- -j8 -l8[0m
[1.020s] [34mcolcon.colcon_core.event_handler.log_command[0m [1;30mDEBUG[0m [32mInvoked command in '/home/nvidia/acfly_ws/build/mavlink' returned '0': CMAKE_PREFIX_PATH=${CMAKE_PREFIX_PATH}:/home/nvidia/ws_orbbec/install/gemini_vision:/opt/ros/humble /usr/bin/cmake --build /home/nvidia/acfly_ws/build/mavlink -- -j8 -l8[0m
[1.040s] [34mcolcon.colcon_core.event_handler.log_command[0m [1;30mDEBUG[0m [32mInvoking command in '/home/nvidia/acfly_ws/build/mavlink': CMAKE_PREFIX_PATH=${CMAKE_PREFIX_PATH}:/home/nvidia/ws_orbbec/install/gemini_vision:/opt/ros/humble /usr/bin/cmake --install /home/nvidia/acfly_ws/build/mavlink[0m
[1.144s] [34mcolcon.colcon_core.shell[0m [1;30mLevel 1[0m create_environment_hook('mavlink', 'pkg_config_path')
[1.145s] [34mcolcon.colcon_core.shell[0m [1;30mINFO[0m Creating environment hook '/home/nvidia/acfly_ws/install/mavlink/share/mavlink/hook/pkg_config_path.ps1'
[1.147s] [34mcolcon.colcon_core.shell[0m [1;30mINFO[0m Creating environment descriptor '/home/nvidia/acfly_ws/install/mavlink/share/mavlink/hook/pkg_config_path.dsv'
[1.149s] [34mcolcon.colcon_core.shell[0m [1;30mINFO[0m Creating environment hook '/home/nvidia/acfly_ws/install/mavlink/share/mavlink/hook/pkg_config_path.sh'
[1.154s] [34mcolcon.colcon_core.shell[0m [1;30mLevel 1[0m create_environment_hook('mavlink', 'pkg_config_path_multiarch')
[1.155s] [34mcolcon.colcon_core.shell[0m [1;30mINFO[0m Creating environment hook '/home/nvidia/acfly_ws/install/mavlink/share/mavlink/hook/pkg_config_path_multiarch.ps1'
[1.156s] [34mcolcon.colcon_core.shell[0m [1;30mINFO[0m Creating environment descriptor '/home/nvidia/acfly_ws/install/mavlink/share/mavlink/hook/pkg_config_path_multiarch.dsv'
[1.158s] [34mcolcon.colcon_core.shell[0m [1;30mINFO[0m Creating environment hook '/home/nvidia/acfly_ws/install/mavlink/share/mavlink/hook/pkg_config_path_multiarch.sh'
[1.159s] [34mcolcon.colcon_core.environment[0m [1;30mLevel 1[0m create_environment_scripts_only(mavlink)
[1.168s] [34mcolcon.colcon_core.environment[0m [1;30mLevel 1[0m checking '/home/nvidia/acfly_ws/install/mavlink' for CMake module files
[1.170s] [34mcolcon.colcon_core.environment[0m [1;30mLevel 1[0m checking '/home/nvidia/acfly_ws/install/mavlink' for CMake config files
[1.171s] [34mcolcon.colcon_core.shell[0m [1;30mLevel 1[0m create_environment_hook('mavlink', 'cmake_prefix_path')
[1.171s] [34mcolcon.colcon_core.shell[0m [1;30mINFO[0m Creating environment hook '/home/nvidia/acfly_ws/install/mavlink/share/mavlink/hook/cmake_prefix_path.ps1'
[1.173s] [34mcolcon.colcon_core.shell[0m [1;30mINFO[0m Creating environment descriptor '/home/nvidia/acfly_ws/install/mavlink/share/mavlink/hook/cmake_prefix_path.dsv'
[1.174s] [34mcolcon.colcon_core.shell[0m [1;30mINFO[0m Creating environment hook '/home/nvidia/acfly_ws/install/mavlink/share/mavlink/hook/cmake_prefix_path.sh'
[1.176s] [34mcolcon.colcon_core.environment[0m [1;30mLevel 1[0m checking '/home/nvidia/acfly_ws/install/mavlink/lib'
[1.177s] [34mcolcon.colcon_core.environment[0m [1;30mLevel 1[0m checking '/home/nvidia/acfly_ws/install/mavlink/bin'
[1.177s] [34mcolcon.colcon_core.environment[0m [1;30mLevel 1[0m checking '/home/nvidia/acfly_ws/install/mavlink/lib/pkgconfig/mavlink.pc'
[1.177s] [34mcolcon.colcon_core.shell[0m [1;30mLevel 1[0m create_environment_hook('mavlink', 'pkg_config')
[1.178s] [34mcolcon.colcon_core.shell[0m [1;30mINFO[0m Creating environment hook '/home/nvidia/acfly_ws/install/mavlink/share/mavlink/hook/pkg_config.ps1'
[1.179s] [34mcolcon.colcon_core.shell[0m [1;30mINFO[0m Creating environment descriptor '/home/nvidia/acfly_ws/install/mavlink/share/mavlink/hook/pkg_config.dsv'
[1.181s] [34mcolcon.colcon_core.shell[0m [1;30mINFO[0m Creating environment hook '/home/nvidia/acfly_ws/install/mavlink/share/mavlink/hook/pkg_config.sh'
[1.182s] [34mcolcon.colcon_core.environment[0m [1;30mLevel 1[0m checking '/home/nvidia/acfly_ws/install/mavlink/lib/python3.10/site-packages'
[1.183s] [34mcolcon.colcon_core.environment[0m [1;30mLevel 1[0m checking '/home/nvidia/acfly_ws/install/mavlink/bin'
[1.184s] [34mcolcon.colcon_core.shell[0m [1;30mINFO[0m Creating package script '/home/nvidia/acfly_ws/install/mavlink/share/mavlink/package.ps1'
[1.187s] [34mcolcon.colcon_core.shell[0m [1;30mINFO[0m Creating package descriptor '/home/nvidia/acfly_ws/install/mavlink/share/mavlink/package.dsv'
[1.188s] [34mcolcon.colcon_core.shell[0m [1;30mINFO[0m Creating package script '/home/nvidia/acfly_ws/install/mavlink/share/mavlink/package.sh'
[1.190s] [34mcolcon.colcon_core.shell[0m [1;30mINFO[0m Creating package script '/home/nvidia/acfly_ws/install/mavlink/share/mavlink/package.bash'
[1.192s] [34mcolcon.colcon_core.shell[0m [1;30mINFO[0m Creating package script '/home/nvidia/acfly_ws/install/mavlink/share/mavlink/package.zsh'
[1.194s] [34mcolcon.colcon_core.environment[0m [1;30mLevel 1[0m create_file_with_runtime_dependencies(/home/nvidia/acfly_ws/install/mavlink/share/colcon-core/packages/mavlink)
[1.195s] [34mcolcon.colcon_ros.task.ament_cmake.build[0m [1;30mINFO[0m Building ROS package in '/home/nvidia/acfly_ws/src/acfly_mavros/mavros/libmavconn' with build type 'ament_cmake'
[1.195s] [34mcolcon.colcon_cmake.task.cmake.build[0m [1;30mINFO[0m Building CMake package in '/home/nvidia/acfly_ws/src/acfly_mavros/mavros/libmavconn'
[1.196s] [34mcolcon.colcon_core.shell[0m [1;30mINFO[0m Skip shell extension 'powershell' for command environment: Not usable outside of PowerShell
[1.196s] [34mcolcon.colcon_core.shell[0m [1;30mDEBUG[0m [32mSkip shell extension 'dsv' for command environment[0m
[1.349s] [34mcolcon.colcon_core.event_handler.log_command[0m [1;30mDEBUG[0m [32mInvoked command in '/home/nvidia/acfly_ws/build/mavlink' returned '0': CMAKE_PREFIX_PATH=${CMAKE_PREFIX_PATH}:/home/nvidia/ws_orbbec/install/gemini_vision:/opt/ros/humble /usr/bin/cmake --install /home/nvidia/acfly_ws/build/mavlink[0m
[1.352s] [34mcolcon.colcon_core.event_handler.log_command[0m [1;30mDEBUG[0m [32mInvoking command in '/home/nvidia/acfly_ws/build/libmavconn': CMAKE_PREFIX_PATH=/home/nvidia/acfly_ws/install/mavlink:/home/nvidia/ws_orbbec/install/orbbec_description:/home/nvidia/ws_orbbec/install/orbbec_camera:/home/nvidia/ws_orbbec/install/orbbec_camera_msgs:/home/nvidia/ws_livox/install/livox_ros_driver2:/home/nvidia/ws_point/install/pos_link:/home/nvidia/ws_point/install/point_lio:/home/nvidia/ws_point/install/pcl_cloud:/home/nvidia/ws_point/install/ac_link:/home/nvidia/ws_orbbec/install/gemini_vision:/opt/ros/humble PKG_CONFIG_PATH=/home/nvidia/acfly_ws/install/mavlink/lib/aarch64-linux-gnu/pkgconfig:/home/nvidia/acfly_ws/install/mavlink/lib/pkgconfig /usr/bin/cmake --build /home/nvidia/acfly_ws/build/libmavconn -- -j8 -l8[0m
[1.413s] [34mcolcon.colcon_core.event_handler.log_command[0m [1;30mDEBUG[0m [32mInvoked command in '/home/nvidia/acfly_ws/build/libmavconn' returned '0': CMAKE_PREFIX_PATH=/home/nvidia/acfly_ws/install/mavlink:/home/nvidia/ws_orbbec/install/orbbec_description:/home/nvidia/ws_orbbec/install/orbbec_camera:/home/nvidia/ws_orbbec/install/orbbec_camera_msgs:/home/nvidia/ws_livox/install/livox_ros_driver2:/home/nvidia/ws_point/install/pos_link:/home/nvidia/ws_point/install/point_lio:/home/nvidia/ws_point/install/pcl_cloud:/home/nvidia/ws_point/install/ac_link:/home/nvidia/ws_orbbec/install/gemini_vision:/opt/ros/humble PKG_CONFIG_PATH=/home/nvidia/acfly_ws/install/mavlink/lib/aarch64-linux-gnu/pkgconfig:/home/nvidia/acfly_ws/install/mavlink/lib/pkgconfig /usr/bin/cmake --build /home/nvidia/acfly_ws/build/libmavconn -- -j8 -l8[0m
[1.417s] [34mcolcon.colcon_core.event_handler.log_command[0m [1;30mDEBUG[0m [32mInvoking command in '/home/nvidia/acfly_ws/build/libmavconn': CMAKE_PREFIX_PATH=/home/nvidia/acfly_ws/install/mavlink:/home/nvidia/ws_orbbec/install/orbbec_description:/home/nvidia/ws_orbbec/install/orbbec_camera:/home/nvidia/ws_orbbec/install/orbbec_camera_msgs:/home/nvidia/ws_livox/install/livox_ros_driver2:/home/nvidia/ws_point/install/pos_link:/home/nvidia/ws_point/install/point_lio:/home/nvidia/ws_point/install/pcl_cloud:/home/nvidia/ws_point/install/ac_link:/home/nvidia/ws_orbbec/install/gemini_vision:/opt/ros/humble PKG_CONFIG_PATH=/home/nvidia/acfly_ws/install/mavlink/lib/aarch64-linux-gnu/pkgconfig:/home/nvidia/acfly_ws/install/mavlink/lib/pkgconfig /usr/bin/cmake --install /home/nvidia/acfly_ws/build/libmavconn[0m
[1.462s] [34mcolcon.colcon_core.environment[0m [1;30mLevel 1[0m create_environment_scripts_only(libmavconn)
[1.463s] [34mcolcon.colcon_core.environment[0m [1;30mLevel 1[0m checking '/home/nvidia/acfly_ws/install/libmavconn' for CMake module files
[1.464s] [34mcolcon.colcon_core.event_handler.log_command[0m [1;30mDEBUG[0m [32mInvoked command in '/home/nvidia/acfly_ws/build/libmavconn' returned '0': CMAKE_PREFIX_PATH=/home/nvidia/acfly_ws/install/mavlink:/home/nvidia/ws_orbbec/install/orbbec_description:/home/nvidia/ws_orbbec/install/orbbec_camera:/home/nvidia/ws_orbbec/install/orbbec_camera_msgs:/home/nvidia/ws_livox/install/livox_ros_driver2:/home/nvidia/ws_point/install/pos_link:/home/nvidia/ws_point/install/point_lio:/home/nvidia/ws_point/install/pcl_cloud:/home/nvidia/ws_point/install/ac_link:/home/nvidia/ws_orbbec/install/gemini_vision:/opt/ros/humble PKG_CONFIG_PATH=/home/nvidia/acfly_ws/install/mavlink/lib/aarch64-linux-gnu/pkgconfig:/home/nvidia/acfly_ws/install/mavlink/lib/pkgconfig /usr/bin/cmake --install /home/nvidia/acfly_ws/build/libmavconn[0m
[1.466s] [34mcolcon.colcon_core.environment[0m [1;30mLevel 1[0m checking '/home/nvidia/acfly_ws/install/libmavconn' for CMake config files
[1.467s] [34mcolcon.colcon_core.shell[0m [1;30mLevel 1[0m create_environment_hook('libmavconn', 'cmake_prefix_path')
[1.467s] [34mcolcon.colcon_core.shell[0m [1;30mINFO[0m Creating environment hook '/home/nvidia/acfly_ws/install/libmavconn/share/libmavconn/hook/cmake_prefix_path.ps1'
[1.469s] [34mcolcon.colcon_core.shell[0m [1;30mINFO[0m Creating environment descriptor '/home/nvidia/acfly_ws/install/libmavconn/share/libmavconn/hook/cmake_prefix_path.dsv'
[1.470s] [34mcolcon.colcon_core.shell[0m [1;30mINFO[0m Creating environment hook '/home/nvidia/acfly_ws/install/libmavconn/share/libmavconn/hook/cmake_prefix_path.sh'
[1.472s] [34mcolcon.colcon_core.environment[0m [1;30mLevel 1[0m checking '/home/nvidia/acfly_ws/install/libmavconn/lib'
[1.472s] [34mcolcon.colcon_core.shell[0m [1;30mLevel 1[0m create_environment_hook('libmavconn', 'ld_library_path_lib')
[1.472s] [34mcolcon.colcon_core.shell[0m [1;30mINFO[0m Creating environment hook '/home/nvidia/acfly_ws/install/libmavconn/share/libmavconn/hook/ld_library_path_lib.ps1'
[1.473s] [34mcolcon.colcon_core.shell[0m [1;30mINFO[0m Creating environment descriptor '/home/nvidia/acfly_ws/install/libmavconn/share/libmavconn/hook/ld_library_path_lib.dsv'
[1.473s] [34mcolcon.colcon_core.shell[0m [1;30mINFO[0m Creating environment hook '/home/nvidia/acfly_ws/install/libmavconn/share/libmavconn/hook/ld_library_path_lib.sh'
[1.474s] [34mcolcon.colcon_core.environment[0m [1;30mLevel 1[0m checking '/home/nvidia/acfly_ws/install/libmavconn/bin'
[1.475s] [34mcolcon.colcon_core.environment[0m [1;30mLevel 1[0m checking '/home/nvidia/acfly_ws/install/libmavconn/lib/pkgconfig/libmavconn.pc'
[1.476s] [34mcolcon.colcon_core.environment[0m [1;30mLevel 1[0m checking '/home/nvidia/acfly_ws/install/libmavconn/lib/python3.10/site-packages'
[1.477s] [34mcolcon.colcon_core.environment[0m [1;30mLevel 1[0m checking '/home/nvidia/acfly_ws/install/libmavconn/bin'
[1.478s] [34mcolcon.colcon_core.shell[0m [1;30mINFO[0m Creating package script '/home/nvidia/acfly_ws/install/libmavconn/share/libmavconn/package.ps1'
[1.481s] [34mcolcon.colcon_core.shell[0m [1;30mINFO[0m Creating package descriptor '/home/nvidia/acfly_ws/install/libmavconn/share/libmavconn/package.dsv'
[1.482s] [34mcolcon.colcon_core.shell[0m [1;30mINFO[0m Creating package script '/home/nvidia/acfly_ws/install/libmavconn/share/libmavconn/package.sh'
[1.484s] [34mcolcon.colcon_core.shell[0m [1;30mINFO[0m Creating package script '/home/nvidia/acfly_ws/install/libmavconn/share/libmavconn/package.bash'
[1.485s] [34mcolcon.colcon_core.shell[0m [1;30mINFO[0m Creating package script '/home/nvidia/acfly_ws/install/libmavconn/share/libmavconn/package.zsh'
[1.486s] [34mcolcon.colcon_core.environment[0m [1;30mLevel 1[0m create_file_with_runtime_dependencies(/home/nvidia/acfly_ws/install/libmavconn/share/colcon-core/packages/libmavconn)
[1.487s] [34mcolcon.colcon_core.environment[0m [1;30mLevel 1[0m create_environment_scripts_only(libmavconn)
[1.487s] [34mcolcon.colcon_core.environment[0m [1;30mLevel 1[0m checking '/home/nvidia/acfly_ws/install/libmavconn' for CMake module files
[1.488s] [34mcolcon.colcon_core.environment[0m [1;30mLevel 1[0m checking '/home/nvidia/acfly_ws/install/libmavconn' for CMake config files
[1.489s] [34mcolcon.colcon_core.shell[0m [1;30mLevel 1[0m create_environment_hook('libmavconn', 'cmake_prefix_path')
[1.490s] [34mcolcon.colcon_core.shell[0m [1;30mINFO[0m Creating environment hook '/home/nvidia/acfly_ws/install/libmavconn/share/libmavconn/hook/cmake_prefix_path.ps1'
[1.491s] [34mcolcon.colcon_core.shell[0m [1;30mINFO[0m Creating environment descriptor '/home/nvidia/acfly_ws/install/libmavconn/share/libmavconn/hook/cmake_prefix_path.dsv'
[1.492s] [34mcolcon.colcon_core.shell[0m [1;30mINFO[0m Creating environment hook '/home/nvidia/acfly_ws/install/libmavconn/share/libmavconn/hook/cmake_prefix_path.sh'
[1.494s] [34mcolcon.colcon_core.environment[0m [1;30mLevel 1[0m checking '/home/nvidia/acfly_ws/install/libmavconn/lib'
[1.494s] [34mcolcon.colcon_core.shell[0m [1;30mLevel 1[0m create_environment_hook('libmavconn', 'ld_library_path_lib')
[1.494s] [34mcolcon.colcon_core.shell[0m [1;30mINFO[0m Creating environment hook '/home/nvidia/acfly_ws/install/libmavconn/share/libmavconn/hook/ld_library_path_lib.ps1'
[1.495s] [34mcolcon.colcon_core.shell[0m [1;30mINFO[0m Creating environment descriptor '/home/nvidia/acfly_ws/install/libmavconn/share/libmavconn/hook/ld_library_path_lib.dsv'
[1.496s] [34mcolcon.colcon_core.shell[0m [1;30mINFO[0m Creating environment hook '/home/nvidia/acfly_ws/install/libmavconn/share/libmavconn/hook/ld_library_path_lib.sh'
[1.496s] [34mcolcon.colcon_core.environment[0m [1;30mLevel 1[0m checking '/home/nvidia/acfly_ws/install/libmavconn/bin'
[1.496s] [34mcolcon.colcon_core.environment[0m [1;30mLevel 1[0m checking '/home/nvidia/acfly_ws/install/libmavconn/lib/pkgconfig/libmavconn.pc'
[1.497s] [34mcolcon.colcon_core.environment[0m [1;30mLevel 1[0m checking '/home/nvidia/acfly_ws/install/libmavconn/lib/python3.10/site-packages'
[1.498s] [34mcolcon.colcon_core.environment[0m [1;30mLevel 1[0m checking '/home/nvidia/acfly_ws/install/libmavconn/bin'
[1.499s] [34mcolcon.colcon_core.shell[0m [1;30mINFO[0m Creating package script '/home/nvidia/acfly_ws/install/libmavconn/share/libmavconn/package.ps1'
[1.501s] [34mcolcon.colcon_core.shell[0m [1;30mINFO[0m Creating package descriptor '/home/nvidia/acfly_ws/install/libmavconn/share/libmavconn/package.dsv'
[1.502s] [34mcolcon.colcon_core.shell[0m [1;30mINFO[0m Creating package script '/home/nvidia/acfly_ws/install/libmavconn/share/libmavconn/package.sh'
[1.504s] [34mcolcon.colcon_core.shell[0m [1;30mINFO[0m Creating package script '/home/nvidia/acfly_ws/install/libmavconn/share/libmavconn/package.bash'
[1.505s] [34mcolcon.colcon_core.shell[0m [1;30mINFO[0m Creating package script '/home/nvidia/acfly_ws/install/libmavconn/share/libmavconn/package.zsh'
[1.506s] [34mcolcon.colcon_core.environment[0m [1;30mLevel 1[0m create_file_with_runtime_dependencies(/home/nvidia/acfly_ws/install/libmavconn/share/colcon-core/packages/libmavconn)
[1.530s] [34mcolcon.colcon_core.event_handler.log_command[0m [1;30mDEBUG[0m [32mInvoked command in '/home/nvidia/acfly_ws/build/mavros_msgs' returned '0': CMAKE_PREFIX_PATH=${CMAKE_PREFIX_PATH}:/home/nvidia/ws_orbbec/install/gemini_vision:/opt/ros/humble /usr/bin/cmake --build /home/nvidia/acfly_ws/build/mavros_msgs -- -j8 -l8[0m
[1.535s] [34mcolcon.colcon_core.event_handler.log_command[0m [1;30mDEBUG[0m [32mInvoking command in '/home/nvidia/acfly_ws/build/mavros_msgs': CMAKE_PREFIX_PATH=${CMAKE_PREFIX_PATH}:/home/nvidia/ws_orbbec/install/gemini_vision:/opt/ros/humble /usr/bin/cmake --install /home/nvidia/acfly_ws/build/mavros_msgs[0m
[2.073s] [34mcolcon.colcon_core.environment[0m [1;30mLevel 1[0m create_environment_scripts_only(mavros_msgs)
[2.074s] [34mcolcon.colcon_core.environment[0m [1;30mLevel 1[0m checking '/home/nvidia/acfly_ws/install/mavros_msgs' for CMake module files
[2.076s] [34mcolcon.colcon_core.event_handler.log_command[0m [1;30mDEBUG[0m [32mInvoked command in '/home/nvidia/acfly_ws/build/mavros_msgs' returned '0': CMAKE_PREFIX_PATH=${CMAKE_PREFIX_PATH}:/home/nvidia/ws_orbbec/install/gemini_vision:/opt/ros/humble /usr/bin/cmake --install /home/nvidia/acfly_ws/build/mavros_msgs[0m
[2.078s] [34mcolcon.colcon_core.environment[0m [1;30mLevel 1[0m checking '/home/nvidia/acfly_ws/install/mavros_msgs' for CMake config files
[2.086s] [34mcolcon.colcon_core.shell[0m [1;30mLevel 1[0m create_environment_hook('mavros_msgs', 'cmake_prefix_path')
[2.087s] [34mcolcon.colcon_core.shell[0m [1;30mINFO[0m Creating environment hook '/home/nvidia/acfly_ws/install/mavros_msgs/share/mavros_msgs/hook/cmake_prefix_path.ps1'
[2.089s] [34mcolcon.colcon_core.shell[0m [1;30mINFO[0m Creating environment descriptor '/home/nvidia/acfly_ws/install/mavros_msgs/share/mavros_msgs/hook/cmake_prefix_path.dsv'
[2.089s] [34mcolcon.colcon_core.shell[0m [1;30mINFO[0m Creating environment hook '/home/nvidia/acfly_ws/install/mavros_msgs/share/mavros_msgs/hook/cmake_prefix_path.sh'
[2.090s] [34mcolcon.colcon_core.environment[0m [1;30mLevel 1[0m checking '/home/nvidia/acfly_ws/install/mavros_msgs/lib'
[2.091s] [34mcolcon.colcon_core.shell[0m [1;30mLevel 1[0m create_environment_hook('mavros_msgs', 'ld_library_path_lib')
[2.091s] [34mcolcon.colcon_core.shell[0m [1;30mINFO[0m Creating environment hook '/home/nvidia/acfly_ws/install/mavros_msgs/share/mavros_msgs/hook/ld_library_path_lib.ps1'
[2.092s] [34mcolcon.colcon_core.shell[0m [1;30mINFO[0m Creating environment descriptor '/home/nvidia/acfly_ws/install/mavros_msgs/share/mavros_msgs/hook/ld_library_path_lib.dsv'
[2.093s] [34mcolcon.colcon_core.shell[0m [1;30mINFO[0m Creating environment hook '/home/nvidia/acfly_ws/install/mavros_msgs/share/mavros_msgs/hook/ld_library_path_lib.sh'
[2.094s] [34mcolcon.colcon_core.environment[0m [1;30mLevel 1[0m checking '/home/nvidia/acfly_ws/install/mavros_msgs/bin'
[2.095s] [34mcolcon.colcon_core.environment[0m [1;30mLevel 1[0m checking '/home/nvidia/acfly_ws/install/mavros_msgs/lib/pkgconfig/mavros_msgs.pc'
[2.095s] [34mcolcon.colcon_core.environment[0m [1;30mLevel 1[0m checking '/home/nvidia/acfly_ws/install/mavros_msgs/lib/python3.10/site-packages'
[2.097s] [34mcolcon.colcon_core.environment[0m [1;30mLevel 1[0m checking '/home/nvidia/acfly_ws/install/mavros_msgs/bin'
[2.098s] [34mcolcon.colcon_core.shell[0m [1;30mINFO[0m Creating package script '/home/nvidia/acfly_ws/install/mavros_msgs/share/mavros_msgs/package.ps1'
[2.099s] [34mcolcon.colcon_core.shell[0m [1;30mINFO[0m Creating package descriptor '/home/nvidia/acfly_ws/install/mavros_msgs/share/mavros_msgs/package.dsv'
[2.099s] [34mcolcon.colcon_core.shell[0m [1;30mINFO[0m Creating package script '/home/nvidia/acfly_ws/install/mavros_msgs/share/mavros_msgs/package.sh'
[2.101s] [34mcolcon.colcon_core.shell[0m [1;30mINFO[0m Creating package script '/home/nvidia/acfly_ws/install/mavros_msgs/share/mavros_msgs/package.bash'
[2.102s] [34mcolcon.colcon_core.shell[0m [1;30mINFO[0m Creating package script '/home/nvidia/acfly_ws/install/mavros_msgs/share/mavros_msgs/package.zsh'
[2.104s] [34mcolcon.colcon_core.environment[0m [1;30mLevel 1[0m create_file_with_runtime_dependencies(/home/nvidia/acfly_ws/install/mavros_msgs/share/colcon-core/packages/mavros_msgs)
[2.106s] [34mcolcon.colcon_core.environment[0m [1;30mLevel 1[0m create_environment_scripts_only(mavros_msgs)
[2.107s] [34mcolcon.colcon_core.environment[0m [1;30mLevel 1[0m checking '/home/nvidia/acfly_ws/install/mavros_msgs' for CMake module files
[2.109s] [34mcolcon.colcon_core.environment[0m [1;30mLevel 1[0m checking '/home/nvidia/acfly_ws/install/mavros_msgs' for CMake config files
[2.114s] [34mcolcon.colcon_core.shell[0m [1;30mLevel 1[0m create_environment_hook('mavros_msgs', 'cmake_prefix_path')
[2.115s] [34mcolcon.colcon_core.shell[0m [1;30mINFO[0m Creating environment hook '/home/nvidia/acfly_ws/install/mavros_msgs/share/mavros_msgs/hook/cmake_prefix_path.ps1'
[2.116s] [34mcolcon.colcon_core.shell[0m [1;30mINFO[0m Creating environment descriptor '/home/nvidia/acfly_ws/install/mavros_msgs/share/mavros_msgs/hook/cmake_prefix_path.dsv'
[2.117s] [34mcolcon.colcon_core.shell[0m [1;30mINFO[0m Creating environment hook '/home/nvidia/acfly_ws/install/mavros_msgs/share/mavros_msgs/hook/cmake_prefix_path.sh'
[2.119s] [34mcolcon.colcon_core.environment[0m [1;30mLevel 1[0m checking '/home/nvidia/acfly_ws/install/mavros_msgs/lib'
[2.119s] [34mcolcon.colcon_core.shell[0m [1;30mLevel 1[0m create_environment_hook('mavros_msgs', 'ld_library_path_lib')
[2.120s] [34mcolcon.colcon_core.shell[0m [1;30mINFO[0m Creating environment hook '/home/nvidia/acfly_ws/install/mavros_msgs/share/mavros_msgs/hook/ld_library_path_lib.ps1'
[2.121s] [34mcolcon.colcon_core.shell[0m [1;30mINFO[0m Creating environment descriptor '/home/nvidia/acfly_ws/install/mavros_msgs/share/mavros_msgs/hook/ld_library_path_lib.dsv'
[2.121s] [34mcolcon.colcon_core.shell[0m [1;30mINFO[0m Creating environment hook '/home/nvidia/acfly_ws/install/mavros_msgs/share/mavros_msgs/hook/ld_library_path_lib.sh'
[2.122s] [34mcolcon.colcon_core.environment[0m [1;30mLevel 1[0m checking '/home/nvidia/acfly_ws/install/mavros_msgs/bin'
[2.122s] [34mcolcon.colcon_core.environment[0m [1;30mLevel 1[0m checking '/home/nvidia/acfly_ws/install/mavros_msgs/lib/pkgconfig/mavros_msgs.pc'
[2.122s] [34mcolcon.colcon_core.environment[0m [1;30mLevel 1[0m checking '/home/nvidia/acfly_ws/install/mavros_msgs/lib/python3.10/site-packages'
[2.123s] [34mcolcon.colcon_core.environment[0m [1;30mLevel 1[0m checking '/home/nvidia/acfly_ws/install/mavros_msgs/bin'
[2.124s] [34mcolcon.colcon_core.shell[0m [1;30mINFO[0m Creating package script '/home/nvidia/acfly_ws/install/mavros_msgs/share/mavros_msgs/package.ps1'
[2.125s] [34mcolcon.colcon_core.shell[0m [1;30mINFO[0m Creating package descriptor '/home/nvidia/acfly_ws/install/mavros_msgs/share/mavros_msgs/package.dsv'
[2.127s] [34mcolcon.colcon_core.shell[0m [1;30mINFO[0m Creating package script '/home/nvidia/acfly_ws/install/mavros_msgs/share/mavros_msgs/package.sh'
[2.128s] [34mcolcon.colcon_core.shell[0m [1;30mINFO[0m Creating package script '/home/nvidia/acfly_ws/install/mavros_msgs/share/mavros_msgs/package.bash'
[2.129s] [34mcolcon.colcon_core.shell[0m [1;30mINFO[0m Creating package script '/home/nvidia/acfly_ws/install/mavros_msgs/share/mavros_msgs/package.zsh'
[2.130s] [34mcolcon.colcon_core.environment[0m [1;30mLevel 1[0m create_file_with_runtime_dependencies(/home/nvidia/acfly_ws/install/mavros_msgs/share/colcon-core/packages/mavros_msgs)
[2.131s] [34mcolcon.colcon_ros.task.ament_cmake.build[0m [1;30mINFO[0m Building ROS package in '/home/nvidia/acfly_ws/src/acfly_mavros/mavros/mavros' with build type 'ament_cmake'
[2.131s] [34mcolcon.colcon_cmake.task.cmake.build[0m [1;30mINFO[0m Building CMake package in '/home/nvidia/acfly_ws/src/acfly_mavros/mavros/mavros'
[2.132s] [34mcolcon.colcon_core.shell[0m [1;30mINFO[0m Skip shell extension 'powershell' for command environment: Not usable outside of PowerShell
[2.132s] [34mcolcon.colcon_core.shell[0m [1;30mDEBUG[0m [32mSkip shell extension 'dsv' for command environment[0m
[2.146s] [34mcolcon.colcon_ros.task.ament_cmake.build[0m [1;30mINFO[0m Building ROS package in '/home/nvidia/acfly_ws/src/fly_mission' with build type 'ament_cmake'
[2.146s] [34mcolcon.colcon_cmake.task.cmake.build[0m [1;30mINFO[0m Building CMake package in '/home/nvidia/acfly_ws/src/fly_mission'
[2.147s] [34mcolcon.colcon_core.shell[0m [1;30mINFO[0m Skip shell extension 'powershell' for command environment: Not usable outside of PowerShell
[2.147s] [34mcolcon.colcon_core.shell[0m [1;30mDEBUG[0m [32mSkip shell extension 'dsv' for command environment[0m
[2.158s] [34mcolcon.colcon_ros.task.ament_cmake.build[0m [1;30mINFO[0m Building ROS package in '/home/nvidia/acfly_ws/src/fly_mission_gps' with build type 'ament_cmake'
[2.158s] [34mcolcon.colcon_cmake.task.cmake.build[0m [1;30mINFO[0m Building CMake package in '/home/nvidia/acfly_ws/src/fly_mission_gps'
[2.159s] [34mcolcon.colcon_core.shell[0m [1;30mINFO[0m Skip shell extension 'powershell' for command environment: Not usable outside of PowerShell
[2.159s] [34mcolcon.colcon_core.shell[0m [1;30mDEBUG[0m [32mSkip shell extension 'dsv' for command environment[0m
[2.177s] [34mcolcon.colcon_core.event_handler.log_command[0m [1;30mDEBUG[0m [32mInvoking command in '/home/nvidia/acfly_ws/build/mavros': AMENT_PREFIX_PATH=/home/nvidia/acfly_ws/install/libmavconn:/home/nvidia/acfly_ws/install/mavros_msgs:${AMENT_PREFIX_PATH} CMAKE_PREFIX_PATH=/home/nvidia/acfly_ws/install/libmavconn:/home/nvidia/acfly_ws/install/mavros_msgs:/home/nvidia/acfly_ws/install/mavlink:/home/nvidia/ws_orbbec/install/orbbec_description:/home/nvidia/ws_orbbec/install/orbbec_camera:/home/nvidia/ws_orbbec/install/orbbec_camera_msgs:/home/nvidia/ws_livox/install/livox_ros_driver2:/home/nvidia/ws_point/install/pos_link:/home/nvidia/ws_point/install/point_lio:/home/nvidia/ws_point/install/pcl_cloud:/home/nvidia/ws_point/install/ac_link:/home/nvidia/ws_orbbec/install/gemini_vision:/opt/ros/humble LD_LIBRARY_PATH=/home/nvidia/acfly_ws/install/libmavconn/lib:/home/nvidia/acfly_ws/install/mavros_msgs/lib:${LD_LIBRARY_PATH} PKG_CONFIG_PATH=/home/nvidia/acfly_ws/install/mavlink/lib/aarch64-linux-gnu/pkgconfig:/home/nvidia/acfly_ws/install/mavlink/lib/pkgconfig PYTHONPATH=/home/nvidia/acfly_ws/install/mavros_msgs/local/lib/python3.10/dist-packages:${PYTHONPATH} /usr/bin/cmake /home/nvidia/acfly_ws/src/acfly_mavros/mavros/mavros -DAMENT_CMAKE_SYMLINK_INSTALL=1 -DCMAKE_INSTALL_PREFIX=/home/nvidia/acfly_ws/install/mavros[0m
[2.183s] [34mcolcon.colcon_core.event_handler.log_command[0m [1;30mDEBUG[0m [32mInvoking command in '/home/nvidia/acfly_ws/build/fly_mission': AMENT_PREFIX_PATH=/home/nvidia/acfly_ws/install/mavros_msgs:${AMENT_PREFIX_PATH} CMAKE_PREFIX_PATH=/home/nvidia/acfly_ws/install/mavros_msgs:/home/nvidia/ws_orbbec/install/orbbec_description:/home/nvidia/ws_orbbec/install/orbbec_camera:/home/nvidia/ws_orbbec/install/orbbec_camera_msgs:/home/nvidia/ws_livox/install/livox_ros_driver2:/home/nvidia/ws_point/install/pos_link:/home/nvidia/ws_point/install/point_lio:/home/nvidia/ws_point/install/pcl_cloud:/home/nvidia/ws_point/install/ac_link:/home/nvidia/ws_orbbec/install/gemini_vision:/opt/ros/humble LD_LIBRARY_PATH=/home/nvidia/acfly_ws/install/mavros_msgs/lib:${LD_LIBRARY_PATH} PYTHONPATH=/home/nvidia/acfly_ws/install/mavros_msgs/local/lib/python3.10/dist-packages:${PYTHONPATH} /usr/bin/cmake --build /home/nvidia/acfly_ws/build/fly_mission -- -j8 -l8[0m
[2.191s] [34mcolcon.colcon_core.event_handler.log_command[0m [1;30mDEBUG[0m [32mInvoking command in '/home/nvidia/acfly_ws/build/fly_mission_gps': AMENT_PREFIX_PATH=/home/nvidia/acfly_ws/install/mavros_msgs:${AMENT_PREFIX_PATH} CMAKE_PREFIX_PATH=/home/nvidia/acfly_ws/install/mavros_msgs:/home/nvidia/ws_orbbec/install/orbbec_description:/home/nvidia/ws_orbbec/install/orbbec_camera:/home/nvidia/ws_orbbec/install/orbbec_camera_msgs:/home/nvidia/ws_livox/install/livox_ros_driver2:/home/nvidia/ws_point/install/pos_link:/home/nvidia/ws_point/install/point_lio:/home/nvidia/ws_point/install/pcl_cloud:/home/nvidia/ws_point/install/ac_link:/home/nvidia/ws_orbbec/install/gemini_vision:/opt/ros/humble LD_LIBRARY_PATH=/home/nvidia/acfly_ws/install/mavros_msgs/lib:${LD_LIBRARY_PATH} PYTHONPATH=/home/nvidia/acfly_ws/install/mavros_msgs/local/lib/python3.10/dist-packages:${PYTHONPATH} /usr/bin/cmake --build /home/nvidia/acfly_ws/build/fly_mission_gps -- -j8 -l8[0m
[2.320s] [34mcolcon.colcon_core.event_handler.log_command[0m [1;30mDEBUG[0m [32mInvoked command in '/home/nvidia/acfly_ws/build/fly_mission_gps' returned '0': AMENT_PREFIX_PATH=/home/nvidia/acfly_ws/install/mavros_msgs:${AMENT_PREFIX_PATH} CMAKE_PREFIX_PATH=/home/nvidia/acfly_ws/install/mavros_msgs:/home/nvidia/ws_orbbec/install/orbbec_description:/home/nvidia/ws_orbbec/install/orbbec_camera:/home/nvidia/ws_orbbec/install/orbbec_camera_msgs:/home/nvidia/ws_livox/install/livox_ros_driver2:/home/nvidia/ws_point/install/pos_link:/home/nvidia/ws_point/install/point_lio:/home/nvidia/ws_point/install/pcl_cloud:/home/nvidia/ws_point/install/ac_link:/home/nvidia/ws_orbbec/install/gemini_vision:/opt/ros/humble LD_LIBRARY_PATH=/home/nvidia/acfly_ws/install/mavros_msgs/lib:${LD_LIBRARY_PATH} PYTHONPATH=/home/nvidia/acfly_ws/install/mavros_msgs/local/lib/python3.10/dist-packages:${PYTHONPATH} /usr/bin/cmake --build /home/nvidia/acfly_ws/build/fly_mission_gps -- -j8 -l8[0m
[2.323s] [34mcolcon.colcon_core.event_handler.log_command[0m [1;30mDEBUG[0m [32mInvoking command in '/home/nvidia/acfly_ws/build/fly_mission_gps': AMENT_PREFIX_PATH=/home/nvidia/acfly_ws/install/mavros_msgs:${AMENT_PREFIX_PATH} CMAKE_PREFIX_PATH=/home/nvidia/acfly_ws/install/mavros_msgs:/home/nvidia/ws_orbbec/install/orbbec_description:/home/nvidia/ws_orbbec/install/orbbec_camera:/home/nvidia/ws_orbbec/install/orbbec_camera_msgs:/home/nvidia/ws_livox/install/livox_ros_driver2:/home/nvidia/ws_point/install/pos_link:/home/nvidia/ws_point/install/point_lio:/home/nvidia/ws_point/install/pcl_cloud:/home/nvidia/ws_point/install/ac_link:/home/nvidia/ws_orbbec/install/gemini_vision:/opt/ros/humble LD_LIBRARY_PATH=/home/nvidia/acfly_ws/install/mavros_msgs/lib:${LD_LIBRARY_PATH} PYTHONPATH=/home/nvidia/acfly_ws/install/mavros_msgs/local/lib/python3.10/dist-packages:${PYTHONPATH} /usr/bin/cmake --install /home/nvidia/acfly_ws/build/fly_mission_gps[0m
[2.326s] [34mcolcon.colcon_core.event_handler.log_command[0m [1;30mDEBUG[0m [32mInvoked command in '/home/nvidia/acfly_ws/build/fly_mission' returned '0': AMENT_PREFIX_PATH=/home/nvidia/acfly_ws/install/mavros_msgs:${AMENT_PREFIX_PATH} CMAKE_PREFIX_PATH=/home/nvidia/acfly_ws/install/mavros_msgs:/home/nvidia/ws_orbbec/install/orbbec_description:/home/nvidia/ws_orbbec/install/orbbec_camera:/home/nvidia/ws_orbbec/install/orbbec_camera_msgs:/home/nvidia/ws_livox/install/livox_ros_driver2:/home/nvidia/ws_point/install/pos_link:/home/nvidia/ws_point/install/point_lio:/home/nvidia/ws_point/install/pcl_cloud:/home/nvidia/ws_point/install/ac_link:/home/nvidia/ws_orbbec/install/gemini_vision:/opt/ros/humble LD_LIBRARY_PATH=/home/nvidia/acfly_ws/install/mavros_msgs/lib:${LD_LIBRARY_PATH} PYTHONPATH=/home/nvidia/acfly_ws/install/mavros_msgs/local/lib/python3.10/dist-packages:${PYTHONPATH} /usr/bin/cmake --build /home/nvidia/acfly_ws/build/fly_mission -- -j8 -l8[0m
[2.328s] [34mcolcon.colcon_core.event_handler.log_command[0m [1;30mDEBUG[0m [32mInvoking command in '/home/nvidia/acfly_ws/build/fly_mission': AMENT_PREFIX_PATH=/home/nvidia/acfly_ws/install/mavros_msgs:${AMENT_PREFIX_PATH} CMAKE_PREFIX_PATH=/home/nvidia/acfly_ws/install/mavros_msgs:/home/nvidia/ws_orbbec/install/orbbec_description:/home/nvidia/ws_orbbec/install/orbbec_camera:/home/nvidia/ws_orbbec/install/orbbec_camera_msgs:/home/nvidia/ws_livox/install/livox_ros_driver2:/home/nvidia/ws_point/install/pos_link:/home/nvidia/ws_point/install/point_lio:/home/nvidia/ws_point/install/pcl_cloud:/home/nvidia/ws_point/install/ac_link:/home/nvidia/ws_orbbec/install/gemini_vision:/opt/ros/humble LD_LIBRARY_PATH=/home/nvidia/acfly_ws/install/mavros_msgs/lib:${LD_LIBRARY_PATH} PYTHONPATH=/home/nvidia/acfly_ws/install/mavros_msgs/local/lib/python3.10/dist-packages:${PYTHONPATH} /usr/bin/cmake --install /home/nvidia/acfly_ws/build/fly_mission[0m
[2.620s] [34mcolcon.colcon_core.environment[0m [1;30mLevel 1[0m create_environment_scripts_only(fly_mission_gps)
[2.621s] [34mcolcon.colcon_core.environment[0m [1;30mLevel 1[0m checking '/home/nvidia/acfly_ws/install/fly_mission_gps' for CMake module files
[2.622s] [34mcolcon.colcon_core.event_handler.log_command[0m [1;30mDEBUG[0m [32mInvoked command in '/home/nvidia/acfly_ws/build/fly_mission_gps' returned '0': AMENT_PREFIX_PATH=/home/nvidia/acfly_ws/install/mavros_msgs:${AMENT_PREFIX_PATH} CMAKE_PREFIX_PATH=/home/nvidia/acfly_ws/install/mavros_msgs:/home/nvidia/ws_orbbec/install/orbbec_description:/home/nvidia/ws_orbbec/install/orbbec_camera:/home/nvidia/ws_orbbec/install/orbbec_camera_msgs:/home/nvidia/ws_livox/install/livox_ros_driver2:/home/nvidia/ws_point/install/pos_link:/home/nvidia/ws_point/install/point_lio:/home/nvidia/ws_point/install/pcl_cloud:/home/nvidia/ws_point/install/ac_link:/home/nvidia/ws_orbbec/install/gemini_vision:/opt/ros/humble LD_LIBRARY_PATH=/home/nvidia/acfly_ws/install/mavros_msgs/lib:${LD_LIBRARY_PATH} PYTHONPATH=/home/nvidia/acfly_ws/install/mavros_msgs/local/lib/python3.10/dist-packages:${PYTHONPATH} /usr/bin/cmake --install /home/nvidia/acfly_ws/build/fly_mission_gps[0m
[2.623s] [34mcolcon.colcon_core.environment[0m [1;30mLevel 1[0m checking '/home/nvidia/acfly_ws/install/fly_mission_gps' for CMake config files
[2.624s] [34mcolcon.colcon_core.shell[0m [1;30mLevel 1[0m create_environment_hook('fly_mission_gps', 'cmake_prefix_path')
[2.624s] [34mcolcon.colcon_core.shell[0m [1;30mINFO[0m Creating environment hook '/home/nvidia/acfly_ws/install/fly_mission_gps/share/fly_mission_gps/hook/cmake_prefix_path.ps1'
[2.626s] [34mcolcon.colcon_core.shell[0m [1;30mINFO[0m Creating environment descriptor '/home/nvidia/acfly_ws/install/fly_mission_gps/share/fly_mission_gps/hook/cmake_prefix_path.dsv'
[2.626s] [34mcolcon.colcon_core.shell[0m [1;30mINFO[0m Creating environment hook '/home/nvidia/acfly_ws/install/fly_mission_gps/share/fly_mission_gps/hook/cmake_prefix_path.sh'
[2.628s] [34mcolcon.colcon_core.environment[0m [1;30mLevel 1[0m checking '/home/nvidia/acfly_ws/install/fly_mission_gps/lib'
[2.628s] [34mcolcon.colcon_core.environment[0m [1;30mLevel 1[0m checking '/home/nvidia/acfly_ws/install/fly_mission_gps/bin'
[2.628s] [34mcolcon.colcon_core.environment[0m [1;30mLevel 1[0m checking '/home/nvidia/acfly_ws/install/fly_mission_gps/lib/pkgconfig/fly_mission_gps.pc'
[2.628s] [34mcolcon.colcon_core.environment[0m [1;30mLevel 1[0m checking '/home/nvidia/acfly_ws/install/fly_mission_gps/lib/python3.10/site-packages'
[2.629s] [34mcolcon.colcon_core.environment[0m [1;30mLevel 1[0m checking '/home/nvidia/acfly_ws/install/fly_mission_gps/bin'
[2.630s] [34mcolcon.colcon_core.shell[0m [1;30mINFO[0m Creating package script '/home/nvidia/acfly_ws/install/fly_mission_gps/share/fly_mission_gps/package.ps1'
[2.631s] [34mcolcon.colcon_core.shell[0m [1;30mINFO[0m Creating package descriptor '/home/nvidia/acfly_ws/install/fly_mission_gps/share/fly_mission_gps/package.dsv'
[2.633s] [34mcolcon.colcon_core.shell[0m [1;30mINFO[0m Creating package script '/home/nvidia/acfly_ws/install/fly_mission_gps/share/fly_mission_gps/package.sh'
[2.633s] [34mcolcon.colcon_core.shell[0m [1;30mINFO[0m Creating package script '/home/nvidia/acfly_ws/install/fly_mission_gps/share/fly_mission_gps/package.bash'
[2.634s] [34mcolcon.colcon_core.shell[0m [1;30mINFO[0m Creating package script '/home/nvidia/acfly_ws/install/fly_mission_gps/share/fly_mission_gps/package.zsh'
[2.635s] [34mcolcon.colcon_core.environment[0m [1;30mLevel 1[0m create_file_with_runtime_dependencies(/home/nvidia/acfly_ws/install/fly_mission_gps/share/colcon-core/packages/fly_mission_gps)
[2.638s] [34mcolcon.colcon_core.environment[0m [1;30mLevel 1[0m create_environment_scripts_only(fly_mission_gps)
[2.639s] [34mcolcon.colcon_core.environment[0m [1;30mLevel 1[0m checking '/home/nvidia/acfly_ws/install/fly_mission_gps' for CMake module files
[2.640s] [34mcolcon.colcon_core.environment[0m [1;30mLevel 1[0m checking '/home/nvidia/acfly_ws/install/fly_mission_gps' for CMake config files
[2.642s] [34mcolcon.colcon_core.shell[0m [1;30mLevel 1[0m create_environment_hook('fly_mission_gps', 'cmake_prefix_path')
[2.643s] [34mcolcon.colcon_core.shell[0m [1;30mINFO[0m Creating environment hook '/home/nvidia/acfly_ws/install/fly_mission_gps/share/fly_mission_gps/hook/cmake_prefix_path.ps1'
[2.644s] [34mcolcon.colcon_core.shell[0m [1;30mINFO[0m Creating environment descriptor '/home/nvidia/acfly_ws/install/fly_mission_gps/share/fly_mission_gps/hook/cmake_prefix_path.dsv'
[2.645s] [34mcolcon.colcon_core.shell[0m [1;30mINFO[0m Creating environment hook '/home/nvidia/acfly_ws/install/fly_mission_gps/share/fly_mission_gps/hook/cmake_prefix_path.sh'
[2.646s] [34mcolcon.colcon_core.environment[0m [1;30mLevel 1[0m checking '/home/nvidia/acfly_ws/install/fly_mission_gps/lib'
[2.647s] [34mcolcon.colcon_core.environment[0m [1;30mLevel 1[0m checking '/home/nvidia/acfly_ws/install/fly_mission_gps/bin'
[2.647s] [34mcolcon.colcon_core.environment[0m [1;30mLevel 1[0m checking '/home/nvidia/acfly_ws/install/fly_mission_gps/lib/pkgconfig/fly_mission_gps.pc'
[2.647s] [34mcolcon.colcon_core.environment[0m [1;30mLevel 1[0m checking '/home/nvidia/acfly_ws/install/fly_mission_gps/lib/python3.10/site-packages'
[2.648s] [34mcolcon.colcon_core.environment[0m [1;30mLevel 1[0m checking '/home/nvidia/acfly_ws/install/fly_mission_gps/bin'
[2.648s] [34mcolcon.colcon_core.shell[0m [1;30mINFO[0m Creating package script '/home/nvidia/acfly_ws/install/fly_mission_gps/share/fly_mission_gps/package.ps1'
[2.649s] [34mcolcon.colcon_core.shell[0m [1;30mINFO[0m Creating package descriptor '/home/nvidia/acfly_ws/install/fly_mission_gps/share/fly_mission_gps/package.dsv'
[2.650s] [34mcolcon.colcon_core.shell[0m [1;30mINFO[0m Creating package script '/home/nvidia/acfly_ws/install/fly_mission_gps/share/fly_mission_gps/package.sh'
[2.650s] [34mcolcon.colcon_core.shell[0m [1;30mINFO[0m Creating package script '/home/nvidia/acfly_ws/install/fly_mission_gps/share/fly_mission_gps/package.bash'
[2.651s] [34mcolcon.colcon_core.shell[0m [1;30mINFO[0m Creating package script '/home/nvidia/acfly_ws/install/fly_mission_gps/share/fly_mission_gps/package.zsh'
[2.652s] [34mcolcon.colcon_core.environment[0m [1;30mLevel 1[0m create_file_with_runtime_dependencies(/home/nvidia/acfly_ws/install/fly_mission_gps/share/colcon-core/packages/fly_mission_gps)
[2.655s] [34mcolcon.colcon_core.environment[0m [1;30mLevel 1[0m create_environment_scripts_only(fly_mission)
[2.656s] [34mcolcon.colcon_core.environment[0m [1;30mLevel 1[0m checking '/home/nvidia/acfly_ws/install/fly_mission' for CMake module files
[2.657s] [34mcolcon.colcon_core.event_handler.log_command[0m [1;30mDEBUG[0m [32mInvoked command in '/home/nvidia/acfly_ws/build/fly_mission' returned '0': AMENT_PREFIX_PATH=/home/nvidia/acfly_ws/install/mavros_msgs:${AMENT_PREFIX_PATH} CMAKE_PREFIX_PATH=/home/nvidia/acfly_ws/install/mavros_msgs:/home/nvidia/ws_orbbec/install/orbbec_description:/home/nvidia/ws_orbbec/install/orbbec_camera:/home/nvidia/ws_orbbec/install/orbbec_camera_msgs:/home/nvidia/ws_livox/install/livox_ros_driver2:/home/nvidia/ws_point/install/pos_link:/home/nvidia/ws_point/install/point_lio:/home/nvidia/ws_point/install/pcl_cloud:/home/nvidia/ws_point/install/ac_link:/home/nvidia/ws_orbbec/install/gemini_vision:/opt/ros/humble LD_LIBRARY_PATH=/home/nvidia/acfly_ws/install/mavros_msgs/lib:${LD_LIBRARY_PATH} PYTHONPATH=/home/nvidia/acfly_ws/install/mavros_msgs/local/lib/python3.10/dist-packages:${PYTHONPATH} /usr/bin/cmake --install /home/nvidia/acfly_ws/build/fly_mission[0m
[2.658s] [34mcolcon.colcon_core.environment[0m [1;30mLevel 1[0m checking '/home/nvidia/acfly_ws/install/fly_mission' for CMake config files
[2.659s] [34mcolcon.colcon_core.shell[0m [1;30mLevel 1[0m create_environment_hook('fly_mission', 'cmake_prefix_path')
[2.660s] [34mcolcon.colcon_core.shell[0m [1;30mINFO[0m Creating environment hook '/home/nvidia/acfly_ws/install/fly_mission/share/fly_mission/hook/cmake_prefix_path.ps1'
[2.661s] [34mcolcon.colcon_core.shell[0m [1;30mINFO[0m Creating environment descriptor '/home/nvidia/acfly_ws/install/fly_mission/share/fly_mission/hook/cmake_prefix_path.dsv'
[2.662s] [34mcolcon.colcon_core.shell[0m [1;30mINFO[0m Creating environment hook '/home/nvidia/acfly_ws/install/fly_mission/share/fly_mission/hook/cmake_prefix_path.sh'
[2.663s] [34mcolcon.colcon_core.environment[0m [1;30mLevel 1[0m checking '/home/nvidia/acfly_ws/install/fly_mission/lib'
[2.664s] [34mcolcon.colcon_core.environment[0m [1;30mLevel 1[0m checking '/home/nvidia/acfly_ws/install/fly_mission/bin'
[2.664s] [34mcolcon.colcon_core.environment[0m [1;30mLevel 1[0m checking '/home/nvidia/acfly_ws/install/fly_mission/lib/pkgconfig/fly_mission.pc'
[2.664s] [34mcolcon.colcon_core.environment[0m [1;30mLevel 1[0m checking '/home/nvidia/acfly_ws/install/fly_mission/lib/python3.10/site-packages'
[2.665s] [34mcolcon.colcon_core.environment[0m [1;30mLevel 1[0m checking '/home/nvidia/acfly_ws/install/fly_mission/bin'
[2.665s] [34mcolcon.colcon_core.shell[0m [1;30mINFO[0m Creating package script '/home/nvidia/acfly_ws/install/fly_mission/share/fly_mission/package.ps1'
[2.666s] [34mcolcon.colcon_core.shell[0m [1;30mINFO[0m Creating package descriptor '/home/nvidia/acfly_ws/install/fly_mission/share/fly_mission/package.dsv'
[2.667s] [34mcolcon.colcon_core.shell[0m [1;30mINFO[0m Creating package script '/home/nvidia/acfly_ws/install/fly_mission/share/fly_mission/package.sh'
[2.668s] [34mcolcon.colcon_core.shell[0m [1;30mINFO[0m Creating package script '/home/nvidia/acfly_ws/install/fly_mission/share/fly_mission/package.bash'
[2.669s] [34mcolcon.colcon_core.shell[0m [1;30mINFO[0m Creating package script '/home/nvidia/acfly_ws/install/fly_mission/share/fly_mission/package.zsh'
[2.670s] [34mcolcon.colcon_core.environment[0m [1;30mLevel 1[0m create_file_with_runtime_dependencies(/home/nvidia/acfly_ws/install/fly_mission/share/colcon-core/packages/fly_mission)
[2.671s] [34mcolcon.colcon_core.environment[0m [1;30mLevel 1[0m create_environment_scripts_only(fly_mission)
[2.672s] [34mcolcon.colcon_core.environment[0m [1;30mLevel 1[0m checking '/home/nvidia/acfly_ws/install/fly_mission' for CMake module files
[2.673s] [34mcolcon.colcon_core.environment[0m [1;30mLevel 1[0m checking '/home/nvidia/acfly_ws/install/fly_mission' for CMake config files
[2.673s] [34mcolcon.colcon_core.shell[0m [1;30mLevel 1[0m create_environment_hook('fly_mission', 'cmake_prefix_path')
[2.674s] [34mcolcon.colcon_core.shell[0m [1;30mINFO[0m Creating environment hook '/home/nvidia/acfly_ws/install/fly_mission/share/fly_mission/hook/cmake_prefix_path.ps1'
[2.675s] [34mcolcon.colcon_core.shell[0m [1;30mINFO[0m Creating environment descriptor '/home/nvidia/acfly_ws/install/fly_mission/share/fly_mission/hook/cmake_prefix_path.dsv'
[2.676s] [34mcolcon.colcon_core.shell[0m [1;30mINFO[0m Creating environment hook '/home/nvidia/acfly_ws/install/fly_mission/share/fly_mission/hook/cmake_prefix_path.sh'
[2.678s] [34mcolcon.colcon_core.environment[0m [1;30mLevel 1[0m checking '/home/nvidia/acfly_ws/install/fly_mission/lib'
[2.678s] [34mcolcon.colcon_core.environment[0m [1;30mLevel 1[0m checking '/home/nvidia/acfly_ws/install/fly_mission/bin'
[2.678s] [34mcolcon.colcon_core.environment[0m [1;30mLevel 1[0m checking '/home/nvidia/acfly_ws/install/fly_mission/lib/pkgconfig/fly_mission.pc'
[2.679s] [34mcolcon.colcon_core.environment[0m [1;30mLevel 1[0m checking '/home/nvidia/acfly_ws/install/fly_mission/lib/python3.10/site-packages'
[2.679s] [34mcolcon.colcon_core.environment[0m [1;30mLevel 1[0m checking '/home/nvidia/acfly_ws/install/fly_mission/bin'
[2.680s] [34mcolcon.colcon_core.shell[0m [1;30mINFO[0m Creating package script '/home/nvidia/acfly_ws/install/fly_mission/share/fly_mission/package.ps1'
[2.681s] [34mcolcon.colcon_core.shell[0m [1;30mINFO[0m Creating package descriptor '/home/nvidia/acfly_ws/install/fly_mission/share/fly_mission/package.dsv'
[2.682s] [34mcolcon.colcon_core.shell[0m [1;30mINFO[0m Creating package script '/home/nvidia/acfly_ws/install/fly_mission/share/fly_mission/package.sh'
[2.683s] [34mcolcon.colcon_core.shell[0m [1;30mINFO[0m Creating package script '/home/nvidia/acfly_ws/install/fly_mission/share/fly_mission/package.bash'
[2.684s] [34mcolcon.colcon_core.shell[0m [1;30mINFO[0m Creating package script '/home/nvidia/acfly_ws/install/fly_mission/share/fly_mission/package.zsh'
[2.685s] [34mcolcon.colcon_core.environment[0m [1;30mLevel 1[0m create_file_with_runtime_dependencies(/home/nvidia/acfly_ws/install/fly_mission/share/colcon-core/packages/fly_mission)
[5.847s] [34mcolcon.colcon_core.event_handler.log_command[0m [1;30mDEBUG[0m [32mInvoked command in '/home/nvidia/acfly_ws/build/mavros' returned '0': AMENT_PREFIX_PATH=/home/nvidia/acfly_ws/install/libmavconn:/home/nvidia/acfly_ws/install/mavros_msgs:${AMENT_PREFIX_PATH} CMAKE_PREFIX_PATH=/home/nvidia/acfly_ws/install/libmavconn:/home/nvidia/acfly_ws/install/mavros_msgs:/home/nvidia/acfly_ws/install/mavlink:/home/nvidia/ws_orbbec/install/orbbec_description:/home/nvidia/ws_orbbec/install/orbbec_camera:/home/nvidia/ws_orbbec/install/orbbec_camera_msgs:/home/nvidia/ws_livox/install/livox_ros_driver2:/home/nvidia/ws_point/install/pos_link:/home/nvidia/ws_point/install/point_lio:/home/nvidia/ws_point/install/pcl_cloud:/home/nvidia/ws_point/install/ac_link:/home/nvidia/ws_orbbec/install/gemini_vision:/opt/ros/humble LD_LIBRARY_PATH=/home/nvidia/acfly_ws/install/libmavconn/lib:/home/nvidia/acfly_ws/install/mavros_msgs/lib:${LD_LIBRARY_PATH} PKG_CONFIG_PATH=/home/nvidia/acfly_ws/install/mavlink/lib/aarch64-linux-gnu/pkgconfig:/home/nvidia/acfly_ws/install/mavlink/lib/pkgconfig PYTHONPATH=/home/nvidia/acfly_ws/install/mavros_msgs/local/lib/python3.10/dist-packages:${PYTHONPATH} /usr/bin/cmake /home/nvidia/acfly_ws/src/acfly_mavros/mavros/mavros -DAMENT_CMAKE_SYMLINK_INSTALL=1 -DCMAKE_INSTALL_PREFIX=/home/nvidia/acfly_ws/install/mavros[0m
[5.852s] [34mcolcon.colcon_core.event_handler.log_command[0m [1;30mDEBUG[0m [32mInvoking command in '/home/nvidia/acfly_ws/build/mavros': AMENT_PREFIX_PATH=/home/nvidia/acfly_ws/install/libmavconn:/home/nvidia/acfly_ws/install/mavros_msgs:${AMENT_PREFIX_PATH} CMAKE_PREFIX_PATH=/home/nvidia/acfly_ws/install/libmavconn:/home/nvidia/acfly_ws/install/mavros_msgs:/home/nvidia/acfly_ws/install/mavlink:/home/nvidia/ws_orbbec/install/orbbec_description:/home/nvidia/ws_orbbec/install/orbbec_camera:/home/nvidia/ws_orbbec/install/orbbec_camera_msgs:/home/nvidia/ws_livox/install/livox_ros_driver2:/home/nvidia/ws_point/install/pos_link:/home/nvidia/ws_point/install/point_lio:/home/nvidia/ws_point/install/pcl_cloud:/home/nvidia/ws_point/install/ac_link:/home/nvidia/ws_orbbec/install/gemini_vision:/opt/ros/humble LD_LIBRARY_PATH=/home/nvidia/acfly_ws/install/libmavconn/lib:/home/nvidia/acfly_ws/install/mavros_msgs/lib:${LD_LIBRARY_PATH} PKG_CONFIG_PATH=/home/nvidia/acfly_ws/install/mavlink/lib/aarch64-linux-gnu/pkgconfig:/home/nvidia/acfly_ws/install/mavlink/lib/pkgconfig PYTHONPATH=/home/nvidia/acfly_ws/install/mavros_msgs/local/lib/python3.10/dist-packages:${PYTHONPATH} /usr/bin/cmake --build /home/nvidia/acfly_ws/build/mavros -- -j8 -l8[0m
[250.451s] [34mcolcon.colcon_core.event_handler.log_command[0m [1;30mDEBUG[0m [32mInvoked command in '/home/nvidia/acfly_ws/build/mavros' returned '0': AMENT_PREFIX_PATH=/home/nvidia/acfly_ws/install/libmavconn:/home/nvidia/acfly_ws/install/mavros_msgs:${AMENT_PREFIX_PATH} CMAKE_PREFIX_PATH=/home/nvidia/acfly_ws/install/libmavconn:/home/nvidia/acfly_ws/install/mavros_msgs:/home/nvidia/acfly_ws/install/mavlink:/home/nvidia/ws_orbbec/install/orbbec_description:/home/nvidia/ws_orbbec/install/orbbec_camera:/home/nvidia/ws_orbbec/install/orbbec_camera_msgs:/home/nvidia/ws_livox/install/livox_ros_driver2:/home/nvidia/ws_point/install/pos_link:/home/nvidia/ws_point/install/point_lio:/home/nvidia/ws_point/install/pcl_cloud:/home/nvidia/ws_point/install/ac_link:/home/nvidia/ws_orbbec/install/gemini_vision:/opt/ros/humble LD_LIBRARY_PATH=/home/nvidia/acfly_ws/install/libmavconn/lib:/home/nvidia/acfly_ws/install/mavros_msgs/lib:${LD_LIBRARY_PATH} PKG_CONFIG_PATH=/home/nvidia/acfly_ws/install/mavlink/lib/aarch64-linux-gnu/pkgconfig:/home/nvidia/acfly_ws/install/mavlink/lib/pkgconfig PYTHONPATH=/home/nvidia/acfly_ws/install/mavros_msgs/local/lib/python3.10/dist-packages:${PYTHONPATH} /usr/bin/cmake --build /home/nvidia/acfly_ws/build/mavros -- -j8 -l8[0m
[250.456s] [34mcolcon.colcon_core.event_handler.log_command[0m [1;30mDEBUG[0m [32mInvoking command in '/home/nvidia/acfly_ws/build/mavros': AMENT_PREFIX_PATH=/home/nvidia/acfly_ws/install/libmavconn:/home/nvidia/acfly_ws/install/mavros_msgs:${AMENT_PREFIX_PATH} CMAKE_PREFIX_PATH=/home/nvidia/acfly_ws/install/libmavconn:/home/nvidia/acfly_ws/install/mavros_msgs:/home/nvidia/acfly_ws/install/mavlink:/home/nvidia/ws_orbbec/install/orbbec_description:/home/nvidia/ws_orbbec/install/orbbec_camera:/home/nvidia/ws_orbbec/install/orbbec_camera_msgs:/home/nvidia/ws_livox/install/livox_ros_driver2:/home/nvidia/ws_point/install/pos_link:/home/nvidia/ws_point/install/point_lio:/home/nvidia/ws_point/install/pcl_cloud:/home/nvidia/ws_point/install/ac_link:/home/nvidia/ws_orbbec/install/gemini_vision:/opt/ros/humble LD_LIBRARY_PATH=/home/nvidia/acfly_ws/install/libmavconn/lib:/home/nvidia/acfly_ws/install/mavros_msgs/lib:${LD_LIBRARY_PATH} PKG_CONFIG_PATH=/home/nvidia/acfly_ws/install/mavlink/lib/aarch64-linux-gnu/pkgconfig:/home/nvidia/acfly_ws/install/mavlink/lib/pkgconfig PYTHONPATH=/home/nvidia/acfly_ws/install/mavros_msgs/local/lib/python3.10/dist-packages:${PYTHONPATH} /usr/bin/cmake --install /home/nvidia/acfly_ws/build/mavros[0m
[252.241s] [34mcolcon.colcon_core.environment[0m [1;30mLevel 1[0m create_environment_scripts_only(mavros)
[252.242s] [34mcolcon.colcon_core.environment[0m [1;30mLevel 1[0m checking '/home/nvidia/acfly_ws/install/mavros' for CMake module files
[252.243s] [34mcolcon.colcon_core.event_handler.log_command[0m [1;30mDEBUG[0m [32mInvoked command in '/home/nvidia/acfly_ws/build/mavros' returned '0': AMENT_PREFIX_PATH=/home/nvidia/acfly_ws/install/libmavconn:/home/nvidia/acfly_ws/install/mavros_msgs:${AMENT_PREFIX_PATH} CMAKE_PREFIX_PATH=/home/nvidia/acfly_ws/install/libmavconn:/home/nvidia/acfly_ws/install/mavros_msgs:/home/nvidia/acfly_ws/install/mavlink:/home/nvidia/ws_orbbec/install/orbbec_description:/home/nvidia/ws_orbbec/install/orbbec_camera:/home/nvidia/ws_orbbec/install/orbbec_camera_msgs:/home/nvidia/ws_livox/install/livox_ros_driver2:/home/nvidia/ws_point/install/pos_link:/home/nvidia/ws_point/install/point_lio:/home/nvidia/ws_point/install/pcl_cloud:/home/nvidia/ws_point/install/ac_link:/home/nvidia/ws_orbbec/install/gemini_vision:/opt/ros/humble LD_LIBRARY_PATH=/home/nvidia/acfly_ws/install/libmavconn/lib:/home/nvidia/acfly_ws/install/mavros_msgs/lib:${LD_LIBRARY_PATH} PKG_CONFIG_PATH=/home/nvidia/acfly_ws/install/mavlink/lib/aarch64-linux-gnu/pkgconfig:/home/nvidia/acfly_ws/install/mavlink/lib/pkgconfig PYTHONPATH=/home/nvidia/acfly_ws/install/mavros_msgs/local/lib/python3.10/dist-packages:${PYTHONPATH} /usr/bin/cmake --install /home/nvidia/acfly_ws/build/mavros[0m
[252.244s] [34mcolcon.colcon_core.environment[0m [1;30mLevel 1[0m checking '/home/nvidia/acfly_ws/install/mavros' for CMake config files
[252.244s] [34mcolcon.colcon_core.shell[0m [1;30mLevel 1[0m create_environment_hook('mavros', 'cmake_prefix_path')
[252.245s] [34mcolcon.colcon_core.shell[0m [1;30mINFO[0m Creating environment hook '/home/nvidia/acfly_ws/install/mavros/share/mavros/hook/cmake_prefix_path.ps1'
[252.246s] [34mcolcon.colcon_core.shell[0m [1;30mINFO[0m Creating environment descriptor '/home/nvidia/acfly_ws/install/mavros/share/mavros/hook/cmake_prefix_path.dsv'
[252.246s] [34mcolcon.colcon_core.shell[0m [1;30mINFO[0m Creating environment hook '/home/nvidia/acfly_ws/install/mavros/share/mavros/hook/cmake_prefix_path.sh'
[252.247s] [34mcolcon.colcon_core.environment[0m [1;30mLevel 1[0m checking '/home/nvidia/acfly_ws/install/mavros/lib'
[252.247s] [34mcolcon.colcon_core.shell[0m [1;30mLevel 1[0m create_environment_hook('mavros', 'ld_library_path_lib')
[252.248s] [34mcolcon.colcon_core.shell[0m [1;30mINFO[0m Creating environment hook '/home/nvidia/acfly_ws/install/mavros/share/mavros/hook/ld_library_path_lib.ps1'
[252.248s] [34mcolcon.colcon_core.shell[0m [1;30mINFO[0m Creating environment descriptor '/home/nvidia/acfly_ws/install/mavros/share/mavros/hook/ld_library_path_lib.dsv'
[252.249s] [34mcolcon.colcon_core.shell[0m [1;30mINFO[0m Creating environment hook '/home/nvidia/acfly_ws/install/mavros/share/mavros/hook/ld_library_path_lib.sh'
[252.249s] [34mcolcon.colcon_core.environment[0m [1;30mLevel 1[0m checking '/home/nvidia/acfly_ws/install/mavros/bin'
[252.249s] [34mcolcon.colcon_core.environment[0m [1;30mLevel 1[0m checking '/home/nvidia/acfly_ws/install/mavros/lib/pkgconfig/mavros.pc'
[252.250s] [34mcolcon.colcon_core.environment[0m [1;30mLevel 1[0m checking '/home/nvidia/acfly_ws/install/mavros/lib/python3.10/site-packages'
[252.250s] [34mcolcon.colcon_core.environment[0m [1;30mLevel 1[0m checking '/home/nvidia/acfly_ws/install/mavros/bin'
[252.251s] [34mcolcon.colcon_core.shell[0m [1;30mINFO[0m Creating package script '/home/nvidia/acfly_ws/install/mavros/share/mavros/package.ps1'
[252.252s] [34mcolcon.colcon_core.shell[0m [1;30mINFO[0m Creating package descriptor '/home/nvidia/acfly_ws/install/mavros/share/mavros/package.dsv'
[252.252s] [34mcolcon.colcon_core.shell[0m [1;30mINFO[0m Creating package script '/home/nvidia/acfly_ws/install/mavros/share/mavros/package.sh'
[252.253s] [34mcolcon.colcon_core.shell[0m [1;30mINFO[0m Creating package script '/home/nvidia/acfly_ws/install/mavros/share/mavros/package.bash'
[252.254s] [34mcolcon.colcon_core.shell[0m [1;30mINFO[0m Creating package script '/home/nvidia/acfly_ws/install/mavros/share/mavros/package.zsh'
[252.254s] [34mcolcon.colcon_core.environment[0m [1;30mLevel 1[0m create_file_with_runtime_dependencies(/home/nvidia/acfly_ws/install/mavros/share/colcon-core/packages/mavros)
[252.255s] [34mcolcon.colcon_core.environment[0m [1;30mLevel 1[0m create_environment_scripts_only(mavros)
[252.256s] [34mcolcon.colcon_core.environment[0m [1;30mLevel 1[0m checking '/home/nvidia/acfly_ws/install/mavros' for CMake module files
[252.257s] [34mcolcon.colcon_core.environment[0m [1;30mLevel 1[0m checking '/home/nvidia/acfly_ws/install/mavros' for CMake config files
[252.257s] [34mcolcon.colcon_core.shell[0m [1;30mLevel 1[0m create_environment_hook('mavros', 'cmake_prefix_path')
[252.257s] [34mcolcon.colcon_core.shell[0m [1;30mINFO[0m Creating environment hook '/home/nvidia/acfly_ws/install/mavros/share/mavros/hook/cmake_prefix_path.ps1'
[252.258s] [34mcolcon.colcon_core.shell[0m [1;30mINFO[0m Creating environment descriptor '/home/nvidia/acfly_ws/install/mavros/share/mavros/hook/cmake_prefix_path.dsv'
[252.259s] [34mcolcon.colcon_core.shell[0m [1;30mINFO[0m Creating environment hook '/home/nvidia/acfly_ws/install/mavros/share/mavros/hook/cmake_prefix_path.sh'
[252.260s] [34mcolcon.colcon_core.environment[0m [1;30mLevel 1[0m checking '/home/nvidia/acfly_ws/install/mavros/lib'
[252.260s] [34mcolcon.colcon_core.shell[0m [1;30mLevel 1[0m create_environment_hook('mavros', 'ld_library_path_lib')
[252.260s] [34mcolcon.colcon_core.shell[0m [1;30mINFO[0m Creating environment hook '/home/nvidia/acfly_ws/install/mavros/share/mavros/hook/ld_library_path_lib.ps1'
[252.261s] [34mcolcon.colcon_core.shell[0m [1;30mINFO[0m Creating environment descriptor '/home/nvidia/acfly_ws/install/mavros/share/mavros/hook/ld_library_path_lib.dsv'
[252.262s] [34mcolcon.colcon_core.shell[0m [1;30mINFO[0m Creating environment hook '/home/nvidia/acfly_ws/install/mavros/share/mavros/hook/ld_library_path_lib.sh'
[252.262s] [34mcolcon.colcon_core.environment[0m [1;30mLevel 1[0m checking '/home/nvidia/acfly_ws/install/mavros/bin'
[252.262s] [34mcolcon.colcon_core.environment[0m [1;30mLevel 1[0m checking '/home/nvidia/acfly_ws/install/mavros/lib/pkgconfig/mavros.pc'
[252.263s] [34mcolcon.colcon_core.environment[0m [1;30mLevel 1[0m checking '/home/nvidia/acfly_ws/install/mavros/lib/python3.10/site-packages'
[252.264s] [34mcolcon.colcon_core.environment[0m [1;30mLevel 1[0m checking '/home/nvidia/acfly_ws/install/mavros/bin'
[252.264s] [34mcolcon.colcon_core.shell[0m [1;30mINFO[0m Creating package script '/home/nvidia/acfly_ws/install/mavros/share/mavros/package.ps1'
[252.265s] [34mcolcon.colcon_core.shell[0m [1;30mINFO[0m Creating package descriptor '/home/nvidia/acfly_ws/install/mavros/share/mavros/package.dsv'
[252.266s] [34mcolcon.colcon_core.shell[0m [1;30mINFO[0m Creating package script '/home/nvidia/acfly_ws/install/mavros/share/mavros/package.sh'
[252.267s] [34mcolcon.colcon_core.shell[0m [1;30mINFO[0m Creating package script '/home/nvidia/acfly_ws/install/mavros/share/mavros/package.bash'
[252.268s] [34mcolcon.colcon_core.shell[0m [1;30mINFO[0m Creating package script '/home/nvidia/acfly_ws/install/mavros/share/mavros/package.zsh'
[252.269s] [34mcolcon.colcon_core.environment[0m [1;30mLevel 1[0m create_file_with_runtime_dependencies(/home/nvidia/acfly_ws/install/mavros/share/colcon-core/packages/mavros)
[252.270s] [34mcolcon.colcon_ros.task.ament_cmake.build[0m [1;30mINFO[0m Building ROS package in '/home/nvidia/acfly_ws/src/acfly_mavros/mavros/mavros_extras' with build type 'ament_cmake'
[252.270s] [34mcolcon.colcon_cmake.task.cmake.build[0m [1;30mINFO[0m Building CMake package in '/home/nvidia/acfly_ws/src/acfly_mavros/mavros/mavros_extras'
[252.270s] [34mcolcon.colcon_core.shell[0m [1;30mINFO[0m Skip shell extension 'powershell' for command environment: Not usable outside of PowerShell
[252.270s] [34mcolcon.colcon_core.shell[0m [1;30mDEBUG[0m [32mSkip shell extension 'dsv' for command environment[0m
[252.306s] [34mcolcon.colcon_core.event_handler.log_command[0m [1;30mDEBUG[0m [32mInvoking command in '/home/nvidia/acfly_ws/build/mavros_extras': AMENT_PREFIX_PATH=/home/nvidia/acfly_ws/install/mavros:/home/nvidia/acfly_ws/install/libmavconn:/home/nvidia/acfly_ws/install/mavros_msgs:${AMENT_PREFIX_PATH} CMAKE_PREFIX_PATH=/home/nvidia/acfly_ws/install/mavros:/home/nvidia/acfly_ws/install/libmavconn:/home/nvidia/acfly_ws/install/mavros_msgs:/home/nvidia/acfly_ws/install/mavlink:/home/nvidia/ws_orbbec/install/orbbec_description:/home/nvidia/ws_orbbec/install/orbbec_camera:/home/nvidia/ws_orbbec/install/orbbec_camera_msgs:/home/nvidia/ws_livox/install/livox_ros_driver2:/home/nvidia/ws_point/install/pos_link:/home/nvidia/ws_point/install/point_lio:/home/nvidia/ws_point/install/pcl_cloud:/home/nvidia/ws_point/install/ac_link:/home/nvidia/ws_orbbec/install/gemini_vision:/opt/ros/humble LD_LIBRARY_PATH=/home/nvidia/acfly_ws/install/mavros/lib:/home/nvidia/acfly_ws/install/libmavconn/lib:/home/nvidia/acfly_ws/install/mavros_msgs/lib:${LD_LIBRARY_PATH} PKG_CONFIG_PATH=/home/nvidia/acfly_ws/install/mavlink/lib/aarch64-linux-gnu/pkgconfig:/home/nvidia/acfly_ws/install/mavlink/lib/pkgconfig PYTHONPATH=/home/nvidia/acfly_ws/install/mavros/local/lib/python3.10/dist-packages:/home/nvidia/acfly_ws/install/mavros_msgs/local/lib/python3.10/dist-packages:${PYTHONPATH} /usr/bin/cmake /home/nvidia/acfly_ws/src/acfly_mavros/mavros/mavros_extras -DAMENT_CMAKE_SYMLINK_INSTALL=1 -DCMAKE_INSTALL_PREFIX=/home/nvidia/acfly_ws/install/mavros_extras[0m
[255.198s] [34mcolcon.colcon_core.event_handler.log_command[0m [1;30mDEBUG[0m [32mInvoked command in '/home/nvidia/acfly_ws/build/mavros_extras' returned '0': AMENT_PREFIX_PATH=/home/nvidia/acfly_ws/install/mavros:/home/nvidia/acfly_ws/install/libmavconn:/home/nvidia/acfly_ws/install/mavros_msgs:${AMENT_PREFIX_PATH} CMAKE_PREFIX_PATH=/home/nvidia/acfly_ws/install/mavros:/home/nvidia/acfly_ws/install/libmavconn:/home/nvidia/acfly_ws/install/mavros_msgs:/home/nvidia/acfly_ws/install/mavlink:/home/nvidia/ws_orbbec/install/orbbec_description:/home/nvidia/ws_orbbec/install/orbbec_camera:/home/nvidia/ws_orbbec/install/orbbec_camera_msgs:/home/nvidia/ws_livox/install/livox_ros_driver2:/home/nvidia/ws_point/install/pos_link:/home/nvidia/ws_point/install/point_lio:/home/nvidia/ws_point/install/pcl_cloud:/home/nvidia/ws_point/install/ac_link:/home/nvidia/ws_orbbec/install/gemini_vision:/opt/ros/humble LD_LIBRARY_PATH=/home/nvidia/acfly_ws/install/mavros/lib:/home/nvidia/acfly_ws/install/libmavconn/lib:/home/nvidia/acfly_ws/install/mavros_msgs/lib:${LD_LIBRARY_PATH} PKG_CONFIG_PATH=/home/nvidia/acfly_ws/install/mavlink/lib/aarch64-linux-gnu/pkgconfig:/home/nvidia/acfly_ws/install/mavlink/lib/pkgconfig PYTHONPATH=/home/nvidia/acfly_ws/install/mavros/local/lib/python3.10/dist-packages:/home/nvidia/acfly_ws/install/mavros_msgs/local/lib/python3.10/dist-packages:${PYTHONPATH} /usr/bin/cmake /home/nvidia/acfly_ws/src/acfly_mavros/mavros/mavros_extras -DAMENT_CMAKE_SYMLINK_INSTALL=1 -DCMAKE_INSTALL_PREFIX=/home/nvidia/acfly_ws/install/mavros_extras[0m
[255.202s] [34mcolcon.colcon_core.event_handler.log_command[0m [1;30mDEBUG[0m [32mInvoking command in '/home/nvidia/acfly_ws/build/mavros_extras': AMENT_PREFIX_PATH=/home/nvidia/acfly_ws/install/mavros:/home/nvidia/acfly_ws/install/libmavconn:/home/nvidia/acfly_ws/install/mavros_msgs:${AMENT_PREFIX_PATH} CMAKE_PREFIX_PATH=/home/nvidia/acfly_ws/install/mavros:/home/nvidia/acfly_ws/install/libmavconn:/home/nvidia/acfly_ws/install/mavros_msgs:/home/nvidia/acfly_ws/install/mavlink:/home/nvidia/ws_orbbec/install/orbbec_description:/home/nvidia/ws_orbbec/install/orbbec_camera:/home/nvidia/ws_orbbec/install/orbbec_camera_msgs:/home/nvidia/ws_livox/install/livox_ros_driver2:/home/nvidia/ws_point/install/pos_link:/home/nvidia/ws_point/install/point_lio:/home/nvidia/ws_point/install/pcl_cloud:/home/nvidia/ws_point/install/ac_link:/home/nvidia/ws_orbbec/install/gemini_vision:/opt/ros/humble LD_LIBRARY_PATH=/home/nvidia/acfly_ws/install/mavros/lib:/home/nvidia/acfly_ws/install/libmavconn/lib:/home/nvidia/acfly_ws/install/mavros_msgs/lib:${LD_LIBRARY_PATH} PKG_CONFIG_PATH=/home/nvidia/acfly_ws/install/mavlink/lib/aarch64-linux-gnu/pkgconfig:/home/nvidia/acfly_ws/install/mavlink/lib/pkgconfig PYTHONPATH=/home/nvidia/acfly_ws/install/mavros/local/lib/python3.10/dist-packages:/home/nvidia/acfly_ws/install/mavros_msgs/local/lib/python3.10/dist-packages:${PYTHONPATH} /usr/bin/cmake --build /home/nvidia/acfly_ws/build/mavros_extras -- -j8 -l8[0m
[496.195s] [34mcolcon.colcon_core.event_handler.log_command[0m [1;30mDEBUG[0m [32mInvoked command in '/home/nvidia/acfly_ws/build/mavros_extras' returned '0': AMENT_PREFIX_PATH=/home/nvidia/acfly_ws/install/mavros:/home/nvidia/acfly_ws/install/libmavconn:/home/nvidia/acfly_ws/install/mavros_msgs:${AMENT_PREFIX_PATH} CMAKE_PREFIX_PATH=/home/nvidia/acfly_ws/install/mavros:/home/nvidia/acfly_ws/install/libmavconn:/home/nvidia/acfly_ws/install/mavros_msgs:/home/nvidia/acfly_ws/install/mavlink:/home/nvidia/ws_orbbec/install/orbbec_description:/home/nvidia/ws_orbbec/install/orbbec_camera:/home/nvidia/ws_orbbec/install/orbbec_camera_msgs:/home/nvidia/ws_livox/install/livox_ros_driver2:/home/nvidia/ws_point/install/pos_link:/home/nvidia/ws_point/install/point_lio:/home/nvidia/ws_point/install/pcl_cloud:/home/nvidia/ws_point/install/ac_link:/home/nvidia/ws_orbbec/install/gemini_vision:/opt/ros/humble LD_LIBRARY_PATH=/home/nvidia/acfly_ws/install/mavros/lib:/home/nvidia/acfly_ws/install/libmavconn/lib:/home/nvidia/acfly_ws/install/mavros_msgs/lib:${LD_LIBRARY_PATH} PKG_CONFIG_PATH=/home/nvidia/acfly_ws/install/mavlink/lib/aarch64-linux-gnu/pkgconfig:/home/nvidia/acfly_ws/install/mavlink/lib/pkgconfig PYTHONPATH=/home/nvidia/acfly_ws/install/mavros/local/lib/python3.10/dist-packages:/home/nvidia/acfly_ws/install/mavros_msgs/local/lib/python3.10/dist-packages:${PYTHONPATH} /usr/bin/cmake --build /home/nvidia/acfly_ws/build/mavros_extras -- -j8 -l8[0m
[496.201s] [34mcolcon.colcon_core.event_handler.log_command[0m [1;30mDEBUG[0m [32mInvoking command in '/home/nvidia/acfly_ws/build/mavros_extras': AMENT_PREFIX_PATH=/home/nvidia/acfly_ws/install/mavros:/home/nvidia/acfly_ws/install/libmavconn:/home/nvidia/acfly_ws/install/mavros_msgs:${AMENT_PREFIX_PATH} CMAKE_PREFIX_PATH=/home/nvidia/acfly_ws/install/mavros:/home/nvidia/acfly_ws/install/libmavconn:/home/nvidia/acfly_ws/install/mavros_msgs:/home/nvidia/acfly_ws/install/mavlink:/home/nvidia/ws_orbbec/install/orbbec_description:/home/nvidia/ws_orbbec/install/orbbec_camera:/home/nvidia/ws_orbbec/install/orbbec_camera_msgs:/home/nvidia/ws_livox/install/livox_ros_driver2:/home/nvidia/ws_point/install/pos_link:/home/nvidia/ws_point/install/point_lio:/home/nvidia/ws_point/install/pcl_cloud:/home/nvidia/ws_point/install/ac_link:/home/nvidia/ws_orbbec/install/gemini_vision:/opt/ros/humble LD_LIBRARY_PATH=/home/nvidia/acfly_ws/install/mavros/lib:/home/nvidia/acfly_ws/install/libmavconn/lib:/home/nvidia/acfly_ws/install/mavros_msgs/lib:${LD_LIBRARY_PATH} PKG_CONFIG_PATH=/home/nvidia/acfly_ws/install/mavlink/lib/aarch64-linux-gnu/pkgconfig:/home/nvidia/acfly_ws/install/mavlink/lib/pkgconfig PYTHONPATH=/home/nvidia/acfly_ws/install/mavros/local/lib/python3.10/dist-packages:/home/nvidia/acfly_ws/install/mavros_msgs/local/lib/python3.10/dist-packages:${PYTHONPATH} /usr/bin/cmake --install /home/nvidia/acfly_ws/build/mavros_extras[0m
[497.042s] [34mcolcon.colcon_core.environment[0m [1;30mLevel 1[0m create_environment_scripts_only(mavros_extras)
[497.043s] [34mcolcon.colcon_core.environment[0m [1;30mLevel 1[0m checking '/home/nvidia/acfly_ws/install/mavros_extras' for CMake module files
[497.045s] [34mcolcon.colcon_core.event_handler.log_command[0m [1;30mDEBUG[0m [32mInvoked command in '/home/nvidia/acfly_ws/build/mavros_extras' returned '0': AMENT_PREFIX_PATH=/home/nvidia/acfly_ws/install/mavros:/home/nvidia/acfly_ws/install/libmavconn:/home/nvidia/acfly_ws/install/mavros_msgs:${AMENT_PREFIX_PATH} CMAKE_PREFIX_PATH=/home/nvidia/acfly_ws/install/mavros:/home/nvidia/acfly_ws/install/libmavconn:/home/nvidia/acfly_ws/install/mavros_msgs:/home/nvidia/acfly_ws/install/mavlink:/home/nvidia/ws_orbbec/install/orbbec_description:/home/nvidia/ws_orbbec/install/orbbec_camera:/home/nvidia/ws_orbbec/install/orbbec_camera_msgs:/home/nvidia/ws_livox/install/livox_ros_driver2:/home/nvidia/ws_point/install/pos_link:/home/nvidia/ws_point/install/point_lio:/home/nvidia/ws_point/install/pcl_cloud:/home/nvidia/ws_point/install/ac_link:/home/nvidia/ws_orbbec/install/gemini_vision:/opt/ros/humble LD_LIBRARY_PATH=/home/nvidia/acfly_ws/install/mavros/lib:/home/nvidia/acfly_ws/install/libmavconn/lib:/home/nvidia/acfly_ws/install/mavros_msgs/lib:${LD_LIBRARY_PATH} PKG_CONFIG_PATH=/home/nvidia/acfly_ws/install/mavlink/lib/aarch64-linux-gnu/pkgconfig:/home/nvidia/acfly_ws/install/mavlink/lib/pkgconfig PYTHONPATH=/home/nvidia/acfly_ws/install/mavros/local/lib/python3.10/dist-packages:/home/nvidia/acfly_ws/install/mavros_msgs/local/lib/python3.10/dist-packages:${PYTHONPATH} /usr/bin/cmake --install /home/nvidia/acfly_ws/build/mavros_extras[0m
[497.047s] [34mcolcon.colcon_core.environment[0m [1;30mLevel 1[0m checking '/home/nvidia/acfly_ws/install/mavros_extras' for CMake config files
[497.048s] [34mcolcon.colcon_core.shell[0m [1;30mLevel 1[0m create_environment_hook('mavros_extras', 'cmake_prefix_path')
[497.049s] [34mcolcon.colcon_core.shell[0m [1;30mINFO[0m Creating environment hook '/home/nvidia/acfly_ws/install/mavros_extras/share/mavros_extras/hook/cmake_prefix_path.ps1'
[497.050s] [34mcolcon.colcon_core.shell[0m [1;30mINFO[0m Creating environment descriptor '/home/nvidia/acfly_ws/install/mavros_extras/share/mavros_extras/hook/cmake_prefix_path.dsv'
[497.051s] [34mcolcon.colcon_core.shell[0m [1;30mINFO[0m Creating environment hook '/home/nvidia/acfly_ws/install/mavros_extras/share/mavros_extras/hook/cmake_prefix_path.sh'
[497.052s] [34mcolcon.colcon_core.environment[0m [1;30mLevel 1[0m checking '/home/nvidia/acfly_ws/install/mavros_extras/lib'
[497.052s] [34mcolcon.colcon_core.shell[0m [1;30mLevel 1[0m create_environment_hook('mavros_extras', 'ld_library_path_lib')
[497.053s] [34mcolcon.colcon_core.shell[0m [1;30mINFO[0m Creating environment hook '/home/nvidia/acfly_ws/install/mavros_extras/share/mavros_extras/hook/ld_library_path_lib.ps1'
[497.055s] [34mcolcon.colcon_core.shell[0m [1;30mINFO[0m Creating environment descriptor '/home/nvidia/acfly_ws/install/mavros_extras/share/mavros_extras/hook/ld_library_path_lib.dsv'
[497.056s] [34mcolcon.colcon_core.shell[0m [1;30mINFO[0m Creating environment hook '/home/nvidia/acfly_ws/install/mavros_extras/share/mavros_extras/hook/ld_library_path_lib.sh'
[497.057s] [34mcolcon.colcon_core.environment[0m [1;30mLevel 1[0m checking '/home/nvidia/acfly_ws/install/mavros_extras/bin'
[497.057s] [34mcolcon.colcon_core.environment[0m [1;30mLevel 1[0m checking '/home/nvidia/acfly_ws/install/mavros_extras/lib/pkgconfig/mavros_extras.pc'
[497.058s] [34mcolcon.colcon_core.environment[0m [1;30mLevel 1[0m checking '/home/nvidia/acfly_ws/install/mavros_extras/lib/python3.10/site-packages'
[497.060s] [34mcolcon.colcon_core.environment[0m [1;30mLevel 1[0m checking '/home/nvidia/acfly_ws/install/mavros_extras/bin'
[497.061s] [34mcolcon.colcon_core.shell[0m [1;30mINFO[0m Creating package script '/home/nvidia/acfly_ws/install/mavros_extras/share/mavros_extras/package.ps1'
[497.063s] [34mcolcon.colcon_core.shell[0m [1;30mINFO[0m Creating package descriptor '/home/nvidia/acfly_ws/install/mavros_extras/share/mavros_extras/package.dsv'
[497.064s] [34mcolcon.colcon_core.shell[0m [1;30mINFO[0m Creating package script '/home/nvidia/acfly_ws/install/mavros_extras/share/mavros_extras/package.sh'
[497.066s] [34mcolcon.colcon_core.shell[0m [1;30mINFO[0m Creating package script '/home/nvidia/acfly_ws/install/mavros_extras/share/mavros_extras/package.bash'
[497.067s] [34mcolcon.colcon_core.shell[0m [1;30mINFO[0m Creating package script '/home/nvidia/acfly_ws/install/mavros_extras/share/mavros_extras/package.zsh'
[497.067s] [34mcolcon.colcon_core.environment[0m [1;30mLevel 1[0m create_file_with_runtime_dependencies(/home/nvidia/acfly_ws/install/mavros_extras/share/colcon-core/packages/mavros_extras)
[497.068s] [34mcolcon.colcon_core.environment[0m [1;30mLevel 1[0m create_environment_scripts_only(mavros_extras)
[497.069s] [34mcolcon.colcon_core.environment[0m [1;30mLevel 1[0m checking '/home/nvidia/acfly_ws/install/mavros_extras' for CMake module files
[497.070s] [34mcolcon.colcon_core.environment[0m [1;30mLevel 1[0m checking '/home/nvidia/acfly_ws/install/mavros_extras' for CMake config files
[497.070s] [34mcolcon.colcon_core.shell[0m [1;30mLevel 1[0m create_environment_hook('mavros_extras', 'cmake_prefix_path')
[497.070s] [34mcolcon.colcon_core.shell[0m [1;30mINFO[0m Creating environment hook '/home/nvidia/acfly_ws/install/mavros_extras/share/mavros_extras/hook/cmake_prefix_path.ps1'
[497.071s] [34mcolcon.colcon_core.shell[0m [1;30mINFO[0m Creating environment descriptor '/home/nvidia/acfly_ws/install/mavros_extras/share/mavros_extras/hook/cmake_prefix_path.dsv'
[497.072s] [34mcolcon.colcon_core.shell[0m [1;30mINFO[0m Creating environment hook '/home/nvidia/acfly_ws/install/mavros_extras/share/mavros_extras/hook/cmake_prefix_path.sh'
[497.074s] [34mcolcon.colcon_core.environment[0m [1;30mLevel 1[0m checking '/home/nvidia/acfly_ws/install/mavros_extras/lib'
[497.074s] [34mcolcon.colcon_core.shell[0m [1;30mLevel 1[0m create_environment_hook('mavros_extras', 'ld_library_path_lib')
[497.075s] [34mcolcon.colcon_core.shell[0m [1;30mINFO[0m Creating environment hook '/home/nvidia/acfly_ws/install/mavros_extras/share/mavros_extras/hook/ld_library_path_lib.ps1'
[497.076s] [34mcolcon.colcon_core.shell[0m [1;30mINFO[0m Creating environment descriptor '/home/nvidia/acfly_ws/install/mavros_extras/share/mavros_extras/hook/ld_library_path_lib.dsv'
[497.078s] [34mcolcon.colcon_core.shell[0m [1;30mINFO[0m Creating environment hook '/home/nvidia/acfly_ws/install/mavros_extras/share/mavros_extras/hook/ld_library_path_lib.sh'
[497.079s] [34mcolcon.colcon_core.environment[0m [1;30mLevel 1[0m checking '/home/nvidia/acfly_ws/install/mavros_extras/bin'
[497.079s] [34mcolcon.colcon_core.environment[0m [1;30mLevel 1[0m checking '/home/nvidia/acfly_ws/install/mavros_extras/lib/pkgconfig/mavros_extras.pc'
[497.080s] [34mcolcon.colcon_core.environment[0m [1;30mLevel 1[0m checking '/home/nvidia/acfly_ws/install/mavros_extras/lib/python3.10/site-packages'
[497.081s] [34mcolcon.colcon_core.environment[0m [1;30mLevel 1[0m checking '/home/nvidia/acfly_ws/install/mavros_extras/bin'
[497.082s] [34mcolcon.colcon_core.shell[0m [1;30mINFO[0m Creating package script '/home/nvidia/acfly_ws/install/mavros_extras/share/mavros_extras/package.ps1'
[497.084s] [34mcolcon.colcon_core.shell[0m [1;30mINFO[0m Creating package descriptor '/home/nvidia/acfly_ws/install/mavros_extras/share/mavros_extras/package.dsv'
[497.086s] [34mcolcon.colcon_core.shell[0m [1;30mINFO[0m Creating package script '/home/nvidia/acfly_ws/install/mavros_extras/share/mavros_extras/package.sh'
[497.087s] [34mcolcon.colcon_core.shell[0m [1;30mINFO[0m Creating package script '/home/nvidia/acfly_ws/install/mavros_extras/share/mavros_extras/package.bash'
[497.088s] [34mcolcon.colcon_core.shell[0m [1;30mINFO[0m Creating package script '/home/nvidia/acfly_ws/install/mavros_extras/share/mavros_extras/package.zsh'
[497.089s] [34mcolcon.colcon_core.environment[0m [1;30mLevel 1[0m create_file_with_runtime_dependencies(/home/nvidia/acfly_ws/install/mavros_extras/share/colcon-core/packages/mavros_extras)
[497.090s] [34mcolcon.colcon_parallel_executor.executor.parallel[0m [1;30mDEBUG[0m [32mclosing loop[0m
[497.091s] [34mcolcon.colcon_parallel_executor.executor.parallel[0m [1;30mDEBUG[0m [32mloop closed[0m
[497.091s] [34mcolcon.colcon_parallel_executor.executor.parallel[0m [1;30mDEBUG[0m [32mrun_until_complete finished with '0'[0m
[497.092s] [34mcolcon.colcon_core.event_reactor[0m [1;30mDEBUG[0m [32mjoining thread[0m
[497.111s] [34mcolcon.colcon_core.plugin_system[0m [1;30mINFO[0m Skipping extension 'colcon_notification.desktop_notification.terminal_notifier': Not used on non-Darwin systems
[497.112s] [34mcolcon.colcon_core.plugin_system[0m [1;30mINFO[0m Skipping extension 'colcon_notification.desktop_notification.win32': Not used on non-Windows systems
[497.112s] [34mcolcon.colcon_notification.desktop_notification[0m [1;30mINFO[0m Sending desktop notification using 'notify2'
[497.153s] [34mcolcon.colcon_core.event_reactor[0m [1;30mDEBUG[0m [32mjoined thread[0m
[497.154s] [34mcolcon.colcon_core.shell[0m [1;30mINFO[0m Creating prefix script '/home/nvidia/acfly_ws/install/local_setup.ps1'
[497.157s] [34mcolcon.colcon_core.shell[0m [1;30mINFO[0m Creating prefix util module '/home/nvidia/acfly_ws/install/_local_setup_util_ps1.py'
[497.159s] [34mcolcon.colcon_core.shell[0m [1;30mINFO[0m Creating prefix chain script '/home/nvidia/acfly_ws/install/setup.ps1'
[497.164s] [34mcolcon.colcon_core.shell[0m [1;30mINFO[0m Creating prefix script '/home/nvidia/acfly_ws/install/local_setup.sh'
[497.166s] [34mcolcon.colcon_core.shell[0m [1;30mINFO[0m Creating prefix util module '/home/nvidia/acfly_ws/install/_local_setup_util_sh.py'
[497.167s] [34mcolcon.colcon_core.shell[0m [1;30mINFO[0m Creating prefix chain script '/home/nvidia/acfly_ws/install/setup.sh'
[497.172s] [34mcolcon.colcon_core.shell[0m [1;30mINFO[0m Creating prefix script '/home/nvidia/acfly_ws/install/local_setup.bash'
[497.173s] [34mcolcon.colcon_core.shell[0m [1;30mINFO[0m Creating prefix chain script '/home/nvidia/acfly_ws/install/setup.bash'
[497.175s] [34mcolcon.colcon_core.shell[0m [1;30mINFO[0m Creating prefix script '/home/nvidia/acfly_ws/install/local_setup.zsh'
[497.177s] [34mcolcon.colcon_core.shell[0m [1;30mINFO[0m Creating prefix chain script '/home/nvidia/acfly_ws/install/setup.zsh'
