[0.027s] Invoking command in '/home/nvidia/acfly_ws/build/mavros_msgs': CMAKE_PREFIX_PATH=${CMAKE_PREFIX_PATH}:/home/nvidia/ws_orbbec/install/gemini_vision:/opt/ros/humble /usr/bin/cmake /home/nvidia/acfly_ws/src/acfly_mavros/mavros/mavros_msgs -DCMAKE_INSTALL_PREFIX=/home/nvidia/acfly_ws/install/mavros_msgs
[0.055s] -- Found ament_cmake: 1.3.13 (/opt/ros/humble/share/ament_cmake/cmake)
[0.333s] -- Override CMake install command with custom implementation using symlinks instead of copying resources
[0.358s] -- Found rosidl_default_generators: 1.2.0 (/opt/ros/humble/share/rosidl_default_generators/cmake)
[0.370s] -- Using all available rosidl_typesupport_c: rosidl_typesupport_fastrtps_c;rosidl_typesupport_introspection_c
[0.379s] -- Found rosidl_adapter: 3.1.8 (/opt/ros/humble/share/rosidl_adapter/cmake)
[0.640s] -- Using all available rosidl_typesupport_cpp: rosidl_typesupport_fastrtps_cpp;rosidl_typesupport_introspection_cpp
[0.747s] -- Found builtin_interfaces: 1.2.2 (/opt/ros/humble/share/builtin_interfaces/cmake)
[0.748s] -- Found rcl_interfaces: 1.2.2 (/opt/ros/humble/share/rcl_interfaces/cmake)
[0.748s] -- Found geographic_msgs: 1.0.6 (/opt/ros/humble/share/geographic_msgs/cmake)
[0.749s] -- Found sensor_msgs: 4.9.1 (/opt/ros/humble/share/sensor_msgs/cmake)
[2.777s] -- Found ament_cmake_ros: 0.10.0 (/opt/ros/humble/share/ament_cmake_ros/cmake)
[3.373s] -- Using all available rosidl_typesupport_c: rosidl_typesupport_fastrtps_c;rosidl_typesupport_introspection_c
[4.202s] -- Using all available rosidl_typesupport_cpp: rosidl_typesupport_fastrtps_cpp;rosidl_typesupport_introspection_cpp
[4.253s] -- Found python_cmake_module: 0.10.0 (/opt/ros/humble/share/python_cmake_module/cmake)
[4.292s] -- Using PYTHON_EXECUTABLE: /usr/bin/python3
[4.292s] -- Using PYTHON_INCLUDE_DIRS: /usr/include/python3.10
[4.292s] -- Using PYTHON_LIBRARIES: /usr/lib/aarch64-linux-gnu/libpython3.10.so
[4.674s] -- Using numpy include directory: /usr/local/lib/python3.10/dist-packages/numpy/core/include
[4.779s] -- Found ament_lint_auto: 0.12.15 (/opt/ros/humble/share/ament_lint_auto/cmake)
[4.810s] -- Added test 'cppcheck' to perform static code analysis on C / C++ code
[4.810s] -- Configured cppcheck include dirs: 
[4.811s] -- Configured cppcheck exclude dirs and/or files: 
[4.817s] -- Added test 'cpplint' to check C / C++ code against the Google style
[4.817s] -- Configured cpplint exclude dirs and/or files: 
[4.820s] -- Added test 'lint_cmake' to check CMake code style
[4.827s] -- Added test 'uncrustify' to check C / C++ code style
[4.827s] -- Configured uncrustify additional arguments: 
[4.828s] -- Added test 'xmllint' to check XML markup files
[4.837s] -- Configuring done
[5.306s] -- Generating done
[5.363s] -- Build files have been written to: /home/nvidia/acfly_ws/build/mavros_msgs
[5.409s] Invoked command in '/home/nvidia/acfly_ws/build/mavros_msgs' returned '0': CMAKE_PREFIX_PATH=${CMAKE_PREFIX_PATH}:/home/nvidia/ws_orbbec/install/gemini_vision:/opt/ros/humble /usr/bin/cmake /home/nvidia/acfly_ws/src/acfly_mavros/mavros/mavros_msgs -DCMAKE_INSTALL_PREFIX=/home/nvidia/acfly_ws/install/mavros_msgs
[5.413s] Invoking command in '/home/nvidia/acfly_ws/build/mavros_msgs': CMAKE_PREFIX_PATH=${CMAKE_PREFIX_PATH}:/home/nvidia/ws_orbbec/install/gemini_vision:/opt/ros/humble /usr/bin/cmake --build /home/nvidia/acfly_ws/build/mavros_msgs -- -j8 -l8
[5.727s] [  0%] Built target ament_cmake_python_symlink_mavros_msgs
[5.744s] [  0%] Built target mavros_msgs__cpp
[5.745s] [35m[1mConsolidate compiler generated dependencies of target mavros_msgs__rosidl_generator_c[0m
[5.859s] [35m[1mConsolidate compiler generated dependencies of target mavros_msgs__rosidl_typesupport_cpp[0m
[5.949s] [35m[1mConsolidate compiler generated dependencies of target mavros_msgs__rosidl_typesupport_fastrtps_cpp[0m
[5.961s] [35m[1mConsolidate compiler generated dependencies of target mavros_msgs__rosidl_typesupport_introspection_cpp[0m
[5.962s] [ 12%] Built target mavros_msgs__rosidl_generator_c
[6.110s] [35m[1mConsolidate compiler generated dependencies of target mavros_msgs__rosidl_typesupport_c[0m
[6.133s] [35m[1mConsolidate compiler generated dependencies of target mavros_msgs__rosidl_typesupport_introspection_c[0m
[6.154s] [35m[1mConsolidate compiler generated dependencies of target mavros_msgs__rosidl_typesupport_fastrtps_c[0m
[6.226s] [ 24%] Built target mavros_msgs__rosidl_typesupport_cpp
[6.283s] [ 37%] Built target mavros_msgs__rosidl_typesupport_c
[6.288s] running egg_info
[6.290s] writing mavros_msgs.egg-info/PKG-INFO
[6.290s] writing dependency_links to mavros_msgs.egg-info/dependency_links.txt
[6.290s] writing top-level names to mavros_msgs.egg-info/top_level.txt
[6.299s] reading manifest file 'mavros_msgs.egg-info/SOURCES.txt'
[6.305s] writing manifest file 'mavros_msgs.egg-info/SOURCES.txt'
[6.352s] [ 50%] Built target mavros_msgs__rosidl_typesupport_introspection_c
[6.367s] [ 63%] Built target mavros_msgs__rosidl_typesupport_introspection_cpp
[6.418s] [ 64%] Built target ament_cmake_python_build_mavros_msgs_egg
[6.418s] [ 75%] Built target mavros_msgs__rosidl_typesupport_fastrtps_cpp
[6.434s] [ 88%] Built target mavros_msgs__rosidl_typesupport_fastrtps_c
[6.479s] [ 88%] Built target mavros_msgs
[6.534s] [ 88%] Built target mavros_msgs__py
[6.622s] [35m[1mConsolidate compiler generated dependencies of target mavros_msgs__rosidl_generator_py[0m
[6.794s] [100%] Built target mavros_msgs__rosidl_generator_py
[6.819s] [35m[1mConsolidate compiler generated dependencies of target mavros_msgs__rosidl_typesupport_introspection_c__pyext[0m
[6.822s] [35m[1mConsolidate compiler generated dependencies of target mavros_msgs__rosidl_typesupport_fastrtps_c__pyext[0m
[6.834s] [35m[1mConsolidate compiler generated dependencies of target mavros_msgs__rosidl_typesupport_c__pyext[0m
[6.871s] [100%] Built target mavros_msgs__rosidl_typesupport_fastrtps_c__pyext
[6.879s] [100%] Built target mavros_msgs__rosidl_typesupport_c__pyext
[6.883s] [100%] Built target mavros_msgs__rosidl_typesupport_introspection_c__pyext
[6.913s] Invoked command in '/home/nvidia/acfly_ws/build/mavros_msgs' returned '0': CMAKE_PREFIX_PATH=${CMAKE_PREFIX_PATH}:/home/nvidia/ws_orbbec/install/gemini_vision:/opt/ros/humble /usr/bin/cmake --build /home/nvidia/acfly_ws/build/mavros_msgs -- -j8 -l8
[6.918s] Invoking command in '/home/nvidia/acfly_ws/build/mavros_msgs': CMAKE_PREFIX_PATH=${CMAKE_PREFIX_PATH}:/home/nvidia/ws_orbbec/install/gemini_vision:/opt/ros/humble /usr/bin/cmake --install /home/nvidia/acfly_ws/build/mavros_msgs
[6.934s] -- Install configuration: ""
[6.937s] -- Execute custom install script
[6.938s] -- Up-to-date symlink: /home/nvidia/acfly_ws/install/mavros_msgs/share/ament_index/resource_index/rosidl_interfaces/mavros_msgs
[6.946s] -- Up-to-date symlink: /home/nvidia/acfly_ws/install/mavros_msgs/include/mavros_msgs/mavros_msgs/msg/actuator_control.h
[6.947s] -- Up-to-date symlink: /home/nvidia/acfly_ws/install/mavros_msgs/include/mavros_msgs/mavros_msgs/msg/adsb_vehicle.h
[6.947s] -- Up-to-date symlink: /home/nvidia/acfly_ws/install/mavros_msgs/include/mavros_msgs/mavros_msgs/msg/altitude.h
[6.947s] -- Up-to-date symlink: /home/nvidia/acfly_ws/install/mavros_msgs/include/mavros_msgs/mavros_msgs/msg/attitude_target.h
[6.947s] -- Up-to-date symlink: /home/nvidia/acfly_ws/install/mavros_msgs/include/mavros_msgs/mavros_msgs/msg/cam_imu_stamp.h
[6.948s] -- Up-to-date symlink: /home/nvidia/acfly_ws/install/mavros_msgs/include/mavros_msgs/mavros_msgs/msg/camera_image_captured.h
[6.948s] -- Up-to-date symlink: /home/nvidia/acfly_ws/install/mavros_msgs/include/mavros_msgs/mavros_msgs/msg/cellular_status.h
[6.948s] -- Up-to-date symlink: /home/nvidia/acfly_ws/install/mavros_msgs/include/mavros_msgs/mavros_msgs/msg/command_code.h
[6.948s] -- Up-to-date symlink: /home/nvidia/acfly_ws/install/mavros_msgs/include/mavros_msgs/mavros_msgs/msg/companion_process_status.h
[6.949s] -- Up-to-date symlink: /home/nvidia/acfly_ws/install/mavros_msgs/include/mavros_msgs/mavros_msgs/msg/debug_value.h
[6.949s] -- Up-to-date symlink: /home/nvidia/acfly_ws/install/mavros_msgs/include/mavros_msgs/mavros_msgs/msg/detail/actuator_control__functions.h
[6.950s] -- Up-to-date symlink: /home/nvidia/acfly_ws/install/mavros_msgs/include/mavros_msgs/mavros_msgs/msg/detail/actuator_control__struct.h
[6.950s] -- Up-to-date symlink: /home/nvidia/acfly_ws/install/mavros_msgs/include/mavros_msgs/mavros_msgs/msg/detail/actuator_control__type_support.h
[6.950s] -- Up-to-date symlink: /home/nvidia/acfly_ws/install/mavros_msgs/include/mavros_msgs/mavros_msgs/msg/detail/adsb_vehicle__functions.h
[6.951s] -- Up-to-date symlink: /home/nvidia/acfly_ws/install/mavros_msgs/include/mavros_msgs/mavros_msgs/msg/detail/adsb_vehicle__struct.h
[6.951s] -- Up-to-date symlink: /home/nvidia/acfly_ws/install/mavros_msgs/include/mavros_msgs/mavros_msgs/msg/detail/adsb_vehicle__type_support.h
[6.951s] -- Up-to-date symlink: /home/nvidia/acfly_ws/install/mavros_msgs/include/mavros_msgs/mavros_msgs/msg/detail/altitude__functions.h
[6.952s] -- Up-to-date symlink: /home/nvidia/acfly_ws/install/mavros_msgs/include/mavros_msgs/mavros_msgs/msg/detail/altitude__struct.h
[6.952s] -- Up-to-date symlink: /home/nvidia/acfly_ws/install/mavros_msgs/include/mavros_msgs/mavros_msgs/msg/detail/altitude__type_support.h
[6.952s] -- Up-to-date symlink: /home/nvidia/acfly_ws/install/mavros_msgs/include/mavros_msgs/mavros_msgs/msg/detail/attitude_target__functions.h
[6.953s] -- Up-to-date symlink: /home/nvidia/acfly_ws/install/mavros_msgs/include/mavros_msgs/mavros_msgs/msg/detail/attitude_target__struct.h
[6.953s] -- Up-to-date symlink: /home/nvidia/acfly_ws/install/mavros_msgs/include/mavros_msgs/mavros_msgs/msg/detail/attitude_target__type_support.h
[6.953s] -- Up-to-date symlink: /home/nvidia/acfly_ws/install/mavros_msgs/include/mavros_msgs/mavros_msgs/msg/detail/cam_imu_stamp__functions.h
[6.953s] -- Up-to-date symlink: /home/nvidia/acfly_ws/install/mavros_msgs/include/mavros_msgs/mavros_msgs/msg/detail/cam_imu_stamp__struct.h
[6.954s] -- Up-to-date symlink: /home/nvidia/acfly_ws/install/mavros_msgs/include/mavros_msgs/mavros_msgs/msg/detail/cam_imu_stamp__type_support.h
[6.954s] -- Up-to-date symlink: /home/nvidia/acfly_ws/install/mavros_msgs/include/mavros_msgs/mavros_msgs/msg/detail/camera_image_captured__functions.h
[6.954s] -- Up-to-date symlink: /home/nvidia/acfly_ws/install/mavros_msgs/include/mavros_msgs/mavros_msgs/msg/detail/camera_image_captured__struct.h
[6.955s] -- Up-to-date symlink: /home/nvidia/acfly_ws/install/mavros_msgs/include/mavros_msgs/mavros_msgs/msg/detail/camera_image_captured__type_support.h
[6.955s] -- Up-to-date symlink: /home/nvidia/acfly_ws/install/mavros_msgs/include/mavros_msgs/mavros_msgs/msg/detail/cellular_status__functions.h
[6.955s] -- Up-to-date symlink: /home/nvidia/acfly_ws/install/mavros_msgs/include/mavros_msgs/mavros_msgs/msg/detail/cellular_status__struct.h
[6.956s] -- Up-to-date symlink: /home/nvidia/acfly_ws/install/mavros_msgs/include/mavros_msgs/mavros_msgs/msg/detail/cellular_status__type_support.h
[6.956s] -- Up-to-date symlink: /home/nvidia/acfly_ws/install/mavros_msgs/include/mavros_msgs/mavros_msgs/msg/detail/command_code__functions.h
[6.956s] -- Up-to-date symlink: /home/nvidia/acfly_ws/install/mavros_msgs/include/mavros_msgs/mavros_msgs/msg/detail/command_code__struct.h
[6.957s] -- Up-to-date symlink: /home/nvidia/acfly_ws/install/mavros_msgs/include/mavros_msgs/mavros_msgs/msg/detail/command_code__type_support.h
[6.957s] -- Up-to-date symlink: /home/nvidia/acfly_ws/install/mavros_msgs/include/mavros_msgs/mavros_msgs/msg/detail/companion_process_status__functions.h
[6.957s] -- Up-to-date symlink: /home/nvidia/acfly_ws/install/mavros_msgs/include/mavros_msgs/mavros_msgs/msg/detail/companion_process_status__struct.h
[6.957s] -- Up-to-date symlink: /home/nvidia/acfly_ws/install/mavros_msgs/include/mavros_msgs/mavros_msgs/msg/detail/companion_process_status__type_support.h
[6.958s] -- Up-to-date symlink: /home/nvidia/acfly_ws/install/mavros_msgs/include/mavros_msgs/mavros_msgs/msg/detail/debug_value__functions.h
[6.958s] -- Up-to-date symlink: /home/nvidia/acfly_ws/install/mavros_msgs/include/mavros_msgs/mavros_msgs/msg/detail/debug_value__struct.h
[6.958s] -- Up-to-date symlink: /home/nvidia/acfly_ws/install/mavros_msgs/include/mavros_msgs/mavros_msgs/msg/detail/debug_value__type_support.h
[6.959s] -- Up-to-date symlink: /home/nvidia/acfly_ws/install/mavros_msgs/include/mavros_msgs/mavros_msgs/msg/detail/esc_info__functions.h
[6.959s] -- Up-to-date symlink: /home/nvidia/acfly_ws/install/mavros_msgs/include/mavros_msgs/mavros_msgs/msg/detail/esc_info__struct.h
[6.960s] -- Up-to-date symlink: /home/nvidia/acfly_ws/install/mavros_msgs/include/mavros_msgs/mavros_msgs/msg/detail/esc_info__type_support.h
[6.960s] -- Up-to-date symlink: /home/nvidia/acfly_ws/install/mavros_msgs/include/mavros_msgs/mavros_msgs/msg/detail/esc_info_item__functions.h
[6.960s] -- Up-to-date symlink: /home/nvidia/acfly_ws/install/mavros_msgs/include/mavros_msgs/mavros_msgs/msg/detail/esc_info_item__struct.h
[6.961s] -- Up-to-date symlink: /home/nvidia/acfly_ws/install/mavros_msgs/include/mavros_msgs/mavros_msgs/msg/detail/esc_info_item__type_support.h
[6.961s] -- Up-to-date symlink: /home/nvidia/acfly_ws/install/mavros_msgs/include/mavros_msgs/mavros_msgs/msg/detail/esc_status__functions.h
[6.962s] -- Up-to-date symlink: /home/nvidia/acfly_ws/install/mavros_msgs/include/mavros_msgs/mavros_msgs/msg/detail/esc_status__struct.h
[6.962s] -- Up-to-date symlink: /home/nvidia/acfly_ws/install/mavros_msgs/include/mavros_msgs/mavros_msgs/msg/detail/esc_status__type_support.h
[6.962s] -- Up-to-date symlink: /home/nvidia/acfly_ws/install/mavros_msgs/include/mavros_msgs/mavros_msgs/msg/detail/esc_status_item__functions.h
[6.963s] -- Up-to-date symlink: /home/nvidia/acfly_ws/install/mavros_msgs/include/mavros_msgs/mavros_msgs/msg/detail/esc_status_item__struct.h
[6.963s] -- Up-to-date symlink: /home/nvidia/acfly_ws/install/mavros_msgs/include/mavros_msgs/mavros_msgs/msg/detail/esc_status_item__type_support.h
[6.963s] -- Up-to-date symlink: /home/nvidia/acfly_ws/install/mavros_msgs/include/mavros_msgs/mavros_msgs/msg/detail/esc_telemetry__functions.h
[6.963s] -- Up-to-date symlink: /home/nvidia/acfly_ws/install/mavros_msgs/include/mavros_msgs/mavros_msgs/msg/detail/esc_telemetry__struct.h
[6.964s] -- Up-to-date symlink: /home/nvidia/acfly_ws/install/mavros_msgs/include/mavros_msgs/mavros_msgs/msg/detail/esc_telemetry__type_support.h
[6.964s] -- Up-to-date symlink: /home/nvidia/acfly_ws/install/mavros_msgs/include/mavros_msgs/mavros_msgs/msg/detail/esc_telemetry_item__functions.h
[6.964s] -- Up-to-date symlink: /home/nvidia/acfly_ws/install/mavros_msgs/include/mavros_msgs/mavros_msgs/msg/detail/esc_telemetry_item__struct.h
[6.965s] -- Up-to-date symlink: /home/nvidia/acfly_ws/install/mavros_msgs/include/mavros_msgs/mavros_msgs/msg/detail/esc_telemetry_item__type_support.h
[6.965s] -- Up-to-date symlink: /home/nvidia/acfly_ws/install/mavros_msgs/include/mavros_msgs/mavros_msgs/msg/detail/estimator_status__functions.h
[6.965s] -- Up-to-date symlink: /home/nvidia/acfly_ws/install/mavros_msgs/include/mavros_msgs/mavros_msgs/msg/detail/estimator_status__struct.h
[6.966s] -- Up-to-date symlink: /home/nvidia/acfly_ws/install/mavros_msgs/include/mavros_msgs/mavros_msgs/msg/detail/estimator_status__type_support.h
[6.966s] -- Up-to-date symlink: /home/nvidia/acfly_ws/install/mavros_msgs/include/mavros_msgs/mavros_msgs/msg/detail/extended_state__functions.h
[6.966s] -- Up-to-date symlink: /home/nvidia/acfly_ws/install/mavros_msgs/include/mavros_msgs/mavros_msgs/msg/detail/extended_state__struct.h
[6.967s] -- Up-to-date symlink: /home/nvidia/acfly_ws/install/mavros_msgs/include/mavros_msgs/mavros_msgs/msg/detail/extended_state__type_support.h
[6.967s] -- Up-to-date symlink: /home/nvidia/acfly_ws/install/mavros_msgs/include/mavros_msgs/mavros_msgs/msg/detail/file_entry__functions.h
[6.967s] -- Up-to-date symlink: /home/nvidia/acfly_ws/install/mavros_msgs/include/mavros_msgs/mavros_msgs/msg/detail/file_entry__struct.h
[6.968s] -- Up-to-date symlink: /home/nvidia/acfly_ws/install/mavros_msgs/include/mavros_msgs/mavros_msgs/msg/detail/file_entry__type_support.h
[6.968s] -- Up-to-date symlink: /home/nvidia/acfly_ws/install/mavros_msgs/include/mavros_msgs/mavros_msgs/msg/detail/gimbal_device_attitude_status__functions.h
[6.968s] -- Up-to-date symlink: /home/nvidia/acfly_ws/install/mavros_msgs/include/mavros_msgs/mavros_msgs/msg/detail/gimbal_device_attitude_status__struct.h
[6.968s] -- Up-to-date symlink: /home/nvidia/acfly_ws/install/mavros_msgs/include/mavros_msgs/mavros_msgs/msg/detail/gimbal_device_attitude_status__type_support.h
[6.969s] -- Up-to-date symlink: /home/nvidia/acfly_ws/install/mavros_msgs/include/mavros_msgs/mavros_msgs/msg/detail/gimbal_device_information__functions.h
[6.969s] -- Up-to-date symlink: /home/nvidia/acfly_ws/install/mavros_msgs/include/mavros_msgs/mavros_msgs/msg/detail/gimbal_device_information__struct.h
[6.969s] -- Up-to-date symlink: /home/nvidia/acfly_ws/install/mavros_msgs/include/mavros_msgs/mavros_msgs/msg/detail/gimbal_device_information__type_support.h
[6.970s] -- Up-to-date symlink: /home/nvidia/acfly_ws/install/mavros_msgs/include/mavros_msgs/mavros_msgs/msg/detail/gimbal_device_set_attitude__functions.h
[6.970s] -- Up-to-date symlink: /home/nvidia/acfly_ws/install/mavros_msgs/include/mavros_msgs/mavros_msgs/msg/detail/gimbal_device_set_attitude__struct.h
[6.970s] -- Up-to-date symlink: /home/nvidia/acfly_ws/install/mavros_msgs/include/mavros_msgs/mavros_msgs/msg/detail/gimbal_device_set_attitude__type_support.h
[6.971s] -- Up-to-date symlink: /home/nvidia/acfly_ws/install/mavros_msgs/include/mavros_msgs/mavros_msgs/msg/detail/gimbal_manager_information__functions.h
[6.971s] -- Up-to-date symlink: /home/nvidia/acfly_ws/install/mavros_msgs/include/mavros_msgs/mavros_msgs/msg/detail/gimbal_manager_information__struct.h
[6.971s] -- Up-to-date symlink: /home/nvidia/acfly_ws/install/mavros_msgs/include/mavros_msgs/mavros_msgs/msg/detail/gimbal_manager_information__type_support.h
[6.972s] -- Up-to-date symlink: /home/nvidia/acfly_ws/install/mavros_msgs/include/mavros_msgs/mavros_msgs/msg/detail/gimbal_manager_set_attitude__functions.h
[6.972s] -- Up-to-date symlink: /home/nvidia/acfly_ws/install/mavros_msgs/include/mavros_msgs/mavros_msgs/msg/detail/gimbal_manager_set_attitude__struct.h
[6.973s] -- Up-to-date symlink: /home/nvidia/acfly_ws/install/mavros_msgs/include/mavros_msgs/mavros_msgs/msg/detail/gimbal_manager_set_attitude__type_support.h
[6.973s] -- Up-to-date symlink: /home/nvidia/acfly_ws/install/mavros_msgs/include/mavros_msgs/mavros_msgs/msg/detail/gimbal_manager_set_pitchyaw__functions.h
[6.973s] -- Up-to-date symlink: /home/nvidia/acfly_ws/install/mavros_msgs/include/mavros_msgs/mavros_msgs/msg/detail/gimbal_manager_set_pitchyaw__struct.h
[6.974s] -- Up-to-date symlink: /home/nvidia/acfly_ws/install/mavros_msgs/include/mavros_msgs/mavros_msgs/msg/detail/gimbal_manager_set_pitchyaw__type_support.h
[6.974s] -- Up-to-date symlink: /home/nvidia/acfly_ws/install/mavros_msgs/include/mavros_msgs/mavros_msgs/msg/detail/gimbal_manager_status__functions.h
[6.974s] -- Up-to-date symlink: /home/nvidia/acfly_ws/install/mavros_msgs/include/mavros_msgs/mavros_msgs/msg/detail/gimbal_manager_status__struct.h
[6.974s] -- Up-to-date symlink: /home/nvidia/acfly_ws/install/mavros_msgs/include/mavros_msgs/mavros_msgs/msg/detail/gimbal_manager_status__type_support.h
[6.975s] -- Up-to-date symlink: /home/nvidia/acfly_ws/install/mavros_msgs/include/mavros_msgs/mavros_msgs/msg/detail/global_position_target__functions.h
[6.975s] -- Up-to-date symlink: /home/nvidia/acfly_ws/install/mavros_msgs/include/mavros_msgs/mavros_msgs/msg/detail/global_position_target__struct.h
[6.975s] -- Up-to-date symlink: /home/nvidia/acfly_ws/install/mavros_msgs/include/mavros_msgs/mavros_msgs/msg/detail/global_position_target__type_support.h
[6.976s] -- Up-to-date symlink: /home/nvidia/acfly_ws/install/mavros_msgs/include/mavros_msgs/mavros_msgs/msg/detail/gpsinput__functions.h
[6.976s] -- Up-to-date symlink: /home/nvidia/acfly_ws/install/mavros_msgs/include/mavros_msgs/mavros_msgs/msg/detail/gpsinput__struct.h
[6.976s] -- Up-to-date symlink: /home/nvidia/acfly_ws/install/mavros_msgs/include/mavros_msgs/mavros_msgs/msg/detail/gpsinput__type_support.h
[6.977s] -- Up-to-date symlink: /home/nvidia/acfly_ws/install/mavros_msgs/include/mavros_msgs/mavros_msgs/msg/detail/gpsraw__functions.h
[6.977s] -- Up-to-date symlink: /home/nvidia/acfly_ws/install/mavros_msgs/include/mavros_msgs/mavros_msgs/msg/detail/gpsraw__struct.h
[6.977s] -- Up-to-date symlink: /home/nvidia/acfly_ws/install/mavros_msgs/include/mavros_msgs/mavros_msgs/msg/detail/gpsraw__type_support.h
[6.977s] -- Up-to-date symlink: /home/nvidia/acfly_ws/install/mavros_msgs/include/mavros_msgs/mavros_msgs/msg/detail/gpsrtk__functions.h
[6.978s] -- Up-to-date symlink: /home/nvidia/acfly_ws/install/mavros_msgs/include/mavros_msgs/mavros_msgs/msg/detail/gpsrtk__struct.h
[6.978s] -- Up-to-date symlink: /home/nvidia/acfly_ws/install/mavros_msgs/include/mavros_msgs/mavros_msgs/msg/detail/gpsrtk__type_support.h
[6.978s] -- Up-to-date symlink: /home/nvidia/acfly_ws/install/mavros_msgs/include/mavros_msgs/mavros_msgs/msg/detail/hil_actuator_controls__functions.h
[6.979s] -- Up-to-date symlink: /home/nvidia/acfly_ws/install/mavros_msgs/include/mavros_msgs/mavros_msgs/msg/detail/hil_actuator_controls__struct.h
[6.979s] -- Up-to-date symlink: /home/nvidia/acfly_ws/install/mavros_msgs/include/mavros_msgs/mavros_msgs/msg/detail/hil_actuator_controls__type_support.h
[6.979s] -- Up-to-date symlink: /home/nvidia/acfly_ws/install/mavros_msgs/include/mavros_msgs/mavros_msgs/msg/detail/hil_controls__functions.h
[6.980s] -- Up-to-date symlink: /home/nvidia/acfly_ws/install/mavros_msgs/include/mavros_msgs/mavros_msgs/msg/detail/hil_controls__struct.h
[6.980s] -- Up-to-date symlink: /home/nvidia/acfly_ws/install/mavros_msgs/include/mavros_msgs/mavros_msgs/msg/detail/hil_controls__type_support.h
[6.980s] -- Up-to-date symlink: /home/nvidia/acfly_ws/install/mavros_msgs/include/mavros_msgs/mavros_msgs/msg/detail/hil_gps__functions.h
[6.981s] -- Up-to-date symlink: /home/nvidia/acfly_ws/install/mavros_msgs/include/mavros_msgs/mavros_msgs/msg/detail/hil_gps__struct.h
[6.981s] -- Up-to-date symlink: /home/nvidia/acfly_ws/install/mavros_msgs/include/mavros_msgs/mavros_msgs/msg/detail/hil_gps__type_support.h
[6.981s] -- Up-to-date symlink: /home/nvidia/acfly_ws/install/mavros_msgs/include/mavros_msgs/mavros_msgs/msg/detail/hil_sensor__functions.h
[6.982s] -- Up-to-date symlink: /home/nvidia/acfly_ws/install/mavros_msgs/include/mavros_msgs/mavros_msgs/msg/detail/hil_sensor__struct.h
[6.982s] -- Up-to-date symlink: /home/nvidia/acfly_ws/install/mavros_msgs/include/mavros_msgs/mavros_msgs/msg/detail/hil_sensor__type_support.h
[6.982s] -- Up-to-date symlink: /home/nvidia/acfly_ws/install/mavros_msgs/include/mavros_msgs/mavros_msgs/msg/detail/hil_state_quaternion__functions.h
[6.982s] -- Up-to-date symlink: /home/nvidia/acfly_ws/install/mavros_msgs/include/mavros_msgs/mavros_msgs/msg/detail/hil_state_quaternion__struct.h
[6.983s] -- Up-to-date symlink: /home/nvidia/acfly_ws/install/mavros_msgs/include/mavros_msgs/mavros_msgs/msg/detail/hil_state_quaternion__type_support.h
[6.983s] -- Up-to-date symlink: /home/nvidia/acfly_ws/install/mavros_msgs/include/mavros_msgs/mavros_msgs/msg/detail/home_position__functions.h
[6.984s] -- Up-to-date symlink: /home/nvidia/acfly_ws/install/mavros_msgs/include/mavros_msgs/mavros_msgs/msg/detail/home_position__struct.h
[6.984s] -- Up-to-date symlink: /home/nvidia/acfly_ws/install/mavros_msgs/include/mavros_msgs/mavros_msgs/msg/detail/home_position__type_support.h
[6.984s] -- Up-to-date symlink: /home/nvidia/acfly_ws/install/mavros_msgs/include/mavros_msgs/mavros_msgs/msg/detail/landing_target__functions.h
[6.985s] -- Up-to-date symlink: /home/nvidia/acfly_ws/install/mavros_msgs/include/mavros_msgs/mavros_msgs/msg/detail/landing_target__struct.h
[6.985s] -- Up-to-date symlink: /home/nvidia/acfly_ws/install/mavros_msgs/include/mavros_msgs/mavros_msgs/msg/detail/landing_target__type_support.h
[6.985s] -- Up-to-date symlink: /home/nvidia/acfly_ws/install/mavros_msgs/include/mavros_msgs/mavros_msgs/msg/detail/log_data__functions.h
[6.985s] -- Up-to-date symlink: /home/nvidia/acfly_ws/install/mavros_msgs/include/mavros_msgs/mavros_msgs/msg/detail/log_data__struct.h
[6.986s] -- Up-to-date symlink: /home/nvidia/acfly_ws/install/mavros_msgs/include/mavros_msgs/mavros_msgs/msg/detail/log_data__type_support.h
[6.986s] -- Up-to-date symlink: /home/nvidia/acfly_ws/install/mavros_msgs/include/mavros_msgs/mavros_msgs/msg/detail/log_entry__functions.h
[6.986s] -- Up-to-date symlink: /home/nvidia/acfly_ws/install/mavros_msgs/include/mavros_msgs/mavros_msgs/msg/detail/log_entry__struct.h
[6.987s] -- Up-to-date symlink: /home/nvidia/acfly_ws/install/mavros_msgs/include/mavros_msgs/mavros_msgs/msg/detail/log_entry__type_support.h
[6.987s] -- Up-to-date symlink: /home/nvidia/acfly_ws/install/mavros_msgs/include/mavros_msgs/mavros_msgs/msg/detail/magnetometer_reporter__functions.h
[6.987s] -- Up-to-date symlink: /home/nvidia/acfly_ws/install/mavros_msgs/include/mavros_msgs/mavros_msgs/msg/detail/magnetometer_reporter__struct.h
[6.987s] -- Up-to-date symlink: /home/nvidia/acfly_ws/install/mavros_msgs/include/mavros_msgs/mavros_msgs/msg/detail/magnetometer_reporter__type_support.h
[6.988s] -- Up-to-date symlink: /home/nvidia/acfly_ws/install/mavros_msgs/include/mavros_msgs/mavros_msgs/msg/detail/manual_control__functions.h
[6.988s] -- Up-to-date symlink: /home/nvidia/acfly_ws/install/mavros_msgs/include/mavros_msgs/mavros_msgs/msg/detail/manual_control__struct.h
[6.988s] -- Up-to-date symlink: /home/nvidia/acfly_ws/install/mavros_msgs/include/mavros_msgs/mavros_msgs/msg/detail/manual_control__type_support.h
[6.989s] -- Up-to-date symlink: /home/nvidia/acfly_ws/install/mavros_msgs/include/mavros_msgs/mavros_msgs/msg/detail/mavlink__functions.h
[6.989s] -- Up-to-date symlink: /home/nvidia/acfly_ws/install/mavros_msgs/include/mavros_msgs/mavros_msgs/msg/detail/mavlink__struct.h
[6.989s] -- Up-to-date symlink: /home/nvidia/acfly_ws/install/mavros_msgs/include/mavros_msgs/mavros_msgs/msg/detail/mavlink__type_support.h
[6.990s] -- Up-to-date symlink: /home/nvidia/acfly_ws/install/mavros_msgs/include/mavros_msgs/mavros_msgs/msg/detail/mount_control__functions.h
[6.990s] -- Up-to-date symlink: /home/nvidia/acfly_ws/install/mavros_msgs/include/mavros_msgs/mavros_msgs/msg/detail/mount_control__struct.h
[6.990s] -- Up-to-date symlink: /home/nvidia/acfly_ws/install/mavros_msgs/include/mavros_msgs/mavros_msgs/msg/detail/mount_control__type_support.h
[6.990s] -- Up-to-date symlink: /home/nvidia/acfly_ws/install/mavros_msgs/include/mavros_msgs/mavros_msgs/msg/detail/nav_controller_output__functions.h
[6.991s] -- Up-to-date symlink: /home/nvidia/acfly_ws/install/mavros_msgs/include/mavros_msgs/mavros_msgs/msg/detail/nav_controller_output__struct.h
[6.991s] -- Up-to-date symlink: /home/nvidia/acfly_ws/install/mavros_msgs/include/mavros_msgs/mavros_msgs/msg/detail/nav_controller_output__type_support.h
[6.991s] -- Up-to-date symlink: /home/nvidia/acfly_ws/install/mavros_msgs/include/mavros_msgs/mavros_msgs/msg/detail/onboard_computer_status__functions.h
[6.992s] -- Up-to-date symlink: /home/nvidia/acfly_ws/install/mavros_msgs/include/mavros_msgs/mavros_msgs/msg/detail/onboard_computer_status__struct.h
[6.992s] -- Up-to-date symlink: /home/nvidia/acfly_ws/install/mavros_msgs/include/mavros_msgs/mavros_msgs/msg/detail/onboard_computer_status__type_support.h
[6.992s] -- Up-to-date symlink: /home/nvidia/acfly_ws/install/mavros_msgs/include/mavros_msgs/mavros_msgs/msg/detail/open_drone_id_basic_id__functions.h
[6.993s] -- Up-to-date symlink: /home/nvidia/acfly_ws/install/mavros_msgs/include/mavros_msgs/mavros_msgs/msg/detail/open_drone_id_basic_id__struct.h
[6.993s] -- Up-to-date symlink: /home/nvidia/acfly_ws/install/mavros_msgs/include/mavros_msgs/mavros_msgs/msg/detail/open_drone_id_basic_id__type_support.h
[6.993s] -- Up-to-date symlink: /home/nvidia/acfly_ws/install/mavros_msgs/include/mavros_msgs/mavros_msgs/msg/detail/open_drone_id_operator_id__functions.h
[6.994s] -- Up-to-date symlink: /home/nvidia/acfly_ws/install/mavros_msgs/include/mavros_msgs/mavros_msgs/msg/detail/open_drone_id_operator_id__struct.h
[6.994s] -- Up-to-date symlink: /home/nvidia/acfly_ws/install/mavros_msgs/include/mavros_msgs/mavros_msgs/msg/detail/open_drone_id_operator_id__type_support.h
[6.994s] -- Up-to-date symlink: /home/nvidia/acfly_ws/install/mavros_msgs/include/mavros_msgs/mavros_msgs/msg/detail/open_drone_id_self_id__functions.h
[6.995s] -- Up-to-date symlink: /home/nvidia/acfly_ws/install/mavros_msgs/include/mavros_msgs/mavros_msgs/msg/detail/open_drone_id_self_id__struct.h
[6.995s] -- Up-to-date symlink: /home/nvidia/acfly_ws/install/mavros_msgs/include/mavros_msgs/mavros_msgs/msg/detail/open_drone_id_self_id__type_support.h
[6.995s] -- Up-to-date symlink: /home/nvidia/acfly_ws/install/mavros_msgs/include/mavros_msgs/mavros_msgs/msg/detail/open_drone_id_system__functions.h
[6.996s] -- Up-to-date symlink: /home/nvidia/acfly_ws/install/mavros_msgs/include/mavros_msgs/mavros_msgs/msg/detail/open_drone_id_system__struct.h
[6.996s] -- Up-to-date symlink: /home/nvidia/acfly_ws/install/mavros_msgs/include/mavros_msgs/mavros_msgs/msg/detail/open_drone_id_system__type_support.h
[6.996s] -- Up-to-date symlink: /home/nvidia/acfly_ws/install/mavros_msgs/include/mavros_msgs/mavros_msgs/msg/detail/open_drone_id_system_update__functions.h
[6.997s] -- Up-to-date symlink: /home/nvidia/acfly_ws/install/mavros_msgs/include/mavros_msgs/mavros_msgs/msg/detail/open_drone_id_system_update__struct.h
[6.997s] -- Up-to-date symlink: /home/nvidia/acfly_ws/install/mavros_msgs/include/mavros_msgs/mavros_msgs/msg/detail/open_drone_id_system_update__type_support.h
[6.997s] -- Up-to-date symlink: /home/nvidia/acfly_ws/install/mavros_msgs/include/mavros_msgs/mavros_msgs/msg/detail/optical_flow__functions.h
[6.998s] -- Up-to-date symlink: /home/nvidia/acfly_ws/install/mavros_msgs/include/mavros_msgs/mavros_msgs/msg/detail/optical_flow__struct.h
[6.998s] -- Up-to-date symlink: /home/nvidia/acfly_ws/install/mavros_msgs/include/mavros_msgs/mavros_msgs/msg/detail/optical_flow__type_support.h
[6.998s] -- Up-to-date symlink: /home/nvidia/acfly_ws/install/mavros_msgs/include/mavros_msgs/mavros_msgs/msg/detail/optical_flow_rad__functions.h
[6.999s] -- Up-to-date symlink: /home/nvidia/acfly_ws/install/mavros_msgs/include/mavros_msgs/mavros_msgs/msg/detail/optical_flow_rad__struct.h
[6.999s] -- Up-to-date symlink: /home/nvidia/acfly_ws/install/mavros_msgs/include/mavros_msgs/mavros_msgs/msg/detail/optical_flow_rad__type_support.h
[6.999s] -- Up-to-date symlink: /home/nvidia/acfly_ws/install/mavros_msgs/include/mavros_msgs/mavros_msgs/msg/detail/override_rc_in__functions.h
[7.000s] -- Up-to-date symlink: /home/nvidia/acfly_ws/install/mavros_msgs/include/mavros_msgs/mavros_msgs/msg/detail/override_rc_in__struct.h
[7.000s] -- Up-to-date symlink: /home/nvidia/acfly_ws/install/mavros_msgs/include/mavros_msgs/mavros_msgs/msg/detail/override_rc_in__type_support.h
[7.000s] -- Up-to-date symlink: /home/nvidia/acfly_ws/install/mavros_msgs/include/mavros_msgs/mavros_msgs/msg/detail/param__functions.h
[7.001s] -- Up-to-date symlink: /home/nvidia/acfly_ws/install/mavros_msgs/include/mavros_msgs/mavros_msgs/msg/detail/param__struct.h
[7.001s] -- Up-to-date symlink: /home/nvidia/acfly_ws/install/mavros_msgs/include/mavros_msgs/mavros_msgs/msg/detail/param__type_support.h
[7.001s] -- Up-to-date symlink: /home/nvidia/acfly_ws/install/mavros_msgs/include/mavros_msgs/mavros_msgs/msg/detail/param_event__functions.h
[7.001s] -- Up-to-date symlink: /home/nvidia/acfly_ws/install/mavros_msgs/include/mavros_msgs/mavros_msgs/msg/detail/param_event__struct.h
[7.002s] -- Up-to-date symlink: /home/nvidia/acfly_ws/install/mavros_msgs/include/mavros_msgs/mavros_msgs/msg/detail/param_event__type_support.h
[7.002s] -- Up-to-date symlink: /home/nvidia/acfly_ws/install/mavros_msgs/include/mavros_msgs/mavros_msgs/msg/detail/param_value__functions.h
[7.002s] -- Up-to-date symlink: /home/nvidia/acfly_ws/install/mavros_msgs/include/mavros_msgs/mavros_msgs/msg/detail/param_value__struct.h
[7.003s] -- Up-to-date symlink: /home/nvidia/acfly_ws/install/mavros_msgs/include/mavros_msgs/mavros_msgs/msg/detail/param_value__type_support.h
[7.003s] -- Up-to-date symlink: /home/nvidia/acfly_ws/install/mavros_msgs/include/mavros_msgs/mavros_msgs/msg/detail/play_tune_v2__functions.h
[7.003s] -- Up-to-date symlink: /home/nvidia/acfly_ws/install/mavros_msgs/include/mavros_msgs/mavros_msgs/msg/detail/play_tune_v2__struct.h
[7.004s] -- Up-to-date symlink: /home/nvidia/acfly_ws/install/mavros_msgs/include/mavros_msgs/mavros_msgs/msg/detail/play_tune_v2__type_support.h
[7.004s] -- Up-to-date symlink: /home/nvidia/acfly_ws/install/mavros_msgs/include/mavros_msgs/mavros_msgs/msg/detail/position_target__functions.h
[7.004s] -- Up-to-date symlink: /home/nvidia/acfly_ws/install/mavros_msgs/include/mavros_msgs/mavros_msgs/msg/detail/position_target__struct.h
[7.005s] -- Up-to-date symlink: /home/nvidia/acfly_ws/install/mavros_msgs/include/mavros_msgs/mavros_msgs/msg/detail/position_target__type_support.h
[7.005s] -- Up-to-date symlink: /home/nvidia/acfly_ws/install/mavros_msgs/include/mavros_msgs/mavros_msgs/msg/detail/radio_status__functions.h
[7.005s] -- Up-to-date symlink: /home/nvidia/acfly_ws/install/mavros_msgs/include/mavros_msgs/mavros_msgs/msg/detail/radio_status__struct.h
[7.006s] -- Up-to-date symlink: /home/nvidia/acfly_ws/install/mavros_msgs/include/mavros_msgs/mavros_msgs/msg/detail/radio_status__type_support.h
[7.006s] -- Up-to-date symlink: /home/nvidia/acfly_ws/install/mavros_msgs/include/mavros_msgs/mavros_msgs/msg/detail/rc_in__functions.h
[7.006s] -- Up-to-date symlink: /home/nvidia/acfly_ws/install/mavros_msgs/include/mavros_msgs/mavros_msgs/msg/detail/rc_in__struct.h
[7.007s] -- Up-to-date symlink: /home/nvidia/acfly_ws/install/mavros_msgs/include/mavros_msgs/mavros_msgs/msg/detail/rc_in__type_support.h
[7.007s] -- Up-to-date symlink: /home/nvidia/acfly_ws/install/mavros_msgs/include/mavros_msgs/mavros_msgs/msg/detail/rc_out__functions.h
[7.007s] -- Up-to-date symlink: /home/nvidia/acfly_ws/install/mavros_msgs/include/mavros_msgs/mavros_msgs/msg/detail/rc_out__struct.h
[7.008s] -- Up-to-date symlink: /home/nvidia/acfly_ws/install/mavros_msgs/include/mavros_msgs/mavros_msgs/msg/detail/rc_out__type_support.h
[7.008s] -- Up-to-date symlink: /home/nvidia/acfly_ws/install/mavros_msgs/include/mavros_msgs/mavros_msgs/msg/detail/rtcm__functions.h
[7.008s] -- Up-to-date symlink: /home/nvidia/acfly_ws/install/mavros_msgs/include/mavros_msgs/mavros_msgs/msg/detail/rtcm__struct.h
[7.008s] -- Up-to-date symlink: /home/nvidia/acfly_ws/install/mavros_msgs/include/mavros_msgs/mavros_msgs/msg/detail/rtcm__type_support.h
[7.009s] -- Up-to-date symlink: /home/nvidia/acfly_ws/install/mavros_msgs/include/mavros_msgs/mavros_msgs/msg/detail/rtk_baseline__functions.h
[7.009s] -- Up-to-date symlink: /home/nvidia/acfly_ws/install/mavros_msgs/include/mavros_msgs/mavros_msgs/msg/detail/rtk_baseline__struct.h
[7.009s] -- Up-to-date symlink: /home/nvidia/acfly_ws/install/mavros_msgs/include/mavros_msgs/mavros_msgs/msg/detail/rtk_baseline__type_support.h
[7.010s] -- Up-to-date symlink: /home/nvidia/acfly_ws/install/mavros_msgs/include/mavros_msgs/mavros_msgs/msg/detail/state__functions.h
[7.010s] -- Up-to-date symlink: /home/nvidia/acfly_ws/install/mavros_msgs/include/mavros_msgs/mavros_msgs/msg/detail/state__struct.h
[7.010s] -- Up-to-date symlink: /home/nvidia/acfly_ws/install/mavros_msgs/include/mavros_msgs/mavros_msgs/msg/detail/state__type_support.h
[7.011s] -- Up-to-date symlink: /home/nvidia/acfly_ws/install/mavros_msgs/include/mavros_msgs/mavros_msgs/msg/detail/status_event__functions.h
[7.011s] -- Up-to-date symlink: /home/nvidia/acfly_ws/install/mavros_msgs/include/mavros_msgs/mavros_msgs/msg/detail/status_event__struct.h
[7.011s] -- Up-to-date symlink: /home/nvidia/acfly_ws/install/mavros_msgs/include/mavros_msgs/mavros_msgs/msg/detail/status_event__type_support.h
[7.012s] -- Up-to-date symlink: /home/nvidia/acfly_ws/install/mavros_msgs/include/mavros_msgs/mavros_msgs/msg/detail/status_text__functions.h
[7.012s] -- Up-to-date symlink: /home/nvidia/acfly_ws/install/mavros_msgs/include/mavros_msgs/mavros_msgs/msg/detail/status_text__struct.h
[7.012s] -- Up-to-date symlink: /home/nvidia/acfly_ws/install/mavros_msgs/include/mavros_msgs/mavros_msgs/msg/detail/status_text__type_support.h
[7.013s] -- Up-to-date symlink: /home/nvidia/acfly_ws/install/mavros_msgs/include/mavros_msgs/mavros_msgs/msg/detail/sys_status__functions.h
[7.013s] -- Up-to-date symlink: /home/nvidia/acfly_ws/install/mavros_msgs/include/mavros_msgs/mavros_msgs/msg/detail/sys_status__struct.h
[7.013s] -- Up-to-date symlink: /home/nvidia/acfly_ws/install/mavros_msgs/include/mavros_msgs/mavros_msgs/msg/detail/sys_status__type_support.h
[7.013s] -- Up-to-date symlink: /home/nvidia/acfly_ws/install/mavros_msgs/include/mavros_msgs/mavros_msgs/msg/detail/terrain_report__functions.h
[7.014s] -- Up-to-date symlink: /home/nvidia/acfly_ws/install/mavros_msgs/include/mavros_msgs/mavros_msgs/msg/detail/terrain_report__struct.h
[7.014s] -- Up-to-date symlink: /home/nvidia/acfly_ws/install/mavros_msgs/include/mavros_msgs/mavros_msgs/msg/detail/terrain_report__type_support.h
[7.014s] -- Up-to-date symlink: /home/nvidia/acfly_ws/install/mavros_msgs/include/mavros_msgs/mavros_msgs/msg/detail/thrust__functions.h
[7.015s] -- Up-to-date symlink: /home/nvidia/acfly_ws/install/mavros_msgs/include/mavros_msgs/mavros_msgs/msg/detail/thrust__struct.h
[7.015s] -- Up-to-date symlink: /home/nvidia/acfly_ws/install/mavros_msgs/include/mavros_msgs/mavros_msgs/msg/detail/thrust__type_support.h
[7.015s] -- Up-to-date symlink: /home/nvidia/acfly_ws/install/mavros_msgs/include/mavros_msgs/mavros_msgs/msg/detail/timesync_status__functions.h
[7.015s] -- Up-to-date symlink: /home/nvidia/acfly_ws/install/mavros_msgs/include/mavros_msgs/mavros_msgs/msg/detail/timesync_status__struct.h
[7.016s] -- Up-to-date symlink: /home/nvidia/acfly_ws/install/mavros_msgs/include/mavros_msgs/mavros_msgs/msg/detail/timesync_status__type_support.h
[7.016s] -- Up-to-date symlink: /home/nvidia/acfly_ws/install/mavros_msgs/include/mavros_msgs/mavros_msgs/msg/detail/trajectory__functions.h
[7.016s] -- Up-to-date symlink: /home/nvidia/acfly_ws/install/mavros_msgs/include/mavros_msgs/mavros_msgs/msg/detail/trajectory__struct.h
[7.016s] -- Up-to-date symlink: /home/nvidia/acfly_ws/install/mavros_msgs/include/mavros_msgs/mavros_msgs/msg/detail/trajectory__type_support.h
[7.016s] -- Up-to-date symlink: /home/nvidia/acfly_ws/install/mavros_msgs/include/mavros_msgs/mavros_msgs/msg/detail/tunnel__functions.h
[7.017s] -- Up-to-date symlink: /home/nvidia/acfly_ws/install/mavros_msgs/include/mavros_msgs/mavros_msgs/msg/detail/tunnel__struct.h
[7.017s] -- Up-to-date symlink: /home/nvidia/acfly_ws/install/mavros_msgs/include/mavros_msgs/mavros_msgs/msg/detail/tunnel__type_support.h
[7.017s] -- Up-to-date symlink: /home/nvidia/acfly_ws/install/mavros_msgs/include/mavros_msgs/mavros_msgs/msg/detail/vehicle_info__functions.h
[7.017s] -- Up-to-date symlink: /home/nvidia/acfly_ws/install/mavros_msgs/include/mavros_msgs/mavros_msgs/msg/detail/vehicle_info__struct.h
[7.017s] -- Up-to-date symlink: /home/nvidia/acfly_ws/install/mavros_msgs/include/mavros_msgs/mavros_msgs/msg/detail/vehicle_info__type_support.h
[7.017s] -- Up-to-date symlink: /home/nvidia/acfly_ws/install/mavros_msgs/include/mavros_msgs/mavros_msgs/msg/detail/vfr_hud__functions.h
[7.018s] -- Up-to-date symlink: /home/nvidia/acfly_ws/install/mavros_msgs/include/mavros_msgs/mavros_msgs/msg/detail/vfr_hud__struct.h
[7.018s] -- Up-to-date symlink: /home/nvidia/acfly_ws/install/mavros_msgs/include/mavros_msgs/mavros_msgs/msg/detail/vfr_hud__type_support.h
[7.018s] -- Up-to-date symlink: /home/nvidia/acfly_ws/install/mavros_msgs/include/mavros_msgs/mavros_msgs/msg/detail/vibration__functions.h
[7.018s] -- Up-to-date symlink: /home/nvidia/acfly_ws/install/mavros_msgs/include/mavros_msgs/mavros_msgs/msg/detail/vibration__struct.h
[7.018s] -- Up-to-date symlink: /home/nvidia/acfly_ws/install/mavros_msgs/include/mavros_msgs/mavros_msgs/msg/detail/vibration__type_support.h
[7.018s] -- Up-to-date symlink: /home/nvidia/acfly_ws/install/mavros_msgs/include/mavros_msgs/mavros_msgs/msg/detail/waypoint__functions.h
[7.019s] -- Up-to-date symlink: /home/nvidia/acfly_ws/install/mavros_msgs/include/mavros_msgs/mavros_msgs/msg/detail/waypoint__struct.h
[7.019s] -- Up-to-date symlink: /home/nvidia/acfly_ws/install/mavros_msgs/include/mavros_msgs/mavros_msgs/msg/detail/waypoint__type_support.h
[7.019s] -- Up-to-date symlink: /home/nvidia/acfly_ws/install/mavros_msgs/include/mavros_msgs/mavros_msgs/msg/detail/waypoint_list__functions.h
[7.020s] -- Up-to-date symlink: /home/nvidia/acfly_ws/install/mavros_msgs/include/mavros_msgs/mavros_msgs/msg/detail/waypoint_list__struct.h
[7.020s] -- Up-to-date symlink: /home/nvidia/acfly_ws/install/mavros_msgs/include/mavros_msgs/mavros_msgs/msg/detail/waypoint_list__type_support.h
[7.020s] -- Up-to-date symlink: /home/nvidia/acfly_ws/install/mavros_msgs/include/mavros_msgs/mavros_msgs/msg/detail/waypoint_reached__functions.h
[7.020s] -- Up-to-date symlink: /home/nvidia/acfly_ws/install/mavros_msgs/include/mavros_msgs/mavros_msgs/msg/detail/waypoint_reached__struct.h
[7.020s] -- Up-to-date symlink: /home/nvidia/acfly_ws/install/mavros_msgs/include/mavros_msgs/mavros_msgs/msg/detail/waypoint_reached__type_support.h
[7.020s] -- Up-to-date symlink: /home/nvidia/acfly_ws/install/mavros_msgs/include/mavros_msgs/mavros_msgs/msg/detail/wheel_odom_stamped__functions.h
[7.021s] -- Up-to-date symlink: /home/nvidia/acfly_ws/install/mavros_msgs/include/mavros_msgs/mavros_msgs/msg/detail/wheel_odom_stamped__struct.h
[7.021s] -- Up-to-date symlink: /home/nvidia/acfly_ws/install/mavros_msgs/include/mavros_msgs/mavros_msgs/msg/detail/wheel_odom_stamped__type_support.h
[7.021s] -- Up-to-date symlink: /home/nvidia/acfly_ws/install/mavros_msgs/include/mavros_msgs/mavros_msgs/msg/esc_info.h
[7.021s] -- Up-to-date symlink: /home/nvidia/acfly_ws/install/mavros_msgs/include/mavros_msgs/mavros_msgs/msg/esc_info_item.h
[7.021s] -- Up-to-date symlink: /home/nvidia/acfly_ws/install/mavros_msgs/include/mavros_msgs/mavros_msgs/msg/esc_status.h
[7.021s] -- Up-to-date symlink: /home/nvidia/acfly_ws/install/mavros_msgs/include/mavros_msgs/mavros_msgs/msg/esc_status_item.h
[7.021s] -- Up-to-date symlink: /home/nvidia/acfly_ws/install/mavros_msgs/include/mavros_msgs/mavros_msgs/msg/esc_telemetry.h
[7.022s] -- Up-to-date symlink: /home/nvidia/acfly_ws/install/mavros_msgs/include/mavros_msgs/mavros_msgs/msg/esc_telemetry_item.h
[7.022s] -- Up-to-date symlink: /home/nvidia/acfly_ws/install/mavros_msgs/include/mavros_msgs/mavros_msgs/msg/estimator_status.h
[7.022s] -- Up-to-date symlink: /home/nvidia/acfly_ws/install/mavros_msgs/include/mavros_msgs/mavros_msgs/msg/extended_state.h
[7.022s] -- Up-to-date symlink: /home/nvidia/acfly_ws/install/mavros_msgs/include/mavros_msgs/mavros_msgs/msg/file_entry.h
[7.022s] -- Up-to-date symlink: /home/nvidia/acfly_ws/install/mavros_msgs/include/mavros_msgs/mavros_msgs/msg/gimbal_device_attitude_status.h
[7.022s] -- Up-to-date symlink: /home/nvidia/acfly_ws/install/mavros_msgs/include/mavros_msgs/mavros_msgs/msg/gimbal_device_information.h
[7.023s] -- Up-to-date symlink: /home/nvidia/acfly_ws/install/mavros_msgs/include/mavros_msgs/mavros_msgs/msg/gimbal_device_set_attitude.h
[7.023s] -- Up-to-date symlink: /home/nvidia/acfly_ws/install/mavros_msgs/include/mavros_msgs/mavros_msgs/msg/gimbal_manager_information.h
[7.023s] -- Up-to-date symlink: /home/nvidia/acfly_ws/install/mavros_msgs/include/mavros_msgs/mavros_msgs/msg/gimbal_manager_set_attitude.h
[7.023s] -- Up-to-date symlink: /home/nvidia/acfly_ws/install/mavros_msgs/include/mavros_msgs/mavros_msgs/msg/gimbal_manager_set_pitchyaw.h
[7.023s] -- Up-to-date symlink: /home/nvidia/acfly_ws/install/mavros_msgs/include/mavros_msgs/mavros_msgs/msg/gimbal_manager_status.h
[7.024s] -- Up-to-date symlink: /home/nvidia/acfly_ws/install/mavros_msgs/include/mavros_msgs/mavros_msgs/msg/global_position_target.h
[7.024s] -- Up-to-date symlink: /home/nvidia/acfly_ws/install/mavros_msgs/include/mavros_msgs/mavros_msgs/msg/gpsinput.h
[7.024s] -- Up-to-date symlink: /home/nvidia/acfly_ws/install/mavros_msgs/include/mavros_msgs/mavros_msgs/msg/gpsraw.h
[7.024s] -- Up-to-date symlink: /home/nvidia/acfly_ws/install/mavros_msgs/include/mavros_msgs/mavros_msgs/msg/gpsrtk.h
[7.024s] -- Up-to-date symlink: /home/nvidia/acfly_ws/install/mavros_msgs/include/mavros_msgs/mavros_msgs/msg/hil_actuator_controls.h
[7.024s] -- Up-to-date symlink: /home/nvidia/acfly_ws/install/mavros_msgs/include/mavros_msgs/mavros_msgs/msg/hil_controls.h
[7.025s] -- Up-to-date symlink: /home/nvidia/acfly_ws/install/mavros_msgs/include/mavros_msgs/mavros_msgs/msg/hil_gps.h
[7.025s] -- Up-to-date symlink: /home/nvidia/acfly_ws/install/mavros_msgs/include/mavros_msgs/mavros_msgs/msg/hil_sensor.h
[7.025s] -- Up-to-date symlink: /home/nvidia/acfly_ws/install/mavros_msgs/include/mavros_msgs/mavros_msgs/msg/hil_state_quaternion.h
[7.025s] -- Up-to-date symlink: /home/nvidia/acfly_ws/install/mavros_msgs/include/mavros_msgs/mavros_msgs/msg/home_position.h
[7.025s] -- Up-to-date symlink: /home/nvidia/acfly_ws/install/mavros_msgs/include/mavros_msgs/mavros_msgs/msg/landing_target.h
[7.025s] -- Up-to-date symlink: /home/nvidia/acfly_ws/install/mavros_msgs/include/mavros_msgs/mavros_msgs/msg/log_data.h
[7.025s] -- Up-to-date symlink: /home/nvidia/acfly_ws/install/mavros_msgs/include/mavros_msgs/mavros_msgs/msg/log_entry.h
[7.026s] -- Up-to-date symlink: /home/nvidia/acfly_ws/install/mavros_msgs/include/mavros_msgs/mavros_msgs/msg/magnetometer_reporter.h
[7.026s] -- Up-to-date symlink: /home/nvidia/acfly_ws/install/mavros_msgs/include/mavros_msgs/mavros_msgs/msg/manual_control.h
[7.026s] -- Up-to-date symlink: /home/nvidia/acfly_ws/install/mavros_msgs/include/mavros_msgs/mavros_msgs/msg/mavlink.h
[7.026s] -- Up-to-date symlink: /home/nvidia/acfly_ws/install/mavros_msgs/include/mavros_msgs/mavros_msgs/msg/mount_control.h
[7.026s] -- Up-to-date symlink: /home/nvidia/acfly_ws/install/mavros_msgs/include/mavros_msgs/mavros_msgs/msg/nav_controller_output.h
[7.026s] -- Up-to-date symlink: /home/nvidia/acfly_ws/install/mavros_msgs/include/mavros_msgs/mavros_msgs/msg/onboard_computer_status.h
[7.026s] -- Up-to-date symlink: /home/nvidia/acfly_ws/install/mavros_msgs/include/mavros_msgs/mavros_msgs/msg/open_drone_id_basic_id.h
[7.027s] -- Up-to-date symlink: /home/nvidia/acfly_ws/install/mavros_msgs/include/mavros_msgs/mavros_msgs/msg/open_drone_id_operator_id.h
[7.027s] -- Up-to-date symlink: /home/nvidia/acfly_ws/install/mavros_msgs/include/mavros_msgs/mavros_msgs/msg/open_drone_id_self_id.h
[7.027s] -- Up-to-date symlink: /home/nvidia/acfly_ws/install/mavros_msgs/include/mavros_msgs/mavros_msgs/msg/open_drone_id_system.h
[7.027s] -- Up-to-date symlink: /home/nvidia/acfly_ws/install/mavros_msgs/include/mavros_msgs/mavros_msgs/msg/open_drone_id_system_update.h
[7.027s] -- Up-to-date symlink: /home/nvidia/acfly_ws/install/mavros_msgs/include/mavros_msgs/mavros_msgs/msg/optical_flow.h
[7.028s] -- Up-to-date symlink: /home/nvidia/acfly_ws/install/mavros_msgs/include/mavros_msgs/mavros_msgs/msg/optical_flow_rad.h
[7.028s] -- Up-to-date symlink: /home/nvidia/acfly_ws/install/mavros_msgs/include/mavros_msgs/mavros_msgs/msg/override_rc_in.h
[7.028s] -- Up-to-date symlink: /home/nvidia/acfly_ws/install/mavros_msgs/include/mavros_msgs/mavros_msgs/msg/param.h
[7.028s] -- Up-to-date symlink: /home/nvidia/acfly_ws/install/mavros_msgs/include/mavros_msgs/mavros_msgs/msg/param_event.h
[7.028s] -- Up-to-date symlink: /home/nvidia/acfly_ws/install/mavros_msgs/include/mavros_msgs/mavros_msgs/msg/param_value.h
[7.028s] -- Up-to-date symlink: /home/nvidia/acfly_ws/install/mavros_msgs/include/mavros_msgs/mavros_msgs/msg/play_tune_v2.h
[7.029s] -- Up-to-date symlink: /home/nvidia/acfly_ws/install/mavros_msgs/include/mavros_msgs/mavros_msgs/msg/position_target.h
[7.029s] -- Up-to-date symlink: /home/nvidia/acfly_ws/install/mavros_msgs/include/mavros_msgs/mavros_msgs/msg/radio_status.h
[7.029s] -- Up-to-date symlink: /home/nvidia/acfly_ws/install/mavros_msgs/include/mavros_msgs/mavros_msgs/msg/rc_in.h
[7.029s] -- Up-to-date symlink: /home/nvidia/acfly_ws/install/mavros_msgs/include/mavros_msgs/mavros_msgs/msg/rc_out.h
[7.029s] -- Up-to-date symlink: /home/nvidia/acfly_ws/install/mavros_msgs/include/mavros_msgs/mavros_msgs/msg/rosidl_generator_c__visibility_control.h
[7.030s] -- Up-to-date symlink: /home/nvidia/acfly_ws/install/mavros_msgs/include/mavros_msgs/mavros_msgs/msg/rtcm.h
[7.030s] -- Up-to-date symlink: /home/nvidia/acfly_ws/install/mavros_msgs/include/mavros_msgs/mavros_msgs/msg/rtk_baseline.h
[7.030s] -- Up-to-date symlink: /home/nvidia/acfly_ws/install/mavros_msgs/include/mavros_msgs/mavros_msgs/msg/state.h
[7.030s] -- Up-to-date symlink: /home/nvidia/acfly_ws/install/mavros_msgs/include/mavros_msgs/mavros_msgs/msg/status_event.h
[7.030s] -- Up-to-date symlink: /home/nvidia/acfly_ws/install/mavros_msgs/include/mavros_msgs/mavros_msgs/msg/status_text.h
[7.030s] -- Up-to-date symlink: /home/nvidia/acfly_ws/install/mavros_msgs/include/mavros_msgs/mavros_msgs/msg/sys_status.h
[7.030s] -- Up-to-date symlink: /home/nvidia/acfly_ws/install/mavros_msgs/include/mavros_msgs/mavros_msgs/msg/terrain_report.h
[7.031s] -- Up-to-date symlink: /home/nvidia/acfly_ws/install/mavros_msgs/include/mavros_msgs/mavros_msgs/msg/thrust.h
[7.031s] -- Up-to-date symlink: /home/nvidia/acfly_ws/install/mavros_msgs/include/mavros_msgs/mavros_msgs/msg/timesync_status.h
[7.031s] -- Up-to-date symlink: /home/nvidia/acfly_ws/install/mavros_msgs/include/mavros_msgs/mavros_msgs/msg/trajectory.h
[7.031s] -- Up-to-date symlink: /home/nvidia/acfly_ws/install/mavros_msgs/include/mavros_msgs/mavros_msgs/msg/tunnel.h
[7.031s] -- Up-to-date symlink: /home/nvidia/acfly_ws/install/mavros_msgs/include/mavros_msgs/mavros_msgs/msg/vehicle_info.h
[7.031s] -- Up-to-date symlink: /home/nvidia/acfly_ws/install/mavros_msgs/include/mavros_msgs/mavros_msgs/msg/vfr_hud.h
[7.031s] -- Up-to-date symlink: /home/nvidia/acfly_ws/install/mavros_msgs/include/mavros_msgs/mavros_msgs/msg/vibration.h
[7.032s] -- Up-to-date symlink: /home/nvidia/acfly_ws/install/mavros_msgs/include/mavros_msgs/mavros_msgs/msg/waypoint.h
[7.032s] -- Up-to-date symlink: /home/nvidia/acfly_ws/install/mavros_msgs/include/mavros_msgs/mavros_msgs/msg/waypoint_list.h
[7.032s] -- Up-to-date symlink: /home/nvidia/acfly_ws/install/mavros_msgs/include/mavros_msgs/mavros_msgs/msg/waypoint_reached.h
[7.032s] -- Up-to-date symlink: /home/nvidia/acfly_ws/install/mavros_msgs/include/mavros_msgs/mavros_msgs/msg/wheel_odom_stamped.h
[7.032s] -- Up-to-date symlink: /home/nvidia/acfly_ws/install/mavros_msgs/include/mavros_msgs/mavros_msgs/srv/command_ack.h
[7.032s] -- Up-to-date symlink: /home/nvidia/acfly_ws/install/mavros_msgs/include/mavros_msgs/mavros_msgs/srv/command_bool.h
[7.032s] -- Up-to-date symlink: /home/nvidia/acfly_ws/install/mavros_msgs/include/mavros_msgs/mavros_msgs/srv/command_home.h
[7.033s] -- Up-to-date symlink: /home/nvidia/acfly_ws/install/mavros_msgs/include/mavros_msgs/mavros_msgs/srv/command_int.h
[7.033s] -- Up-to-date symlink: /home/nvidia/acfly_ws/install/mavros_msgs/include/mavros_msgs/mavros_msgs/srv/command_long.h
[7.033s] -- Up-to-date symlink: /home/nvidia/acfly_ws/install/mavros_msgs/include/mavros_msgs/mavros_msgs/srv/command_tol.h
[7.033s] -- Up-to-date symlink: /home/nvidia/acfly_ws/install/mavros_msgs/include/mavros_msgs/mavros_msgs/srv/command_tol_local.h
[7.033s] -- Up-to-date symlink: /home/nvidia/acfly_ws/install/mavros_msgs/include/mavros_msgs/mavros_msgs/srv/command_trigger_control.h
[7.037s] -- Up-to-date symlink: /home/nvidia/acfly_ws/install/mavros_msgs/include/mavros_msgs/mavros_msgs/srv/command_trigger_interval.h
[7.037s] -- Up-to-date symlink: /home/nvidia/acfly_ws/install/mavros_msgs/include/mavros_msgs/mavros_msgs/srv/command_vtol_transition.h
[7.037s] -- Up-to-date symlink: /home/nvidia/acfly_ws/install/mavros_msgs/include/mavros_msgs/mavros_msgs/srv/detail/command_ack__functions.h
[7.037s] -- Up-to-date symlink: /home/nvidia/acfly_ws/install/mavros_msgs/include/mavros_msgs/mavros_msgs/srv/detail/command_ack__struct.h
[7.037s] -- Up-to-date symlink: /home/nvidia/acfly_ws/install/mavros_msgs/include/mavros_msgs/mavros_msgs/srv/detail/command_ack__type_support.h
[7.037s] -- Up-to-date symlink: /home/nvidia/acfly_ws/install/mavros_msgs/include/mavros_msgs/mavros_msgs/srv/detail/command_bool__functions.h
[7.037s] -- Up-to-date symlink: /home/nvidia/acfly_ws/install/mavros_msgs/include/mavros_msgs/mavros_msgs/srv/detail/command_bool__struct.h
[7.037s] -- Up-to-date symlink: /home/nvidia/acfly_ws/install/mavros_msgs/include/mavros_msgs/mavros_msgs/srv/detail/command_bool__type_support.h
[7.037s] -- Up-to-date symlink: /home/nvidia/acfly_ws/install/mavros_msgs/include/mavros_msgs/mavros_msgs/srv/detail/command_home__functions.h
[7.038s] -- Up-to-date symlink: /home/nvidia/acfly_ws/install/mavros_msgs/include/mavros_msgs/mavros_msgs/srv/detail/command_home__struct.h
[7.038s] -- Up-to-date symlink: /home/nvidia/acfly_ws/install/mavros_msgs/include/mavros_msgs/mavros_msgs/srv/detail/command_home__type_support.h
[7.038s] -- Up-to-date symlink: /home/nvidia/acfly_ws/install/mavros_msgs/include/mavros_msgs/mavros_msgs/srv/detail/command_int__functions.h
[7.038s] -- Up-to-date symlink: /home/nvidia/acfly_ws/install/mavros_msgs/include/mavros_msgs/mavros_msgs/srv/detail/command_int__struct.h
[7.038s] -- Up-to-date symlink: /home/nvidia/acfly_ws/install/mavros_msgs/include/mavros_msgs/mavros_msgs/srv/detail/command_int__type_support.h
[7.038s] -- Up-to-date symlink: /home/nvidia/acfly_ws/install/mavros_msgs/include/mavros_msgs/mavros_msgs/srv/detail/command_long__functions.h
[7.040s] -- Up-to-date symlink: /home/nvidia/acfly_ws/install/mavros_msgs/include/mavros_msgs/mavros_msgs/srv/detail/command_long__struct.h
[7.040s] -- Up-to-date symlink: /home/nvidia/acfly_ws/install/mavros_msgs/include/mavros_msgs/mavros_msgs/srv/detail/command_long__type_support.h
[7.040s] -- Up-to-date symlink: /home/nvidia/acfly_ws/install/mavros_msgs/include/mavros_msgs/mavros_msgs/srv/detail/command_tol__functions.h
[7.040s] -- Up-to-date symlink: /home/nvidia/acfly_ws/install/mavros_msgs/include/mavros_msgs/mavros_msgs/srv/detail/command_tol__struct.h
[7.040s] -- Up-to-date symlink: /home/nvidia/acfly_ws/install/mavros_msgs/include/mavros_msgs/mavros_msgs/srv/detail/command_tol__type_support.h
[7.040s] -- Up-to-date symlink: /home/nvidia/acfly_ws/install/mavros_msgs/include/mavros_msgs/mavros_msgs/srv/detail/command_tol_local__functions.h
[7.041s] -- Up-to-date symlink: /home/nvidia/acfly_ws/install/mavros_msgs/include/mavros_msgs/mavros_msgs/srv/detail/command_tol_local__struct.h
[7.041s] -- Up-to-date symlink: /home/nvidia/acfly_ws/install/mavros_msgs/include/mavros_msgs/mavros_msgs/srv/detail/command_tol_local__type_support.h
[7.041s] -- Up-to-date symlink: /home/nvidia/acfly_ws/install/mavros_msgs/include/mavros_msgs/mavros_msgs/srv/detail/command_trigger_control__functions.h
[7.041s] -- Up-to-date symlink: /home/nvidia/acfly_ws/install/mavros_msgs/include/mavros_msgs/mavros_msgs/srv/detail/command_trigger_control__struct.h
[7.041s] -- Up-to-date symlink: /home/nvidia/acfly_ws/install/mavros_msgs/include/mavros_msgs/mavros_msgs/srv/detail/command_trigger_control__type_support.h
[7.041s] -- Up-to-date symlink: /home/nvidia/acfly_ws/install/mavros_msgs/include/mavros_msgs/mavros_msgs/srv/detail/command_trigger_interval__functions.h
[7.041s] -- Up-to-date symlink: /home/nvidia/acfly_ws/install/mavros_msgs/include/mavros_msgs/mavros_msgs/srv/detail/command_trigger_interval__struct.h
[7.042s] -- Up-to-date symlink: /home/nvidia/acfly_ws/install/mavros_msgs/include/mavros_msgs/mavros_msgs/srv/detail/command_trigger_interval__type_support.h
[7.042s] -- Up-to-date symlink: /home/nvidia/acfly_ws/install/mavros_msgs/include/mavros_msgs/mavros_msgs/srv/detail/command_vtol_transition__functions.h
[7.042s] -- Up-to-date symlink: /home/nvidia/acfly_ws/install/mavros_msgs/include/mavros_msgs/mavros_msgs/srv/detail/command_vtol_transition__struct.h
[7.042s] -- Up-to-date symlink: /home/nvidia/acfly_ws/install/mavros_msgs/include/mavros_msgs/mavros_msgs/srv/detail/command_vtol_transition__type_support.h
[7.042s] -- Up-to-date symlink: /home/nvidia/acfly_ws/install/mavros_msgs/include/mavros_msgs/mavros_msgs/srv/detail/endpoint_add__functions.h
[7.042s] -- Up-to-date symlink: /home/nvidia/acfly_ws/install/mavros_msgs/include/mavros_msgs/mavros_msgs/srv/detail/endpoint_add__struct.h
[7.042s] -- Up-to-date symlink: /home/nvidia/acfly_ws/install/mavros_msgs/include/mavros_msgs/mavros_msgs/srv/detail/endpoint_add__type_support.h
[7.043s] -- Up-to-date symlink: /home/nvidia/acfly_ws/install/mavros_msgs/include/mavros_msgs/mavros_msgs/srv/detail/endpoint_del__functions.h
[7.043s] -- Up-to-date symlink: /home/nvidia/acfly_ws/install/mavros_msgs/include/mavros_msgs/mavros_msgs/srv/detail/endpoint_del__struct.h
[7.043s] -- Up-to-date symlink: /home/nvidia/acfly_ws/install/mavros_msgs/include/mavros_msgs/mavros_msgs/srv/detail/endpoint_del__type_support.h
[7.043s] -- Up-to-date symlink: /home/nvidia/acfly_ws/install/mavros_msgs/include/mavros_msgs/mavros_msgs/srv/detail/file_checksum__functions.h
[7.043s] -- Up-to-date symlink: /home/nvidia/acfly_ws/install/mavros_msgs/include/mavros_msgs/mavros_msgs/srv/detail/file_checksum__struct.h
[7.043s] -- Up-to-date symlink: /home/nvidia/acfly_ws/install/mavros_msgs/include/mavros_msgs/mavros_msgs/srv/detail/file_checksum__type_support.h
[7.044s] -- Up-to-date symlink: /home/nvidia/acfly_ws/install/mavros_msgs/include/mavros_msgs/mavros_msgs/srv/detail/file_close__functions.h
[7.044s] -- Up-to-date symlink: /home/nvidia/acfly_ws/install/mavros_msgs/include/mavros_msgs/mavros_msgs/srv/detail/file_close__struct.h
[7.044s] -- Up-to-date symlink: /home/nvidia/acfly_ws/install/mavros_msgs/include/mavros_msgs/mavros_msgs/srv/detail/file_close__type_support.h
[7.044s] -- Up-to-date symlink: /home/nvidia/acfly_ws/install/mavros_msgs/include/mavros_msgs/mavros_msgs/srv/detail/file_list__functions.h
[7.044s] -- Up-to-date symlink: /home/nvidia/acfly_ws/install/mavros_msgs/include/mavros_msgs/mavros_msgs/srv/detail/file_list__struct.h
[7.044s] -- Up-to-date symlink: /home/nvidia/acfly_ws/install/mavros_msgs/include/mavros_msgs/mavros_msgs/srv/detail/file_list__type_support.h
[7.046s] -- Up-to-date symlink: /home/nvidia/acfly_ws/install/mavros_msgs/include/mavros_msgs/mavros_msgs/srv/detail/file_make_dir__functions.h
[7.046s] -- Up-to-date symlink: /home/nvidia/acfly_ws/install/mavros_msgs/include/mavros_msgs/mavros_msgs/srv/detail/file_make_dir__struct.h
[7.046s] -- Up-to-date symlink: /home/nvidia/acfly_ws/install/mavros_msgs/include/mavros_msgs/mavros_msgs/srv/detail/file_make_dir__type_support.h
[7.046s] -- Up-to-date symlink: /home/nvidia/acfly_ws/install/mavros_msgs/include/mavros_msgs/mavros_msgs/srv/detail/file_open__functions.h
[7.047s] -- Up-to-date symlink: /home/nvidia/acfly_ws/install/mavros_msgs/include/mavros_msgs/mavros_msgs/srv/detail/file_open__struct.h
[7.047s] -- Up-to-date symlink: /home/nvidia/acfly_ws/install/mavros_msgs/include/mavros_msgs/mavros_msgs/srv/detail/file_open__type_support.h
[7.047s] -- Up-to-date symlink: /home/nvidia/acfly_ws/install/mavros_msgs/include/mavros_msgs/mavros_msgs/srv/detail/file_read__functions.h
[7.047s] -- Up-to-date symlink: /home/nvidia/acfly_ws/install/mavros_msgs/include/mavros_msgs/mavros_msgs/srv/detail/file_read__struct.h
[7.047s] -- Up-to-date symlink: /home/nvidia/acfly_ws/install/mavros_msgs/include/mavros_msgs/mavros_msgs/srv/detail/file_read__type_support.h
[7.047s] -- Up-to-date symlink: /home/nvidia/acfly_ws/install/mavros_msgs/include/mavros_msgs/mavros_msgs/srv/detail/file_remove__functions.h
[7.047s] -- Up-to-date symlink: /home/nvidia/acfly_ws/install/mavros_msgs/include/mavros_msgs/mavros_msgs/srv/detail/file_remove__struct.h
[7.048s] -- Up-to-date symlink: /home/nvidia/acfly_ws/install/mavros_msgs/include/mavros_msgs/mavros_msgs/srv/detail/file_remove__type_support.h
[7.048s] -- Up-to-date symlink: /home/nvidia/acfly_ws/install/mavros_msgs/include/mavros_msgs/mavros_msgs/srv/detail/file_remove_dir__functions.h
[7.048s] -- Up-to-date symlink: /home/nvidia/acfly_ws/install/mavros_msgs/include/mavros_msgs/mavros_msgs/srv/detail/file_remove_dir__struct.h
[7.048s] -- Up-to-date symlink: /home/nvidia/acfly_ws/install/mavros_msgs/include/mavros_msgs/mavros_msgs/srv/detail/file_remove_dir__type_support.h
[7.048s] -- Up-to-date symlink: /home/nvidia/acfly_ws/install/mavros_msgs/include/mavros_msgs/mavros_msgs/srv/detail/file_rename__functions.h
[7.048s] -- Up-to-date symlink: /home/nvidia/acfly_ws/install/mavros_msgs/include/mavros_msgs/mavros_msgs/srv/detail/file_rename__struct.h
[7.048s] -- Up-to-date symlink: /home/nvidia/acfly_ws/install/mavros_msgs/include/mavros_msgs/mavros_msgs/srv/detail/file_rename__type_support.h
[7.049s] -- Up-to-date symlink: /home/nvidia/acfly_ws/install/mavros_msgs/include/mavros_msgs/mavros_msgs/srv/detail/file_truncate__functions.h
[7.049s] -- Up-to-date symlink: /home/nvidia/acfly_ws/install/mavros_msgs/include/mavros_msgs/mavros_msgs/srv/detail/file_truncate__struct.h
[7.049s] -- Up-to-date symlink: /home/nvidia/acfly_ws/install/mavros_msgs/include/mavros_msgs/mavros_msgs/srv/detail/file_truncate__type_support.h
[7.049s] -- Up-to-date symlink: /home/nvidia/acfly_ws/install/mavros_msgs/include/mavros_msgs/mavros_msgs/srv/detail/file_write__functions.h
[7.049s] -- Up-to-date symlink: /home/nvidia/acfly_ws/install/mavros_msgs/include/mavros_msgs/mavros_msgs/srv/detail/file_write__struct.h
[7.049s] -- Up-to-date symlink: /home/nvidia/acfly_ws/install/mavros_msgs/include/mavros_msgs/mavros_msgs/srv/detail/file_write__type_support.h
[7.049s] -- Up-to-date symlink: /home/nvidia/acfly_ws/install/mavros_msgs/include/mavros_msgs/mavros_msgs/srv/detail/gimbal_get_information__functions.h
[7.050s] -- Up-to-date symlink: /home/nvidia/acfly_ws/install/mavros_msgs/include/mavros_msgs/mavros_msgs/srv/detail/gimbal_get_information__struct.h
[7.050s] -- Up-to-date symlink: /home/nvidia/acfly_ws/install/mavros_msgs/include/mavros_msgs/mavros_msgs/srv/detail/gimbal_get_information__type_support.h
[7.050s] -- Up-to-date symlink: /home/nvidia/acfly_ws/install/mavros_msgs/include/mavros_msgs/mavros_msgs/srv/detail/gimbal_manager_camera_track__functions.h
[7.050s] -- Up-to-date symlink: /home/nvidia/acfly_ws/install/mavros_msgs/include/mavros_msgs/mavros_msgs/srv/detail/gimbal_manager_camera_track__struct.h
[7.050s] -- Up-to-date symlink: /home/nvidia/acfly_ws/install/mavros_msgs/include/mavros_msgs/mavros_msgs/srv/detail/gimbal_manager_camera_track__type_support.h
[7.050s] -- Up-to-date symlink: /home/nvidia/acfly_ws/install/mavros_msgs/include/mavros_msgs/mavros_msgs/srv/detail/gimbal_manager_configure__functions.h
[7.051s] -- Up-to-date symlink: /home/nvidia/acfly_ws/install/mavros_msgs/include/mavros_msgs/mavros_msgs/srv/detail/gimbal_manager_configure__struct.h
[7.051s] -- Up-to-date symlink: /home/nvidia/acfly_ws/install/mavros_msgs/include/mavros_msgs/mavros_msgs/srv/detail/gimbal_manager_configure__type_support.h
[7.051s] -- Up-to-date symlink: /home/nvidia/acfly_ws/install/mavros_msgs/include/mavros_msgs/mavros_msgs/srv/detail/gimbal_manager_pitchyaw__functions.h
[7.051s] -- Up-to-date symlink: /home/nvidia/acfly_ws/install/mavros_msgs/include/mavros_msgs/mavros_msgs/srv/detail/gimbal_manager_pitchyaw__struct.h
[7.051s] -- Up-to-date symlink: /home/nvidia/acfly_ws/install/mavros_msgs/include/mavros_msgs/mavros_msgs/srv/detail/gimbal_manager_pitchyaw__type_support.h
[7.052s] -- Up-to-date symlink: /home/nvidia/acfly_ws/install/mavros_msgs/include/mavros_msgs/mavros_msgs/srv/detail/gimbal_manager_set_roi__functions.h
[7.052s] -- Up-to-date symlink: /home/nvidia/acfly_ws/install/mavros_msgs/include/mavros_msgs/mavros_msgs/srv/detail/gimbal_manager_set_roi__struct.h
[7.052s] -- Up-to-date symlink: /home/nvidia/acfly_ws/install/mavros_msgs/include/mavros_msgs/mavros_msgs/srv/detail/gimbal_manager_set_roi__type_support.h
[7.052s] -- Up-to-date symlink: /home/nvidia/acfly_ws/install/mavros_msgs/include/mavros_msgs/mavros_msgs/srv/detail/log_request_data__functions.h
[7.052s] -- Up-to-date symlink: /home/nvidia/acfly_ws/install/mavros_msgs/include/mavros_msgs/mavros_msgs/srv/detail/log_request_data__struct.h
[7.052s] -- Up-to-date symlink: /home/nvidia/acfly_ws/install/mavros_msgs/include/mavros_msgs/mavros_msgs/srv/detail/log_request_data__type_support.h
[7.053s] -- Up-to-date symlink: /home/nvidia/acfly_ws/install/mavros_msgs/include/mavros_msgs/mavros_msgs/srv/detail/log_request_end__functions.h
[7.053s] -- Up-to-date symlink: /home/nvidia/acfly_ws/install/mavros_msgs/include/mavros_msgs/mavros_msgs/srv/detail/log_request_end__struct.h
[7.053s] -- Up-to-date symlink: /home/nvidia/acfly_ws/install/mavros_msgs/include/mavros_msgs/mavros_msgs/srv/detail/log_request_end__type_support.h
[7.053s] -- Up-to-date symlink: /home/nvidia/acfly_ws/install/mavros_msgs/include/mavros_msgs/mavros_msgs/srv/detail/log_request_list__functions.h
[7.053s] -- Up-to-date symlink: /home/nvidia/acfly_ws/install/mavros_msgs/include/mavros_msgs/mavros_msgs/srv/detail/log_request_list__struct.h
[7.054s] -- Up-to-date symlink: /home/nvidia/acfly_ws/install/mavros_msgs/include/mavros_msgs/mavros_msgs/srv/detail/log_request_list__type_support.h
[7.054s] -- Up-to-date symlink: /home/nvidia/acfly_ws/install/mavros_msgs/include/mavros_msgs/mavros_msgs/srv/detail/message_interval__functions.h
[7.054s] -- Up-to-date symlink: /home/nvidia/acfly_ws/install/mavros_msgs/include/mavros_msgs/mavros_msgs/srv/detail/message_interval__struct.h
[7.054s] -- Up-to-date symlink: /home/nvidia/acfly_ws/install/mavros_msgs/include/mavros_msgs/mavros_msgs/srv/detail/message_interval__type_support.h
[7.054s] -- Up-to-date symlink: /home/nvidia/acfly_ws/install/mavros_msgs/include/mavros_msgs/mavros_msgs/srv/detail/mount_configure__functions.h
[7.054s] -- Up-to-date symlink: /home/nvidia/acfly_ws/install/mavros_msgs/include/mavros_msgs/mavros_msgs/srv/detail/mount_configure__struct.h
[7.055s] -- Up-to-date symlink: /home/nvidia/acfly_ws/install/mavros_msgs/include/mavros_msgs/mavros_msgs/srv/detail/mount_configure__type_support.h
[7.055s] -- Up-to-date symlink: /home/nvidia/acfly_ws/install/mavros_msgs/include/mavros_msgs/mavros_msgs/srv/detail/param_get__functions.h
[7.055s] -- Up-to-date symlink: /home/nvidia/acfly_ws/install/mavros_msgs/include/mavros_msgs/mavros_msgs/srv/detail/param_get__struct.h
[7.055s] -- Up-to-date symlink: /home/nvidia/acfly_ws/install/mavros_msgs/include/mavros_msgs/mavros_msgs/srv/detail/param_get__type_support.h
[7.055s] -- Up-to-date symlink: /home/nvidia/acfly_ws/install/mavros_msgs/include/mavros_msgs/mavros_msgs/srv/detail/param_pull__functions.h
[7.056s] -- Up-to-date symlink: /home/nvidia/acfly_ws/install/mavros_msgs/include/mavros_msgs/mavros_msgs/srv/detail/param_pull__struct.h
[7.056s] -- Up-to-date symlink: /home/nvidia/acfly_ws/install/mavros_msgs/include/mavros_msgs/mavros_msgs/srv/detail/param_pull__type_support.h
[7.056s] -- Up-to-date symlink: /home/nvidia/acfly_ws/install/mavros_msgs/include/mavros_msgs/mavros_msgs/srv/detail/param_push__functions.h
[7.056s] -- Up-to-date symlink: /home/nvidia/acfly_ws/install/mavros_msgs/include/mavros_msgs/mavros_msgs/srv/detail/param_push__struct.h
[7.056s] -- Up-to-date symlink: /home/nvidia/acfly_ws/install/mavros_msgs/include/mavros_msgs/mavros_msgs/srv/detail/param_push__type_support.h
[7.056s] -- Up-to-date symlink: /home/nvidia/acfly_ws/install/mavros_msgs/include/mavros_msgs/mavros_msgs/srv/detail/param_set__functions.h
[7.057s] -- Up-to-date symlink: /home/nvidia/acfly_ws/install/mavros_msgs/include/mavros_msgs/mavros_msgs/srv/detail/param_set__struct.h
[7.057s] -- Up-to-date symlink: /home/nvidia/acfly_ws/install/mavros_msgs/include/mavros_msgs/mavros_msgs/srv/detail/param_set__type_support.h
[7.057s] -- Up-to-date symlink: /home/nvidia/acfly_ws/install/mavros_msgs/include/mavros_msgs/mavros_msgs/srv/detail/param_set_v2__functions.h
[7.057s] -- Up-to-date symlink: /home/nvidia/acfly_ws/install/mavros_msgs/include/mavros_msgs/mavros_msgs/srv/detail/param_set_v2__struct.h
[7.057s] -- Up-to-date symlink: /home/nvidia/acfly_ws/install/mavros_msgs/include/mavros_msgs/mavros_msgs/srv/detail/param_set_v2__type_support.h
[7.057s] -- Up-to-date symlink: /home/nvidia/acfly_ws/install/mavros_msgs/include/mavros_msgs/mavros_msgs/srv/detail/set_mav_frame__functions.h
[7.058s] -- Up-to-date symlink: /home/nvidia/acfly_ws/install/mavros_msgs/include/mavros_msgs/mavros_msgs/srv/detail/set_mav_frame__struct.h
[7.058s] -- Up-to-date symlink: /home/nvidia/acfly_ws/install/mavros_msgs/include/mavros_msgs/mavros_msgs/srv/detail/set_mav_frame__type_support.h
[7.058s] -- Up-to-date symlink: /home/nvidia/acfly_ws/install/mavros_msgs/include/mavros_msgs/mavros_msgs/srv/detail/set_mode__functions.h
[7.058s] -- Up-to-date symlink: /home/nvidia/acfly_ws/install/mavros_msgs/include/mavros_msgs/mavros_msgs/srv/detail/set_mode__struct.h
[7.058s] -- Up-to-date symlink: /home/nvidia/acfly_ws/install/mavros_msgs/include/mavros_msgs/mavros_msgs/srv/detail/set_mode__type_support.h
[7.059s] -- Up-to-date symlink: /home/nvidia/acfly_ws/install/mavros_msgs/include/mavros_msgs/mavros_msgs/srv/detail/stream_rate__functions.h
[7.059s] -- Up-to-date symlink: /home/nvidia/acfly_ws/install/mavros_msgs/include/mavros_msgs/mavros_msgs/srv/detail/stream_rate__struct.h
[7.059s] -- Up-to-date symlink: /home/nvidia/acfly_ws/install/mavros_msgs/include/mavros_msgs/mavros_msgs/srv/detail/stream_rate__type_support.h
[7.059s] -- Up-to-date symlink: /home/nvidia/acfly_ws/install/mavros_msgs/include/mavros_msgs/mavros_msgs/srv/detail/vehicle_info_get__functions.h
[7.059s] -- Up-to-date symlink: /home/nvidia/acfly_ws/install/mavros_msgs/include/mavros_msgs/mavros_msgs/srv/detail/vehicle_info_get__struct.h
[7.059s] -- Up-to-date symlink: /home/nvidia/acfly_ws/install/mavros_msgs/include/mavros_msgs/mavros_msgs/srv/detail/vehicle_info_get__type_support.h
[7.060s] -- Up-to-date symlink: /home/nvidia/acfly_ws/install/mavros_msgs/include/mavros_msgs/mavros_msgs/srv/detail/waypoint_clear__functions.h
[7.060s] -- Up-to-date symlink: /home/nvidia/acfly_ws/install/mavros_msgs/include/mavros_msgs/mavros_msgs/srv/detail/waypoint_clear__struct.h
[7.060s] -- Up-to-date symlink: /home/nvidia/acfly_ws/install/mavros_msgs/include/mavros_msgs/mavros_msgs/srv/detail/waypoint_clear__type_support.h
[7.060s] -- Up-to-date symlink: /home/nvidia/acfly_ws/install/mavros_msgs/include/mavros_msgs/mavros_msgs/srv/detail/waypoint_pull__functions.h
[7.060s] -- Up-to-date symlink: /home/nvidia/acfly_ws/install/mavros_msgs/include/mavros_msgs/mavros_msgs/srv/detail/waypoint_pull__struct.h
[7.061s] -- Up-to-date symlink: /home/nvidia/acfly_ws/install/mavros_msgs/include/mavros_msgs/mavros_msgs/srv/detail/waypoint_pull__type_support.h
[7.061s] -- Up-to-date symlink: /home/nvidia/acfly_ws/install/mavros_msgs/include/mavros_msgs/mavros_msgs/srv/detail/waypoint_push__functions.h
[7.061s] -- Up-to-date symlink: /home/nvidia/acfly_ws/install/mavros_msgs/include/mavros_msgs/mavros_msgs/srv/detail/waypoint_push__struct.h
[7.062s] -- Up-to-date symlink: /home/nvidia/acfly_ws/install/mavros_msgs/include/mavros_msgs/mavros_msgs/srv/detail/waypoint_push__type_support.h
[7.062s] -- Up-to-date symlink: /home/nvidia/acfly_ws/install/mavros_msgs/include/mavros_msgs/mavros_msgs/srv/detail/waypoint_set_current__functions.h
[7.062s] -- Up-to-date symlink: /home/nvidia/acfly_ws/install/mavros_msgs/include/mavros_msgs/mavros_msgs/srv/detail/waypoint_set_current__struct.h
[7.062s] -- Up-to-date symlink: /home/nvidia/acfly_ws/install/mavros_msgs/include/mavros_msgs/mavros_msgs/srv/detail/waypoint_set_current__type_support.h
[7.062s] -- Up-to-date symlink: /home/nvidia/acfly_ws/install/mavros_msgs/include/mavros_msgs/mavros_msgs/srv/endpoint_add.h
[7.062s] -- Up-to-date symlink: /home/nvidia/acfly_ws/install/mavros_msgs/include/mavros_msgs/mavros_msgs/srv/endpoint_del.h
[7.062s] -- Up-to-date symlink: /home/nvidia/acfly_ws/install/mavros_msgs/include/mavros_msgs/mavros_msgs/srv/file_checksum.h
[7.063s] -- Up-to-date symlink: /home/nvidia/acfly_ws/install/mavros_msgs/include/mavros_msgs/mavros_msgs/srv/file_close.h
[7.063s] -- Up-to-date symlink: /home/nvidia/acfly_ws/install/mavros_msgs/include/mavros_msgs/mavros_msgs/srv/file_list.h
[7.063s] -- Up-to-date symlink: /home/nvidia/acfly_ws/install/mavros_msgs/include/mavros_msgs/mavros_msgs/srv/file_make_dir.h
[7.063s] -- Up-to-date symlink: /home/nvidia/acfly_ws/install/mavros_msgs/include/mavros_msgs/mavros_msgs/srv/file_open.h
[7.063s] -- Up-to-date symlink: /home/nvidia/acfly_ws/install/mavros_msgs/include/mavros_msgs/mavros_msgs/srv/file_read.h
[7.064s] -- Up-to-date symlink: /home/nvidia/acfly_ws/install/mavros_msgs/include/mavros_msgs/mavros_msgs/srv/file_remove.h
[7.064s] -- Up-to-date symlink: /home/nvidia/acfly_ws/install/mavros_msgs/include/mavros_msgs/mavros_msgs/srv/file_remove_dir.h
[7.064s] -- Up-to-date symlink: /home/nvidia/acfly_ws/install/mavros_msgs/include/mavros_msgs/mavros_msgs/srv/file_rename.h
[7.064s] -- Up-to-date symlink: /home/nvidia/acfly_ws/install/mavros_msgs/include/mavros_msgs/mavros_msgs/srv/file_truncate.h
[7.064s] -- Up-to-date symlink: /home/nvidia/acfly_ws/install/mavros_msgs/include/mavros_msgs/mavros_msgs/srv/file_write.h
[7.065s] -- Up-to-date symlink: /home/nvidia/acfly_ws/install/mavros_msgs/include/mavros_msgs/mavros_msgs/srv/gimbal_get_information.h
[7.065s] -- Up-to-date symlink: /home/nvidia/acfly_ws/install/mavros_msgs/include/mavros_msgs/mavros_msgs/srv/gimbal_manager_camera_track.h
[7.065s] -- Up-to-date symlink: /home/nvidia/acfly_ws/install/mavros_msgs/include/mavros_msgs/mavros_msgs/srv/gimbal_manager_configure.h
[7.065s] -- Up-to-date symlink: /home/nvidia/acfly_ws/install/mavros_msgs/include/mavros_msgs/mavros_msgs/srv/gimbal_manager_pitchyaw.h
[7.065s] -- Up-to-date symlink: /home/nvidia/acfly_ws/install/mavros_msgs/include/mavros_msgs/mavros_msgs/srv/gimbal_manager_set_roi.h
[7.065s] -- Up-to-date symlink: /home/nvidia/acfly_ws/install/mavros_msgs/include/mavros_msgs/mavros_msgs/srv/log_request_data.h
[7.066s] -- Up-to-date symlink: /home/nvidia/acfly_ws/install/mavros_msgs/include/mavros_msgs/mavros_msgs/srv/log_request_end.h
[7.066s] -- Up-to-date symlink: /home/nvidia/acfly_ws/install/mavros_msgs/include/mavros_msgs/mavros_msgs/srv/log_request_list.h
[7.066s] -- Up-to-date symlink: /home/nvidia/acfly_ws/install/mavros_msgs/include/mavros_msgs/mavros_msgs/srv/message_interval.h
[7.066s] -- Up-to-date symlink: /home/nvidia/acfly_ws/install/mavros_msgs/include/mavros_msgs/mavros_msgs/srv/mount_configure.h
[7.066s] -- Up-to-date symlink: /home/nvidia/acfly_ws/install/mavros_msgs/include/mavros_msgs/mavros_msgs/srv/param_get.h
[7.066s] -- Up-to-date symlink: /home/nvidia/acfly_ws/install/mavros_msgs/include/mavros_msgs/mavros_msgs/srv/param_pull.h
[7.067s] -- Up-to-date symlink: /home/nvidia/acfly_ws/install/mavros_msgs/include/mavros_msgs/mavros_msgs/srv/param_push.h
[7.067s] -- Up-to-date symlink: /home/nvidia/acfly_ws/install/mavros_msgs/include/mavros_msgs/mavros_msgs/srv/param_set.h
[7.067s] -- Up-to-date symlink: /home/nvidia/acfly_ws/install/mavros_msgs/include/mavros_msgs/mavros_msgs/srv/param_set_v2.h
[7.067s] -- Up-to-date symlink: /home/nvidia/acfly_ws/install/mavros_msgs/include/mavros_msgs/mavros_msgs/srv/set_mav_frame.h
[7.067s] -- Up-to-date symlink: /home/nvidia/acfly_ws/install/mavros_msgs/include/mavros_msgs/mavros_msgs/srv/set_mode.h
[7.068s] -- Up-to-date symlink: /home/nvidia/acfly_ws/install/mavros_msgs/include/mavros_msgs/mavros_msgs/srv/stream_rate.h
[7.068s] -- Up-to-date symlink: /home/nvidia/acfly_ws/install/mavros_msgs/include/mavros_msgs/mavros_msgs/srv/vehicle_info_get.h
[7.068s] -- Up-to-date symlink: /home/nvidia/acfly_ws/install/mavros_msgs/include/mavros_msgs/mavros_msgs/srv/waypoint_clear.h
[7.068s] -- Up-to-date symlink: /home/nvidia/acfly_ws/install/mavros_msgs/include/mavros_msgs/mavros_msgs/srv/waypoint_pull.h
[7.068s] -- Up-to-date symlink: /home/nvidia/acfly_ws/install/mavros_msgs/include/mavros_msgs/mavros_msgs/srv/waypoint_push.h
[7.068s] -- Up-to-date symlink: /home/nvidia/acfly_ws/install/mavros_msgs/include/mavros_msgs/mavros_msgs/srv/waypoint_set_current.h
[7.069s] -- Up-to-date symlink: /home/nvidia/acfly_ws/install/mavros_msgs/share/mavros_msgs/environment/library_path.sh
[7.069s] -- Up-to-date symlink: /home/nvidia/acfly_ws/install/mavros_msgs/share/mavros_msgs/environment/library_path.dsv
[7.076s] -- Up-to-date symlink: /home/nvidia/acfly_ws/install/mavros_msgs/include/mavros_msgs/mavros_msgs/msg/detail/actuator_control__rosidl_typesupport_fastrtps_c.h
[7.076s] -- Up-to-date symlink: /home/nvidia/acfly_ws/install/mavros_msgs/include/mavros_msgs/mavros_msgs/msg/detail/adsb_vehicle__rosidl_typesupport_fastrtps_c.h
[7.076s] -- Up-to-date symlink: /home/nvidia/acfly_ws/install/mavros_msgs/include/mavros_msgs/mavros_msgs/msg/detail/altitude__rosidl_typesupport_fastrtps_c.h
[7.076s] -- Up-to-date symlink: /home/nvidia/acfly_ws/install/mavros_msgs/include/mavros_msgs/mavros_msgs/msg/detail/attitude_target__rosidl_typesupport_fastrtps_c.h
[7.076s] -- Up-to-date symlink: /home/nvidia/acfly_ws/install/mavros_msgs/include/mavros_msgs/mavros_msgs/msg/detail/cam_imu_stamp__rosidl_typesupport_fastrtps_c.h
[7.077s] -- Up-to-date symlink: /home/nvidia/acfly_ws/install/mavros_msgs/include/mavros_msgs/mavros_msgs/msg/detail/camera_image_captured__rosidl_typesupport_fastrtps_c.h
[7.077s] -- Up-to-date symlink: /home/nvidia/acfly_ws/install/mavros_msgs/include/mavros_msgs/mavros_msgs/msg/detail/cellular_status__rosidl_typesupport_fastrtps_c.h
[7.077s] -- Up-to-date symlink: /home/nvidia/acfly_ws/install/mavros_msgs/include/mavros_msgs/mavros_msgs/msg/detail/command_code__rosidl_typesupport_fastrtps_c.h
[7.077s] -- Up-to-date symlink: /home/nvidia/acfly_ws/install/mavros_msgs/include/mavros_msgs/mavros_msgs/msg/detail/companion_process_status__rosidl_typesupport_fastrtps_c.h
[7.077s] -- Up-to-date symlink: /home/nvidia/acfly_ws/install/mavros_msgs/include/mavros_msgs/mavros_msgs/msg/detail/debug_value__rosidl_typesupport_fastrtps_c.h
[7.078s] -- Up-to-date symlink: /home/nvidia/acfly_ws/install/mavros_msgs/include/mavros_msgs/mavros_msgs/msg/detail/esc_info__rosidl_typesupport_fastrtps_c.h
[7.078s] -- Up-to-date symlink: /home/nvidia/acfly_ws/install/mavros_msgs/include/mavros_msgs/mavros_msgs/msg/detail/esc_info_item__rosidl_typesupport_fastrtps_c.h
[7.078s] -- Up-to-date symlink: /home/nvidia/acfly_ws/install/mavros_msgs/include/mavros_msgs/mavros_msgs/msg/detail/esc_status__rosidl_typesupport_fastrtps_c.h
[7.078s] -- Up-to-date symlink: /home/nvidia/acfly_ws/install/mavros_msgs/include/mavros_msgs/mavros_msgs/msg/detail/esc_status_item__rosidl_typesupport_fastrtps_c.h
[7.078s] -- Up-to-date symlink: /home/nvidia/acfly_ws/install/mavros_msgs/include/mavros_msgs/mavros_msgs/msg/detail/esc_telemetry__rosidl_typesupport_fastrtps_c.h
[7.078s] -- Up-to-date symlink: /home/nvidia/acfly_ws/install/mavros_msgs/include/mavros_msgs/mavros_msgs/msg/detail/esc_telemetry_item__rosidl_typesupport_fastrtps_c.h
[7.079s] -- Up-to-date symlink: /home/nvidia/acfly_ws/install/mavros_msgs/include/mavros_msgs/mavros_msgs/msg/detail/estimator_status__rosidl_typesupport_fastrtps_c.h
[7.079s] -- Up-to-date symlink: /home/nvidia/acfly_ws/install/mavros_msgs/include/mavros_msgs/mavros_msgs/msg/detail/extended_state__rosidl_typesupport_fastrtps_c.h
[7.079s] -- Up-to-date symlink: /home/nvidia/acfly_ws/install/mavros_msgs/include/mavros_msgs/mavros_msgs/msg/detail/file_entry__rosidl_typesupport_fastrtps_c.h
[7.079s] -- Up-to-date symlink: /home/nvidia/acfly_ws/install/mavros_msgs/include/mavros_msgs/mavros_msgs/msg/detail/gimbal_device_attitude_status__rosidl_typesupport_fastrtps_c.h
[7.079s] -- Up-to-date symlink: /home/nvidia/acfly_ws/install/mavros_msgs/include/mavros_msgs/mavros_msgs/msg/detail/gimbal_device_information__rosidl_typesupport_fastrtps_c.h
[7.080s] -- Up-to-date symlink: /home/nvidia/acfly_ws/install/mavros_msgs/include/mavros_msgs/mavros_msgs/msg/detail/gimbal_device_set_attitude__rosidl_typesupport_fastrtps_c.h
[7.080s] -- Up-to-date symlink: /home/nvidia/acfly_ws/install/mavros_msgs/include/mavros_msgs/mavros_msgs/msg/detail/gimbal_manager_information__rosidl_typesupport_fastrtps_c.h
[7.080s] -- Up-to-date symlink: /home/nvidia/acfly_ws/install/mavros_msgs/include/mavros_msgs/mavros_msgs/msg/detail/gimbal_manager_set_attitude__rosidl_typesupport_fastrtps_c.h
[7.080s] -- Up-to-date symlink: /home/nvidia/acfly_ws/install/mavros_msgs/include/mavros_msgs/mavros_msgs/msg/detail/gimbal_manager_set_pitchyaw__rosidl_typesupport_fastrtps_c.h
[7.080s] -- Up-to-date symlink: /home/nvidia/acfly_ws/install/mavros_msgs/include/mavros_msgs/mavros_msgs/msg/detail/gimbal_manager_status__rosidl_typesupport_fastrtps_c.h
[7.080s] -- Up-to-date symlink: /home/nvidia/acfly_ws/install/mavros_msgs/include/mavros_msgs/mavros_msgs/msg/detail/global_position_target__rosidl_typesupport_fastrtps_c.h
[7.081s] -- Up-to-date symlink: /home/nvidia/acfly_ws/install/mavros_msgs/include/mavros_msgs/mavros_msgs/msg/detail/gpsinput__rosidl_typesupport_fastrtps_c.h
[7.081s] -- Up-to-date symlink: /home/nvidia/acfly_ws/install/mavros_msgs/include/mavros_msgs/mavros_msgs/msg/detail/gpsraw__rosidl_typesupport_fastrtps_c.h
[7.081s] -- Up-to-date symlink: /home/nvidia/acfly_ws/install/mavros_msgs/include/mavros_msgs/mavros_msgs/msg/detail/gpsrtk__rosidl_typesupport_fastrtps_c.h
[7.081s] -- Up-to-date symlink: /home/nvidia/acfly_ws/install/mavros_msgs/include/mavros_msgs/mavros_msgs/msg/detail/hil_actuator_controls__rosidl_typesupport_fastrtps_c.h
[7.081s] -- Up-to-date symlink: /home/nvidia/acfly_ws/install/mavros_msgs/include/mavros_msgs/mavros_msgs/msg/detail/hil_controls__rosidl_typesupport_fastrtps_c.h
[7.082s] -- Up-to-date symlink: /home/nvidia/acfly_ws/install/mavros_msgs/include/mavros_msgs/mavros_msgs/msg/detail/hil_gps__rosidl_typesupport_fastrtps_c.h
[7.082s] -- Up-to-date symlink: /home/nvidia/acfly_ws/install/mavros_msgs/include/mavros_msgs/mavros_msgs/msg/detail/hil_sensor__rosidl_typesupport_fastrtps_c.h
[7.082s] -- Up-to-date symlink: /home/nvidia/acfly_ws/install/mavros_msgs/include/mavros_msgs/mavros_msgs/msg/detail/hil_state_quaternion__rosidl_typesupport_fastrtps_c.h
[7.082s] -- Up-to-date symlink: /home/nvidia/acfly_ws/install/mavros_msgs/include/mavros_msgs/mavros_msgs/msg/detail/home_position__rosidl_typesupport_fastrtps_c.h
[7.082s] -- Up-to-date symlink: /home/nvidia/acfly_ws/install/mavros_msgs/include/mavros_msgs/mavros_msgs/msg/detail/landing_target__rosidl_typesupport_fastrtps_c.h
[7.082s] -- Up-to-date symlink: /home/nvidia/acfly_ws/install/mavros_msgs/include/mavros_msgs/mavros_msgs/msg/detail/log_data__rosidl_typesupport_fastrtps_c.h
[7.083s] -- Up-to-date symlink: /home/nvidia/acfly_ws/install/mavros_msgs/include/mavros_msgs/mavros_msgs/msg/detail/log_entry__rosidl_typesupport_fastrtps_c.h
[7.083s] -- Up-to-date symlink: /home/nvidia/acfly_ws/install/mavros_msgs/include/mavros_msgs/mavros_msgs/msg/detail/magnetometer_reporter__rosidl_typesupport_fastrtps_c.h
[7.083s] -- Up-to-date symlink: /home/nvidia/acfly_ws/install/mavros_msgs/include/mavros_msgs/mavros_msgs/msg/detail/manual_control__rosidl_typesupport_fastrtps_c.h
[7.083s] -- Up-to-date symlink: /home/nvidia/acfly_ws/install/mavros_msgs/include/mavros_msgs/mavros_msgs/msg/detail/mavlink__rosidl_typesupport_fastrtps_c.h
[7.084s] -- Up-to-date symlink: /home/nvidia/acfly_ws/install/mavros_msgs/include/mavros_msgs/mavros_msgs/msg/detail/mount_control__rosidl_typesupport_fastrtps_c.h
[7.084s] -- Up-to-date symlink: /home/nvidia/acfly_ws/install/mavros_msgs/include/mavros_msgs/mavros_msgs/msg/detail/nav_controller_output__rosidl_typesupport_fastrtps_c.h
[7.084s] -- Up-to-date symlink: /home/nvidia/acfly_ws/install/mavros_msgs/include/mavros_msgs/mavros_msgs/msg/detail/onboard_computer_status__rosidl_typesupport_fastrtps_c.h
[7.084s] -- Up-to-date symlink: /home/nvidia/acfly_ws/install/mavros_msgs/include/mavros_msgs/mavros_msgs/msg/detail/open_drone_id_basic_id__rosidl_typesupport_fastrtps_c.h
[7.085s] -- Up-to-date symlink: /home/nvidia/acfly_ws/install/mavros_msgs/include/mavros_msgs/mavros_msgs/msg/detail/open_drone_id_operator_id__rosidl_typesupport_fastrtps_c.h
[7.085s] -- Up-to-date symlink: /home/nvidia/acfly_ws/install/mavros_msgs/include/mavros_msgs/mavros_msgs/msg/detail/open_drone_id_self_id__rosidl_typesupport_fastrtps_c.h
[7.085s] -- Up-to-date symlink: /home/nvidia/acfly_ws/install/mavros_msgs/include/mavros_msgs/mavros_msgs/msg/detail/open_drone_id_system__rosidl_typesupport_fastrtps_c.h
[7.085s] -- Up-to-date symlink: /home/nvidia/acfly_ws/install/mavros_msgs/include/mavros_msgs/mavros_msgs/msg/detail/open_drone_id_system_update__rosidl_typesupport_fastrtps_c.h
[7.085s] -- Up-to-date symlink: /home/nvidia/acfly_ws/install/mavros_msgs/include/mavros_msgs/mavros_msgs/msg/detail/optical_flow__rosidl_typesupport_fastrtps_c.h
[7.085s] -- Up-to-date symlink: /home/nvidia/acfly_ws/install/mavros_msgs/include/mavros_msgs/mavros_msgs/msg/detail/optical_flow_rad__rosidl_typesupport_fastrtps_c.h
[7.085s] -- Up-to-date symlink: /home/nvidia/acfly_ws/install/mavros_msgs/include/mavros_msgs/mavros_msgs/msg/detail/override_rc_in__rosidl_typesupport_fastrtps_c.h
[7.086s] -- Up-to-date symlink: /home/nvidia/acfly_ws/install/mavros_msgs/include/mavros_msgs/mavros_msgs/msg/detail/param__rosidl_typesupport_fastrtps_c.h
[7.086s] -- Up-to-date symlink: /home/nvidia/acfly_ws/install/mavros_msgs/include/mavros_msgs/mavros_msgs/msg/detail/param_event__rosidl_typesupport_fastrtps_c.h
[7.086s] -- Up-to-date symlink: /home/nvidia/acfly_ws/install/mavros_msgs/include/mavros_msgs/mavros_msgs/msg/detail/param_value__rosidl_typesupport_fastrtps_c.h
[7.086s] -- Up-to-date symlink: /home/nvidia/acfly_ws/install/mavros_msgs/include/mavros_msgs/mavros_msgs/msg/detail/play_tune_v2__rosidl_typesupport_fastrtps_c.h
[7.086s] -- Up-to-date symlink: /home/nvidia/acfly_ws/install/mavros_msgs/include/mavros_msgs/mavros_msgs/msg/detail/position_target__rosidl_typesupport_fastrtps_c.h
[7.087s] -- Up-to-date symlink: /home/nvidia/acfly_ws/install/mavros_msgs/include/mavros_msgs/mavros_msgs/msg/detail/radio_status__rosidl_typesupport_fastrtps_c.h
[7.087s] -- Up-to-date symlink: /home/nvidia/acfly_ws/install/mavros_msgs/include/mavros_msgs/mavros_msgs/msg/detail/rc_in__rosidl_typesupport_fastrtps_c.h
[7.087s] -- Up-to-date symlink: /home/nvidia/acfly_ws/install/mavros_msgs/include/mavros_msgs/mavros_msgs/msg/detail/rc_out__rosidl_typesupport_fastrtps_c.h
[7.087s] -- Up-to-date symlink: /home/nvidia/acfly_ws/install/mavros_msgs/include/mavros_msgs/mavros_msgs/msg/detail/rtcm__rosidl_typesupport_fastrtps_c.h
[7.087s] -- Up-to-date symlink: /home/nvidia/acfly_ws/install/mavros_msgs/include/mavros_msgs/mavros_msgs/msg/detail/rtk_baseline__rosidl_typesupport_fastrtps_c.h
[7.087s] -- Up-to-date symlink: /home/nvidia/acfly_ws/install/mavros_msgs/include/mavros_msgs/mavros_msgs/msg/detail/state__rosidl_typesupport_fastrtps_c.h
[7.088s] -- Up-to-date symlink: /home/nvidia/acfly_ws/install/mavros_msgs/include/mavros_msgs/mavros_msgs/msg/detail/status_event__rosidl_typesupport_fastrtps_c.h
[7.088s] -- Up-to-date symlink: /home/nvidia/acfly_ws/install/mavros_msgs/include/mavros_msgs/mavros_msgs/msg/detail/status_text__rosidl_typesupport_fastrtps_c.h
[7.088s] -- Up-to-date symlink: /home/nvidia/acfly_ws/install/mavros_msgs/include/mavros_msgs/mavros_msgs/msg/detail/sys_status__rosidl_typesupport_fastrtps_c.h
[7.088s] -- Up-to-date symlink: /home/nvidia/acfly_ws/install/mavros_msgs/include/mavros_msgs/mavros_msgs/msg/detail/terrain_report__rosidl_typesupport_fastrtps_c.h
[7.088s] -- Up-to-date symlink: /home/nvidia/acfly_ws/install/mavros_msgs/include/mavros_msgs/mavros_msgs/msg/detail/thrust__rosidl_typesupport_fastrtps_c.h
[7.089s] -- Up-to-date symlink: /home/nvidia/acfly_ws/install/mavros_msgs/include/mavros_msgs/mavros_msgs/msg/detail/timesync_status__rosidl_typesupport_fastrtps_c.h
[7.089s] -- Up-to-date symlink: /home/nvidia/acfly_ws/install/mavros_msgs/include/mavros_msgs/mavros_msgs/msg/detail/trajectory__rosidl_typesupport_fastrtps_c.h
[7.089s] -- Up-to-date symlink: /home/nvidia/acfly_ws/install/mavros_msgs/include/mavros_msgs/mavros_msgs/msg/detail/tunnel__rosidl_typesupport_fastrtps_c.h
[7.089s] -- Up-to-date symlink: /home/nvidia/acfly_ws/install/mavros_msgs/include/mavros_msgs/mavros_msgs/msg/detail/vehicle_info__rosidl_typesupport_fastrtps_c.h
[7.089s] -- Up-to-date symlink: /home/nvidia/acfly_ws/install/mavros_msgs/include/mavros_msgs/mavros_msgs/msg/detail/vfr_hud__rosidl_typesupport_fastrtps_c.h
[7.089s] -- Up-to-date symlink: /home/nvidia/acfly_ws/install/mavros_msgs/include/mavros_msgs/mavros_msgs/msg/detail/vibration__rosidl_typesupport_fastrtps_c.h
[7.090s] -- Up-to-date symlink: /home/nvidia/acfly_ws/install/mavros_msgs/include/mavros_msgs/mavros_msgs/msg/detail/waypoint__rosidl_typesupport_fastrtps_c.h
[7.090s] -- Up-to-date symlink: /home/nvidia/acfly_ws/install/mavros_msgs/include/mavros_msgs/mavros_msgs/msg/detail/waypoint_list__rosidl_typesupport_fastrtps_c.h
[7.090s] -- Up-to-date symlink: /home/nvidia/acfly_ws/install/mavros_msgs/include/mavros_msgs/mavros_msgs/msg/detail/waypoint_reached__rosidl_typesupport_fastrtps_c.h
[7.090s] -- Up-to-date symlink: /home/nvidia/acfly_ws/install/mavros_msgs/include/mavros_msgs/mavros_msgs/msg/detail/wheel_odom_stamped__rosidl_typesupport_fastrtps_c.h
[7.090s] -- Up-to-date symlink: /home/nvidia/acfly_ws/install/mavros_msgs/include/mavros_msgs/mavros_msgs/msg/rosidl_typesupport_fastrtps_c__visibility_control.h
[7.091s] -- Up-to-date symlink: /home/nvidia/acfly_ws/install/mavros_msgs/include/mavros_msgs/mavros_msgs/srv/detail/command_ack__rosidl_typesupport_fastrtps_c.h
[7.091s] -- Up-to-date symlink: /home/nvidia/acfly_ws/install/mavros_msgs/include/mavros_msgs/mavros_msgs/srv/detail/command_bool__rosidl_typesupport_fastrtps_c.h
[7.091s] -- Up-to-date symlink: /home/nvidia/acfly_ws/install/mavros_msgs/include/mavros_msgs/mavros_msgs/srv/detail/command_home__rosidl_typesupport_fastrtps_c.h
[7.091s] -- Up-to-date symlink: /home/nvidia/acfly_ws/install/mavros_msgs/include/mavros_msgs/mavros_msgs/srv/detail/command_int__rosidl_typesupport_fastrtps_c.h
[7.091s] -- Up-to-date symlink: /home/nvidia/acfly_ws/install/mavros_msgs/include/mavros_msgs/mavros_msgs/srv/detail/command_long__rosidl_typesupport_fastrtps_c.h
[7.092s] -- Up-to-date symlink: /home/nvidia/acfly_ws/install/mavros_msgs/include/mavros_msgs/mavros_msgs/srv/detail/command_tol__rosidl_typesupport_fastrtps_c.h
[7.092s] -- Up-to-date symlink: /home/nvidia/acfly_ws/install/mavros_msgs/include/mavros_msgs/mavros_msgs/srv/detail/command_tol_local__rosidl_typesupport_fastrtps_c.h
[7.092s] -- Up-to-date symlink: /home/nvidia/acfly_ws/install/mavros_msgs/include/mavros_msgs/mavros_msgs/srv/detail/command_trigger_control__rosidl_typesupport_fastrtps_c.h
[7.092s] -- Up-to-date symlink: /home/nvidia/acfly_ws/install/mavros_msgs/include/mavros_msgs/mavros_msgs/srv/detail/command_trigger_interval__rosidl_typesupport_fastrtps_c.h
[7.092s] -- Up-to-date symlink: /home/nvidia/acfly_ws/install/mavros_msgs/include/mavros_msgs/mavros_msgs/srv/detail/command_vtol_transition__rosidl_typesupport_fastrtps_c.h
[7.092s] -- Up-to-date symlink: /home/nvidia/acfly_ws/install/mavros_msgs/include/mavros_msgs/mavros_msgs/srv/detail/endpoint_add__rosidl_typesupport_fastrtps_c.h
[7.093s] -- Up-to-date symlink: /home/nvidia/acfly_ws/install/mavros_msgs/include/mavros_msgs/mavros_msgs/srv/detail/endpoint_del__rosidl_typesupport_fastrtps_c.h
[7.093s] -- Up-to-date symlink: /home/nvidia/acfly_ws/install/mavros_msgs/include/mavros_msgs/mavros_msgs/srv/detail/file_checksum__rosidl_typesupport_fastrtps_c.h
[7.093s] -- Up-to-date symlink: /home/nvidia/acfly_ws/install/mavros_msgs/include/mavros_msgs/mavros_msgs/srv/detail/file_close__rosidl_typesupport_fastrtps_c.h
[7.093s] -- Up-to-date symlink: /home/nvidia/acfly_ws/install/mavros_msgs/include/mavros_msgs/mavros_msgs/srv/detail/file_list__rosidl_typesupport_fastrtps_c.h
[7.093s] -- Up-to-date symlink: /home/nvidia/acfly_ws/install/mavros_msgs/include/mavros_msgs/mavros_msgs/srv/detail/file_make_dir__rosidl_typesupport_fastrtps_c.h
[7.094s] -- Up-to-date symlink: /home/nvidia/acfly_ws/install/mavros_msgs/include/mavros_msgs/mavros_msgs/srv/detail/file_open__rosidl_typesupport_fastrtps_c.h
[7.094s] -- Up-to-date symlink: /home/nvidia/acfly_ws/install/mavros_msgs/include/mavros_msgs/mavros_msgs/srv/detail/file_read__rosidl_typesupport_fastrtps_c.h
[7.094s] -- Up-to-date symlink: /home/nvidia/acfly_ws/install/mavros_msgs/include/mavros_msgs/mavros_msgs/srv/detail/file_remove__rosidl_typesupport_fastrtps_c.h
[7.094s] -- Up-to-date symlink: /home/nvidia/acfly_ws/install/mavros_msgs/include/mavros_msgs/mavros_msgs/srv/detail/file_remove_dir__rosidl_typesupport_fastrtps_c.h
[7.094s] -- Up-to-date symlink: /home/nvidia/acfly_ws/install/mavros_msgs/include/mavros_msgs/mavros_msgs/srv/detail/file_rename__rosidl_typesupport_fastrtps_c.h
[7.095s] -- Up-to-date symlink: /home/nvidia/acfly_ws/install/mavros_msgs/include/mavros_msgs/mavros_msgs/srv/detail/file_truncate__rosidl_typesupport_fastrtps_c.h
[7.095s] -- Up-to-date symlink: /home/nvidia/acfly_ws/install/mavros_msgs/include/mavros_msgs/mavros_msgs/srv/detail/file_write__rosidl_typesupport_fastrtps_c.h
[7.095s] -- Up-to-date symlink: /home/nvidia/acfly_ws/install/mavros_msgs/include/mavros_msgs/mavros_msgs/srv/detail/gimbal_get_information__rosidl_typesupport_fastrtps_c.h
[7.095s] -- Up-to-date symlink: /home/nvidia/acfly_ws/install/mavros_msgs/include/mavros_msgs/mavros_msgs/srv/detail/gimbal_manager_camera_track__rosidl_typesupport_fastrtps_c.h
[7.096s] -- Up-to-date symlink: /home/nvidia/acfly_ws/install/mavros_msgs/include/mavros_msgs/mavros_msgs/srv/detail/gimbal_manager_configure__rosidl_typesupport_fastrtps_c.h
[7.096s] -- Up-to-date symlink: /home/nvidia/acfly_ws/install/mavros_msgs/include/mavros_msgs/mavros_msgs/srv/detail/gimbal_manager_pitchyaw__rosidl_typesupport_fastrtps_c.h
[7.096s] -- Up-to-date symlink: /home/nvidia/acfly_ws/install/mavros_msgs/include/mavros_msgs/mavros_msgs/srv/detail/gimbal_manager_set_roi__rosidl_typesupport_fastrtps_c.h
[7.096s] -- Up-to-date symlink: /home/nvidia/acfly_ws/install/mavros_msgs/include/mavros_msgs/mavros_msgs/srv/detail/log_request_data__rosidl_typesupport_fastrtps_c.h
[7.096s] -- Up-to-date symlink: /home/nvidia/acfly_ws/install/mavros_msgs/include/mavros_msgs/mavros_msgs/srv/detail/log_request_end__rosidl_typesupport_fastrtps_c.h
[7.096s] -- Up-to-date symlink: /home/nvidia/acfly_ws/install/mavros_msgs/include/mavros_msgs/mavros_msgs/srv/detail/log_request_list__rosidl_typesupport_fastrtps_c.h
[7.097s] -- Up-to-date symlink: /home/nvidia/acfly_ws/install/mavros_msgs/include/mavros_msgs/mavros_msgs/srv/detail/message_interval__rosidl_typesupport_fastrtps_c.h
[7.097s] -- Up-to-date symlink: /home/nvidia/acfly_ws/install/mavros_msgs/include/mavros_msgs/mavros_msgs/srv/detail/mount_configure__rosidl_typesupport_fastrtps_c.h
[7.097s] -- Up-to-date symlink: /home/nvidia/acfly_ws/install/mavros_msgs/include/mavros_msgs/mavros_msgs/srv/detail/param_get__rosidl_typesupport_fastrtps_c.h
[7.097s] -- Up-to-date symlink: /home/nvidia/acfly_ws/install/mavros_msgs/include/mavros_msgs/mavros_msgs/srv/detail/param_pull__rosidl_typesupport_fastrtps_c.h
[7.097s] -- Up-to-date symlink: /home/nvidia/acfly_ws/install/mavros_msgs/include/mavros_msgs/mavros_msgs/srv/detail/param_push__rosidl_typesupport_fastrtps_c.h
[7.098s] -- Up-to-date symlink: /home/nvidia/acfly_ws/install/mavros_msgs/include/mavros_msgs/mavros_msgs/srv/detail/param_set__rosidl_typesupport_fastrtps_c.h
[7.098s] -- Up-to-date symlink: /home/nvidia/acfly_ws/install/mavros_msgs/include/mavros_msgs/mavros_msgs/srv/detail/param_set_v2__rosidl_typesupport_fastrtps_c.h
[7.098s] -- Up-to-date symlink: /home/nvidia/acfly_ws/install/mavros_msgs/include/mavros_msgs/mavros_msgs/srv/detail/set_mav_frame__rosidl_typesupport_fastrtps_c.h
[7.098s] -- Up-to-date symlink: /home/nvidia/acfly_ws/install/mavros_msgs/include/mavros_msgs/mavros_msgs/srv/detail/set_mode__rosidl_typesupport_fastrtps_c.h
[7.098s] -- Up-to-date symlink: /home/nvidia/acfly_ws/install/mavros_msgs/include/mavros_msgs/mavros_msgs/srv/detail/stream_rate__rosidl_typesupport_fastrtps_c.h
[7.098s] -- Up-to-date symlink: /home/nvidia/acfly_ws/install/mavros_msgs/include/mavros_msgs/mavros_msgs/srv/detail/vehicle_info_get__rosidl_typesupport_fastrtps_c.h
[7.099s] -- Up-to-date symlink: /home/nvidia/acfly_ws/install/mavros_msgs/include/mavros_msgs/mavros_msgs/srv/detail/waypoint_clear__rosidl_typesupport_fastrtps_c.h
[7.099s] -- Up-to-date symlink: /home/nvidia/acfly_ws/install/mavros_msgs/include/mavros_msgs/mavros_msgs/srv/detail/waypoint_pull__rosidl_typesupport_fastrtps_c.h
[7.099s] -- Up-to-date symlink: /home/nvidia/acfly_ws/install/mavros_msgs/include/mavros_msgs/mavros_msgs/srv/detail/waypoint_push__rosidl_typesupport_fastrtps_c.h
[7.100s] -- Up-to-date symlink: /home/nvidia/acfly_ws/install/mavros_msgs/include/mavros_msgs/mavros_msgs/srv/detail/waypoint_set_current__rosidl_typesupport_fastrtps_c.h
[7.103s] -- Up-to-date symlink: /home/nvidia/acfly_ws/install/mavros_msgs/include/mavros_msgs/mavros_msgs/msg/detail/actuator_control__rosidl_typesupport_introspection_c.h
[7.103s] -- Up-to-date symlink: /home/nvidia/acfly_ws/install/mavros_msgs/include/mavros_msgs/mavros_msgs/msg/detail/adsb_vehicle__rosidl_typesupport_introspection_c.h
[7.103s] -- Up-to-date symlink: /home/nvidia/acfly_ws/install/mavros_msgs/include/mavros_msgs/mavros_msgs/msg/detail/altitude__rosidl_typesupport_introspection_c.h
[7.104s] -- Up-to-date symlink: /home/nvidia/acfly_ws/install/mavros_msgs/include/mavros_msgs/mavros_msgs/msg/detail/attitude_target__rosidl_typesupport_introspection_c.h
[7.104s] -- Up-to-date symlink: /home/nvidia/acfly_ws/install/mavros_msgs/include/mavros_msgs/mavros_msgs/msg/detail/cam_imu_stamp__rosidl_typesupport_introspection_c.h
[7.104s] -- Up-to-date symlink: /home/nvidia/acfly_ws/install/mavros_msgs/include/mavros_msgs/mavros_msgs/msg/detail/camera_image_captured__rosidl_typesupport_introspection_c.h
[7.104s] -- Up-to-date symlink: /home/nvidia/acfly_ws/install/mavros_msgs/include/mavros_msgs/mavros_msgs/msg/detail/cellular_status__rosidl_typesupport_introspection_c.h
[7.104s] -- Up-to-date symlink: /home/nvidia/acfly_ws/install/mavros_msgs/include/mavros_msgs/mavros_msgs/msg/detail/command_code__rosidl_typesupport_introspection_c.h
[7.105s] -- Up-to-date symlink: /home/nvidia/acfly_ws/install/mavros_msgs/include/mavros_msgs/mavros_msgs/msg/detail/companion_process_status__rosidl_typesupport_introspection_c.h
[7.105s] -- Up-to-date symlink: /home/nvidia/acfly_ws/install/mavros_msgs/include/mavros_msgs/mavros_msgs/msg/detail/debug_value__rosidl_typesupport_introspection_c.h
[7.105s] -- Up-to-date symlink: /home/nvidia/acfly_ws/install/mavros_msgs/include/mavros_msgs/mavros_msgs/msg/detail/esc_info__rosidl_typesupport_introspection_c.h
[7.105s] -- Up-to-date symlink: /home/nvidia/acfly_ws/install/mavros_msgs/include/mavros_msgs/mavros_msgs/msg/detail/esc_info_item__rosidl_typesupport_introspection_c.h
[7.106s] -- Up-to-date symlink: /home/nvidia/acfly_ws/install/mavros_msgs/include/mavros_msgs/mavros_msgs/msg/detail/esc_status__rosidl_typesupport_introspection_c.h
[7.106s] -- Up-to-date symlink: /home/nvidia/acfly_ws/install/mavros_msgs/include/mavros_msgs/mavros_msgs/msg/detail/esc_status_item__rosidl_typesupport_introspection_c.h
[7.106s] -- Up-to-date symlink: /home/nvidia/acfly_ws/install/mavros_msgs/include/mavros_msgs/mavros_msgs/msg/detail/esc_telemetry__rosidl_typesupport_introspection_c.h
[7.106s] -- Up-to-date symlink: /home/nvidia/acfly_ws/install/mavros_msgs/include/mavros_msgs/mavros_msgs/msg/detail/esc_telemetry_item__rosidl_typesupport_introspection_c.h
[7.106s] -- Up-to-date symlink: /home/nvidia/acfly_ws/install/mavros_msgs/include/mavros_msgs/mavros_msgs/msg/detail/estimator_status__rosidl_typesupport_introspection_c.h
[7.107s] -- Up-to-date symlink: /home/nvidia/acfly_ws/install/mavros_msgs/include/mavros_msgs/mavros_msgs/msg/detail/extended_state__rosidl_typesupport_introspection_c.h
[7.107s] -- Up-to-date symlink: /home/nvidia/acfly_ws/install/mavros_msgs/include/mavros_msgs/mavros_msgs/msg/detail/file_entry__rosidl_typesupport_introspection_c.h
[7.107s] -- Up-to-date symlink: /home/nvidia/acfly_ws/install/mavros_msgs/include/mavros_msgs/mavros_msgs/msg/detail/gimbal_device_attitude_status__rosidl_typesupport_introspection_c.h
[7.107s] -- Up-to-date symlink: /home/nvidia/acfly_ws/install/mavros_msgs/include/mavros_msgs/mavros_msgs/msg/detail/gimbal_device_information__rosidl_typesupport_introspection_c.h
[7.107s] -- Up-to-date symlink: /home/nvidia/acfly_ws/install/mavros_msgs/include/mavros_msgs/mavros_msgs/msg/detail/gimbal_device_set_attitude__rosidl_typesupport_introspection_c.h
[7.108s] -- Up-to-date symlink: /home/nvidia/acfly_ws/install/mavros_msgs/include/mavros_msgs/mavros_msgs/msg/detail/gimbal_manager_information__rosidl_typesupport_introspection_c.h
[7.108s] -- Up-to-date symlink: /home/nvidia/acfly_ws/install/mavros_msgs/include/mavros_msgs/mavros_msgs/msg/detail/gimbal_manager_set_attitude__rosidl_typesupport_introspection_c.h
[7.108s] -- Up-to-date symlink: /home/nvidia/acfly_ws/install/mavros_msgs/include/mavros_msgs/mavros_msgs/msg/detail/gimbal_manager_set_pitchyaw__rosidl_typesupport_introspection_c.h
[7.108s] -- Up-to-date symlink: /home/nvidia/acfly_ws/install/mavros_msgs/include/mavros_msgs/mavros_msgs/msg/detail/gimbal_manager_status__rosidl_typesupport_introspection_c.h
[7.108s] -- Up-to-date symlink: /home/nvidia/acfly_ws/install/mavros_msgs/include/mavros_msgs/mavros_msgs/msg/detail/global_position_target__rosidl_typesupport_introspection_c.h
[7.109s] -- Up-to-date symlink: /home/nvidia/acfly_ws/install/mavros_msgs/include/mavros_msgs/mavros_msgs/msg/detail/gpsinput__rosidl_typesupport_introspection_c.h
[7.109s] -- Up-to-date symlink: /home/nvidia/acfly_ws/install/mavros_msgs/include/mavros_msgs/mavros_msgs/msg/detail/gpsraw__rosidl_typesupport_introspection_c.h
[7.109s] -- Up-to-date symlink: /home/nvidia/acfly_ws/install/mavros_msgs/include/mavros_msgs/mavros_msgs/msg/detail/gpsrtk__rosidl_typesupport_introspection_c.h
[7.109s] -- Up-to-date symlink: /home/nvidia/acfly_ws/install/mavros_msgs/include/mavros_msgs/mavros_msgs/msg/detail/hil_actuator_controls__rosidl_typesupport_introspection_c.h
[7.109s] -- Up-to-date symlink: /home/nvidia/acfly_ws/install/mavros_msgs/include/mavros_msgs/mavros_msgs/msg/detail/hil_controls__rosidl_typesupport_introspection_c.h
[7.109s] -- Up-to-date symlink: /home/nvidia/acfly_ws/install/mavros_msgs/include/mavros_msgs/mavros_msgs/msg/detail/hil_gps__rosidl_typesupport_introspection_c.h
[7.110s] -- Up-to-date symlink: /home/nvidia/acfly_ws/install/mavros_msgs/include/mavros_msgs/mavros_msgs/msg/detail/hil_sensor__rosidl_typesupport_introspection_c.h
[7.110s] -- Up-to-date symlink: /home/nvidia/acfly_ws/install/mavros_msgs/include/mavros_msgs/mavros_msgs/msg/detail/hil_state_quaternion__rosidl_typesupport_introspection_c.h
[7.110s] -- Up-to-date symlink: /home/nvidia/acfly_ws/install/mavros_msgs/include/mavros_msgs/mavros_msgs/msg/detail/home_position__rosidl_typesupport_introspection_c.h
[7.110s] -- Up-to-date symlink: /home/nvidia/acfly_ws/install/mavros_msgs/include/mavros_msgs/mavros_msgs/msg/detail/landing_target__rosidl_typesupport_introspection_c.h
[7.110s] -- Up-to-date symlink: /home/nvidia/acfly_ws/install/mavros_msgs/include/mavros_msgs/mavros_msgs/msg/detail/log_data__rosidl_typesupport_introspection_c.h
[7.111s] -- Up-to-date symlink: /home/nvidia/acfly_ws/install/mavros_msgs/include/mavros_msgs/mavros_msgs/msg/detail/log_entry__rosidl_typesupport_introspection_c.h
[7.111s] -- Up-to-date symlink: /home/nvidia/acfly_ws/install/mavros_msgs/include/mavros_msgs/mavros_msgs/msg/detail/magnetometer_reporter__rosidl_typesupport_introspection_c.h
[7.111s] -- Up-to-date symlink: /home/nvidia/acfly_ws/install/mavros_msgs/include/mavros_msgs/mavros_msgs/msg/detail/manual_control__rosidl_typesupport_introspection_c.h
[7.111s] -- Up-to-date symlink: /home/nvidia/acfly_ws/install/mavros_msgs/include/mavros_msgs/mavros_msgs/msg/detail/mavlink__rosidl_typesupport_introspection_c.h
[7.111s] -- Up-to-date symlink: /home/nvidia/acfly_ws/install/mavros_msgs/include/mavros_msgs/mavros_msgs/msg/detail/mount_control__rosidl_typesupport_introspection_c.h
[7.111s] -- Up-to-date symlink: /home/nvidia/acfly_ws/install/mavros_msgs/include/mavros_msgs/mavros_msgs/msg/detail/nav_controller_output__rosidl_typesupport_introspection_c.h
[7.112s] -- Up-to-date symlink: /home/nvidia/acfly_ws/install/mavros_msgs/include/mavros_msgs/mavros_msgs/msg/detail/onboard_computer_status__rosidl_typesupport_introspection_c.h
[7.112s] -- Up-to-date symlink: /home/nvidia/acfly_ws/install/mavros_msgs/include/mavros_msgs/mavros_msgs/msg/detail/open_drone_id_basic_id__rosidl_typesupport_introspection_c.h
[7.112s] -- Up-to-date symlink: /home/nvidia/acfly_ws/install/mavros_msgs/include/mavros_msgs/mavros_msgs/msg/detail/open_drone_id_operator_id__rosidl_typesupport_introspection_c.h
[7.112s] -- Up-to-date symlink: /home/nvidia/acfly_ws/install/mavros_msgs/include/mavros_msgs/mavros_msgs/msg/detail/open_drone_id_self_id__rosidl_typesupport_introspection_c.h
[7.112s] -- Up-to-date symlink: /home/nvidia/acfly_ws/install/mavros_msgs/include/mavros_msgs/mavros_msgs/msg/detail/open_drone_id_system__rosidl_typesupport_introspection_c.h
[7.112s] -- Up-to-date symlink: /home/nvidia/acfly_ws/install/mavros_msgs/include/mavros_msgs/mavros_msgs/msg/detail/open_drone_id_system_update__rosidl_typesupport_introspection_c.h
[7.113s] -- Up-to-date symlink: /home/nvidia/acfly_ws/install/mavros_msgs/include/mavros_msgs/mavros_msgs/msg/detail/optical_flow__rosidl_typesupport_introspection_c.h
[7.113s] -- Up-to-date symlink: /home/nvidia/acfly_ws/install/mavros_msgs/include/mavros_msgs/mavros_msgs/msg/detail/optical_flow_rad__rosidl_typesupport_introspection_c.h
[7.113s] -- Up-to-date symlink: /home/nvidia/acfly_ws/install/mavros_msgs/include/mavros_msgs/mavros_msgs/msg/detail/override_rc_in__rosidl_typesupport_introspection_c.h
[7.113s] -- Up-to-date symlink: /home/nvidia/acfly_ws/install/mavros_msgs/include/mavros_msgs/mavros_msgs/msg/detail/param__rosidl_typesupport_introspection_c.h
[7.113s] -- Up-to-date symlink: /home/nvidia/acfly_ws/install/mavros_msgs/include/mavros_msgs/mavros_msgs/msg/detail/param_event__rosidl_typesupport_introspection_c.h
[7.113s] -- Up-to-date symlink: /home/nvidia/acfly_ws/install/mavros_msgs/include/mavros_msgs/mavros_msgs/msg/detail/param_value__rosidl_typesupport_introspection_c.h
[7.114s] -- Up-to-date symlink: /home/nvidia/acfly_ws/install/mavros_msgs/include/mavros_msgs/mavros_msgs/msg/detail/play_tune_v2__rosidl_typesupport_introspection_c.h
[7.114s] -- Up-to-date symlink: /home/nvidia/acfly_ws/install/mavros_msgs/include/mavros_msgs/mavros_msgs/msg/detail/position_target__rosidl_typesupport_introspection_c.h
[7.114s] -- Up-to-date symlink: /home/nvidia/acfly_ws/install/mavros_msgs/include/mavros_msgs/mavros_msgs/msg/detail/radio_status__rosidl_typesupport_introspection_c.h
[7.114s] -- Up-to-date symlink: /home/nvidia/acfly_ws/install/mavros_msgs/include/mavros_msgs/mavros_msgs/msg/detail/rc_in__rosidl_typesupport_introspection_c.h
[7.114s] -- Up-to-date symlink: /home/nvidia/acfly_ws/install/mavros_msgs/include/mavros_msgs/mavros_msgs/msg/detail/rc_out__rosidl_typesupport_introspection_c.h
[7.114s] -- Up-to-date symlink: /home/nvidia/acfly_ws/install/mavros_msgs/include/mavros_msgs/mavros_msgs/msg/detail/rtcm__rosidl_typesupport_introspection_c.h
[7.115s] -- Up-to-date symlink: /home/nvidia/acfly_ws/install/mavros_msgs/include/mavros_msgs/mavros_msgs/msg/detail/rtk_baseline__rosidl_typesupport_introspection_c.h
[7.115s] -- Up-to-date symlink: /home/nvidia/acfly_ws/install/mavros_msgs/include/mavros_msgs/mavros_msgs/msg/detail/state__rosidl_typesupport_introspection_c.h
[7.115s] -- Up-to-date symlink: /home/nvidia/acfly_ws/install/mavros_msgs/include/mavros_msgs/mavros_msgs/msg/detail/status_event__rosidl_typesupport_introspection_c.h
[7.115s] -- Up-to-date symlink: /home/nvidia/acfly_ws/install/mavros_msgs/include/mavros_msgs/mavros_msgs/msg/detail/status_text__rosidl_typesupport_introspection_c.h
[7.115s] -- Up-to-date symlink: /home/nvidia/acfly_ws/install/mavros_msgs/include/mavros_msgs/mavros_msgs/msg/detail/sys_status__rosidl_typesupport_introspection_c.h
[7.115s] -- Up-to-date symlink: /home/nvidia/acfly_ws/install/mavros_msgs/include/mavros_msgs/mavros_msgs/msg/detail/terrain_report__rosidl_typesupport_introspection_c.h
[7.116s] -- Up-to-date symlink: /home/nvidia/acfly_ws/install/mavros_msgs/include/mavros_msgs/mavros_msgs/msg/detail/thrust__rosidl_typesupport_introspection_c.h
[7.116s] -- Up-to-date symlink: /home/nvidia/acfly_ws/install/mavros_msgs/include/mavros_msgs/mavros_msgs/msg/detail/timesync_status__rosidl_typesupport_introspection_c.h
[7.116s] -- Up-to-date symlink: /home/nvidia/acfly_ws/install/mavros_msgs/include/mavros_msgs/mavros_msgs/msg/detail/trajectory__rosidl_typesupport_introspection_c.h
[7.116s] -- Up-to-date symlink: /home/nvidia/acfly_ws/install/mavros_msgs/include/mavros_msgs/mavros_msgs/msg/detail/tunnel__rosidl_typesupport_introspection_c.h
[7.117s] -- Up-to-date symlink: /home/nvidia/acfly_ws/install/mavros_msgs/include/mavros_msgs/mavros_msgs/msg/detail/vehicle_info__rosidl_typesupport_introspection_c.h
[7.117s] -- Up-to-date symlink: /home/nvidia/acfly_ws/install/mavros_msgs/include/mavros_msgs/mavros_msgs/msg/detail/vfr_hud__rosidl_typesupport_introspection_c.h
[7.117s] -- Up-to-date symlink: /home/nvidia/acfly_ws/install/mavros_msgs/include/mavros_msgs/mavros_msgs/msg/detail/vibration__rosidl_typesupport_introspection_c.h
[7.117s] -- Up-to-date symlink: /home/nvidia/acfly_ws/install/mavros_msgs/include/mavros_msgs/mavros_msgs/msg/detail/waypoint__rosidl_typesupport_introspection_c.h
[7.117s] -- Up-to-date symlink: /home/nvidia/acfly_ws/install/mavros_msgs/include/mavros_msgs/mavros_msgs/msg/detail/waypoint_list__rosidl_typesupport_introspection_c.h
[7.117s] -- Up-to-date symlink: /home/nvidia/acfly_ws/install/mavros_msgs/include/mavros_msgs/mavros_msgs/msg/detail/waypoint_reached__rosidl_typesupport_introspection_c.h
[7.118s] -- Up-to-date symlink: /home/nvidia/acfly_ws/install/mavros_msgs/include/mavros_msgs/mavros_msgs/msg/detail/wheel_odom_stamped__rosidl_typesupport_introspection_c.h
[7.118s] -- Up-to-date symlink: /home/nvidia/acfly_ws/install/mavros_msgs/include/mavros_msgs/mavros_msgs/msg/rosidl_typesupport_introspection_c__visibility_control.h
[7.118s] -- Up-to-date symlink: /home/nvidia/acfly_ws/install/mavros_msgs/include/mavros_msgs/mavros_msgs/srv/detail/command_ack__rosidl_typesupport_introspection_c.h
[7.118s] -- Up-to-date symlink: /home/nvidia/acfly_ws/install/mavros_msgs/include/mavros_msgs/mavros_msgs/srv/detail/command_bool__rosidl_typesupport_introspection_c.h
[7.118s] -- Up-to-date symlink: /home/nvidia/acfly_ws/install/mavros_msgs/include/mavros_msgs/mavros_msgs/srv/detail/command_home__rosidl_typesupport_introspection_c.h
[7.118s] -- Up-to-date symlink: /home/nvidia/acfly_ws/install/mavros_msgs/include/mavros_msgs/mavros_msgs/srv/detail/command_int__rosidl_typesupport_introspection_c.h
[7.119s] -- Up-to-date symlink: /home/nvidia/acfly_ws/install/mavros_msgs/include/mavros_msgs/mavros_msgs/srv/detail/command_long__rosidl_typesupport_introspection_c.h
[7.119s] -- Up-to-date symlink: /home/nvidia/acfly_ws/install/mavros_msgs/include/mavros_msgs/mavros_msgs/srv/detail/command_tol__rosidl_typesupport_introspection_c.h
[7.119s] -- Up-to-date symlink: /home/nvidia/acfly_ws/install/mavros_msgs/include/mavros_msgs/mavros_msgs/srv/detail/command_tol_local__rosidl_typesupport_introspection_c.h
[7.119s] -- Up-to-date symlink: /home/nvidia/acfly_ws/install/mavros_msgs/include/mavros_msgs/mavros_msgs/srv/detail/command_trigger_control__rosidl_typesupport_introspection_c.h
[7.119s] -- Up-to-date symlink: /home/nvidia/acfly_ws/install/mavros_msgs/include/mavros_msgs/mavros_msgs/srv/detail/command_trigger_interval__rosidl_typesupport_introspection_c.h
[7.119s] -- Up-to-date symlink: /home/nvidia/acfly_ws/install/mavros_msgs/include/mavros_msgs/mavros_msgs/srv/detail/command_vtol_transition__rosidl_typesupport_introspection_c.h
[7.120s] -- Up-to-date symlink: /home/nvidia/acfly_ws/install/mavros_msgs/include/mavros_msgs/mavros_msgs/srv/detail/endpoint_add__rosidl_typesupport_introspection_c.h
[7.120s] -- Up-to-date symlink: /home/nvidia/acfly_ws/install/mavros_msgs/include/mavros_msgs/mavros_msgs/srv/detail/endpoint_del__rosidl_typesupport_introspection_c.h
[7.120s] -- Up-to-date symlink: /home/nvidia/acfly_ws/install/mavros_msgs/include/mavros_msgs/mavros_msgs/srv/detail/file_checksum__rosidl_typesupport_introspection_c.h
[7.120s] -- Up-to-date symlink: /home/nvidia/acfly_ws/install/mavros_msgs/include/mavros_msgs/mavros_msgs/srv/detail/file_close__rosidl_typesupport_introspection_c.h
[7.120s] -- Up-to-date symlink: /home/nvidia/acfly_ws/install/mavros_msgs/include/mavros_msgs/mavros_msgs/srv/detail/file_list__rosidl_typesupport_introspection_c.h
[7.120s] -- Up-to-date symlink: /home/nvidia/acfly_ws/install/mavros_msgs/include/mavros_msgs/mavros_msgs/srv/detail/file_make_dir__rosidl_typesupport_introspection_c.h
[7.121s] -- Up-to-date symlink: /home/nvidia/acfly_ws/install/mavros_msgs/include/mavros_msgs/mavros_msgs/srv/detail/file_open__rosidl_typesupport_introspection_c.h
[7.121s] -- Up-to-date symlink: /home/nvidia/acfly_ws/install/mavros_msgs/include/mavros_msgs/mavros_msgs/srv/detail/file_read__rosidl_typesupport_introspection_c.h
[7.121s] -- Up-to-date symlink: /home/nvidia/acfly_ws/install/mavros_msgs/include/mavros_msgs/mavros_msgs/srv/detail/file_remove__rosidl_typesupport_introspection_c.h
[7.121s] -- Up-to-date symlink: /home/nvidia/acfly_ws/install/mavros_msgs/include/mavros_msgs/mavros_msgs/srv/detail/file_remove_dir__rosidl_typesupport_introspection_c.h
[7.121s] -- Up-to-date symlink: /home/nvidia/acfly_ws/install/mavros_msgs/include/mavros_msgs/mavros_msgs/srv/detail/file_rename__rosidl_typesupport_introspection_c.h
[7.121s] -- Up-to-date symlink: /home/nvidia/acfly_ws/install/mavros_msgs/include/mavros_msgs/mavros_msgs/srv/detail/file_truncate__rosidl_typesupport_introspection_c.h
[7.122s] -- Up-to-date symlink: /home/nvidia/acfly_ws/install/mavros_msgs/include/mavros_msgs/mavros_msgs/srv/detail/file_write__rosidl_typesupport_introspection_c.h
[7.122s] -- Up-to-date symlink: /home/nvidia/acfly_ws/install/mavros_msgs/include/mavros_msgs/mavros_msgs/srv/detail/gimbal_get_information__rosidl_typesupport_introspection_c.h
[7.122s] -- Up-to-date symlink: /home/nvidia/acfly_ws/install/mavros_msgs/include/mavros_msgs/mavros_msgs/srv/detail/gimbal_manager_camera_track__rosidl_typesupport_introspection_c.h
[7.122s] -- Up-to-date symlink: /home/nvidia/acfly_ws/install/mavros_msgs/include/mavros_msgs/mavros_msgs/srv/detail/gimbal_manager_configure__rosidl_typesupport_introspection_c.h
[7.122s] -- Up-to-date symlink: /home/nvidia/acfly_ws/install/mavros_msgs/include/mavros_msgs/mavros_msgs/srv/detail/gimbal_manager_pitchyaw__rosidl_typesupport_introspection_c.h
[7.122s] -- Up-to-date symlink: /home/nvidia/acfly_ws/install/mavros_msgs/include/mavros_msgs/mavros_msgs/srv/detail/gimbal_manager_set_roi__rosidl_typesupport_introspection_c.h
[7.123s] -- Up-to-date symlink: /home/nvidia/acfly_ws/install/mavros_msgs/include/mavros_msgs/mavros_msgs/srv/detail/log_request_data__rosidl_typesupport_introspection_c.h
[7.123s] -- Up-to-date symlink: /home/nvidia/acfly_ws/install/mavros_msgs/include/mavros_msgs/mavros_msgs/srv/detail/log_request_end__rosidl_typesupport_introspection_c.h
[7.123s] -- Up-to-date symlink: /home/nvidia/acfly_ws/install/mavros_msgs/include/mavros_msgs/mavros_msgs/srv/detail/log_request_list__rosidl_typesupport_introspection_c.h
[7.123s] -- Up-to-date symlink: /home/nvidia/acfly_ws/install/mavros_msgs/include/mavros_msgs/mavros_msgs/srv/detail/message_interval__rosidl_typesupport_introspection_c.h
[7.123s] -- Up-to-date symlink: /home/nvidia/acfly_ws/install/mavros_msgs/include/mavros_msgs/mavros_msgs/srv/detail/mount_configure__rosidl_typesupport_introspection_c.h
[7.124s] -- Up-to-date symlink: /home/nvidia/acfly_ws/install/mavros_msgs/include/mavros_msgs/mavros_msgs/srv/detail/param_get__rosidl_typesupport_introspection_c.h
[7.124s] -- Up-to-date symlink: /home/nvidia/acfly_ws/install/mavros_msgs/include/mavros_msgs/mavros_msgs/srv/detail/param_pull__rosidl_typesupport_introspection_c.h
[7.124s] -- Up-to-date symlink: /home/nvidia/acfly_ws/install/mavros_msgs/include/mavros_msgs/mavros_msgs/srv/detail/param_push__rosidl_typesupport_introspection_c.h
[7.124s] -- Up-to-date symlink: /home/nvidia/acfly_ws/install/mavros_msgs/include/mavros_msgs/mavros_msgs/srv/detail/param_set__rosidl_typesupport_introspection_c.h
[7.124s] -- Up-to-date symlink: /home/nvidia/acfly_ws/install/mavros_msgs/include/mavros_msgs/mavros_msgs/srv/detail/param_set_v2__rosidl_typesupport_introspection_c.h
[7.124s] -- Up-to-date symlink: /home/nvidia/acfly_ws/install/mavros_msgs/include/mavros_msgs/mavros_msgs/srv/detail/set_mav_frame__rosidl_typesupport_introspection_c.h
[7.125s] -- Up-to-date symlink: /home/nvidia/acfly_ws/install/mavros_msgs/include/mavros_msgs/mavros_msgs/srv/detail/set_mode__rosidl_typesupport_introspection_c.h
[7.125s] -- Up-to-date symlink: /home/nvidia/acfly_ws/install/mavros_msgs/include/mavros_msgs/mavros_msgs/srv/detail/stream_rate__rosidl_typesupport_introspection_c.h
[7.125s] -- Up-to-date symlink: /home/nvidia/acfly_ws/install/mavros_msgs/include/mavros_msgs/mavros_msgs/srv/detail/vehicle_info_get__rosidl_typesupport_introspection_c.h
[7.125s] -- Up-to-date symlink: /home/nvidia/acfly_ws/install/mavros_msgs/include/mavros_msgs/mavros_msgs/srv/detail/waypoint_clear__rosidl_typesupport_introspection_c.h
[7.125s] -- Up-to-date symlink: /home/nvidia/acfly_ws/install/mavros_msgs/include/mavros_msgs/mavros_msgs/srv/detail/waypoint_pull__rosidl_typesupport_introspection_c.h
[7.126s] -- Up-to-date symlink: /home/nvidia/acfly_ws/install/mavros_msgs/include/mavros_msgs/mavros_msgs/srv/detail/waypoint_push__rosidl_typesupport_introspection_c.h
[7.126s] -- Up-to-date symlink: /home/nvidia/acfly_ws/install/mavros_msgs/include/mavros_msgs/mavros_msgs/srv/detail/waypoint_set_current__rosidl_typesupport_introspection_c.h
[7.134s] -- Up-to-date symlink: /home/nvidia/acfly_ws/install/mavros_msgs/include/mavros_msgs/mavros_msgs/msg/actuator_control.hpp
[7.134s] -- Up-to-date symlink: /home/nvidia/acfly_ws/install/mavros_msgs/include/mavros_msgs/mavros_msgs/msg/adsb_vehicle.hpp
[7.134s] -- Up-to-date symlink: /home/nvidia/acfly_ws/install/mavros_msgs/include/mavros_msgs/mavros_msgs/msg/altitude.hpp
[7.134s] -- Up-to-date symlink: /home/nvidia/acfly_ws/install/mavros_msgs/include/mavros_msgs/mavros_msgs/msg/attitude_target.hpp
[7.135s] -- Up-to-date symlink: /home/nvidia/acfly_ws/install/mavros_msgs/include/mavros_msgs/mavros_msgs/msg/cam_imu_stamp.hpp
[7.135s] -- Up-to-date symlink: /home/nvidia/acfly_ws/install/mavros_msgs/include/mavros_msgs/mavros_msgs/msg/camera_image_captured.hpp
[7.135s] -- Up-to-date symlink: /home/nvidia/acfly_ws/install/mavros_msgs/include/mavros_msgs/mavros_msgs/msg/cellular_status.hpp
[7.135s] -- Up-to-date symlink: /home/nvidia/acfly_ws/install/mavros_msgs/include/mavros_msgs/mavros_msgs/msg/command_code.hpp
[7.135s] -- Up-to-date symlink: /home/nvidia/acfly_ws/install/mavros_msgs/include/mavros_msgs/mavros_msgs/msg/companion_process_status.hpp
[7.135s] -- Up-to-date symlink: /home/nvidia/acfly_ws/install/mavros_msgs/include/mavros_msgs/mavros_msgs/msg/debug_value.hpp
[7.136s] -- Up-to-date symlink: /home/nvidia/acfly_ws/install/mavros_msgs/include/mavros_msgs/mavros_msgs/msg/detail/actuator_control__builder.hpp
[7.136s] -- Up-to-date symlink: /home/nvidia/acfly_ws/install/mavros_msgs/include/mavros_msgs/mavros_msgs/msg/detail/actuator_control__struct.hpp
[7.136s] -- Up-to-date symlink: /home/nvidia/acfly_ws/install/mavros_msgs/include/mavros_msgs/mavros_msgs/msg/detail/actuator_control__traits.hpp
[7.136s] -- Up-to-date symlink: /home/nvidia/acfly_ws/install/mavros_msgs/include/mavros_msgs/mavros_msgs/msg/detail/actuator_control__type_support.hpp
[7.136s] -- Up-to-date symlink: /home/nvidia/acfly_ws/install/mavros_msgs/include/mavros_msgs/mavros_msgs/msg/detail/adsb_vehicle__builder.hpp
[7.136s] -- Up-to-date symlink: /home/nvidia/acfly_ws/install/mavros_msgs/include/mavros_msgs/mavros_msgs/msg/detail/adsb_vehicle__struct.hpp
[7.137s] -- Up-to-date symlink: /home/nvidia/acfly_ws/install/mavros_msgs/include/mavros_msgs/mavros_msgs/msg/detail/adsb_vehicle__traits.hpp
[7.137s] -- Up-to-date symlink: /home/nvidia/acfly_ws/install/mavros_msgs/include/mavros_msgs/mavros_msgs/msg/detail/adsb_vehicle__type_support.hpp
[7.137s] -- Up-to-date symlink: /home/nvidia/acfly_ws/install/mavros_msgs/include/mavros_msgs/mavros_msgs/msg/detail/altitude__builder.hpp
[7.137s] -- Up-to-date symlink: /home/nvidia/acfly_ws/install/mavros_msgs/include/mavros_msgs/mavros_msgs/msg/detail/altitude__struct.hpp
[7.137s] -- Up-to-date symlink: /home/nvidia/acfly_ws/install/mavros_msgs/include/mavros_msgs/mavros_msgs/msg/detail/altitude__traits.hpp
[7.137s] -- Up-to-date symlink: /home/nvidia/acfly_ws/install/mavros_msgs/include/mavros_msgs/mavros_msgs/msg/detail/altitude__type_support.hpp
[7.138s] -- Up-to-date symlink: /home/nvidia/acfly_ws/install/mavros_msgs/include/mavros_msgs/mavros_msgs/msg/detail/attitude_target__builder.hpp
[7.138s] -- Up-to-date symlink: /home/nvidia/acfly_ws/install/mavros_msgs/include/mavros_msgs/mavros_msgs/msg/detail/attitude_target__struct.hpp
[7.138s] -- Up-to-date symlink: /home/nvidia/acfly_ws/install/mavros_msgs/include/mavros_msgs/mavros_msgs/msg/detail/attitude_target__traits.hpp
[7.138s] -- Up-to-date symlink: /home/nvidia/acfly_ws/install/mavros_msgs/include/mavros_msgs/mavros_msgs/msg/detail/attitude_target__type_support.hpp
[7.138s] -- Up-to-date symlink: /home/nvidia/acfly_ws/install/mavros_msgs/include/mavros_msgs/mavros_msgs/msg/detail/cam_imu_stamp__builder.hpp
[7.139s] -- Up-to-date symlink: /home/nvidia/acfly_ws/install/mavros_msgs/include/mavros_msgs/mavros_msgs/msg/detail/cam_imu_stamp__struct.hpp
[7.140s] -- Up-to-date symlink: /home/nvidia/acfly_ws/install/mavros_msgs/include/mavros_msgs/mavros_msgs/msg/detail/cam_imu_stamp__traits.hpp
[7.140s] -- Up-to-date symlink: /home/nvidia/acfly_ws/install/mavros_msgs/include/mavros_msgs/mavros_msgs/msg/detail/cam_imu_stamp__type_support.hpp
[7.140s] -- Up-to-date symlink: /home/nvidia/acfly_ws/install/mavros_msgs/include/mavros_msgs/mavros_msgs/msg/detail/camera_image_captured__builder.hpp
[7.140s] -- Up-to-date symlink: /home/nvidia/acfly_ws/install/mavros_msgs/include/mavros_msgs/mavros_msgs/msg/detail/camera_image_captured__struct.hpp
[7.141s] -- Up-to-date symlink: /home/nvidia/acfly_ws/install/mavros_msgs/include/mavros_msgs/mavros_msgs/msg/detail/camera_image_captured__traits.hpp
[7.141s] -- Up-to-date symlink: /home/nvidia/acfly_ws/install/mavros_msgs/include/mavros_msgs/mavros_msgs/msg/detail/camera_image_captured__type_support.hpp
[7.141s] -- Up-to-date symlink: /home/nvidia/acfly_ws/install/mavros_msgs/include/mavros_msgs/mavros_msgs/msg/detail/cellular_status__builder.hpp
[7.141s] -- Up-to-date symlink: /home/nvidia/acfly_ws/install/mavros_msgs/include/mavros_msgs/mavros_msgs/msg/detail/cellular_status__struct.hpp
[7.141s] -- Up-to-date symlink: /home/nvidia/acfly_ws/install/mavros_msgs/include/mavros_msgs/mavros_msgs/msg/detail/cellular_status__traits.hpp
[7.142s] -- Up-to-date symlink: /home/nvidia/acfly_ws/install/mavros_msgs/include/mavros_msgs/mavros_msgs/msg/detail/cellular_status__type_support.hpp
[7.142s] -- Up-to-date symlink: /home/nvidia/acfly_ws/install/mavros_msgs/include/mavros_msgs/mavros_msgs/msg/detail/command_code__builder.hpp
[7.142s] -- Up-to-date symlink: /home/nvidia/acfly_ws/install/mavros_msgs/include/mavros_msgs/mavros_msgs/msg/detail/command_code__struct.hpp
[7.142s] -- Up-to-date symlink: /home/nvidia/acfly_ws/install/mavros_msgs/include/mavros_msgs/mavros_msgs/msg/detail/command_code__traits.hpp
[7.142s] -- Up-to-date symlink: /home/nvidia/acfly_ws/install/mavros_msgs/include/mavros_msgs/mavros_msgs/msg/detail/command_code__type_support.hpp
[7.142s] -- Up-to-date symlink: /home/nvidia/acfly_ws/install/mavros_msgs/include/mavros_msgs/mavros_msgs/msg/detail/companion_process_status__builder.hpp
[7.142s] -- Up-to-date symlink: /home/nvidia/acfly_ws/install/mavros_msgs/include/mavros_msgs/mavros_msgs/msg/detail/companion_process_status__struct.hpp
[7.143s] -- Up-to-date symlink: /home/nvidia/acfly_ws/install/mavros_msgs/include/mavros_msgs/mavros_msgs/msg/detail/companion_process_status__traits.hpp
[7.143s] -- Up-to-date symlink: /home/nvidia/acfly_ws/install/mavros_msgs/include/mavros_msgs/mavros_msgs/msg/detail/companion_process_status__type_support.hpp
[7.143s] -- Up-to-date symlink: /home/nvidia/acfly_ws/install/mavros_msgs/include/mavros_msgs/mavros_msgs/msg/detail/debug_value__builder.hpp
[7.144s] -- Up-to-date symlink: /home/nvidia/acfly_ws/install/mavros_msgs/include/mavros_msgs/mavros_msgs/msg/detail/debug_value__struct.hpp
[7.144s] -- Up-to-date symlink: /home/nvidia/acfly_ws/install/mavros_msgs/include/mavros_msgs/mavros_msgs/msg/detail/debug_value__traits.hpp
[7.144s] -- Up-to-date symlink: /home/nvidia/acfly_ws/install/mavros_msgs/include/mavros_msgs/mavros_msgs/msg/detail/debug_value__type_support.hpp
[7.146s] -- Up-to-date symlink: /home/nvidia/acfly_ws/install/mavros_msgs/include/mavros_msgs/mavros_msgs/msg/detail/esc_info__builder.hpp
[7.146s] -- Up-to-date symlink: /home/nvidia/acfly_ws/install/mavros_msgs/include/mavros_msgs/mavros_msgs/msg/detail/esc_info__struct.hpp
[7.146s] -- Up-to-date symlink: /home/nvidia/acfly_ws/install/mavros_msgs/include/mavros_msgs/mavros_msgs/msg/detail/esc_info__traits.hpp
[7.147s] -- Up-to-date symlink: /home/nvidia/acfly_ws/install/mavros_msgs/include/mavros_msgs/mavros_msgs/msg/detail/esc_info__type_support.hpp
[7.147s] -- Up-to-date symlink: /home/nvidia/acfly_ws/install/mavros_msgs/include/mavros_msgs/mavros_msgs/msg/detail/esc_info_item__builder.hpp
[7.147s] -- Up-to-date symlink: /home/nvidia/acfly_ws/install/mavros_msgs/include/mavros_msgs/mavros_msgs/msg/detail/esc_info_item__struct.hpp
[7.147s] -- Up-to-date symlink: /home/nvidia/acfly_ws/install/mavros_msgs/include/mavros_msgs/mavros_msgs/msg/detail/esc_info_item__traits.hpp
[7.147s] -- Up-to-date symlink: /home/nvidia/acfly_ws/install/mavros_msgs/include/mavros_msgs/mavros_msgs/msg/detail/esc_info_item__type_support.hpp
[7.147s] -- Up-to-date symlink: /home/nvidia/acfly_ws/install/mavros_msgs/include/mavros_msgs/mavros_msgs/msg/detail/esc_status__builder.hpp
[7.148s] -- Up-to-date symlink: /home/nvidia/acfly_ws/install/mavros_msgs/include/mavros_msgs/mavros_msgs/msg/detail/esc_status__struct.hpp
[7.148s] -- Up-to-date symlink: /home/nvidia/acfly_ws/install/mavros_msgs/include/mavros_msgs/mavros_msgs/msg/detail/esc_status__traits.hpp
[7.148s] -- Up-to-date symlink: /home/nvidia/acfly_ws/install/mavros_msgs/include/mavros_msgs/mavros_msgs/msg/detail/esc_status__type_support.hpp
[7.149s] -- Up-to-date symlink: /home/nvidia/acfly_ws/install/mavros_msgs/include/mavros_msgs/mavros_msgs/msg/detail/esc_status_item__builder.hpp
[7.149s] -- Up-to-date symlink: /home/nvidia/acfly_ws/install/mavros_msgs/include/mavros_msgs/mavros_msgs/msg/detail/esc_status_item__struct.hpp
[7.149s] -- Up-to-date symlink: /home/nvidia/acfly_ws/install/mavros_msgs/include/mavros_msgs/mavros_msgs/msg/detail/esc_status_item__traits.hpp
[7.150s] -- Up-to-date symlink: /home/nvidia/acfly_ws/install/mavros_msgs/include/mavros_msgs/mavros_msgs/msg/detail/esc_status_item__type_support.hpp
[7.150s] -- Up-to-date symlink: /home/nvidia/acfly_ws/install/mavros_msgs/include/mavros_msgs/mavros_msgs/msg/detail/esc_telemetry__builder.hpp
[7.150s] -- Up-to-date symlink: /home/nvidia/acfly_ws/install/mavros_msgs/include/mavros_msgs/mavros_msgs/msg/detail/esc_telemetry__struct.hpp
[7.151s] -- Up-to-date symlink: /home/nvidia/acfly_ws/install/mavros_msgs/include/mavros_msgs/mavros_msgs/msg/detail/esc_telemetry__traits.hpp
[7.151s] -- Up-to-date symlink: /home/nvidia/acfly_ws/install/mavros_msgs/include/mavros_msgs/mavros_msgs/msg/detail/esc_telemetry__type_support.hpp
[7.151s] -- Up-to-date symlink: /home/nvidia/acfly_ws/install/mavros_msgs/include/mavros_msgs/mavros_msgs/msg/detail/esc_telemetry_item__builder.hpp
[7.152s] -- Up-to-date symlink: /home/nvidia/acfly_ws/install/mavros_msgs/include/mavros_msgs/mavros_msgs/msg/detail/esc_telemetry_item__struct.hpp
[7.152s] -- Up-to-date symlink: /home/nvidia/acfly_ws/install/mavros_msgs/include/mavros_msgs/mavros_msgs/msg/detail/esc_telemetry_item__traits.hpp
[7.152s] -- Up-to-date symlink: /home/nvidia/acfly_ws/install/mavros_msgs/include/mavros_msgs/mavros_msgs/msg/detail/esc_telemetry_item__type_support.hpp
[7.153s] -- Up-to-date symlink: /home/nvidia/acfly_ws/install/mavros_msgs/include/mavros_msgs/mavros_msgs/msg/detail/estimator_status__builder.hpp
[7.153s] -- Up-to-date symlink: /home/nvidia/acfly_ws/install/mavros_msgs/include/mavros_msgs/mavros_msgs/msg/detail/estimator_status__struct.hpp
[7.153s] -- Up-to-date symlink: /home/nvidia/acfly_ws/install/mavros_msgs/include/mavros_msgs/mavros_msgs/msg/detail/estimator_status__traits.hpp
[7.154s] -- Up-to-date symlink: /home/nvidia/acfly_ws/install/mavros_msgs/include/mavros_msgs/mavros_msgs/msg/detail/estimator_status__type_support.hpp
[7.154s] -- Up-to-date symlink: /home/nvidia/acfly_ws/install/mavros_msgs/include/mavros_msgs/mavros_msgs/msg/detail/extended_state__builder.hpp
[7.154s] -- Up-to-date symlink: /home/nvidia/acfly_ws/install/mavros_msgs/include/mavros_msgs/mavros_msgs/msg/detail/extended_state__struct.hpp
[7.154s] -- Up-to-date symlink: /home/nvidia/acfly_ws/install/mavros_msgs/include/mavros_msgs/mavros_msgs/msg/detail/extended_state__traits.hpp
[7.155s] -- Up-to-date symlink: /home/nvidia/acfly_ws/install/mavros_msgs/include/mavros_msgs/mavros_msgs/msg/detail/extended_state__type_support.hpp
[7.155s] -- Up-to-date symlink: /home/nvidia/acfly_ws/install/mavros_msgs/include/mavros_msgs/mavros_msgs/msg/detail/file_entry__builder.hpp
[7.156s] -- Up-to-date symlink: /home/nvidia/acfly_ws/install/mavros_msgs/include/mavros_msgs/mavros_msgs/msg/detail/file_entry__struct.hpp
[7.156s] -- Up-to-date symlink: /home/nvidia/acfly_ws/install/mavros_msgs/include/mavros_msgs/mavros_msgs/msg/detail/file_entry__traits.hpp
[7.156s] -- Up-to-date symlink: /home/nvidia/acfly_ws/install/mavros_msgs/include/mavros_msgs/mavros_msgs/msg/detail/file_entry__type_support.hpp
[7.156s] -- Up-to-date symlink: /home/nvidia/acfly_ws/install/mavros_msgs/include/mavros_msgs/mavros_msgs/msg/detail/gimbal_device_attitude_status__builder.hpp
[7.157s] -- Up-to-date symlink: /home/nvidia/acfly_ws/install/mavros_msgs/include/mavros_msgs/mavros_msgs/msg/detail/gimbal_device_attitude_status__struct.hpp
[7.157s] -- Up-to-date symlink: /home/nvidia/acfly_ws/install/mavros_msgs/include/mavros_msgs/mavros_msgs/msg/detail/gimbal_device_attitude_status__traits.hpp
[7.157s] -- Up-to-date symlink: /home/nvidia/acfly_ws/install/mavros_msgs/include/mavros_msgs/mavros_msgs/msg/detail/gimbal_device_attitude_status__type_support.hpp
[7.158s] -- Up-to-date symlink: /home/nvidia/acfly_ws/install/mavros_msgs/include/mavros_msgs/mavros_msgs/msg/detail/gimbal_device_information__builder.hpp
[7.158s] -- Up-to-date symlink: /home/nvidia/acfly_ws/install/mavros_msgs/include/mavros_msgs/mavros_msgs/msg/detail/gimbal_device_information__struct.hpp
[7.158s] -- Up-to-date symlink: /home/nvidia/acfly_ws/install/mavros_msgs/include/mavros_msgs/mavros_msgs/msg/detail/gimbal_device_information__traits.hpp
[7.159s] -- Up-to-date symlink: /home/nvidia/acfly_ws/install/mavros_msgs/include/mavros_msgs/mavros_msgs/msg/detail/gimbal_device_information__type_support.hpp
[7.160s] -- Up-to-date symlink: /home/nvidia/acfly_ws/install/mavros_msgs/include/mavros_msgs/mavros_msgs/msg/detail/gimbal_device_set_attitude__builder.hpp
[7.160s] -- Up-to-date symlink: /home/nvidia/acfly_ws/install/mavros_msgs/include/mavros_msgs/mavros_msgs/msg/detail/gimbal_device_set_attitude__struct.hpp
[7.160s] -- Up-to-date symlink: /home/nvidia/acfly_ws/install/mavros_msgs/include/mavros_msgs/mavros_msgs/msg/detail/gimbal_device_set_attitude__traits.hpp
[7.161s] -- Up-to-date symlink: /home/nvidia/acfly_ws/install/mavros_msgs/include/mavros_msgs/mavros_msgs/msg/detail/gimbal_device_set_attitude__type_support.hpp
[7.161s] -- Up-to-date symlink: /home/nvidia/acfly_ws/install/mavros_msgs/include/mavros_msgs/mavros_msgs/msg/detail/gimbal_manager_information__builder.hpp
[7.162s] -- Up-to-date symlink: /home/nvidia/acfly_ws/install/mavros_msgs/include/mavros_msgs/mavros_msgs/msg/detail/gimbal_manager_information__struct.hpp
[7.162s] -- Up-to-date symlink: /home/nvidia/acfly_ws/install/mavros_msgs/include/mavros_msgs/mavros_msgs/msg/detail/gimbal_manager_information__traits.hpp
[7.162s] -- Up-to-date symlink: /home/nvidia/acfly_ws/install/mavros_msgs/include/mavros_msgs/mavros_msgs/msg/detail/gimbal_manager_information__type_support.hpp
[7.163s] -- Up-to-date symlink: /home/nvidia/acfly_ws/install/mavros_msgs/include/mavros_msgs/mavros_msgs/msg/detail/gimbal_manager_set_attitude__builder.hpp
[7.163s] -- Up-to-date symlink: /home/nvidia/acfly_ws/install/mavros_msgs/include/mavros_msgs/mavros_msgs/msg/detail/gimbal_manager_set_attitude__struct.hpp
[7.163s] -- Up-to-date symlink: /home/nvidia/acfly_ws/install/mavros_msgs/include/mavros_msgs/mavros_msgs/msg/detail/gimbal_manager_set_attitude__traits.hpp
[7.164s] -- Up-to-date symlink: /home/nvidia/acfly_ws/install/mavros_msgs/include/mavros_msgs/mavros_msgs/msg/detail/gimbal_manager_set_attitude__type_support.hpp
[7.164s] -- Up-to-date symlink: /home/nvidia/acfly_ws/install/mavros_msgs/include/mavros_msgs/mavros_msgs/msg/detail/gimbal_manager_set_pitchyaw__builder.hpp
[7.164s] -- Up-to-date symlink: /home/nvidia/acfly_ws/install/mavros_msgs/include/mavros_msgs/mavros_msgs/msg/detail/gimbal_manager_set_pitchyaw__struct.hpp
[7.165s] -- Up-to-date symlink: /home/nvidia/acfly_ws/install/mavros_msgs/include/mavros_msgs/mavros_msgs/msg/detail/gimbal_manager_set_pitchyaw__traits.hpp
[7.165s] -- Up-to-date symlink: /home/nvidia/acfly_ws/install/mavros_msgs/include/mavros_msgs/mavros_msgs/msg/detail/gimbal_manager_set_pitchyaw__type_support.hpp
[7.165s] -- Up-to-date symlink: /home/nvidia/acfly_ws/install/mavros_msgs/include/mavros_msgs/mavros_msgs/msg/detail/gimbal_manager_status__builder.hpp
[7.166s] -- Up-to-date symlink: /home/nvidia/acfly_ws/install/mavros_msgs/include/mavros_msgs/mavros_msgs/msg/detail/gimbal_manager_status__struct.hpp
[7.166s] -- Up-to-date symlink: /home/nvidia/acfly_ws/install/mavros_msgs/include/mavros_msgs/mavros_msgs/msg/detail/gimbal_manager_status__traits.hpp
[7.166s] -- Up-to-date symlink: /home/nvidia/acfly_ws/install/mavros_msgs/include/mavros_msgs/mavros_msgs/msg/detail/gimbal_manager_status__type_support.hpp
[7.166s] -- Up-to-date symlink: /home/nvidia/acfly_ws/install/mavros_msgs/include/mavros_msgs/mavros_msgs/msg/detail/global_position_target__builder.hpp
[7.167s] -- Up-to-date symlink: /home/nvidia/acfly_ws/install/mavros_msgs/include/mavros_msgs/mavros_msgs/msg/detail/global_position_target__struct.hpp
[7.167s] -- Up-to-date symlink: /home/nvidia/acfly_ws/install/mavros_msgs/include/mavros_msgs/mavros_msgs/msg/detail/global_position_target__traits.hpp
[7.167s] -- Up-to-date symlink: /home/nvidia/acfly_ws/install/mavros_msgs/include/mavros_msgs/mavros_msgs/msg/detail/global_position_target__type_support.hpp
[7.168s] -- Up-to-date symlink: /home/nvidia/acfly_ws/install/mavros_msgs/include/mavros_msgs/mavros_msgs/msg/detail/gpsinput__builder.hpp
[7.168s] -- Up-to-date symlink: /home/nvidia/acfly_ws/install/mavros_msgs/include/mavros_msgs/mavros_msgs/msg/detail/gpsinput__struct.hpp
[7.168s] -- Up-to-date symlink: /home/nvidia/acfly_ws/install/mavros_msgs/include/mavros_msgs/mavros_msgs/msg/detail/gpsinput__traits.hpp
[7.169s] -- Up-to-date symlink: /home/nvidia/acfly_ws/install/mavros_msgs/include/mavros_msgs/mavros_msgs/msg/detail/gpsinput__type_support.hpp
[7.169s] -- Up-to-date symlink: /home/nvidia/acfly_ws/install/mavros_msgs/include/mavros_msgs/mavros_msgs/msg/detail/gpsraw__builder.hpp
[7.169s] -- Up-to-date symlink: /home/nvidia/acfly_ws/install/mavros_msgs/include/mavros_msgs/mavros_msgs/msg/detail/gpsraw__struct.hpp
[7.170s] -- Up-to-date symlink: /home/nvidia/acfly_ws/install/mavros_msgs/include/mavros_msgs/mavros_msgs/msg/detail/gpsraw__traits.hpp
[7.170s] -- Up-to-date symlink: /home/nvidia/acfly_ws/install/mavros_msgs/include/mavros_msgs/mavros_msgs/msg/detail/gpsraw__type_support.hpp
[7.170s] -- Up-to-date symlink: /home/nvidia/acfly_ws/install/mavros_msgs/include/mavros_msgs/mavros_msgs/msg/detail/gpsrtk__builder.hpp
[7.171s] -- Up-to-date symlink: /home/nvidia/acfly_ws/install/mavros_msgs/include/mavros_msgs/mavros_msgs/msg/detail/gpsrtk__struct.hpp
[7.175s] -- Up-to-date symlink: /home/nvidia/acfly_ws/install/mavros_msgs/include/mavros_msgs/mavros_msgs/msg/detail/gpsrtk__traits.hpp
[7.175s] -- Up-to-date symlink: /home/nvidia/acfly_ws/install/mavros_msgs/include/mavros_msgs/mavros_msgs/msg/detail/gpsrtk__type_support.hpp
[7.175s] -- Up-to-date symlink: /home/nvidia/acfly_ws/install/mavros_msgs/include/mavros_msgs/mavros_msgs/msg/detail/hil_actuator_controls__builder.hpp
[7.176s] -- Up-to-date symlink: /home/nvidia/acfly_ws/install/mavros_msgs/include/mavros_msgs/mavros_msgs/msg/detail/hil_actuator_controls__struct.hpp
[7.176s] -- Up-to-date symlink: /home/nvidia/acfly_ws/install/mavros_msgs/include/mavros_msgs/mavros_msgs/msg/detail/hil_actuator_controls__traits.hpp
[7.176s] -- Up-to-date symlink: /home/nvidia/acfly_ws/install/mavros_msgs/include/mavros_msgs/mavros_msgs/msg/detail/hil_actuator_controls__type_support.hpp
[7.176s] -- Up-to-date symlink: /home/nvidia/acfly_ws/install/mavros_msgs/include/mavros_msgs/mavros_msgs/msg/detail/hil_controls__builder.hpp
[7.176s] -- Up-to-date symlink: /home/nvidia/acfly_ws/install/mavros_msgs/include/mavros_msgs/mavros_msgs/msg/detail/hil_controls__struct.hpp
[7.176s] -- Up-to-date symlink: /home/nvidia/acfly_ws/install/mavros_msgs/include/mavros_msgs/mavros_msgs/msg/detail/hil_controls__traits.hpp
[7.177s] -- Up-to-date symlink: /home/nvidia/acfly_ws/install/mavros_msgs/include/mavros_msgs/mavros_msgs/msg/detail/hil_controls__type_support.hpp
[7.177s] -- Up-to-date symlink: /home/nvidia/acfly_ws/install/mavros_msgs/include/mavros_msgs/mavros_msgs/msg/detail/hil_gps__builder.hpp
[7.177s] -- Up-to-date symlink: /home/nvidia/acfly_ws/install/mavros_msgs/include/mavros_msgs/mavros_msgs/msg/detail/hil_gps__struct.hpp
[7.177s] -- Up-to-date symlink: /home/nvidia/acfly_ws/install/mavros_msgs/include/mavros_msgs/mavros_msgs/msg/detail/hil_gps__traits.hpp
[7.177s] -- Up-to-date symlink: /home/nvidia/acfly_ws/install/mavros_msgs/include/mavros_msgs/mavros_msgs/msg/detail/hil_gps__type_support.hpp
[7.177s] -- Up-to-date symlink: /home/nvidia/acfly_ws/install/mavros_msgs/include/mavros_msgs/mavros_msgs/msg/detail/hil_sensor__builder.hpp
[7.177s] -- Up-to-date symlink: /home/nvidia/acfly_ws/install/mavros_msgs/include/mavros_msgs/mavros_msgs/msg/detail/hil_sensor__struct.hpp
[7.178s] -- Up-to-date symlink: /home/nvidia/acfly_ws/install/mavros_msgs/include/mavros_msgs/mavros_msgs/msg/detail/hil_sensor__traits.hpp
[7.178s] -- Up-to-date symlink: /home/nvidia/acfly_ws/install/mavros_msgs/include/mavros_msgs/mavros_msgs/msg/detail/hil_sensor__type_support.hpp
[7.178s] -- Up-to-date symlink: /home/nvidia/acfly_ws/install/mavros_msgs/include/mavros_msgs/mavros_msgs/msg/detail/hil_state_quaternion__builder.hpp
[7.178s] -- Up-to-date symlink: /home/nvidia/acfly_ws/install/mavros_msgs/include/mavros_msgs/mavros_msgs/msg/detail/hil_state_quaternion__struct.hpp
[7.178s] -- Up-to-date symlink: /home/nvidia/acfly_ws/install/mavros_msgs/include/mavros_msgs/mavros_msgs/msg/detail/hil_state_quaternion__traits.hpp
[7.178s] -- Up-to-date symlink: /home/nvidia/acfly_ws/install/mavros_msgs/include/mavros_msgs/mavros_msgs/msg/detail/hil_state_quaternion__type_support.hpp
[7.179s] -- Up-to-date symlink: /home/nvidia/acfly_ws/install/mavros_msgs/include/mavros_msgs/mavros_msgs/msg/detail/home_position__builder.hpp
[7.179s] -- Up-to-date symlink: /home/nvidia/acfly_ws/install/mavros_msgs/include/mavros_msgs/mavros_msgs/msg/detail/home_position__struct.hpp
[7.179s] -- Up-to-date symlink: /home/nvidia/acfly_ws/install/mavros_msgs/include/mavros_msgs/mavros_msgs/msg/detail/home_position__traits.hpp
[7.180s] -- Up-to-date symlink: /home/nvidia/acfly_ws/install/mavros_msgs/include/mavros_msgs/mavros_msgs/msg/detail/home_position__type_support.hpp
[7.180s] -- Up-to-date symlink: /home/nvidia/acfly_ws/install/mavros_msgs/include/mavros_msgs/mavros_msgs/msg/detail/landing_target__builder.hpp
[7.180s] -- Up-to-date symlink: /home/nvidia/acfly_ws/install/mavros_msgs/include/mavros_msgs/mavros_msgs/msg/detail/landing_target__struct.hpp
[7.181s] -- Up-to-date symlink: /home/nvidia/acfly_ws/install/mavros_msgs/include/mavros_msgs/mavros_msgs/msg/detail/landing_target__traits.hpp
[7.181s] -- Up-to-date symlink: /home/nvidia/acfly_ws/install/mavros_msgs/include/mavros_msgs/mavros_msgs/msg/detail/landing_target__type_support.hpp
[7.181s] -- Up-to-date symlink: /home/nvidia/acfly_ws/install/mavros_msgs/include/mavros_msgs/mavros_msgs/msg/detail/log_data__builder.hpp
[7.182s] -- Up-to-date symlink: /home/nvidia/acfly_ws/install/mavros_msgs/include/mavros_msgs/mavros_msgs/msg/detail/log_data__struct.hpp
[7.182s] -- Up-to-date symlink: /home/nvidia/acfly_ws/install/mavros_msgs/include/mavros_msgs/mavros_msgs/msg/detail/log_data__traits.hpp
[7.182s] -- Up-to-date symlink: /home/nvidia/acfly_ws/install/mavros_msgs/include/mavros_msgs/mavros_msgs/msg/detail/log_data__type_support.hpp
[7.183s] -- Up-to-date symlink: /home/nvidia/acfly_ws/install/mavros_msgs/include/mavros_msgs/mavros_msgs/msg/detail/log_entry__builder.hpp
[7.183s] -- Up-to-date symlink: /home/nvidia/acfly_ws/install/mavros_msgs/include/mavros_msgs/mavros_msgs/msg/detail/log_entry__struct.hpp
[7.183s] -- Up-to-date symlink: /home/nvidia/acfly_ws/install/mavros_msgs/include/mavros_msgs/mavros_msgs/msg/detail/log_entry__traits.hpp
[7.184s] -- Up-to-date symlink: /home/nvidia/acfly_ws/install/mavros_msgs/include/mavros_msgs/mavros_msgs/msg/detail/log_entry__type_support.hpp
[7.184s] -- Up-to-date symlink: /home/nvidia/acfly_ws/install/mavros_msgs/include/mavros_msgs/mavros_msgs/msg/detail/magnetometer_reporter__builder.hpp
[7.184s] -- Up-to-date symlink: /home/nvidia/acfly_ws/install/mavros_msgs/include/mavros_msgs/mavros_msgs/msg/detail/magnetometer_reporter__struct.hpp
[7.185s] -- Up-to-date symlink: /home/nvidia/acfly_ws/install/mavros_msgs/include/mavros_msgs/mavros_msgs/msg/detail/magnetometer_reporter__traits.hpp
[7.185s] -- Up-to-date symlink: /home/nvidia/acfly_ws/install/mavros_msgs/include/mavros_msgs/mavros_msgs/msg/detail/magnetometer_reporter__type_support.hpp
[7.185s] -- Up-to-date symlink: /home/nvidia/acfly_ws/install/mavros_msgs/include/mavros_msgs/mavros_msgs/msg/detail/manual_control__builder.hpp
[7.186s] -- Up-to-date symlink: /home/nvidia/acfly_ws/install/mavros_msgs/include/mavros_msgs/mavros_msgs/msg/detail/manual_control__struct.hpp
[7.186s] -- Up-to-date symlink: /home/nvidia/acfly_ws/install/mavros_msgs/include/mavros_msgs/mavros_msgs/msg/detail/manual_control__traits.hpp
[7.186s] -- Up-to-date symlink: /home/nvidia/acfly_ws/install/mavros_msgs/include/mavros_msgs/mavros_msgs/msg/detail/manual_control__type_support.hpp
[7.187s] -- Up-to-date symlink: /home/nvidia/acfly_ws/install/mavros_msgs/include/mavros_msgs/mavros_msgs/msg/detail/mavlink__builder.hpp
[7.187s] -- Up-to-date symlink: /home/nvidia/acfly_ws/install/mavros_msgs/include/mavros_msgs/mavros_msgs/msg/detail/mavlink__struct.hpp
[7.187s] -- Up-to-date symlink: /home/nvidia/acfly_ws/install/mavros_msgs/include/mavros_msgs/mavros_msgs/msg/detail/mavlink__traits.hpp
[7.188s] -- Up-to-date symlink: /home/nvidia/acfly_ws/install/mavros_msgs/include/mavros_msgs/mavros_msgs/msg/detail/mavlink__type_support.hpp
[7.188s] -- Up-to-date symlink: /home/nvidia/acfly_ws/install/mavros_msgs/include/mavros_msgs/mavros_msgs/msg/detail/mount_control__builder.hpp
[7.188s] -- Up-to-date symlink: /home/nvidia/acfly_ws/install/mavros_msgs/include/mavros_msgs/mavros_msgs/msg/detail/mount_control__struct.hpp
[7.188s] -- Up-to-date symlink: /home/nvidia/acfly_ws/install/mavros_msgs/include/mavros_msgs/mavros_msgs/msg/detail/mount_control__traits.hpp
[7.189s] -- Up-to-date symlink: /home/nvidia/acfly_ws/install/mavros_msgs/include/mavros_msgs/mavros_msgs/msg/detail/mount_control__type_support.hpp
[7.189s] -- Up-to-date symlink: /home/nvidia/acfly_ws/install/mavros_msgs/include/mavros_msgs/mavros_msgs/msg/detail/nav_controller_output__builder.hpp
[7.189s] -- Up-to-date symlink: /home/nvidia/acfly_ws/install/mavros_msgs/include/mavros_msgs/mavros_msgs/msg/detail/nav_controller_output__struct.hpp
[7.190s] -- Up-to-date symlink: /home/nvidia/acfly_ws/install/mavros_msgs/include/mavros_msgs/mavros_msgs/msg/detail/nav_controller_output__traits.hpp
[7.190s] -- Up-to-date symlink: /home/nvidia/acfly_ws/install/mavros_msgs/include/mavros_msgs/mavros_msgs/msg/detail/nav_controller_output__type_support.hpp
[7.190s] -- Up-to-date symlink: /home/nvidia/acfly_ws/install/mavros_msgs/include/mavros_msgs/mavros_msgs/msg/detail/onboard_computer_status__builder.hpp
[7.191s] -- Up-to-date symlink: /home/nvidia/acfly_ws/install/mavros_msgs/include/mavros_msgs/mavros_msgs/msg/detail/onboard_computer_status__struct.hpp
[7.191s] -- Up-to-date symlink: /home/nvidia/acfly_ws/install/mavros_msgs/include/mavros_msgs/mavros_msgs/msg/detail/onboard_computer_status__traits.hpp
[7.191s] -- Up-to-date symlink: /home/nvidia/acfly_ws/install/mavros_msgs/include/mavros_msgs/mavros_msgs/msg/detail/onboard_computer_status__type_support.hpp
[7.192s] -- Up-to-date symlink: /home/nvidia/acfly_ws/install/mavros_msgs/include/mavros_msgs/mavros_msgs/msg/detail/open_drone_id_basic_id__builder.hpp
[7.192s] -- Up-to-date symlink: /home/nvidia/acfly_ws/install/mavros_msgs/include/mavros_msgs/mavros_msgs/msg/detail/open_drone_id_basic_id__struct.hpp
[7.192s] -- Up-to-date symlink: /home/nvidia/acfly_ws/install/mavros_msgs/include/mavros_msgs/mavros_msgs/msg/detail/open_drone_id_basic_id__traits.hpp
[7.193s] -- Up-to-date symlink: /home/nvidia/acfly_ws/install/mavros_msgs/include/mavros_msgs/mavros_msgs/msg/detail/open_drone_id_basic_id__type_support.hpp
[7.193s] -- Up-to-date symlink: /home/nvidia/acfly_ws/install/mavros_msgs/include/mavros_msgs/mavros_msgs/msg/detail/open_drone_id_operator_id__builder.hpp
[7.193s] -- Up-to-date symlink: /home/nvidia/acfly_ws/install/mavros_msgs/include/mavros_msgs/mavros_msgs/msg/detail/open_drone_id_operator_id__struct.hpp
[7.194s] -- Up-to-date symlink: /home/nvidia/acfly_ws/install/mavros_msgs/include/mavros_msgs/mavros_msgs/msg/detail/open_drone_id_operator_id__traits.hpp
[7.194s] -- Up-to-date symlink: /home/nvidia/acfly_ws/install/mavros_msgs/include/mavros_msgs/mavros_msgs/msg/detail/open_drone_id_operator_id__type_support.hpp
[7.194s] -- Up-to-date symlink: /home/nvidia/acfly_ws/install/mavros_msgs/include/mavros_msgs/mavros_msgs/msg/detail/open_drone_id_self_id__builder.hpp
[7.195s] -- Up-to-date symlink: /home/nvidia/acfly_ws/install/mavros_msgs/include/mavros_msgs/mavros_msgs/msg/detail/open_drone_id_self_id__struct.hpp
[7.195s] -- Up-to-date symlink: /home/nvidia/acfly_ws/install/mavros_msgs/include/mavros_msgs/mavros_msgs/msg/detail/open_drone_id_self_id__traits.hpp
[7.195s] -- Up-to-date symlink: /home/nvidia/acfly_ws/install/mavros_msgs/include/mavros_msgs/mavros_msgs/msg/detail/open_drone_id_self_id__type_support.hpp
[7.196s] -- Up-to-date symlink: /home/nvidia/acfly_ws/install/mavros_msgs/include/mavros_msgs/mavros_msgs/msg/detail/open_drone_id_system__builder.hpp
[7.196s] -- Up-to-date symlink: /home/nvidia/acfly_ws/install/mavros_msgs/include/mavros_msgs/mavros_msgs/msg/detail/open_drone_id_system__struct.hpp
[7.196s] -- Up-to-date symlink: /home/nvidia/acfly_ws/install/mavros_msgs/include/mavros_msgs/mavros_msgs/msg/detail/open_drone_id_system__traits.hpp
[7.197s] -- Up-to-date symlink: /home/nvidia/acfly_ws/install/mavros_msgs/include/mavros_msgs/mavros_msgs/msg/detail/open_drone_id_system__type_support.hpp
[7.197s] -- Up-to-date symlink: /home/nvidia/acfly_ws/install/mavros_msgs/include/mavros_msgs/mavros_msgs/msg/detail/open_drone_id_system_update__builder.hpp
[7.197s] -- Up-to-date symlink: /home/nvidia/acfly_ws/install/mavros_msgs/include/mavros_msgs/mavros_msgs/msg/detail/open_drone_id_system_update__struct.hpp
[7.198s] -- Up-to-date symlink: /home/nvidia/acfly_ws/install/mavros_msgs/include/mavros_msgs/mavros_msgs/msg/detail/open_drone_id_system_update__traits.hpp
[7.198s] -- Up-to-date symlink: /home/nvidia/acfly_ws/install/mavros_msgs/include/mavros_msgs/mavros_msgs/msg/detail/open_drone_id_system_update__type_support.hpp
[7.198s] -- Up-to-date symlink: /home/nvidia/acfly_ws/install/mavros_msgs/include/mavros_msgs/mavros_msgs/msg/detail/optical_flow__builder.hpp
[7.199s] -- Up-to-date symlink: /home/nvidia/acfly_ws/install/mavros_msgs/include/mavros_msgs/mavros_msgs/msg/detail/optical_flow__struct.hpp
[7.199s] -- Up-to-date symlink: /home/nvidia/acfly_ws/install/mavros_msgs/include/mavros_msgs/mavros_msgs/msg/detail/optical_flow__traits.hpp
[7.199s] -- Up-to-date symlink: /home/nvidia/acfly_ws/install/mavros_msgs/include/mavros_msgs/mavros_msgs/msg/detail/optical_flow__type_support.hpp
[7.199s] -- Up-to-date symlink: /home/nvidia/acfly_ws/install/mavros_msgs/include/mavros_msgs/mavros_msgs/msg/detail/optical_flow_rad__builder.hpp
[7.200s] -- Up-to-date symlink: /home/nvidia/acfly_ws/install/mavros_msgs/include/mavros_msgs/mavros_msgs/msg/detail/optical_flow_rad__struct.hpp
[7.200s] -- Up-to-date symlink: /home/nvidia/acfly_ws/install/mavros_msgs/include/mavros_msgs/mavros_msgs/msg/detail/optical_flow_rad__traits.hpp
[7.200s] -- Up-to-date symlink: /home/nvidia/acfly_ws/install/mavros_msgs/include/mavros_msgs/mavros_msgs/msg/detail/optical_flow_rad__type_support.hpp
[7.201s] -- Up-to-date symlink: /home/nvidia/acfly_ws/install/mavros_msgs/include/mavros_msgs/mavros_msgs/msg/detail/override_rc_in__builder.hpp
[7.201s] -- Up-to-date symlink: /home/nvidia/acfly_ws/install/mavros_msgs/include/mavros_msgs/mavros_msgs/msg/detail/override_rc_in__struct.hpp
[7.201s] -- Up-to-date symlink: /home/nvidia/acfly_ws/install/mavros_msgs/include/mavros_msgs/mavros_msgs/msg/detail/override_rc_in__traits.hpp
[7.202s] -- Up-to-date symlink: /home/nvidia/acfly_ws/install/mavros_msgs/include/mavros_msgs/mavros_msgs/msg/detail/override_rc_in__type_support.hpp
[7.202s] -- Up-to-date symlink: /home/nvidia/acfly_ws/install/mavros_msgs/include/mavros_msgs/mavros_msgs/msg/detail/param__builder.hpp
[7.202s] -- Up-to-date symlink: /home/nvidia/acfly_ws/install/mavros_msgs/include/mavros_msgs/mavros_msgs/msg/detail/param__struct.hpp
[7.203s] -- Up-to-date symlink: /home/nvidia/acfly_ws/install/mavros_msgs/include/mavros_msgs/mavros_msgs/msg/detail/param__traits.hpp
[7.203s] -- Up-to-date symlink: /home/nvidia/acfly_ws/install/mavros_msgs/include/mavros_msgs/mavros_msgs/msg/detail/param__type_support.hpp
[7.203s] -- Up-to-date symlink: /home/nvidia/acfly_ws/install/mavros_msgs/include/mavros_msgs/mavros_msgs/msg/detail/param_event__builder.hpp
[7.204s] -- Up-to-date symlink: /home/nvidia/acfly_ws/install/mavros_msgs/include/mavros_msgs/mavros_msgs/msg/detail/param_event__struct.hpp
[7.204s] -- Up-to-date symlink: /home/nvidia/acfly_ws/install/mavros_msgs/include/mavros_msgs/mavros_msgs/msg/detail/param_event__traits.hpp
[7.204s] -- Up-to-date symlink: /home/nvidia/acfly_ws/install/mavros_msgs/include/mavros_msgs/mavros_msgs/msg/detail/param_event__type_support.hpp
[7.205s] -- Up-to-date symlink: /home/nvidia/acfly_ws/install/mavros_msgs/include/mavros_msgs/mavros_msgs/msg/detail/param_value__builder.hpp
[7.205s] -- Up-to-date symlink: /home/nvidia/acfly_ws/install/mavros_msgs/include/mavros_msgs/mavros_msgs/msg/detail/param_value__struct.hpp
[7.205s] -- Up-to-date symlink: /home/nvidia/acfly_ws/install/mavros_msgs/include/mavros_msgs/mavros_msgs/msg/detail/param_value__traits.hpp
[7.206s] -- Up-to-date symlink: /home/nvidia/acfly_ws/install/mavros_msgs/include/mavros_msgs/mavros_msgs/msg/detail/param_value__type_support.hpp
[7.206s] -- Up-to-date symlink: /home/nvidia/acfly_ws/install/mavros_msgs/include/mavros_msgs/mavros_msgs/msg/detail/play_tune_v2__builder.hpp
[7.206s] -- Up-to-date symlink: /home/nvidia/acfly_ws/install/mavros_msgs/include/mavros_msgs/mavros_msgs/msg/detail/play_tune_v2__struct.hpp
[7.207s] -- Up-to-date symlink: /home/nvidia/acfly_ws/install/mavros_msgs/include/mavros_msgs/mavros_msgs/msg/detail/play_tune_v2__traits.hpp
[7.207s] -- Up-to-date symlink: /home/nvidia/acfly_ws/install/mavros_msgs/include/mavros_msgs/mavros_msgs/msg/detail/play_tune_v2__type_support.hpp
[7.207s] -- Up-to-date symlink: /home/nvidia/acfly_ws/install/mavros_msgs/include/mavros_msgs/mavros_msgs/msg/detail/position_target__builder.hpp
[7.208s] -- Up-to-date symlink: /home/nvidia/acfly_ws/install/mavros_msgs/include/mavros_msgs/mavros_msgs/msg/detail/position_target__struct.hpp
[7.208s] -- Up-to-date symlink: /home/nvidia/acfly_ws/install/mavros_msgs/include/mavros_msgs/mavros_msgs/msg/detail/position_target__traits.hpp
[7.208s] -- Up-to-date symlink: /home/nvidia/acfly_ws/install/mavros_msgs/include/mavros_msgs/mavros_msgs/msg/detail/position_target__type_support.hpp
[7.208s] -- Up-to-date symlink: /home/nvidia/acfly_ws/install/mavros_msgs/include/mavros_msgs/mavros_msgs/msg/detail/radio_status__builder.hpp
[7.209s] -- Up-to-date symlink: /home/nvidia/acfly_ws/install/mavros_msgs/include/mavros_msgs/mavros_msgs/msg/detail/radio_status__struct.hpp
[7.209s] -- Up-to-date symlink: /home/nvidia/acfly_ws/install/mavros_msgs/include/mavros_msgs/mavros_msgs/msg/detail/radio_status__traits.hpp
[7.209s] -- Up-to-date symlink: /home/nvidia/acfly_ws/install/mavros_msgs/include/mavros_msgs/mavros_msgs/msg/detail/radio_status__type_support.hpp
[7.210s] -- Up-to-date symlink: /home/nvidia/acfly_ws/install/mavros_msgs/include/mavros_msgs/mavros_msgs/msg/detail/rc_in__builder.hpp
[7.210s] -- Up-to-date symlink: /home/nvidia/acfly_ws/install/mavros_msgs/include/mavros_msgs/mavros_msgs/msg/detail/rc_in__struct.hpp
[7.210s] -- Up-to-date symlink: /home/nvidia/acfly_ws/install/mavros_msgs/include/mavros_msgs/mavros_msgs/msg/detail/rc_in__traits.hpp
[7.211s] -- Up-to-date symlink: /home/nvidia/acfly_ws/install/mavros_msgs/include/mavros_msgs/mavros_msgs/msg/detail/rc_in__type_support.hpp
[7.211s] -- Up-to-date symlink: /home/nvidia/acfly_ws/install/mavros_msgs/include/mavros_msgs/mavros_msgs/msg/detail/rc_out__builder.hpp
[7.211s] -- Up-to-date symlink: /home/nvidia/acfly_ws/install/mavros_msgs/include/mavros_msgs/mavros_msgs/msg/detail/rc_out__struct.hpp
[7.212s] -- Up-to-date symlink: /home/nvidia/acfly_ws/install/mavros_msgs/include/mavros_msgs/mavros_msgs/msg/detail/rc_out__traits.hpp
[7.212s] -- Up-to-date symlink: /home/nvidia/acfly_ws/install/mavros_msgs/include/mavros_msgs/mavros_msgs/msg/detail/rc_out__type_support.hpp
[7.212s] -- Up-to-date symlink: /home/nvidia/acfly_ws/install/mavros_msgs/include/mavros_msgs/mavros_msgs/msg/detail/rtcm__builder.hpp
[7.213s] -- Up-to-date symlink: /home/nvidia/acfly_ws/install/mavros_msgs/include/mavros_msgs/mavros_msgs/msg/detail/rtcm__struct.hpp
[7.213s] -- Up-to-date symlink: /home/nvidia/acfly_ws/install/mavros_msgs/include/mavros_msgs/mavros_msgs/msg/detail/rtcm__traits.hpp
[7.213s] -- Up-to-date symlink: /home/nvidia/acfly_ws/install/mavros_msgs/include/mavros_msgs/mavros_msgs/msg/detail/rtcm__type_support.hpp
[7.213s] -- Up-to-date symlink: /home/nvidia/acfly_ws/install/mavros_msgs/include/mavros_msgs/mavros_msgs/msg/detail/rtk_baseline__builder.hpp
[7.214s] -- Up-to-date symlink: /home/nvidia/acfly_ws/install/mavros_msgs/include/mavros_msgs/mavros_msgs/msg/detail/rtk_baseline__struct.hpp
[7.214s] -- Up-to-date symlink: /home/nvidia/acfly_ws/install/mavros_msgs/include/mavros_msgs/mavros_msgs/msg/detail/rtk_baseline__traits.hpp
[7.214s] -- Up-to-date symlink: /home/nvidia/acfly_ws/install/mavros_msgs/include/mavros_msgs/mavros_msgs/msg/detail/rtk_baseline__type_support.hpp
[7.215s] -- Up-to-date symlink: /home/nvidia/acfly_ws/install/mavros_msgs/include/mavros_msgs/mavros_msgs/msg/detail/state__builder.hpp
[7.215s] -- Up-to-date symlink: /home/nvidia/acfly_ws/install/mavros_msgs/include/mavros_msgs/mavros_msgs/msg/detail/state__struct.hpp
[7.215s] -- Up-to-date symlink: /home/nvidia/acfly_ws/install/mavros_msgs/include/mavros_msgs/mavros_msgs/msg/detail/state__traits.hpp
[7.216s] -- Up-to-date symlink: /home/nvidia/acfly_ws/install/mavros_msgs/include/mavros_msgs/mavros_msgs/msg/detail/state__type_support.hpp
[7.216s] -- Up-to-date symlink: /home/nvidia/acfly_ws/install/mavros_msgs/include/mavros_msgs/mavros_msgs/msg/detail/status_event__builder.hpp
[7.216s] -- Up-to-date symlink: /home/nvidia/acfly_ws/install/mavros_msgs/include/mavros_msgs/mavros_msgs/msg/detail/status_event__struct.hpp
[7.217s] -- Up-to-date symlink: /home/nvidia/acfly_ws/install/mavros_msgs/include/mavros_msgs/mavros_msgs/msg/detail/status_event__traits.hpp
[7.217s] -- Up-to-date symlink: /home/nvidia/acfly_ws/install/mavros_msgs/include/mavros_msgs/mavros_msgs/msg/detail/status_event__type_support.hpp
[7.217s] -- Up-to-date symlink: /home/nvidia/acfly_ws/install/mavros_msgs/include/mavros_msgs/mavros_msgs/msg/detail/status_text__builder.hpp
[7.218s] -- Up-to-date symlink: /home/nvidia/acfly_ws/install/mavros_msgs/include/mavros_msgs/mavros_msgs/msg/detail/status_text__struct.hpp
[7.218s] -- Up-to-date symlink: /home/nvidia/acfly_ws/install/mavros_msgs/include/mavros_msgs/mavros_msgs/msg/detail/status_text__traits.hpp
[7.218s] -- Up-to-date symlink: /home/nvidia/acfly_ws/install/mavros_msgs/include/mavros_msgs/mavros_msgs/msg/detail/status_text__type_support.hpp
[7.219s] -- Up-to-date symlink: /home/nvidia/acfly_ws/install/mavros_msgs/include/mavros_msgs/mavros_msgs/msg/detail/sys_status__builder.hpp
[7.219s] -- Up-to-date symlink: /home/nvidia/acfly_ws/install/mavros_msgs/include/mavros_msgs/mavros_msgs/msg/detail/sys_status__struct.hpp
[7.219s] -- Up-to-date symlink: /home/nvidia/acfly_ws/install/mavros_msgs/include/mavros_msgs/mavros_msgs/msg/detail/sys_status__traits.hpp
[7.220s] -- Up-to-date symlink: /home/nvidia/acfly_ws/install/mavros_msgs/include/mavros_msgs/mavros_msgs/msg/detail/sys_status__type_support.hpp
[7.221s] -- Up-to-date symlink: /home/nvidia/acfly_ws/install/mavros_msgs/include/mavros_msgs/mavros_msgs/msg/detail/terrain_report__builder.hpp
[7.222s] -- Up-to-date symlink: /home/nvidia/acfly_ws/install/mavros_msgs/include/mavros_msgs/mavros_msgs/msg/detail/terrain_report__struct.hpp
[7.222s] -- Up-to-date symlink: /home/nvidia/acfly_ws/install/mavros_msgs/include/mavros_msgs/mavros_msgs/msg/detail/terrain_report__traits.hpp
[7.222s] -- Up-to-date symlink: /home/nvidia/acfly_ws/install/mavros_msgs/include/mavros_msgs/mavros_msgs/msg/detail/terrain_report__type_support.hpp
[7.223s] -- Up-to-date symlink: /home/nvidia/acfly_ws/install/mavros_msgs/include/mavros_msgs/mavros_msgs/msg/detail/thrust__builder.hpp
[7.223s] -- Up-to-date symlink: /home/nvidia/acfly_ws/install/mavros_msgs/include/mavros_msgs/mavros_msgs/msg/detail/thrust__struct.hpp
[7.223s] -- Up-to-date symlink: /home/nvidia/acfly_ws/install/mavros_msgs/include/mavros_msgs/mavros_msgs/msg/detail/thrust__traits.hpp
[7.224s] -- Up-to-date symlink: /home/nvidia/acfly_ws/install/mavros_msgs/include/mavros_msgs/mavros_msgs/msg/detail/thrust__type_support.hpp
[7.224s] -- Up-to-date symlink: /home/nvidia/acfly_ws/install/mavros_msgs/include/mavros_msgs/mavros_msgs/msg/detail/timesync_status__builder.hpp
[7.224s] -- Up-to-date symlink: /home/nvidia/acfly_ws/install/mavros_msgs/include/mavros_msgs/mavros_msgs/msg/detail/timesync_status__struct.hpp
[7.224s] -- Up-to-date symlink: /home/nvidia/acfly_ws/install/mavros_msgs/include/mavros_msgs/mavros_msgs/msg/detail/timesync_status__traits.hpp
[7.224s] -- Up-to-date symlink: /home/nvidia/acfly_ws/install/mavros_msgs/include/mavros_msgs/mavros_msgs/msg/detail/timesync_status__type_support.hpp
[7.224s] -- Up-to-date symlink: /home/nvidia/acfly_ws/install/mavros_msgs/include/mavros_msgs/mavros_msgs/msg/detail/trajectory__builder.hpp
[7.224s] -- Up-to-date symlink: /home/nvidia/acfly_ws/install/mavros_msgs/include/mavros_msgs/mavros_msgs/msg/detail/trajectory__struct.hpp
[7.224s] -- Up-to-date symlink: /home/nvidia/acfly_ws/install/mavros_msgs/include/mavros_msgs/mavros_msgs/msg/detail/trajectory__traits.hpp
[7.225s] -- Up-to-date symlink: /home/nvidia/acfly_ws/install/mavros_msgs/include/mavros_msgs/mavros_msgs/msg/detail/trajectory__type_support.hpp
[7.225s] -- Up-to-date symlink: /home/nvidia/acfly_ws/install/mavros_msgs/include/mavros_msgs/mavros_msgs/msg/detail/tunnel__builder.hpp
[7.225s] -- Up-to-date symlink: /home/nvidia/acfly_ws/install/mavros_msgs/include/mavros_msgs/mavros_msgs/msg/detail/tunnel__struct.hpp
[7.225s] -- Up-to-date symlink: /home/nvidia/acfly_ws/install/mavros_msgs/include/mavros_msgs/mavros_msgs/msg/detail/tunnel__traits.hpp
[7.225s] -- Up-to-date symlink: /home/nvidia/acfly_ws/install/mavros_msgs/include/mavros_msgs/mavros_msgs/msg/detail/tunnel__type_support.hpp
[7.225s] -- Up-to-date symlink: /home/nvidia/acfly_ws/install/mavros_msgs/include/mavros_msgs/mavros_msgs/msg/detail/vehicle_info__builder.hpp
[7.225s] -- Up-to-date symlink: /home/nvidia/acfly_ws/install/mavros_msgs/include/mavros_msgs/mavros_msgs/msg/detail/vehicle_info__struct.hpp
[7.226s] -- Up-to-date symlink: /home/nvidia/acfly_ws/install/mavros_msgs/include/mavros_msgs/mavros_msgs/msg/detail/vehicle_info__traits.hpp
[7.226s] -- Up-to-date symlink: /home/nvidia/acfly_ws/install/mavros_msgs/include/mavros_msgs/mavros_msgs/msg/detail/vehicle_info__type_support.hpp
[7.226s] -- Up-to-date symlink: /home/nvidia/acfly_ws/install/mavros_msgs/include/mavros_msgs/mavros_msgs/msg/detail/vfr_hud__builder.hpp
[7.226s] -- Up-to-date symlink: /home/nvidia/acfly_ws/install/mavros_msgs/include/mavros_msgs/mavros_msgs/msg/detail/vfr_hud__struct.hpp
[7.226s] -- Up-to-date symlink: /home/nvidia/acfly_ws/install/mavros_msgs/include/mavros_msgs/mavros_msgs/msg/detail/vfr_hud__traits.hpp
[7.226s] -- Up-to-date symlink: /home/nvidia/acfly_ws/install/mavros_msgs/include/mavros_msgs/mavros_msgs/msg/detail/vfr_hud__type_support.hpp
[7.226s] -- Up-to-date symlink: /home/nvidia/acfly_ws/install/mavros_msgs/include/mavros_msgs/mavros_msgs/msg/detail/vibration__builder.hpp
[7.226s] -- Up-to-date symlink: /home/nvidia/acfly_ws/install/mavros_msgs/include/mavros_msgs/mavros_msgs/msg/detail/vibration__struct.hpp
[7.227s] -- Up-to-date symlink: /home/nvidia/acfly_ws/install/mavros_msgs/include/mavros_msgs/mavros_msgs/msg/detail/vibration__traits.hpp
[7.227s] -- Up-to-date symlink: /home/nvidia/acfly_ws/install/mavros_msgs/include/mavros_msgs/mavros_msgs/msg/detail/vibration__type_support.hpp
[7.227s] -- Up-to-date symlink: /home/nvidia/acfly_ws/install/mavros_msgs/include/mavros_msgs/mavros_msgs/msg/detail/waypoint__builder.hpp
[7.227s] -- Up-to-date symlink: /home/nvidia/acfly_ws/install/mavros_msgs/include/mavros_msgs/mavros_msgs/msg/detail/waypoint__struct.hpp
[7.227s] -- Up-to-date symlink: /home/nvidia/acfly_ws/install/mavros_msgs/include/mavros_msgs/mavros_msgs/msg/detail/waypoint__traits.hpp
[7.227s] -- Up-to-date symlink: /home/nvidia/acfly_ws/install/mavros_msgs/include/mavros_msgs/mavros_msgs/msg/detail/waypoint__type_support.hpp
[7.227s] -- Up-to-date symlink: /home/nvidia/acfly_ws/install/mavros_msgs/include/mavros_msgs/mavros_msgs/msg/detail/waypoint_list__builder.hpp
[7.228s] -- Up-to-date symlink: /home/nvidia/acfly_ws/install/mavros_msgs/include/mavros_msgs/mavros_msgs/msg/detail/waypoint_list__struct.hpp
[7.228s] -- Up-to-date symlink: /home/nvidia/acfly_ws/install/mavros_msgs/include/mavros_msgs/mavros_msgs/msg/detail/waypoint_list__traits.hpp
[7.228s] -- Up-to-date symlink: /home/nvidia/acfly_ws/install/mavros_msgs/include/mavros_msgs/mavros_msgs/msg/detail/waypoint_list__type_support.hpp
[7.228s] -- Up-to-date symlink: /home/nvidia/acfly_ws/install/mavros_msgs/include/mavros_msgs/mavros_msgs/msg/detail/waypoint_reached__builder.hpp
[7.229s] -- Up-to-date symlink: /home/nvidia/acfly_ws/install/mavros_msgs/include/mavros_msgs/mavros_msgs/msg/detail/waypoint_reached__struct.hpp
[7.229s] -- Up-to-date symlink: /home/nvidia/acfly_ws/install/mavros_msgs/include/mavros_msgs/mavros_msgs/msg/detail/waypoint_reached__traits.hpp
[7.229s] -- Up-to-date symlink: /home/nvidia/acfly_ws/install/mavros_msgs/include/mavros_msgs/mavros_msgs/msg/detail/waypoint_reached__type_support.hpp
[7.229s] -- Up-to-date symlink: /home/nvidia/acfly_ws/install/mavros_msgs/include/mavros_msgs/mavros_msgs/msg/detail/wheel_odom_stamped__builder.hpp
[7.229s] -- Up-to-date symlink: /home/nvidia/acfly_ws/install/mavros_msgs/include/mavros_msgs/mavros_msgs/msg/detail/wheel_odom_stamped__struct.hpp
[7.229s] -- Up-to-date symlink: /home/nvidia/acfly_ws/install/mavros_msgs/include/mavros_msgs/mavros_msgs/msg/detail/wheel_odom_stamped__traits.hpp
[7.229s] -- Up-to-date symlink: /home/nvidia/acfly_ws/install/mavros_msgs/include/mavros_msgs/mavros_msgs/msg/detail/wheel_odom_stamped__type_support.hpp
[7.230s] -- Up-to-date symlink: /home/nvidia/acfly_ws/install/mavros_msgs/include/mavros_msgs/mavros_msgs/msg/esc_info.hpp
[7.230s] -- Up-to-date symlink: /home/nvidia/acfly_ws/install/mavros_msgs/include/mavros_msgs/mavros_msgs/msg/esc_info_item.hpp
[7.230s] -- Up-to-date symlink: /home/nvidia/acfly_ws/install/mavros_msgs/include/mavros_msgs/mavros_msgs/msg/esc_status.hpp
[7.230s] -- Up-to-date symlink: /home/nvidia/acfly_ws/install/mavros_msgs/include/mavros_msgs/mavros_msgs/msg/esc_status_item.hpp
[7.230s] -- Up-to-date symlink: /home/nvidia/acfly_ws/install/mavros_msgs/include/mavros_msgs/mavros_msgs/msg/esc_telemetry.hpp
[7.230s] -- Up-to-date symlink: /home/nvidia/acfly_ws/install/mavros_msgs/include/mavros_msgs/mavros_msgs/msg/esc_telemetry_item.hpp
[7.231s] -- Up-to-date symlink: /home/nvidia/acfly_ws/install/mavros_msgs/include/mavros_msgs/mavros_msgs/msg/estimator_status.hpp
[7.231s] -- Up-to-date symlink: /home/nvidia/acfly_ws/install/mavros_msgs/include/mavros_msgs/mavros_msgs/msg/extended_state.hpp
[7.231s] -- Up-to-date symlink: /home/nvidia/acfly_ws/install/mavros_msgs/include/mavros_msgs/mavros_msgs/msg/file_entry.hpp
[7.231s] -- Up-to-date symlink: /home/nvidia/acfly_ws/install/mavros_msgs/include/mavros_msgs/mavros_msgs/msg/gimbal_device_attitude_status.hpp
[7.232s] -- Up-to-date symlink: /home/nvidia/acfly_ws/install/mavros_msgs/include/mavros_msgs/mavros_msgs/msg/gimbal_device_information.hpp
[7.232s] -- Up-to-date symlink: /home/nvidia/acfly_ws/install/mavros_msgs/include/mavros_msgs/mavros_msgs/msg/gimbal_device_set_attitude.hpp
[7.232s] -- Up-to-date symlink: /home/nvidia/acfly_ws/install/mavros_msgs/include/mavros_msgs/mavros_msgs/msg/gimbal_manager_information.hpp
[7.232s] -- Up-to-date symlink: /home/nvidia/acfly_ws/install/mavros_msgs/include/mavros_msgs/mavros_msgs/msg/gimbal_manager_set_attitude.hpp
[7.232s] -- Up-to-date symlink: /home/nvidia/acfly_ws/install/mavros_msgs/include/mavros_msgs/mavros_msgs/msg/gimbal_manager_set_pitchyaw.hpp
[7.232s] -- Up-to-date symlink: /home/nvidia/acfly_ws/install/mavros_msgs/include/mavros_msgs/mavros_msgs/msg/gimbal_manager_status.hpp
[7.233s] -- Up-to-date symlink: /home/nvidia/acfly_ws/install/mavros_msgs/include/mavros_msgs/mavros_msgs/msg/global_position_target.hpp
[7.233s] -- Up-to-date symlink: /home/nvidia/acfly_ws/install/mavros_msgs/include/mavros_msgs/mavros_msgs/msg/gpsinput.hpp
[7.233s] -- Up-to-date symlink: /home/nvidia/acfly_ws/install/mavros_msgs/include/mavros_msgs/mavros_msgs/msg/gpsraw.hpp
[7.233s] -- Up-to-date symlink: /home/nvidia/acfly_ws/install/mavros_msgs/include/mavros_msgs/mavros_msgs/msg/gpsrtk.hpp
[7.234s] -- Up-to-date symlink: /home/nvidia/acfly_ws/install/mavros_msgs/include/mavros_msgs/mavros_msgs/msg/hil_actuator_controls.hpp
[7.234s] -- Up-to-date symlink: /home/nvidia/acfly_ws/install/mavros_msgs/include/mavros_msgs/mavros_msgs/msg/hil_controls.hpp
[7.235s] -- Up-to-date symlink: /home/nvidia/acfly_ws/install/mavros_msgs/include/mavros_msgs/mavros_msgs/msg/hil_gps.hpp
[7.235s] -- Up-to-date symlink: /home/nvidia/acfly_ws/install/mavros_msgs/include/mavros_msgs/mavros_msgs/msg/hil_sensor.hpp
[7.235s] -- Up-to-date symlink: /home/nvidia/acfly_ws/install/mavros_msgs/include/mavros_msgs/mavros_msgs/msg/hil_state_quaternion.hpp
[7.236s] -- Up-to-date symlink: /home/nvidia/acfly_ws/install/mavros_msgs/include/mavros_msgs/mavros_msgs/msg/home_position.hpp
[7.236s] -- Up-to-date symlink: /home/nvidia/acfly_ws/install/mavros_msgs/include/mavros_msgs/mavros_msgs/msg/landing_target.hpp
[7.236s] -- Up-to-date symlink: /home/nvidia/acfly_ws/install/mavros_msgs/include/mavros_msgs/mavros_msgs/msg/log_data.hpp
[7.237s] -- Up-to-date symlink: /home/nvidia/acfly_ws/install/mavros_msgs/include/mavros_msgs/mavros_msgs/msg/log_entry.hpp
[7.237s] -- Up-to-date symlink: /home/nvidia/acfly_ws/install/mavros_msgs/include/mavros_msgs/mavros_msgs/msg/magnetometer_reporter.hpp
[7.237s] -- Up-to-date symlink: /home/nvidia/acfly_ws/install/mavros_msgs/include/mavros_msgs/mavros_msgs/msg/manual_control.hpp
[7.237s] -- Up-to-date symlink: /home/nvidia/acfly_ws/install/mavros_msgs/include/mavros_msgs/mavros_msgs/msg/mavlink.hpp
[7.237s] -- Up-to-date symlink: /home/nvidia/acfly_ws/install/mavros_msgs/include/mavros_msgs/mavros_msgs/msg/mount_control.hpp
[7.237s] -- Up-to-date symlink: /home/nvidia/acfly_ws/install/mavros_msgs/include/mavros_msgs/mavros_msgs/msg/nav_controller_output.hpp
[7.237s] -- Up-to-date symlink: /home/nvidia/acfly_ws/install/mavros_msgs/include/mavros_msgs/mavros_msgs/msg/onboard_computer_status.hpp
[7.237s] -- Up-to-date symlink: /home/nvidia/acfly_ws/install/mavros_msgs/include/mavros_msgs/mavros_msgs/msg/open_drone_id_basic_id.hpp
[7.237s] -- Up-to-date symlink: /home/nvidia/acfly_ws/install/mavros_msgs/include/mavros_msgs/mavros_msgs/msg/open_drone_id_operator_id.hpp
[7.238s] -- Up-to-date symlink: /home/nvidia/acfly_ws/install/mavros_msgs/include/mavros_msgs/mavros_msgs/msg/open_drone_id_self_id.hpp
[7.238s] -- Up-to-date symlink: /home/nvidia/acfly_ws/install/mavros_msgs/include/mavros_msgs/mavros_msgs/msg/open_drone_id_system.hpp
[7.238s] -- Up-to-date symlink: /home/nvidia/acfly_ws/install/mavros_msgs/include/mavros_msgs/mavros_msgs/msg/open_drone_id_system_update.hpp
[7.239s] -- Up-to-date symlink: /home/nvidia/acfly_ws/install/mavros_msgs/include/mavros_msgs/mavros_msgs/msg/optical_flow.hpp
[7.240s] -- Up-to-date symlink: /home/nvidia/acfly_ws/install/mavros_msgs/include/mavros_msgs/mavros_msgs/msg/optical_flow_rad.hpp
[7.240s] -- Up-to-date symlink: /home/nvidia/acfly_ws/install/mavros_msgs/include/mavros_msgs/mavros_msgs/msg/override_rc_in.hpp
[7.240s] -- Up-to-date symlink: /home/nvidia/acfly_ws/install/mavros_msgs/include/mavros_msgs/mavros_msgs/msg/param.hpp
[7.240s] -- Up-to-date symlink: /home/nvidia/acfly_ws/install/mavros_msgs/include/mavros_msgs/mavros_msgs/msg/param_event.hpp
[7.240s] -- Up-to-date symlink: /home/nvidia/acfly_ws/install/mavros_msgs/include/mavros_msgs/mavros_msgs/msg/param_value.hpp
[7.240s] -- Up-to-date symlink: /home/nvidia/acfly_ws/install/mavros_msgs/include/mavros_msgs/mavros_msgs/msg/play_tune_v2.hpp
[7.241s] -- Up-to-date symlink: /home/nvidia/acfly_ws/install/mavros_msgs/include/mavros_msgs/mavros_msgs/msg/position_target.hpp
[7.241s] -- Up-to-date symlink: /home/nvidia/acfly_ws/install/mavros_msgs/include/mavros_msgs/mavros_msgs/msg/radio_status.hpp
[7.241s] -- Up-to-date symlink: /home/nvidia/acfly_ws/install/mavros_msgs/include/mavros_msgs/mavros_msgs/msg/rc_in.hpp
[7.241s] -- Up-to-date symlink: /home/nvidia/acfly_ws/install/mavros_msgs/include/mavros_msgs/mavros_msgs/msg/rc_out.hpp
[7.241s] -- Up-to-date symlink: /home/nvidia/acfly_ws/install/mavros_msgs/include/mavros_msgs/mavros_msgs/msg/rosidl_generator_cpp__visibility_control.hpp
[7.241s] -- Up-to-date symlink: /home/nvidia/acfly_ws/install/mavros_msgs/include/mavros_msgs/mavros_msgs/msg/rtcm.hpp
[7.242s] -- Up-to-date symlink: /home/nvidia/acfly_ws/install/mavros_msgs/include/mavros_msgs/mavros_msgs/msg/rtk_baseline.hpp
[7.242s] -- Up-to-date symlink: /home/nvidia/acfly_ws/install/mavros_msgs/include/mavros_msgs/mavros_msgs/msg/state.hpp
[7.242s] -- Up-to-date symlink: /home/nvidia/acfly_ws/install/mavros_msgs/include/mavros_msgs/mavros_msgs/msg/status_event.hpp
[7.242s] -- Up-to-date symlink: /home/nvidia/acfly_ws/install/mavros_msgs/include/mavros_msgs/mavros_msgs/msg/status_text.hpp
[7.242s] -- Up-to-date symlink: /home/nvidia/acfly_ws/install/mavros_msgs/include/mavros_msgs/mavros_msgs/msg/sys_status.hpp
[7.242s] -- Up-to-date symlink: /home/nvidia/acfly_ws/install/mavros_msgs/include/mavros_msgs/mavros_msgs/msg/terrain_report.hpp
[7.243s] -- Up-to-date symlink: /home/nvidia/acfly_ws/install/mavros_msgs/include/mavros_msgs/mavros_msgs/msg/thrust.hpp
[7.243s] -- Up-to-date symlink: /home/nvidia/acfly_ws/install/mavros_msgs/include/mavros_msgs/mavros_msgs/msg/timesync_status.hpp
[7.243s] -- Up-to-date symlink: /home/nvidia/acfly_ws/install/mavros_msgs/include/mavros_msgs/mavros_msgs/msg/trajectory.hpp
[7.243s] -- Up-to-date symlink: /home/nvidia/acfly_ws/install/mavros_msgs/include/mavros_msgs/mavros_msgs/msg/tunnel.hpp
[7.243s] -- Up-to-date symlink: /home/nvidia/acfly_ws/install/mavros_msgs/include/mavros_msgs/mavros_msgs/msg/vehicle_info.hpp
[7.243s] -- Up-to-date symlink: /home/nvidia/acfly_ws/install/mavros_msgs/include/mavros_msgs/mavros_msgs/msg/vfr_hud.hpp
[7.244s] -- Up-to-date symlink: /home/nvidia/acfly_ws/install/mavros_msgs/include/mavros_msgs/mavros_msgs/msg/vibration.hpp
[7.244s] -- Up-to-date symlink: /home/nvidia/acfly_ws/install/mavros_msgs/include/mavros_msgs/mavros_msgs/msg/waypoint.hpp
[7.244s] -- Up-to-date symlink: /home/nvidia/acfly_ws/install/mavros_msgs/include/mavros_msgs/mavros_msgs/msg/waypoint_list.hpp
[7.244s] -- Up-to-date symlink: /home/nvidia/acfly_ws/install/mavros_msgs/include/mavros_msgs/mavros_msgs/msg/waypoint_reached.hpp
[7.244s] -- Up-to-date symlink: /home/nvidia/acfly_ws/install/mavros_msgs/include/mavros_msgs/mavros_msgs/msg/wheel_odom_stamped.hpp
[7.244s] -- Up-to-date symlink: /home/nvidia/acfly_ws/install/mavros_msgs/include/mavros_msgs/mavros_msgs/srv/command_ack.hpp
[7.244s] -- Up-to-date symlink: /home/nvidia/acfly_ws/install/mavros_msgs/include/mavros_msgs/mavros_msgs/srv/command_bool.hpp
[7.245s] -- Up-to-date symlink: /home/nvidia/acfly_ws/install/mavros_msgs/include/mavros_msgs/mavros_msgs/srv/command_home.hpp
[7.245s] -- Up-to-date symlink: /home/nvidia/acfly_ws/install/mavros_msgs/include/mavros_msgs/mavros_msgs/srv/command_int.hpp
[7.245s] -- Up-to-date symlink: /home/nvidia/acfly_ws/install/mavros_msgs/include/mavros_msgs/mavros_msgs/srv/command_long.hpp
[7.245s] -- Up-to-date symlink: /home/nvidia/acfly_ws/install/mavros_msgs/include/mavros_msgs/mavros_msgs/srv/command_tol.hpp
[7.245s] -- Up-to-date symlink: /home/nvidia/acfly_ws/install/mavros_msgs/include/mavros_msgs/mavros_msgs/srv/command_tol_local.hpp
[7.245s] -- Up-to-date symlink: /home/nvidia/acfly_ws/install/mavros_msgs/include/mavros_msgs/mavros_msgs/srv/command_trigger_control.hpp
[7.246s] -- Up-to-date symlink: /home/nvidia/acfly_ws/install/mavros_msgs/include/mavros_msgs/mavros_msgs/srv/command_trigger_interval.hpp
[7.246s] -- Up-to-date symlink: /home/nvidia/acfly_ws/install/mavros_msgs/include/mavros_msgs/mavros_msgs/srv/command_vtol_transition.hpp
[7.246s] -- Up-to-date symlink: /home/nvidia/acfly_ws/install/mavros_msgs/include/mavros_msgs/mavros_msgs/srv/detail/command_ack__builder.hpp
[7.246s] -- Up-to-date symlink: /home/nvidia/acfly_ws/install/mavros_msgs/include/mavros_msgs/mavros_msgs/srv/detail/command_ack__struct.hpp
[7.246s] -- Up-to-date symlink: /home/nvidia/acfly_ws/install/mavros_msgs/include/mavros_msgs/mavros_msgs/srv/detail/command_ack__traits.hpp
[7.246s] -- Up-to-date symlink: /home/nvidia/acfly_ws/install/mavros_msgs/include/mavros_msgs/mavros_msgs/srv/detail/command_ack__type_support.hpp
[7.247s] -- Up-to-date symlink: /home/nvidia/acfly_ws/install/mavros_msgs/include/mavros_msgs/mavros_msgs/srv/detail/command_bool__builder.hpp
[7.247s] -- Up-to-date symlink: /home/nvidia/acfly_ws/install/mavros_msgs/include/mavros_msgs/mavros_msgs/srv/detail/command_bool__struct.hpp
[7.247s] -- Up-to-date symlink: /home/nvidia/acfly_ws/install/mavros_msgs/include/mavros_msgs/mavros_msgs/srv/detail/command_bool__traits.hpp
[7.248s] -- Up-to-date symlink: /home/nvidia/acfly_ws/install/mavros_msgs/include/mavros_msgs/mavros_msgs/srv/detail/command_bool__type_support.hpp
[7.248s] -- Up-to-date symlink: /home/nvidia/acfly_ws/install/mavros_msgs/include/mavros_msgs/mavros_msgs/srv/detail/command_home__builder.hpp
[7.248s] -- Up-to-date symlink: /home/nvidia/acfly_ws/install/mavros_msgs/include/mavros_msgs/mavros_msgs/srv/detail/command_home__struct.hpp
[7.248s] -- Up-to-date symlink: /home/nvidia/acfly_ws/install/mavros_msgs/include/mavros_msgs/mavros_msgs/srv/detail/command_home__traits.hpp
[7.248s] -- Up-to-date symlink: /home/nvidia/acfly_ws/install/mavros_msgs/include/mavros_msgs/mavros_msgs/srv/detail/command_home__type_support.hpp
[7.248s] -- Up-to-date symlink: /home/nvidia/acfly_ws/install/mavros_msgs/include/mavros_msgs/mavros_msgs/srv/detail/command_int__builder.hpp
[7.249s] -- Up-to-date symlink: /home/nvidia/acfly_ws/install/mavros_msgs/include/mavros_msgs/mavros_msgs/srv/detail/command_int__struct.hpp
[7.249s] -- Up-to-date symlink: /home/nvidia/acfly_ws/install/mavros_msgs/include/mavros_msgs/mavros_msgs/srv/detail/command_int__traits.hpp
[7.249s] -- Up-to-date symlink: /home/nvidia/acfly_ws/install/mavros_msgs/include/mavros_msgs/mavros_msgs/srv/detail/command_int__type_support.hpp
[7.249s] -- Up-to-date symlink: /home/nvidia/acfly_ws/install/mavros_msgs/include/mavros_msgs/mavros_msgs/srv/detail/command_long__builder.hpp
[7.249s] -- Up-to-date symlink: /home/nvidia/acfly_ws/install/mavros_msgs/include/mavros_msgs/mavros_msgs/srv/detail/command_long__struct.hpp
[7.250s] -- Up-to-date symlink: /home/nvidia/acfly_ws/install/mavros_msgs/include/mavros_msgs/mavros_msgs/srv/detail/command_long__traits.hpp
[7.250s] -- Up-to-date symlink: /home/nvidia/acfly_ws/install/mavros_msgs/include/mavros_msgs/mavros_msgs/srv/detail/command_long__type_support.hpp
[7.250s] -- Up-to-date symlink: /home/nvidia/acfly_ws/install/mavros_msgs/include/mavros_msgs/mavros_msgs/srv/detail/command_tol__builder.hpp
[7.250s] -- Up-to-date symlink: /home/nvidia/acfly_ws/install/mavros_msgs/include/mavros_msgs/mavros_msgs/srv/detail/command_tol__struct.hpp
[7.251s] -- Up-to-date symlink: /home/nvidia/acfly_ws/install/mavros_msgs/include/mavros_msgs/mavros_msgs/srv/detail/command_tol__traits.hpp
[7.251s] -- Up-to-date symlink: /home/nvidia/acfly_ws/install/mavros_msgs/include/mavros_msgs/mavros_msgs/srv/detail/command_tol__type_support.hpp
[7.251s] -- Up-to-date symlink: /home/nvidia/acfly_ws/install/mavros_msgs/include/mavros_msgs/mavros_msgs/srv/detail/command_tol_local__builder.hpp
[7.251s] -- Up-to-date symlink: /home/nvidia/acfly_ws/install/mavros_msgs/include/mavros_msgs/mavros_msgs/srv/detail/command_tol_local__struct.hpp
[7.251s] -- Up-to-date symlink: /home/nvidia/acfly_ws/install/mavros_msgs/include/mavros_msgs/mavros_msgs/srv/detail/command_tol_local__traits.hpp
[7.252s] -- Up-to-date symlink: /home/nvidia/acfly_ws/install/mavros_msgs/include/mavros_msgs/mavros_msgs/srv/detail/command_tol_local__type_support.hpp
[7.252s] -- Up-to-date symlink: /home/nvidia/acfly_ws/install/mavros_msgs/include/mavros_msgs/mavros_msgs/srv/detail/command_trigger_control__builder.hpp
[7.252s] -- Up-to-date symlink: /home/nvidia/acfly_ws/install/mavros_msgs/include/mavros_msgs/mavros_msgs/srv/detail/command_trigger_control__struct.hpp
[7.252s] -- Up-to-date symlink: /home/nvidia/acfly_ws/install/mavros_msgs/include/mavros_msgs/mavros_msgs/srv/detail/command_trigger_control__traits.hpp
[7.252s] -- Up-to-date symlink: /home/nvidia/acfly_ws/install/mavros_msgs/include/mavros_msgs/mavros_msgs/srv/detail/command_trigger_control__type_support.hpp
[7.253s] -- Up-to-date symlink: /home/nvidia/acfly_ws/install/mavros_msgs/include/mavros_msgs/mavros_msgs/srv/detail/command_trigger_interval__builder.hpp
[7.253s] -- Up-to-date symlink: /home/nvidia/acfly_ws/install/mavros_msgs/include/mavros_msgs/mavros_msgs/srv/detail/command_trigger_interval__struct.hpp
[7.253s] -- Up-to-date symlink: /home/nvidia/acfly_ws/install/mavros_msgs/include/mavros_msgs/mavros_msgs/srv/detail/command_trigger_interval__traits.hpp
[7.253s] -- Up-to-date symlink: /home/nvidia/acfly_ws/install/mavros_msgs/include/mavros_msgs/mavros_msgs/srv/detail/command_trigger_interval__type_support.hpp
[7.253s] -- Up-to-date symlink: /home/nvidia/acfly_ws/install/mavros_msgs/include/mavros_msgs/mavros_msgs/srv/detail/command_vtol_transition__builder.hpp
[7.253s] -- Up-to-date symlink: /home/nvidia/acfly_ws/install/mavros_msgs/include/mavros_msgs/mavros_msgs/srv/detail/command_vtol_transition__struct.hpp
[7.253s] -- Up-to-date symlink: /home/nvidia/acfly_ws/install/mavros_msgs/include/mavros_msgs/mavros_msgs/srv/detail/command_vtol_transition__traits.hpp
[7.254s] -- Up-to-date symlink: /home/nvidia/acfly_ws/install/mavros_msgs/include/mavros_msgs/mavros_msgs/srv/detail/command_vtol_transition__type_support.hpp
[7.254s] -- Up-to-date symlink: /home/nvidia/acfly_ws/install/mavros_msgs/include/mavros_msgs/mavros_msgs/srv/detail/endpoint_add__builder.hpp
[7.254s] -- Up-to-date symlink: /home/nvidia/acfly_ws/install/mavros_msgs/include/mavros_msgs/mavros_msgs/srv/detail/endpoint_add__struct.hpp
[7.254s] -- Up-to-date symlink: /home/nvidia/acfly_ws/install/mavros_msgs/include/mavros_msgs/mavros_msgs/srv/detail/endpoint_add__traits.hpp
[7.254s] -- Up-to-date symlink: /home/nvidia/acfly_ws/install/mavros_msgs/include/mavros_msgs/mavros_msgs/srv/detail/endpoint_add__type_support.hpp
[7.254s] -- Up-to-date symlink: /home/nvidia/acfly_ws/install/mavros_msgs/include/mavros_msgs/mavros_msgs/srv/detail/endpoint_del__builder.hpp
[7.254s] -- Up-to-date symlink: /home/nvidia/acfly_ws/install/mavros_msgs/include/mavros_msgs/mavros_msgs/srv/detail/endpoint_del__struct.hpp
[7.254s] -- Up-to-date symlink: /home/nvidia/acfly_ws/install/mavros_msgs/include/mavros_msgs/mavros_msgs/srv/detail/endpoint_del__traits.hpp
[7.255s] -- Up-to-date symlink: /home/nvidia/acfly_ws/install/mavros_msgs/include/mavros_msgs/mavros_msgs/srv/detail/endpoint_del__type_support.hpp
[7.255s] -- Up-to-date symlink: /home/nvidia/acfly_ws/install/mavros_msgs/include/mavros_msgs/mavros_msgs/srv/detail/file_checksum__builder.hpp
[7.255s] -- Up-to-date symlink: /home/nvidia/acfly_ws/install/mavros_msgs/include/mavros_msgs/mavros_msgs/srv/detail/file_checksum__struct.hpp
[7.255s] -- Up-to-date symlink: /home/nvidia/acfly_ws/install/mavros_msgs/include/mavros_msgs/mavros_msgs/srv/detail/file_checksum__traits.hpp
[7.255s] -- Up-to-date symlink: /home/nvidia/acfly_ws/install/mavros_msgs/include/mavros_msgs/mavros_msgs/srv/detail/file_checksum__type_support.hpp
[7.255s] -- Up-to-date symlink: /home/nvidia/acfly_ws/install/mavros_msgs/include/mavros_msgs/mavros_msgs/srv/detail/file_close__builder.hpp
[7.255s] -- Up-to-date symlink: /home/nvidia/acfly_ws/install/mavros_msgs/include/mavros_msgs/mavros_msgs/srv/detail/file_close__struct.hpp
[7.256s] -- Up-to-date symlink: /home/nvidia/acfly_ws/install/mavros_msgs/include/mavros_msgs/mavros_msgs/srv/detail/file_close__traits.hpp
[7.256s] -- Up-to-date symlink: /home/nvidia/acfly_ws/install/mavros_msgs/include/mavros_msgs/mavros_msgs/srv/detail/file_close__type_support.hpp
[7.256s] -- Up-to-date symlink: /home/nvidia/acfly_ws/install/mavros_msgs/include/mavros_msgs/mavros_msgs/srv/detail/file_list__builder.hpp
[7.256s] -- Up-to-date symlink: /home/nvidia/acfly_ws/install/mavros_msgs/include/mavros_msgs/mavros_msgs/srv/detail/file_list__struct.hpp
[7.256s] -- Up-to-date symlink: /home/nvidia/acfly_ws/install/mavros_msgs/include/mavros_msgs/mavros_msgs/srv/detail/file_list__traits.hpp
[7.256s] -- Up-to-date symlink: /home/nvidia/acfly_ws/install/mavros_msgs/include/mavros_msgs/mavros_msgs/srv/detail/file_list__type_support.hpp
[7.256s] -- Up-to-date symlink: /home/nvidia/acfly_ws/install/mavros_msgs/include/mavros_msgs/mavros_msgs/srv/detail/file_make_dir__builder.hpp
[7.257s] -- Up-to-date symlink: /home/nvidia/acfly_ws/install/mavros_msgs/include/mavros_msgs/mavros_msgs/srv/detail/file_make_dir__struct.hpp
[7.257s] -- Up-to-date symlink: /home/nvidia/acfly_ws/install/mavros_msgs/include/mavros_msgs/mavros_msgs/srv/detail/file_make_dir__traits.hpp
[7.257s] -- Up-to-date symlink: /home/nvidia/acfly_ws/install/mavros_msgs/include/mavros_msgs/mavros_msgs/srv/detail/file_make_dir__type_support.hpp
[7.257s] -- Up-to-date symlink: /home/nvidia/acfly_ws/install/mavros_msgs/include/mavros_msgs/mavros_msgs/srv/detail/file_open__builder.hpp
[7.257s] -- Up-to-date symlink: /home/nvidia/acfly_ws/install/mavros_msgs/include/mavros_msgs/mavros_msgs/srv/detail/file_open__struct.hpp
[7.257s] -- Up-to-date symlink: /home/nvidia/acfly_ws/install/mavros_msgs/include/mavros_msgs/mavros_msgs/srv/detail/file_open__traits.hpp
[7.257s] -- Up-to-date symlink: /home/nvidia/acfly_ws/install/mavros_msgs/include/mavros_msgs/mavros_msgs/srv/detail/file_open__type_support.hpp
[7.258s] -- Up-to-date symlink: /home/nvidia/acfly_ws/install/mavros_msgs/include/mavros_msgs/mavros_msgs/srv/detail/file_read__builder.hpp
[7.258s] -- Up-to-date symlink: /home/nvidia/acfly_ws/install/mavros_msgs/include/mavros_msgs/mavros_msgs/srv/detail/file_read__struct.hpp
[7.258s] -- Up-to-date symlink: /home/nvidia/acfly_ws/install/mavros_msgs/include/mavros_msgs/mavros_msgs/srv/detail/file_read__traits.hpp
[7.258s] -- Up-to-date symlink: /home/nvidia/acfly_ws/install/mavros_msgs/include/mavros_msgs/mavros_msgs/srv/detail/file_read__type_support.hpp
[7.258s] -- Up-to-date symlink: /home/nvidia/acfly_ws/install/mavros_msgs/include/mavros_msgs/mavros_msgs/srv/detail/file_remove__builder.hpp
[7.258s] -- Up-to-date symlink: /home/nvidia/acfly_ws/install/mavros_msgs/include/mavros_msgs/mavros_msgs/srv/detail/file_remove__struct.hpp
[7.258s] -- Up-to-date symlink: /home/nvidia/acfly_ws/install/mavros_msgs/include/mavros_msgs/mavros_msgs/srv/detail/file_remove__traits.hpp
[7.258s] -- Up-to-date symlink: /home/nvidia/acfly_ws/install/mavros_msgs/include/mavros_msgs/mavros_msgs/srv/detail/file_remove__type_support.hpp
[7.259s] -- Up-to-date symlink: /home/nvidia/acfly_ws/install/mavros_msgs/include/mavros_msgs/mavros_msgs/srv/detail/file_remove_dir__builder.hpp
[7.259s] -- Up-to-date symlink: /home/nvidia/acfly_ws/install/mavros_msgs/include/mavros_msgs/mavros_msgs/srv/detail/file_remove_dir__struct.hpp
[7.259s] -- Up-to-date symlink: /home/nvidia/acfly_ws/install/mavros_msgs/include/mavros_msgs/mavros_msgs/srv/detail/file_remove_dir__traits.hpp
[7.259s] -- Up-to-date symlink: /home/nvidia/acfly_ws/install/mavros_msgs/include/mavros_msgs/mavros_msgs/srv/detail/file_remove_dir__type_support.hpp
[7.259s] -- Up-to-date symlink: /home/nvidia/acfly_ws/install/mavros_msgs/include/mavros_msgs/mavros_msgs/srv/detail/file_rename__builder.hpp
[7.260s] -- Up-to-date symlink: /home/nvidia/acfly_ws/install/mavros_msgs/include/mavros_msgs/mavros_msgs/srv/detail/file_rename__struct.hpp
[7.260s] -- Up-to-date symlink: /home/nvidia/acfly_ws/install/mavros_msgs/include/mavros_msgs/mavros_msgs/srv/detail/file_rename__traits.hpp
[7.260s] -- Up-to-date symlink: /home/nvidia/acfly_ws/install/mavros_msgs/include/mavros_msgs/mavros_msgs/srv/detail/file_rename__type_support.hpp
[7.260s] -- Up-to-date symlink: /home/nvidia/acfly_ws/install/mavros_msgs/include/mavros_msgs/mavros_msgs/srv/detail/file_truncate__builder.hpp
[7.260s] -- Up-to-date symlink: /home/nvidia/acfly_ws/install/mavros_msgs/include/mavros_msgs/mavros_msgs/srv/detail/file_truncate__struct.hpp
[7.261s] -- Up-to-date symlink: /home/nvidia/acfly_ws/install/mavros_msgs/include/mavros_msgs/mavros_msgs/srv/detail/file_truncate__traits.hpp
[7.261s] -- Up-to-date symlink: /home/nvidia/acfly_ws/install/mavros_msgs/include/mavros_msgs/mavros_msgs/srv/detail/file_truncate__type_support.hpp
[7.261s] -- Up-to-date symlink: /home/nvidia/acfly_ws/install/mavros_msgs/include/mavros_msgs/mavros_msgs/srv/detail/file_write__builder.hpp
[7.261s] -- Up-to-date symlink: /home/nvidia/acfly_ws/install/mavros_msgs/include/mavros_msgs/mavros_msgs/srv/detail/file_write__struct.hpp
[7.261s] -- Up-to-date symlink: /home/nvidia/acfly_ws/install/mavros_msgs/include/mavros_msgs/mavros_msgs/srv/detail/file_write__traits.hpp
[7.262s] -- Up-to-date symlink: /home/nvidia/acfly_ws/install/mavros_msgs/include/mavros_msgs/mavros_msgs/srv/detail/file_write__type_support.hpp
[7.262s] -- Up-to-date symlink: /home/nvidia/acfly_ws/install/mavros_msgs/include/mavros_msgs/mavros_msgs/srv/detail/gimbal_get_information__builder.hpp
[7.262s] -- Up-to-date symlink: /home/nvidia/acfly_ws/install/mavros_msgs/include/mavros_msgs/mavros_msgs/srv/detail/gimbal_get_information__struct.hpp
[7.262s] -- Up-to-date symlink: /home/nvidia/acfly_ws/install/mavros_msgs/include/mavros_msgs/mavros_msgs/srv/detail/gimbal_get_information__traits.hpp
[7.262s] -- Up-to-date symlink: /home/nvidia/acfly_ws/install/mavros_msgs/include/mavros_msgs/mavros_msgs/srv/detail/gimbal_get_information__type_support.hpp
[7.262s] -- Up-to-date symlink: /home/nvidia/acfly_ws/install/mavros_msgs/include/mavros_msgs/mavros_msgs/srv/detail/gimbal_manager_camera_track__builder.hpp
[7.262s] -- Up-to-date symlink: /home/nvidia/acfly_ws/install/mavros_msgs/include/mavros_msgs/mavros_msgs/srv/detail/gimbal_manager_camera_track__struct.hpp
[7.262s] -- Up-to-date symlink: /home/nvidia/acfly_ws/install/mavros_msgs/include/mavros_msgs/mavros_msgs/srv/detail/gimbal_manager_camera_track__traits.hpp
[7.263s] -- Up-to-date symlink: /home/nvidia/acfly_ws/install/mavros_msgs/include/mavros_msgs/mavros_msgs/srv/detail/gimbal_manager_camera_track__type_support.hpp
[7.263s] -- Up-to-date symlink: /home/nvidia/acfly_ws/install/mavros_msgs/include/mavros_msgs/mavros_msgs/srv/detail/gimbal_manager_configure__builder.hpp
[7.263s] -- Up-to-date symlink: /home/nvidia/acfly_ws/install/mavros_msgs/include/mavros_msgs/mavros_msgs/srv/detail/gimbal_manager_configure__struct.hpp
[7.263s] -- Up-to-date symlink: /home/nvidia/acfly_ws/install/mavros_msgs/include/mavros_msgs/mavros_msgs/srv/detail/gimbal_manager_configure__traits.hpp
[7.263s] -- Up-to-date symlink: /home/nvidia/acfly_ws/install/mavros_msgs/include/mavros_msgs/mavros_msgs/srv/detail/gimbal_manager_configure__type_support.hpp
[7.264s] -- Up-to-date symlink: /home/nvidia/acfly_ws/install/mavros_msgs/include/mavros_msgs/mavros_msgs/srv/detail/gimbal_manager_pitchyaw__builder.hpp
[7.264s] -- Up-to-date symlink: /home/nvidia/acfly_ws/install/mavros_msgs/include/mavros_msgs/mavros_msgs/srv/detail/gimbal_manager_pitchyaw__struct.hpp
[7.264s] -- Up-to-date symlink: /home/nvidia/acfly_ws/install/mavros_msgs/include/mavros_msgs/mavros_msgs/srv/detail/gimbal_manager_pitchyaw__traits.hpp
[7.264s] -- Up-to-date symlink: /home/nvidia/acfly_ws/install/mavros_msgs/include/mavros_msgs/mavros_msgs/srv/detail/gimbal_manager_pitchyaw__type_support.hpp
[7.264s] -- Up-to-date symlink: /home/nvidia/acfly_ws/install/mavros_msgs/include/mavros_msgs/mavros_msgs/srv/detail/gimbal_manager_set_roi__builder.hpp
[7.264s] -- Up-to-date symlink: /home/nvidia/acfly_ws/install/mavros_msgs/include/mavros_msgs/mavros_msgs/srv/detail/gimbal_manager_set_roi__struct.hpp
[7.265s] -- Up-to-date symlink: /home/nvidia/acfly_ws/install/mavros_msgs/include/mavros_msgs/mavros_msgs/srv/detail/gimbal_manager_set_roi__traits.hpp
[7.265s] -- Up-to-date symlink: /home/nvidia/acfly_ws/install/mavros_msgs/include/mavros_msgs/mavros_msgs/srv/detail/gimbal_manager_set_roi__type_support.hpp
[7.265s] -- Up-to-date symlink: /home/nvidia/acfly_ws/install/mavros_msgs/include/mavros_msgs/mavros_msgs/srv/detail/log_request_data__builder.hpp
[7.265s] -- Up-to-date symlink: /home/nvidia/acfly_ws/install/mavros_msgs/include/mavros_msgs/mavros_msgs/srv/detail/log_request_data__struct.hpp
[7.265s] -- Up-to-date symlink: /home/nvidia/acfly_ws/install/mavros_msgs/include/mavros_msgs/mavros_msgs/srv/detail/log_request_data__traits.hpp
[7.265s] -- Up-to-date symlink: /home/nvidia/acfly_ws/install/mavros_msgs/include/mavros_msgs/mavros_msgs/srv/detail/log_request_data__type_support.hpp
[7.266s] -- Up-to-date symlink: /home/nvidia/acfly_ws/install/mavros_msgs/include/mavros_msgs/mavros_msgs/srv/detail/log_request_end__builder.hpp
[7.266s] -- Up-to-date symlink: /home/nvidia/acfly_ws/install/mavros_msgs/include/mavros_msgs/mavros_msgs/srv/detail/log_request_end__struct.hpp
[7.266s] -- Up-to-date symlink: /home/nvidia/acfly_ws/install/mavros_msgs/include/mavros_msgs/mavros_msgs/srv/detail/log_request_end__traits.hpp
[7.266s] -- Up-to-date symlink: /home/nvidia/acfly_ws/install/mavros_msgs/include/mavros_msgs/mavros_msgs/srv/detail/log_request_end__type_support.hpp
[7.266s] -- Up-to-date symlink: /home/nvidia/acfly_ws/install/mavros_msgs/include/mavros_msgs/mavros_msgs/srv/detail/log_request_list__builder.hpp
[7.266s] -- Up-to-date symlink: /home/nvidia/acfly_ws/install/mavros_msgs/include/mavros_msgs/mavros_msgs/srv/detail/log_request_list__struct.hpp
[7.266s] -- Up-to-date symlink: /home/nvidia/acfly_ws/install/mavros_msgs/include/mavros_msgs/mavros_msgs/srv/detail/log_request_list__traits.hpp
[7.267s] -- Up-to-date symlink: /home/nvidia/acfly_ws/install/mavros_msgs/include/mavros_msgs/mavros_msgs/srv/detail/log_request_list__type_support.hpp
[7.267s] -- Up-to-date symlink: /home/nvidia/acfly_ws/install/mavros_msgs/include/mavros_msgs/mavros_msgs/srv/detail/message_interval__builder.hpp
[7.267s] -- Up-to-date symlink: /home/nvidia/acfly_ws/install/mavros_msgs/include/mavros_msgs/mavros_msgs/srv/detail/message_interval__struct.hpp
[7.267s] -- Up-to-date symlink: /home/nvidia/acfly_ws/install/mavros_msgs/include/mavros_msgs/mavros_msgs/srv/detail/message_interval__traits.hpp
[7.267s] -- Up-to-date symlink: /home/nvidia/acfly_ws/install/mavros_msgs/include/mavros_msgs/mavros_msgs/srv/detail/message_interval__type_support.hpp
[7.268s] -- Up-to-date symlink: /home/nvidia/acfly_ws/install/mavros_msgs/include/mavros_msgs/mavros_msgs/srv/detail/mount_configure__builder.hpp
[7.268s] -- Up-to-date symlink: /home/nvidia/acfly_ws/install/mavros_msgs/include/mavros_msgs/mavros_msgs/srv/detail/mount_configure__struct.hpp
[7.268s] -- Up-to-date symlink: /home/nvidia/acfly_ws/install/mavros_msgs/include/mavros_msgs/mavros_msgs/srv/detail/mount_configure__traits.hpp
[7.268s] -- Up-to-date symlink: /home/nvidia/acfly_ws/install/mavros_msgs/include/mavros_msgs/mavros_msgs/srv/detail/mount_configure__type_support.hpp
[7.268s] -- Up-to-date symlink: /home/nvidia/acfly_ws/install/mavros_msgs/include/mavros_msgs/mavros_msgs/srv/detail/param_get__builder.hpp
[7.268s] -- Up-to-date symlink: /home/nvidia/acfly_ws/install/mavros_msgs/include/mavros_msgs/mavros_msgs/srv/detail/param_get__struct.hpp
[7.269s] -- Up-to-date symlink: /home/nvidia/acfly_ws/install/mavros_msgs/include/mavros_msgs/mavros_msgs/srv/detail/param_get__traits.hpp
[7.269s] -- Up-to-date symlink: /home/nvidia/acfly_ws/install/mavros_msgs/include/mavros_msgs/mavros_msgs/srv/detail/param_get__type_support.hpp
[7.269s] -- Up-to-date symlink: /home/nvidia/acfly_ws/install/mavros_msgs/include/mavros_msgs/mavros_msgs/srv/detail/param_pull__builder.hpp
[7.269s] -- Up-to-date symlink: /home/nvidia/acfly_ws/install/mavros_msgs/include/mavros_msgs/mavros_msgs/srv/detail/param_pull__struct.hpp
[7.269s] -- Up-to-date symlink: /home/nvidia/acfly_ws/install/mavros_msgs/include/mavros_msgs/mavros_msgs/srv/detail/param_pull__traits.hpp
[7.269s] -- Up-to-date symlink: /home/nvidia/acfly_ws/install/mavros_msgs/include/mavros_msgs/mavros_msgs/srv/detail/param_pull__type_support.hpp
[7.269s] -- Up-to-date symlink: /home/nvidia/acfly_ws/install/mavros_msgs/include/mavros_msgs/mavros_msgs/srv/detail/param_push__builder.hpp
[7.270s] -- Up-to-date symlink: /home/nvidia/acfly_ws/install/mavros_msgs/include/mavros_msgs/mavros_msgs/srv/detail/param_push__struct.hpp
[7.270s] -- Up-to-date symlink: /home/nvidia/acfly_ws/install/mavros_msgs/include/mavros_msgs/mavros_msgs/srv/detail/param_push__traits.hpp
[7.270s] -- Up-to-date symlink: /home/nvidia/acfly_ws/install/mavros_msgs/include/mavros_msgs/mavros_msgs/srv/detail/param_push__type_support.hpp
[7.270s] -- Up-to-date symlink: /home/nvidia/acfly_ws/install/mavros_msgs/include/mavros_msgs/mavros_msgs/srv/detail/param_set__builder.hpp
[7.270s] -- Up-to-date symlink: /home/nvidia/acfly_ws/install/mavros_msgs/include/mavros_msgs/mavros_msgs/srv/detail/param_set__struct.hpp
[7.270s] -- Up-to-date symlink: /home/nvidia/acfly_ws/install/mavros_msgs/include/mavros_msgs/mavros_msgs/srv/detail/param_set__traits.hpp
[7.271s] -- Up-to-date symlink: /home/nvidia/acfly_ws/install/mavros_msgs/include/mavros_msgs/mavros_msgs/srv/detail/param_set__type_support.hpp
[7.271s] -- Up-to-date symlink: /home/nvidia/acfly_ws/install/mavros_msgs/include/mavros_msgs/mavros_msgs/srv/detail/param_set_v2__builder.hpp
[7.271s] -- Up-to-date symlink: /home/nvidia/acfly_ws/install/mavros_msgs/include/mavros_msgs/mavros_msgs/srv/detail/param_set_v2__struct.hpp
[7.271s] -- Up-to-date symlink: /home/nvidia/acfly_ws/install/mavros_msgs/include/mavros_msgs/mavros_msgs/srv/detail/param_set_v2__traits.hpp
[7.271s] -- Up-to-date symlink: /home/nvidia/acfly_ws/install/mavros_msgs/include/mavros_msgs/mavros_msgs/srv/detail/param_set_v2__type_support.hpp
[7.271s] -- Up-to-date symlink: /home/nvidia/acfly_ws/install/mavros_msgs/include/mavros_msgs/mavros_msgs/srv/detail/set_mav_frame__builder.hpp
[7.272s] -- Up-to-date symlink: /home/nvidia/acfly_ws/install/mavros_msgs/include/mavros_msgs/mavros_msgs/srv/detail/set_mav_frame__struct.hpp
[7.272s] -- Up-to-date symlink: /home/nvidia/acfly_ws/install/mavros_msgs/include/mavros_msgs/mavros_msgs/srv/detail/set_mav_frame__traits.hpp
[7.272s] -- Up-to-date symlink: /home/nvidia/acfly_ws/install/mavros_msgs/include/mavros_msgs/mavros_msgs/srv/detail/set_mav_frame__type_support.hpp
[7.272s] -- Up-to-date symlink: /home/nvidia/acfly_ws/install/mavros_msgs/include/mavros_msgs/mavros_msgs/srv/detail/set_mode__builder.hpp
[7.272s] -- Up-to-date symlink: /home/nvidia/acfly_ws/install/mavros_msgs/include/mavros_msgs/mavros_msgs/srv/detail/set_mode__struct.hpp
[7.272s] -- Up-to-date symlink: /home/nvidia/acfly_ws/install/mavros_msgs/include/mavros_msgs/mavros_msgs/srv/detail/set_mode__traits.hpp
[7.273s] -- Up-to-date symlink: /home/nvidia/acfly_ws/install/mavros_msgs/include/mavros_msgs/mavros_msgs/srv/detail/set_mode__type_support.hpp
[7.273s] -- Up-to-date symlink: /home/nvidia/acfly_ws/install/mavros_msgs/include/mavros_msgs/mavros_msgs/srv/detail/stream_rate__builder.hpp
[7.273s] -- Up-to-date symlink: /home/nvidia/acfly_ws/install/mavros_msgs/include/mavros_msgs/mavros_msgs/srv/detail/stream_rate__struct.hpp
[7.273s] -- Up-to-date symlink: /home/nvidia/acfly_ws/install/mavros_msgs/include/mavros_msgs/mavros_msgs/srv/detail/stream_rate__traits.hpp
[7.273s] -- Up-to-date symlink: /home/nvidia/acfly_ws/install/mavros_msgs/include/mavros_msgs/mavros_msgs/srv/detail/stream_rate__type_support.hpp
[7.274s] -- Up-to-date symlink: /home/nvidia/acfly_ws/install/mavros_msgs/include/mavros_msgs/mavros_msgs/srv/detail/vehicle_info_get__builder.hpp
[7.274s] -- Up-to-date symlink: /home/nvidia/acfly_ws/install/mavros_msgs/include/mavros_msgs/mavros_msgs/srv/detail/vehicle_info_get__struct.hpp
[7.274s] -- Up-to-date symlink: /home/nvidia/acfly_ws/install/mavros_msgs/include/mavros_msgs/mavros_msgs/srv/detail/vehicle_info_get__traits.hpp
[7.274s] -- Up-to-date symlink: /home/nvidia/acfly_ws/install/mavros_msgs/include/mavros_msgs/mavros_msgs/srv/detail/vehicle_info_get__type_support.hpp
[7.274s] -- Up-to-date symlink: /home/nvidia/acfly_ws/install/mavros_msgs/include/mavros_msgs/mavros_msgs/srv/detail/waypoint_clear__builder.hpp
[7.274s] -- Up-to-date symlink: /home/nvidia/acfly_ws/install/mavros_msgs/include/mavros_msgs/mavros_msgs/srv/detail/waypoint_clear__struct.hpp
[7.275s] -- Up-to-date symlink: /home/nvidia/acfly_ws/install/mavros_msgs/include/mavros_msgs/mavros_msgs/srv/detail/waypoint_clear__traits.hpp
[7.275s] -- Up-to-date symlink: /home/nvidia/acfly_ws/install/mavros_msgs/include/mavros_msgs/mavros_msgs/srv/detail/waypoint_clear__type_support.hpp
[7.275s] -- Up-to-date symlink: /home/nvidia/acfly_ws/install/mavros_msgs/include/mavros_msgs/mavros_msgs/srv/detail/waypoint_pull__builder.hpp
[7.275s] -- Up-to-date symlink: /home/nvidia/acfly_ws/install/mavros_msgs/include/mavros_msgs/mavros_msgs/srv/detail/waypoint_pull__struct.hpp
[7.275s] -- Up-to-date symlink: /home/nvidia/acfly_ws/install/mavros_msgs/include/mavros_msgs/mavros_msgs/srv/detail/waypoint_pull__traits.hpp
[7.275s] -- Up-to-date symlink: /home/nvidia/acfly_ws/install/mavros_msgs/include/mavros_msgs/mavros_msgs/srv/detail/waypoint_pull__type_support.hpp
[7.276s] -- Up-to-date symlink: /home/nvidia/acfly_ws/install/mavros_msgs/include/mavros_msgs/mavros_msgs/srv/detail/waypoint_push__builder.hpp
[7.276s] -- Up-to-date symlink: /home/nvidia/acfly_ws/install/mavros_msgs/include/mavros_msgs/mavros_msgs/srv/detail/waypoint_push__struct.hpp
[7.276s] -- Up-to-date symlink: /home/nvidia/acfly_ws/install/mavros_msgs/include/mavros_msgs/mavros_msgs/srv/detail/waypoint_push__traits.hpp
[7.276s] -- Up-to-date symlink: /home/nvidia/acfly_ws/install/mavros_msgs/include/mavros_msgs/mavros_msgs/srv/detail/waypoint_push__type_support.hpp
[7.276s] -- Up-to-date symlink: /home/nvidia/acfly_ws/install/mavros_msgs/include/mavros_msgs/mavros_msgs/srv/detail/waypoint_set_current__builder.hpp
[7.276s] -- Up-to-date symlink: /home/nvidia/acfly_ws/install/mavros_msgs/include/mavros_msgs/mavros_msgs/srv/detail/waypoint_set_current__struct.hpp
[7.277s] -- Up-to-date symlink: /home/nvidia/acfly_ws/install/mavros_msgs/include/mavros_msgs/mavros_msgs/srv/detail/waypoint_set_current__traits.hpp
[7.277s] -- Up-to-date symlink: /home/nvidia/acfly_ws/install/mavros_msgs/include/mavros_msgs/mavros_msgs/srv/detail/waypoint_set_current__type_support.hpp
[7.277s] -- Up-to-date symlink: /home/nvidia/acfly_ws/install/mavros_msgs/include/mavros_msgs/mavros_msgs/srv/endpoint_add.hpp
[7.277s] -- Up-to-date symlink: /home/nvidia/acfly_ws/install/mavros_msgs/include/mavros_msgs/mavros_msgs/srv/endpoint_del.hpp
[7.277s] -- Up-to-date symlink: /home/nvidia/acfly_ws/install/mavros_msgs/include/mavros_msgs/mavros_msgs/srv/file_checksum.hpp
[7.277s] -- Up-to-date symlink: /home/nvidia/acfly_ws/install/mavros_msgs/include/mavros_msgs/mavros_msgs/srv/file_close.hpp
[7.277s] -- Up-to-date symlink: /home/nvidia/acfly_ws/install/mavros_msgs/include/mavros_msgs/mavros_msgs/srv/file_list.hpp
[7.278s] -- Up-to-date symlink: /home/nvidia/acfly_ws/install/mavros_msgs/include/mavros_msgs/mavros_msgs/srv/file_make_dir.hpp
[7.278s] -- Up-to-date symlink: /home/nvidia/acfly_ws/install/mavros_msgs/include/mavros_msgs/mavros_msgs/srv/file_open.hpp
[7.278s] -- Up-to-date symlink: /home/nvidia/acfly_ws/install/mavros_msgs/include/mavros_msgs/mavros_msgs/srv/file_read.hpp
[7.278s] -- Up-to-date symlink: /home/nvidia/acfly_ws/install/mavros_msgs/include/mavros_msgs/mavros_msgs/srv/file_remove.hpp
[7.278s] -- Up-to-date symlink: /home/nvidia/acfly_ws/install/mavros_msgs/include/mavros_msgs/mavros_msgs/srv/file_remove_dir.hpp
[7.278s] -- Up-to-date symlink: /home/nvidia/acfly_ws/install/mavros_msgs/include/mavros_msgs/mavros_msgs/srv/file_rename.hpp
[7.279s] -- Up-to-date symlink: /home/nvidia/acfly_ws/install/mavros_msgs/include/mavros_msgs/mavros_msgs/srv/file_truncate.hpp
[7.279s] -- Up-to-date symlink: /home/nvidia/acfly_ws/install/mavros_msgs/include/mavros_msgs/mavros_msgs/srv/file_write.hpp
[7.279s] -- Up-to-date symlink: /home/nvidia/acfly_ws/install/mavros_msgs/include/mavros_msgs/mavros_msgs/srv/gimbal_get_information.hpp
[7.279s] -- Up-to-date symlink: /home/nvidia/acfly_ws/install/mavros_msgs/include/mavros_msgs/mavros_msgs/srv/gimbal_manager_camera_track.hpp
[7.279s] -- Up-to-date symlink: /home/nvidia/acfly_ws/install/mavros_msgs/include/mavros_msgs/mavros_msgs/srv/gimbal_manager_configure.hpp
[7.279s] -- Up-to-date symlink: /home/nvidia/acfly_ws/install/mavros_msgs/include/mavros_msgs/mavros_msgs/srv/gimbal_manager_pitchyaw.hpp
[7.280s] -- Up-to-date symlink: /home/nvidia/acfly_ws/install/mavros_msgs/include/mavros_msgs/mavros_msgs/srv/gimbal_manager_set_roi.hpp
[7.280s] -- Up-to-date symlink: /home/nvidia/acfly_ws/install/mavros_msgs/include/mavros_msgs/mavros_msgs/srv/log_request_data.hpp
[7.280s] -- Up-to-date symlink: /home/nvidia/acfly_ws/install/mavros_msgs/include/mavros_msgs/mavros_msgs/srv/log_request_end.hpp
[7.280s] -- Up-to-date symlink: /home/nvidia/acfly_ws/install/mavros_msgs/include/mavros_msgs/mavros_msgs/srv/log_request_list.hpp
[7.280s] -- Up-to-date symlink: /home/nvidia/acfly_ws/install/mavros_msgs/include/mavros_msgs/mavros_msgs/srv/message_interval.hpp
[7.280s] -- Up-to-date symlink: /home/nvidia/acfly_ws/install/mavros_msgs/include/mavros_msgs/mavros_msgs/srv/mount_configure.hpp
[7.280s] -- Up-to-date symlink: /home/nvidia/acfly_ws/install/mavros_msgs/include/mavros_msgs/mavros_msgs/srv/param_get.hpp
[7.281s] -- Up-to-date symlink: /home/nvidia/acfly_ws/install/mavros_msgs/include/mavros_msgs/mavros_msgs/srv/param_pull.hpp
[7.281s] -- Up-to-date symlink: /home/nvidia/acfly_ws/install/mavros_msgs/include/mavros_msgs/mavros_msgs/srv/param_push.hpp
[7.281s] -- Up-to-date symlink: /home/nvidia/acfly_ws/install/mavros_msgs/include/mavros_msgs/mavros_msgs/srv/param_set.hpp
[7.281s] -- Up-to-date symlink: /home/nvidia/acfly_ws/install/mavros_msgs/include/mavros_msgs/mavros_msgs/srv/param_set_v2.hpp
[7.281s] -- Up-to-date symlink: /home/nvidia/acfly_ws/install/mavros_msgs/include/mavros_msgs/mavros_msgs/srv/set_mav_frame.hpp
[7.281s] -- Up-to-date symlink: /home/nvidia/acfly_ws/install/mavros_msgs/include/mavros_msgs/mavros_msgs/srv/set_mode.hpp
[7.281s] -- Up-to-date symlink: /home/nvidia/acfly_ws/install/mavros_msgs/include/mavros_msgs/mavros_msgs/srv/stream_rate.hpp
[7.282s] -- Up-to-date symlink: /home/nvidia/acfly_ws/install/mavros_msgs/include/mavros_msgs/mavros_msgs/srv/vehicle_info_get.hpp
[7.282s] -- Up-to-date symlink: /home/nvidia/acfly_ws/install/mavros_msgs/include/mavros_msgs/mavros_msgs/srv/waypoint_clear.hpp
[7.282s] -- Up-to-date symlink: /home/nvidia/acfly_ws/install/mavros_msgs/include/mavros_msgs/mavros_msgs/srv/waypoint_pull.hpp
[7.282s] -- Up-to-date symlink: /home/nvidia/acfly_ws/install/mavros_msgs/include/mavros_msgs/mavros_msgs/srv/waypoint_push.hpp
[7.284s] -- Up-to-date symlink: /home/nvidia/acfly_ws/install/mavros_msgs/include/mavros_msgs/mavros_msgs/srv/waypoint_set_current.hpp
[7.289s] -- Up-to-date symlink: /home/nvidia/acfly_ws/install/mavros_msgs/include/mavros_msgs/mavros_msgs/msg/detail/actuator_control__rosidl_typesupport_fastrtps_cpp.hpp
[7.290s] -- Up-to-date symlink: /home/nvidia/acfly_ws/install/mavros_msgs/include/mavros_msgs/mavros_msgs/msg/detail/adsb_vehicle__rosidl_typesupport_fastrtps_cpp.hpp
[7.290s] -- Up-to-date symlink: /home/nvidia/acfly_ws/install/mavros_msgs/include/mavros_msgs/mavros_msgs/msg/detail/altitude__rosidl_typesupport_fastrtps_cpp.hpp
[7.290s] -- Up-to-date symlink: /home/nvidia/acfly_ws/install/mavros_msgs/include/mavros_msgs/mavros_msgs/msg/detail/attitude_target__rosidl_typesupport_fastrtps_cpp.hpp
[7.290s] -- Up-to-date symlink: /home/nvidia/acfly_ws/install/mavros_msgs/include/mavros_msgs/mavros_msgs/msg/detail/cam_imu_stamp__rosidl_typesupport_fastrtps_cpp.hpp
[7.290s] -- Up-to-date symlink: /home/nvidia/acfly_ws/install/mavros_msgs/include/mavros_msgs/mavros_msgs/msg/detail/camera_image_captured__rosidl_typesupport_fastrtps_cpp.hpp
[7.290s] -- Up-to-date symlink: /home/nvidia/acfly_ws/install/mavros_msgs/include/mavros_msgs/mavros_msgs/msg/detail/cellular_status__rosidl_typesupport_fastrtps_cpp.hpp
[7.291s] -- Up-to-date symlink: /home/nvidia/acfly_ws/install/mavros_msgs/include/mavros_msgs/mavros_msgs/msg/detail/command_code__rosidl_typesupport_fastrtps_cpp.hpp
[7.291s] -- Up-to-date symlink: /home/nvidia/acfly_ws/install/mavros_msgs/include/mavros_msgs/mavros_msgs/msg/detail/companion_process_status__rosidl_typesupport_fastrtps_cpp.hpp
[7.291s] -- Up-to-date symlink: /home/nvidia/acfly_ws/install/mavros_msgs/include/mavros_msgs/mavros_msgs/msg/detail/debug_value__rosidl_typesupport_fastrtps_cpp.hpp
[7.291s] -- Up-to-date symlink: /home/nvidia/acfly_ws/install/mavros_msgs/include/mavros_msgs/mavros_msgs/msg/detail/esc_info__rosidl_typesupport_fastrtps_cpp.hpp
[7.291s] -- Up-to-date symlink: /home/nvidia/acfly_ws/install/mavros_msgs/include/mavros_msgs/mavros_msgs/msg/detail/esc_info_item__rosidl_typesupport_fastrtps_cpp.hpp
[7.291s] -- Up-to-date symlink: /home/nvidia/acfly_ws/install/mavros_msgs/include/mavros_msgs/mavros_msgs/msg/detail/esc_status__rosidl_typesupport_fastrtps_cpp.hpp
[7.291s] -- Up-to-date symlink: /home/nvidia/acfly_ws/install/mavros_msgs/include/mavros_msgs/mavros_msgs/msg/detail/esc_status_item__rosidl_typesupport_fastrtps_cpp.hpp
[7.292s] -- Up-to-date symlink: /home/nvidia/acfly_ws/install/mavros_msgs/include/mavros_msgs/mavros_msgs/msg/detail/esc_telemetry__rosidl_typesupport_fastrtps_cpp.hpp
[7.292s] -- Up-to-date symlink: /home/nvidia/acfly_ws/install/mavros_msgs/include/mavros_msgs/mavros_msgs/msg/detail/esc_telemetry_item__rosidl_typesupport_fastrtps_cpp.hpp
[7.292s] -- Up-to-date symlink: /home/nvidia/acfly_ws/install/mavros_msgs/include/mavros_msgs/mavros_msgs/msg/detail/estimator_status__rosidl_typesupport_fastrtps_cpp.hpp
[7.292s] -- Up-to-date symlink: /home/nvidia/acfly_ws/install/mavros_msgs/include/mavros_msgs/mavros_msgs/msg/detail/extended_state__rosidl_typesupport_fastrtps_cpp.hpp
[7.292s] -- Up-to-date symlink: /home/nvidia/acfly_ws/install/mavros_msgs/include/mavros_msgs/mavros_msgs/msg/detail/file_entry__rosidl_typesupport_fastrtps_cpp.hpp
[7.292s] -- Up-to-date symlink: /home/nvidia/acfly_ws/install/mavros_msgs/include/mavros_msgs/mavros_msgs/msg/detail/gimbal_device_attitude_status__rosidl_typesupport_fastrtps_cpp.hpp
[7.293s] -- Up-to-date symlink: /home/nvidia/acfly_ws/install/mavros_msgs/include/mavros_msgs/mavros_msgs/msg/detail/gimbal_device_information__rosidl_typesupport_fastrtps_cpp.hpp
[7.293s] -- Up-to-date symlink: /home/nvidia/acfly_ws/install/mavros_msgs/include/mavros_msgs/mavros_msgs/msg/detail/gimbal_device_set_attitude__rosidl_typesupport_fastrtps_cpp.hpp
[7.293s] -- Up-to-date symlink: /home/nvidia/acfly_ws/install/mavros_msgs/include/mavros_msgs/mavros_msgs/msg/detail/gimbal_manager_information__rosidl_typesupport_fastrtps_cpp.hpp
[7.293s] -- Up-to-date symlink: /home/nvidia/acfly_ws/install/mavros_msgs/include/mavros_msgs/mavros_msgs/msg/detail/gimbal_manager_set_attitude__rosidl_typesupport_fastrtps_cpp.hpp
[7.293s] -- Up-to-date symlink: /home/nvidia/acfly_ws/install/mavros_msgs/include/mavros_msgs/mavros_msgs/msg/detail/gimbal_manager_set_pitchyaw__rosidl_typesupport_fastrtps_cpp.hpp
[7.293s] -- Up-to-date symlink: /home/nvidia/acfly_ws/install/mavros_msgs/include/mavros_msgs/mavros_msgs/msg/detail/gimbal_manager_status__rosidl_typesupport_fastrtps_cpp.hpp
[7.293s] -- Up-to-date symlink: /home/nvidia/acfly_ws/install/mavros_msgs/include/mavros_msgs/mavros_msgs/msg/detail/global_position_target__rosidl_typesupport_fastrtps_cpp.hpp
[7.294s] -- Up-to-date symlink: /home/nvidia/acfly_ws/install/mavros_msgs/include/mavros_msgs/mavros_msgs/msg/detail/gpsinput__rosidl_typesupport_fastrtps_cpp.hpp
[7.294s] -- Up-to-date symlink: /home/nvidia/acfly_ws/install/mavros_msgs/include/mavros_msgs/mavros_msgs/msg/detail/gpsraw__rosidl_typesupport_fastrtps_cpp.hpp
[7.294s] -- Up-to-date symlink: /home/nvidia/acfly_ws/install/mavros_msgs/include/mavros_msgs/mavros_msgs/msg/detail/gpsrtk__rosidl_typesupport_fastrtps_cpp.hpp
[7.294s] -- Up-to-date symlink: /home/nvidia/acfly_ws/install/mavros_msgs/include/mavros_msgs/mavros_msgs/msg/detail/hil_actuator_controls__rosidl_typesupport_fastrtps_cpp.hpp
[7.294s] -- Up-to-date symlink: /home/nvidia/acfly_ws/install/mavros_msgs/include/mavros_msgs/mavros_msgs/msg/detail/hil_controls__rosidl_typesupport_fastrtps_cpp.hpp
[7.294s] -- Up-to-date symlink: /home/nvidia/acfly_ws/install/mavros_msgs/include/mavros_msgs/mavros_msgs/msg/detail/hil_gps__rosidl_typesupport_fastrtps_cpp.hpp
[7.295s] -- Up-to-date symlink: /home/nvidia/acfly_ws/install/mavros_msgs/include/mavros_msgs/mavros_msgs/msg/detail/hil_sensor__rosidl_typesupport_fastrtps_cpp.hpp
[7.295s] -- Up-to-date symlink: /home/nvidia/acfly_ws/install/mavros_msgs/include/mavros_msgs/mavros_msgs/msg/detail/hil_state_quaternion__rosidl_typesupport_fastrtps_cpp.hpp
[7.295s] -- Up-to-date symlink: /home/nvidia/acfly_ws/install/mavros_msgs/include/mavros_msgs/mavros_msgs/msg/detail/home_position__rosidl_typesupport_fastrtps_cpp.hpp
[7.295s] -- Up-to-date symlink: /home/nvidia/acfly_ws/install/mavros_msgs/include/mavros_msgs/mavros_msgs/msg/detail/landing_target__rosidl_typesupport_fastrtps_cpp.hpp
[7.296s] -- Up-to-date symlink: /home/nvidia/acfly_ws/install/mavros_msgs/include/mavros_msgs/mavros_msgs/msg/detail/log_data__rosidl_typesupport_fastrtps_cpp.hpp
[7.296s] -- Up-to-date symlink: /home/nvidia/acfly_ws/install/mavros_msgs/include/mavros_msgs/mavros_msgs/msg/detail/log_entry__rosidl_typesupport_fastrtps_cpp.hpp
[7.296s] -- Up-to-date symlink: /home/nvidia/acfly_ws/install/mavros_msgs/include/mavros_msgs/mavros_msgs/msg/detail/magnetometer_reporter__rosidl_typesupport_fastrtps_cpp.hpp
[7.296s] -- Up-to-date symlink: /home/nvidia/acfly_ws/install/mavros_msgs/include/mavros_msgs/mavros_msgs/msg/detail/manual_control__rosidl_typesupport_fastrtps_cpp.hpp
[7.296s] -- Up-to-date symlink: /home/nvidia/acfly_ws/install/mavros_msgs/include/mavros_msgs/mavros_msgs/msg/detail/mavlink__rosidl_typesupport_fastrtps_cpp.hpp
[7.296s] -- Up-to-date symlink: /home/nvidia/acfly_ws/install/mavros_msgs/include/mavros_msgs/mavros_msgs/msg/detail/mount_control__rosidl_typesupport_fastrtps_cpp.hpp
[7.297s] -- Up-to-date symlink: /home/nvidia/acfly_ws/install/mavros_msgs/include/mavros_msgs/mavros_msgs/msg/detail/nav_controller_output__rosidl_typesupport_fastrtps_cpp.hpp
[7.297s] -- Up-to-date symlink: /home/nvidia/acfly_ws/install/mavros_msgs/include/mavros_msgs/mavros_msgs/msg/detail/onboard_computer_status__rosidl_typesupport_fastrtps_cpp.hpp
[7.297s] -- Up-to-date symlink: /home/nvidia/acfly_ws/install/mavros_msgs/include/mavros_msgs/mavros_msgs/msg/detail/open_drone_id_basic_id__rosidl_typesupport_fastrtps_cpp.hpp
[7.297s] -- Up-to-date symlink: /home/nvidia/acfly_ws/install/mavros_msgs/include/mavros_msgs/mavros_msgs/msg/detail/open_drone_id_operator_id__rosidl_typesupport_fastrtps_cpp.hpp
[7.297s] -- Up-to-date symlink: /home/nvidia/acfly_ws/install/mavros_msgs/include/mavros_msgs/mavros_msgs/msg/detail/open_drone_id_self_id__rosidl_typesupport_fastrtps_cpp.hpp
[7.297s] -- Up-to-date symlink: /home/nvidia/acfly_ws/install/mavros_msgs/include/mavros_msgs/mavros_msgs/msg/detail/open_drone_id_system__rosidl_typesupport_fastrtps_cpp.hpp
[7.298s] -- Up-to-date symlink: /home/nvidia/acfly_ws/install/mavros_msgs/include/mavros_msgs/mavros_msgs/msg/detail/open_drone_id_system_update__rosidl_typesupport_fastrtps_cpp.hpp
[7.298s] -- Up-to-date symlink: /home/nvidia/acfly_ws/install/mavros_msgs/include/mavros_msgs/mavros_msgs/msg/detail/optical_flow__rosidl_typesupport_fastrtps_cpp.hpp
[7.298s] -- Up-to-date symlink: /home/nvidia/acfly_ws/install/mavros_msgs/include/mavros_msgs/mavros_msgs/msg/detail/optical_flow_rad__rosidl_typesupport_fastrtps_cpp.hpp
[7.298s] -- Up-to-date symlink: /home/nvidia/acfly_ws/install/mavros_msgs/include/mavros_msgs/mavros_msgs/msg/detail/override_rc_in__rosidl_typesupport_fastrtps_cpp.hpp
[7.298s] -- Up-to-date symlink: /home/nvidia/acfly_ws/install/mavros_msgs/include/mavros_msgs/mavros_msgs/msg/detail/param__rosidl_typesupport_fastrtps_cpp.hpp
[7.298s] -- Up-to-date symlink: /home/nvidia/acfly_ws/install/mavros_msgs/include/mavros_msgs/mavros_msgs/msg/detail/param_event__rosidl_typesupport_fastrtps_cpp.hpp
[7.298s] -- Up-to-date symlink: /home/nvidia/acfly_ws/install/mavros_msgs/include/mavros_msgs/mavros_msgs/msg/detail/param_value__rosidl_typesupport_fastrtps_cpp.hpp
[7.299s] -- Up-to-date symlink: /home/nvidia/acfly_ws/install/mavros_msgs/include/mavros_msgs/mavros_msgs/msg/detail/play_tune_v2__rosidl_typesupport_fastrtps_cpp.hpp
[7.299s] -- Up-to-date symlink: /home/nvidia/acfly_ws/install/mavros_msgs/include/mavros_msgs/mavros_msgs/msg/detail/position_target__rosidl_typesupport_fastrtps_cpp.hpp
[7.299s] -- Up-to-date symlink: /home/nvidia/acfly_ws/install/mavros_msgs/include/mavros_msgs/mavros_msgs/msg/detail/radio_status__rosidl_typesupport_fastrtps_cpp.hpp
[7.299s] -- Up-to-date symlink: /home/nvidia/acfly_ws/install/mavros_msgs/include/mavros_msgs/mavros_msgs/msg/detail/rc_in__rosidl_typesupport_fastrtps_cpp.hpp
[7.300s] -- Up-to-date symlink: /home/nvidia/acfly_ws/install/mavros_msgs/include/mavros_msgs/mavros_msgs/msg/detail/rc_out__rosidl_typesupport_fastrtps_cpp.hpp
[7.300s] -- Up-to-date symlink: /home/nvidia/acfly_ws/install/mavros_msgs/include/mavros_msgs/mavros_msgs/msg/detail/rtcm__rosidl_typesupport_fastrtps_cpp.hpp
[7.300s] -- Up-to-date symlink: /home/nvidia/acfly_ws/install/mavros_msgs/include/mavros_msgs/mavros_msgs/msg/detail/rtk_baseline__rosidl_typesupport_fastrtps_cpp.hpp
[7.300s] -- Up-to-date symlink: /home/nvidia/acfly_ws/install/mavros_msgs/include/mavros_msgs/mavros_msgs/msg/detail/state__rosidl_typesupport_fastrtps_cpp.hpp
[7.300s] -- Up-to-date symlink: /home/nvidia/acfly_ws/install/mavros_msgs/include/mavros_msgs/mavros_msgs/msg/detail/status_event__rosidl_typesupport_fastrtps_cpp.hpp
[7.300s] -- Up-to-date symlink: /home/nvidia/acfly_ws/install/mavros_msgs/include/mavros_msgs/mavros_msgs/msg/detail/status_text__rosidl_typesupport_fastrtps_cpp.hpp
[7.301s] -- Up-to-date symlink: /home/nvidia/acfly_ws/install/mavros_msgs/include/mavros_msgs/mavros_msgs/msg/detail/sys_status__rosidl_typesupport_fastrtps_cpp.hpp
[7.301s] -- Up-to-date symlink: /home/nvidia/acfly_ws/install/mavros_msgs/include/mavros_msgs/mavros_msgs/msg/detail/terrain_report__rosidl_typesupport_fastrtps_cpp.hpp
[7.301s] -- Up-to-date symlink: /home/nvidia/acfly_ws/install/mavros_msgs/include/mavros_msgs/mavros_msgs/msg/detail/thrust__rosidl_typesupport_fastrtps_cpp.hpp
[7.301s] -- Up-to-date symlink: /home/nvidia/acfly_ws/install/mavros_msgs/include/mavros_msgs/mavros_msgs/msg/detail/timesync_status__rosidl_typesupport_fastrtps_cpp.hpp
[7.301s] -- Up-to-date symlink: /home/nvidia/acfly_ws/install/mavros_msgs/include/mavros_msgs/mavros_msgs/msg/detail/trajectory__rosidl_typesupport_fastrtps_cpp.hpp
[7.302s] -- Up-to-date symlink: /home/nvidia/acfly_ws/install/mavros_msgs/include/mavros_msgs/mavros_msgs/msg/detail/tunnel__rosidl_typesupport_fastrtps_cpp.hpp
[7.302s] -- Up-to-date symlink: /home/nvidia/acfly_ws/install/mavros_msgs/include/mavros_msgs/mavros_msgs/msg/detail/vehicle_info__rosidl_typesupport_fastrtps_cpp.hpp
[7.302s] -- Up-to-date symlink: /home/nvidia/acfly_ws/install/mavros_msgs/include/mavros_msgs/mavros_msgs/msg/detail/vfr_hud__rosidl_typesupport_fastrtps_cpp.hpp
[7.302s] -- Up-to-date symlink: /home/nvidia/acfly_ws/install/mavros_msgs/include/mavros_msgs/mavros_msgs/msg/detail/vibration__rosidl_typesupport_fastrtps_cpp.hpp
[7.302s] -- Up-to-date symlink: /home/nvidia/acfly_ws/install/mavros_msgs/include/mavros_msgs/mavros_msgs/msg/detail/waypoint__rosidl_typesupport_fastrtps_cpp.hpp
[7.302s] -- Up-to-date symlink: /home/nvidia/acfly_ws/install/mavros_msgs/include/mavros_msgs/mavros_msgs/msg/detail/waypoint_list__rosidl_typesupport_fastrtps_cpp.hpp
[7.303s] -- Up-to-date symlink: /home/nvidia/acfly_ws/install/mavros_msgs/include/mavros_msgs/mavros_msgs/msg/detail/waypoint_reached__rosidl_typesupport_fastrtps_cpp.hpp
[7.303s] -- Up-to-date symlink: /home/nvidia/acfly_ws/install/mavros_msgs/include/mavros_msgs/mavros_msgs/msg/detail/wheel_odom_stamped__rosidl_typesupport_fastrtps_cpp.hpp
[7.303s] -- Up-to-date symlink: /home/nvidia/acfly_ws/install/mavros_msgs/include/mavros_msgs/mavros_msgs/msg/rosidl_typesupport_fastrtps_cpp__visibility_control.h
[7.303s] -- Up-to-date symlink: /home/nvidia/acfly_ws/install/mavros_msgs/include/mavros_msgs/mavros_msgs/srv/detail/command_ack__rosidl_typesupport_fastrtps_cpp.hpp
[7.303s] -- Up-to-date symlink: /home/nvidia/acfly_ws/install/mavros_msgs/include/mavros_msgs/mavros_msgs/srv/detail/command_bool__rosidl_typesupport_fastrtps_cpp.hpp
[7.303s] -- Up-to-date symlink: /home/nvidia/acfly_ws/install/mavros_msgs/include/mavros_msgs/mavros_msgs/srv/detail/command_home__rosidl_typesupport_fastrtps_cpp.hpp
[7.304s] -- Up-to-date symlink: /home/nvidia/acfly_ws/install/mavros_msgs/include/mavros_msgs/mavros_msgs/srv/detail/command_int__rosidl_typesupport_fastrtps_cpp.hpp
[7.304s] -- Up-to-date symlink: /home/nvidia/acfly_ws/install/mavros_msgs/include/mavros_msgs/mavros_msgs/srv/detail/command_long__rosidl_typesupport_fastrtps_cpp.hpp
[7.304s] -- Up-to-date symlink: /home/nvidia/acfly_ws/install/mavros_msgs/include/mavros_msgs/mavros_msgs/srv/detail/command_tol__rosidl_typesupport_fastrtps_cpp.hpp
[7.304s] -- Up-to-date symlink: /home/nvidia/acfly_ws/install/mavros_msgs/include/mavros_msgs/mavros_msgs/srv/detail/command_tol_local__rosidl_typesupport_fastrtps_cpp.hpp
[7.304s] -- Up-to-date symlink: /home/nvidia/acfly_ws/install/mavros_msgs/include/mavros_msgs/mavros_msgs/srv/detail/command_trigger_control__rosidl_typesupport_fastrtps_cpp.hpp
[7.304s] -- Up-to-date symlink: /home/nvidia/acfly_ws/install/mavros_msgs/include/mavros_msgs/mavros_msgs/srv/detail/command_trigger_interval__rosidl_typesupport_fastrtps_cpp.hpp
[7.305s] -- Up-to-date symlink: /home/nvidia/acfly_ws/install/mavros_msgs/include/mavros_msgs/mavros_msgs/srv/detail/command_vtol_transition__rosidl_typesupport_fastrtps_cpp.hpp
[7.305s] -- Up-to-date symlink: /home/nvidia/acfly_ws/install/mavros_msgs/include/mavros_msgs/mavros_msgs/srv/detail/endpoint_add__rosidl_typesupport_fastrtps_cpp.hpp
[7.305s] -- Up-to-date symlink: /home/nvidia/acfly_ws/install/mavros_msgs/include/mavros_msgs/mavros_msgs/srv/detail/endpoint_del__rosidl_typesupport_fastrtps_cpp.hpp
[7.305s] -- Up-to-date symlink: /home/nvidia/acfly_ws/install/mavros_msgs/include/mavros_msgs/mavros_msgs/srv/detail/file_checksum__rosidl_typesupport_fastrtps_cpp.hpp
[7.305s] -- Up-to-date symlink: /home/nvidia/acfly_ws/install/mavros_msgs/include/mavros_msgs/mavros_msgs/srv/detail/file_close__rosidl_typesupport_fastrtps_cpp.hpp
[7.305s] -- Up-to-date symlink: /home/nvidia/acfly_ws/install/mavros_msgs/include/mavros_msgs/mavros_msgs/srv/detail/file_list__rosidl_typesupport_fastrtps_cpp.hpp
[7.306s] -- Up-to-date symlink: /home/nvidia/acfly_ws/install/mavros_msgs/include/mavros_msgs/mavros_msgs/srv/detail/file_make_dir__rosidl_typesupport_fastrtps_cpp.hpp
[7.306s] -- Up-to-date symlink: /home/nvidia/acfly_ws/install/mavros_msgs/include/mavros_msgs/mavros_msgs/srv/detail/file_open__rosidl_typesupport_fastrtps_cpp.hpp
[7.306s] -- Up-to-date symlink: /home/nvidia/acfly_ws/install/mavros_msgs/include/mavros_msgs/mavros_msgs/srv/detail/file_read__rosidl_typesupport_fastrtps_cpp.hpp
[7.306s] -- Up-to-date symlink: /home/nvidia/acfly_ws/install/mavros_msgs/include/mavros_msgs/mavros_msgs/srv/detail/file_remove__rosidl_typesupport_fastrtps_cpp.hpp
[7.307s] -- Up-to-date symlink: /home/nvidia/acfly_ws/install/mavros_msgs/include/mavros_msgs/mavros_msgs/srv/detail/file_remove_dir__rosidl_typesupport_fastrtps_cpp.hpp
[7.307s] -- Up-to-date symlink: /home/nvidia/acfly_ws/install/mavros_msgs/include/mavros_msgs/mavros_msgs/srv/detail/file_rename__rosidl_typesupport_fastrtps_cpp.hpp
[7.307s] -- Up-to-date symlink: /home/nvidia/acfly_ws/install/mavros_msgs/include/mavros_msgs/mavros_msgs/srv/detail/file_truncate__rosidl_typesupport_fastrtps_cpp.hpp
[7.307s] -- Up-to-date symlink: /home/nvidia/acfly_ws/install/mavros_msgs/include/mavros_msgs/mavros_msgs/srv/detail/file_write__rosidl_typesupport_fastrtps_cpp.hpp
[7.307s] -- Up-to-date symlink: /home/nvidia/acfly_ws/install/mavros_msgs/include/mavros_msgs/mavros_msgs/srv/detail/gimbal_get_information__rosidl_typesupport_fastrtps_cpp.hpp
[7.307s] -- Up-to-date symlink: /home/nvidia/acfly_ws/install/mavros_msgs/include/mavros_msgs/mavros_msgs/srv/detail/gimbal_manager_camera_track__rosidl_typesupport_fastrtps_cpp.hpp
[7.308s] -- Up-to-date symlink: /home/nvidia/acfly_ws/install/mavros_msgs/include/mavros_msgs/mavros_msgs/srv/detail/gimbal_manager_configure__rosidl_typesupport_fastrtps_cpp.hpp
[7.308s] -- Up-to-date symlink: /home/nvidia/acfly_ws/install/mavros_msgs/include/mavros_msgs/mavros_msgs/srv/detail/gimbal_manager_pitchyaw__rosidl_typesupport_fastrtps_cpp.hpp
[7.308s] -- Up-to-date symlink: /home/nvidia/acfly_ws/install/mavros_msgs/include/mavros_msgs/mavros_msgs/srv/detail/gimbal_manager_set_roi__rosidl_typesupport_fastrtps_cpp.hpp
[7.308s] -- Up-to-date symlink: /home/nvidia/acfly_ws/install/mavros_msgs/include/mavros_msgs/mavros_msgs/srv/detail/log_request_data__rosidl_typesupport_fastrtps_cpp.hpp
[7.308s] -- Up-to-date symlink: /home/nvidia/acfly_ws/install/mavros_msgs/include/mavros_msgs/mavros_msgs/srv/detail/log_request_end__rosidl_typesupport_fastrtps_cpp.hpp
[7.308s] -- Up-to-date symlink: /home/nvidia/acfly_ws/install/mavros_msgs/include/mavros_msgs/mavros_msgs/srv/detail/log_request_list__rosidl_typesupport_fastrtps_cpp.hpp
[7.309s] -- Up-to-date symlink: /home/nvidia/acfly_ws/install/mavros_msgs/include/mavros_msgs/mavros_msgs/srv/detail/message_interval__rosidl_typesupport_fastrtps_cpp.hpp
[7.309s] -- Up-to-date symlink: /home/nvidia/acfly_ws/install/mavros_msgs/include/mavros_msgs/mavros_msgs/srv/detail/mount_configure__rosidl_typesupport_fastrtps_cpp.hpp
[7.309s] -- Up-to-date symlink: /home/nvidia/acfly_ws/install/mavros_msgs/include/mavros_msgs/mavros_msgs/srv/detail/param_get__rosidl_typesupport_fastrtps_cpp.hpp
[7.309s] -- Up-to-date symlink: /home/nvidia/acfly_ws/install/mavros_msgs/include/mavros_msgs/mavros_msgs/srv/detail/param_pull__rosidl_typesupport_fastrtps_cpp.hpp
[7.309s] -- Up-to-date symlink: /home/nvidia/acfly_ws/install/mavros_msgs/include/mavros_msgs/mavros_msgs/srv/detail/param_push__rosidl_typesupport_fastrtps_cpp.hpp
[7.309s] -- Up-to-date symlink: /home/nvidia/acfly_ws/install/mavros_msgs/include/mavros_msgs/mavros_msgs/srv/detail/param_set__rosidl_typesupport_fastrtps_cpp.hpp
[7.310s] -- Up-to-date symlink: /home/nvidia/acfly_ws/install/mavros_msgs/include/mavros_msgs/mavros_msgs/srv/detail/param_set_v2__rosidl_typesupport_fastrtps_cpp.hpp
[7.310s] -- Up-to-date symlink: /home/nvidia/acfly_ws/install/mavros_msgs/include/mavros_msgs/mavros_msgs/srv/detail/set_mav_frame__rosidl_typesupport_fastrtps_cpp.hpp
[7.310s] -- Up-to-date symlink: /home/nvidia/acfly_ws/install/mavros_msgs/include/mavros_msgs/mavros_msgs/srv/detail/set_mode__rosidl_typesupport_fastrtps_cpp.hpp
[7.310s] -- Up-to-date symlink: /home/nvidia/acfly_ws/install/mavros_msgs/include/mavros_msgs/mavros_msgs/srv/detail/stream_rate__rosidl_typesupport_fastrtps_cpp.hpp
[7.310s] -- Up-to-date symlink: /home/nvidia/acfly_ws/install/mavros_msgs/include/mavros_msgs/mavros_msgs/srv/detail/vehicle_info_get__rosidl_typesupport_fastrtps_cpp.hpp
[7.311s] -- Up-to-date symlink: /home/nvidia/acfly_ws/install/mavros_msgs/include/mavros_msgs/mavros_msgs/srv/detail/waypoint_clear__rosidl_typesupport_fastrtps_cpp.hpp
[7.311s] -- Up-to-date symlink: /home/nvidia/acfly_ws/install/mavros_msgs/include/mavros_msgs/mavros_msgs/srv/detail/waypoint_pull__rosidl_typesupport_fastrtps_cpp.hpp
[7.311s] -- Up-to-date symlink: /home/nvidia/acfly_ws/install/mavros_msgs/include/mavros_msgs/mavros_msgs/srv/detail/waypoint_push__rosidl_typesupport_fastrtps_cpp.hpp
[7.311s] -- Up-to-date symlink: /home/nvidia/acfly_ws/install/mavros_msgs/include/mavros_msgs/mavros_msgs/srv/detail/waypoint_set_current__rosidl_typesupport_fastrtps_cpp.hpp
[7.314s] -- Up-to-date symlink: /home/nvidia/acfly_ws/install/mavros_msgs/include/mavros_msgs/mavros_msgs/msg/detail/actuator_control__rosidl_typesupport_introspection_cpp.hpp
[7.315s] -- Up-to-date symlink: /home/nvidia/acfly_ws/install/mavros_msgs/include/mavros_msgs/mavros_msgs/msg/detail/adsb_vehicle__rosidl_typesupport_introspection_cpp.hpp
[7.315s] -- Up-to-date symlink: /home/nvidia/acfly_ws/install/mavros_msgs/include/mavros_msgs/mavros_msgs/msg/detail/altitude__rosidl_typesupport_introspection_cpp.hpp
[7.315s] -- Up-to-date symlink: /home/nvidia/acfly_ws/install/mavros_msgs/include/mavros_msgs/mavros_msgs/msg/detail/attitude_target__rosidl_typesupport_introspection_cpp.hpp
[7.315s] -- Up-to-date symlink: /home/nvidia/acfly_ws/install/mavros_msgs/include/mavros_msgs/mavros_msgs/msg/detail/cam_imu_stamp__rosidl_typesupport_introspection_cpp.hpp
[7.315s] -- Up-to-date symlink: /home/nvidia/acfly_ws/install/mavros_msgs/include/mavros_msgs/mavros_msgs/msg/detail/camera_image_captured__rosidl_typesupport_introspection_cpp.hpp
[7.315s] -- Up-to-date symlink: /home/nvidia/acfly_ws/install/mavros_msgs/include/mavros_msgs/mavros_msgs/msg/detail/cellular_status__rosidl_typesupport_introspection_cpp.hpp
[7.316s] -- Up-to-date symlink: /home/nvidia/acfly_ws/install/mavros_msgs/include/mavros_msgs/mavros_msgs/msg/detail/command_code__rosidl_typesupport_introspection_cpp.hpp
[7.316s] -- Up-to-date symlink: /home/nvidia/acfly_ws/install/mavros_msgs/include/mavros_msgs/mavros_msgs/msg/detail/companion_process_status__rosidl_typesupport_introspection_cpp.hpp
[7.316s] -- Up-to-date symlink: /home/nvidia/acfly_ws/install/mavros_msgs/include/mavros_msgs/mavros_msgs/msg/detail/debug_value__rosidl_typesupport_introspection_cpp.hpp
[7.316s] -- Up-to-date symlink: /home/nvidia/acfly_ws/install/mavros_msgs/include/mavros_msgs/mavros_msgs/msg/detail/esc_info__rosidl_typesupport_introspection_cpp.hpp
[7.316s] -- Up-to-date symlink: /home/nvidia/acfly_ws/install/mavros_msgs/include/mavros_msgs/mavros_msgs/msg/detail/esc_info_item__rosidl_typesupport_introspection_cpp.hpp
[7.316s] -- Up-to-date symlink: /home/nvidia/acfly_ws/install/mavros_msgs/include/mavros_msgs/mavros_msgs/msg/detail/esc_status__rosidl_typesupport_introspection_cpp.hpp
[7.317s] -- Up-to-date symlink: /home/nvidia/acfly_ws/install/mavros_msgs/include/mavros_msgs/mavros_msgs/msg/detail/esc_status_item__rosidl_typesupport_introspection_cpp.hpp
[7.317s] -- Up-to-date symlink: /home/nvidia/acfly_ws/install/mavros_msgs/include/mavros_msgs/mavros_msgs/msg/detail/esc_telemetry__rosidl_typesupport_introspection_cpp.hpp
[7.317s] -- Up-to-date symlink: /home/nvidia/acfly_ws/install/mavros_msgs/include/mavros_msgs/mavros_msgs/msg/detail/esc_telemetry_item__rosidl_typesupport_introspection_cpp.hpp
[7.317s] -- Up-to-date symlink: /home/nvidia/acfly_ws/install/mavros_msgs/include/mavros_msgs/mavros_msgs/msg/detail/estimator_status__rosidl_typesupport_introspection_cpp.hpp
[7.318s] -- Up-to-date symlink: /home/nvidia/acfly_ws/install/mavros_msgs/include/mavros_msgs/mavros_msgs/msg/detail/extended_state__rosidl_typesupport_introspection_cpp.hpp
[7.318s] -- Up-to-date symlink: /home/nvidia/acfly_ws/install/mavros_msgs/include/mavros_msgs/mavros_msgs/msg/detail/file_entry__rosidl_typesupport_introspection_cpp.hpp
[7.318s] -- Up-to-date symlink: /home/nvidia/acfly_ws/install/mavros_msgs/include/mavros_msgs/mavros_msgs/msg/detail/gimbal_device_attitude_status__rosidl_typesupport_introspection_cpp.hpp
[7.318s] -- Up-to-date symlink: /home/nvidia/acfly_ws/install/mavros_msgs/include/mavros_msgs/mavros_msgs/msg/detail/gimbal_device_information__rosidl_typesupport_introspection_cpp.hpp
[7.318s] -- Up-to-date symlink: /home/nvidia/acfly_ws/install/mavros_msgs/include/mavros_msgs/mavros_msgs/msg/detail/gimbal_device_set_attitude__rosidl_typesupport_introspection_cpp.hpp
[7.318s] -- Up-to-date symlink: /home/nvidia/acfly_ws/install/mavros_msgs/include/mavros_msgs/mavros_msgs/msg/detail/gimbal_manager_information__rosidl_typesupport_introspection_cpp.hpp
[7.319s] -- Up-to-date symlink: /home/nvidia/acfly_ws/install/mavros_msgs/include/mavros_msgs/mavros_msgs/msg/detail/gimbal_manager_set_attitude__rosidl_typesupport_introspection_cpp.hpp
[7.319s] -- Up-to-date symlink: /home/nvidia/acfly_ws/install/mavros_msgs/include/mavros_msgs/mavros_msgs/msg/detail/gimbal_manager_set_pitchyaw__rosidl_typesupport_introspection_cpp.hpp
[7.319s] -- Up-to-date symlink: /home/nvidia/acfly_ws/install/mavros_msgs/include/mavros_msgs/mavros_msgs/msg/detail/gimbal_manager_status__rosidl_typesupport_introspection_cpp.hpp
[7.319s] -- Up-to-date symlink: /home/nvidia/acfly_ws/install/mavros_msgs/include/mavros_msgs/mavros_msgs/msg/detail/global_position_target__rosidl_typesupport_introspection_cpp.hpp
[7.319s] -- Up-to-date symlink: /home/nvidia/acfly_ws/install/mavros_msgs/include/mavros_msgs/mavros_msgs/msg/detail/gpsinput__rosidl_typesupport_introspection_cpp.hpp
[7.319s] -- Up-to-date symlink: /home/nvidia/acfly_ws/install/mavros_msgs/include/mavros_msgs/mavros_msgs/msg/detail/gpsraw__rosidl_typesupport_introspection_cpp.hpp
[7.320s] -- Up-to-date symlink: /home/nvidia/acfly_ws/install/mavros_msgs/include/mavros_msgs/mavros_msgs/msg/detail/gpsrtk__rosidl_typesupport_introspection_cpp.hpp
[7.320s] -- Up-to-date symlink: /home/nvidia/acfly_ws/install/mavros_msgs/include/mavros_msgs/mavros_msgs/msg/detail/hil_actuator_controls__rosidl_typesupport_introspection_cpp.hpp
[7.320s] -- Up-to-date symlink: /home/nvidia/acfly_ws/install/mavros_msgs/include/mavros_msgs/mavros_msgs/msg/detail/hil_controls__rosidl_typesupport_introspection_cpp.hpp
[7.320s] -- Up-to-date symlink: /home/nvidia/acfly_ws/install/mavros_msgs/include/mavros_msgs/mavros_msgs/msg/detail/hil_gps__rosidl_typesupport_introspection_cpp.hpp
[7.320s] -- Up-to-date symlink: /home/nvidia/acfly_ws/install/mavros_msgs/include/mavros_msgs/mavros_msgs/msg/detail/hil_sensor__rosidl_typesupport_introspection_cpp.hpp
[7.320s] -- Up-to-date symlink: /home/nvidia/acfly_ws/install/mavros_msgs/include/mavros_msgs/mavros_msgs/msg/detail/hil_state_quaternion__rosidl_typesupport_introspection_cpp.hpp
[7.321s] -- Up-to-date symlink: /home/nvidia/acfly_ws/install/mavros_msgs/include/mavros_msgs/mavros_msgs/msg/detail/home_position__rosidl_typesupport_introspection_cpp.hpp
[7.321s] -- Up-to-date symlink: /home/nvidia/acfly_ws/install/mavros_msgs/include/mavros_msgs/mavros_msgs/msg/detail/landing_target__rosidl_typesupport_introspection_cpp.hpp
[7.321s] -- Up-to-date symlink: /home/nvidia/acfly_ws/install/mavros_msgs/include/mavros_msgs/mavros_msgs/msg/detail/log_data__rosidl_typesupport_introspection_cpp.hpp
[7.321s] -- Up-to-date symlink: /home/nvidia/acfly_ws/install/mavros_msgs/include/mavros_msgs/mavros_msgs/msg/detail/log_entry__rosidl_typesupport_introspection_cpp.hpp
[7.321s] -- Up-to-date symlink: /home/nvidia/acfly_ws/install/mavros_msgs/include/mavros_msgs/mavros_msgs/msg/detail/magnetometer_reporter__rosidl_typesupport_introspection_cpp.hpp
[7.321s] -- Up-to-date symlink: /home/nvidia/acfly_ws/install/mavros_msgs/include/mavros_msgs/mavros_msgs/msg/detail/manual_control__rosidl_typesupport_introspection_cpp.hpp
[7.322s] -- Up-to-date symlink: /home/nvidia/acfly_ws/install/mavros_msgs/include/mavros_msgs/mavros_msgs/msg/detail/mavlink__rosidl_typesupport_introspection_cpp.hpp
[7.322s] -- Up-to-date symlink: /home/nvidia/acfly_ws/install/mavros_msgs/include/mavros_msgs/mavros_msgs/msg/detail/mount_control__rosidl_typesupport_introspection_cpp.hpp
[7.322s] -- Up-to-date symlink: /home/nvidia/acfly_ws/install/mavros_msgs/include/mavros_msgs/mavros_msgs/msg/detail/nav_controller_output__rosidl_typesupport_introspection_cpp.hpp
[7.322s] -- Up-to-date symlink: /home/nvidia/acfly_ws/install/mavros_msgs/include/mavros_msgs/mavros_msgs/msg/detail/onboard_computer_status__rosidl_typesupport_introspection_cpp.hpp
[7.322s] -- Up-to-date symlink: /home/nvidia/acfly_ws/install/mavros_msgs/include/mavros_msgs/mavros_msgs/msg/detail/open_drone_id_basic_id__rosidl_typesupport_introspection_cpp.hpp
[7.322s] -- Up-to-date symlink: /home/nvidia/acfly_ws/install/mavros_msgs/include/mavros_msgs/mavros_msgs/msg/detail/open_drone_id_operator_id__rosidl_typesupport_introspection_cpp.hpp
[7.322s] -- Up-to-date symlink: /home/nvidia/acfly_ws/install/mavros_msgs/include/mavros_msgs/mavros_msgs/msg/detail/open_drone_id_self_id__rosidl_typesupport_introspection_cpp.hpp
[7.323s] -- Up-to-date symlink: /home/nvidia/acfly_ws/install/mavros_msgs/include/mavros_msgs/mavros_msgs/msg/detail/open_drone_id_system__rosidl_typesupport_introspection_cpp.hpp
[7.323s] -- Up-to-date symlink: /home/nvidia/acfly_ws/install/mavros_msgs/include/mavros_msgs/mavros_msgs/msg/detail/open_drone_id_system_update__rosidl_typesupport_introspection_cpp.hpp
[7.323s] -- Up-to-date symlink: /home/nvidia/acfly_ws/install/mavros_msgs/include/mavros_msgs/mavros_msgs/msg/detail/optical_flow__rosidl_typesupport_introspection_cpp.hpp
[7.323s] -- Up-to-date symlink: /home/nvidia/acfly_ws/install/mavros_msgs/include/mavros_msgs/mavros_msgs/msg/detail/optical_flow_rad__rosidl_typesupport_introspection_cpp.hpp
[7.323s] -- Up-to-date symlink: /home/nvidia/acfly_ws/install/mavros_msgs/include/mavros_msgs/mavros_msgs/msg/detail/override_rc_in__rosidl_typesupport_introspection_cpp.hpp
[7.324s] -- Up-to-date symlink: /home/nvidia/acfly_ws/install/mavros_msgs/include/mavros_msgs/mavros_msgs/msg/detail/param__rosidl_typesupport_introspection_cpp.hpp
[7.324s] -- Up-to-date symlink: /home/nvidia/acfly_ws/install/mavros_msgs/include/mavros_msgs/mavros_msgs/msg/detail/param_event__rosidl_typesupport_introspection_cpp.hpp
[7.324s] -- Up-to-date symlink: /home/nvidia/acfly_ws/install/mavros_msgs/include/mavros_msgs/mavros_msgs/msg/detail/param_value__rosidl_typesupport_introspection_cpp.hpp
[7.324s] -- Up-to-date symlink: /home/nvidia/acfly_ws/install/mavros_msgs/include/mavros_msgs/mavros_msgs/msg/detail/play_tune_v2__rosidl_typesupport_introspection_cpp.hpp
[7.324s] -- Up-to-date symlink: /home/nvidia/acfly_ws/install/mavros_msgs/include/mavros_msgs/mavros_msgs/msg/detail/position_target__rosidl_typesupport_introspection_cpp.hpp
[7.324s] -- Up-to-date symlink: /home/nvidia/acfly_ws/install/mavros_msgs/include/mavros_msgs/mavros_msgs/msg/detail/radio_status__rosidl_typesupport_introspection_cpp.hpp
[7.325s] -- Up-to-date symlink: /home/nvidia/acfly_ws/install/mavros_msgs/include/mavros_msgs/mavros_msgs/msg/detail/rc_in__rosidl_typesupport_introspection_cpp.hpp
[7.325s] -- Up-to-date symlink: /home/nvidia/acfly_ws/install/mavros_msgs/include/mavros_msgs/mavros_msgs/msg/detail/rc_out__rosidl_typesupport_introspection_cpp.hpp
[7.325s] -- Up-to-date symlink: /home/nvidia/acfly_ws/install/mavros_msgs/include/mavros_msgs/mavros_msgs/msg/detail/rtcm__rosidl_typesupport_introspection_cpp.hpp
[7.325s] -- Up-to-date symlink: /home/nvidia/acfly_ws/install/mavros_msgs/include/mavros_msgs/mavros_msgs/msg/detail/rtk_baseline__rosidl_typesupport_introspection_cpp.hpp
[7.325s] -- Up-to-date symlink: /home/nvidia/acfly_ws/install/mavros_msgs/include/mavros_msgs/mavros_msgs/msg/detail/state__rosidl_typesupport_introspection_cpp.hpp
[7.325s] -- Up-to-date symlink: /home/nvidia/acfly_ws/install/mavros_msgs/include/mavros_msgs/mavros_msgs/msg/detail/status_event__rosidl_typesupport_introspection_cpp.hpp
[7.326s] -- Up-to-date symlink: /home/nvidia/acfly_ws/install/mavros_msgs/include/mavros_msgs/mavros_msgs/msg/detail/status_text__rosidl_typesupport_introspection_cpp.hpp
[7.326s] -- Up-to-date symlink: /home/nvidia/acfly_ws/install/mavros_msgs/include/mavros_msgs/mavros_msgs/msg/detail/sys_status__rosidl_typesupport_introspection_cpp.hpp
[7.326s] -- Up-to-date symlink: /home/nvidia/acfly_ws/install/mavros_msgs/include/mavros_msgs/mavros_msgs/msg/detail/terrain_report__rosidl_typesupport_introspection_cpp.hpp
[7.326s] -- Up-to-date symlink: /home/nvidia/acfly_ws/install/mavros_msgs/include/mavros_msgs/mavros_msgs/msg/detail/thrust__rosidl_typesupport_introspection_cpp.hpp
[7.326s] -- Up-to-date symlink: /home/nvidia/acfly_ws/install/mavros_msgs/include/mavros_msgs/mavros_msgs/msg/detail/timesync_status__rosidl_typesupport_introspection_cpp.hpp
[7.326s] -- Up-to-date symlink: /home/nvidia/acfly_ws/install/mavros_msgs/include/mavros_msgs/mavros_msgs/msg/detail/trajectory__rosidl_typesupport_introspection_cpp.hpp
[7.327s] -- Up-to-date symlink: /home/nvidia/acfly_ws/install/mavros_msgs/include/mavros_msgs/mavros_msgs/msg/detail/tunnel__rosidl_typesupport_introspection_cpp.hpp
[7.327s] -- Up-to-date symlink: /home/nvidia/acfly_ws/install/mavros_msgs/include/mavros_msgs/mavros_msgs/msg/detail/vehicle_info__rosidl_typesupport_introspection_cpp.hpp
[7.327s] -- Up-to-date symlink: /home/nvidia/acfly_ws/install/mavros_msgs/include/mavros_msgs/mavros_msgs/msg/detail/vfr_hud__rosidl_typesupport_introspection_cpp.hpp
[7.327s] -- Up-to-date symlink: /home/nvidia/acfly_ws/install/mavros_msgs/include/mavros_msgs/mavros_msgs/msg/detail/vibration__rosidl_typesupport_introspection_cpp.hpp
[7.327s] -- Up-to-date symlink: /home/nvidia/acfly_ws/install/mavros_msgs/include/mavros_msgs/mavros_msgs/msg/detail/waypoint__rosidl_typesupport_introspection_cpp.hpp
[7.328s] -- Up-to-date symlink: /home/nvidia/acfly_ws/install/mavros_msgs/include/mavros_msgs/mavros_msgs/msg/detail/waypoint_list__rosidl_typesupport_introspection_cpp.hpp
[7.328s] -- Up-to-date symlink: /home/nvidia/acfly_ws/install/mavros_msgs/include/mavros_msgs/mavros_msgs/msg/detail/waypoint_reached__rosidl_typesupport_introspection_cpp.hpp
[7.328s] -- Up-to-date symlink: /home/nvidia/acfly_ws/install/mavros_msgs/include/mavros_msgs/mavros_msgs/msg/detail/wheel_odom_stamped__rosidl_typesupport_introspection_cpp.hpp
[7.328s] -- Up-to-date symlink: /home/nvidia/acfly_ws/install/mavros_msgs/include/mavros_msgs/mavros_msgs/srv/detail/command_ack__rosidl_typesupport_introspection_cpp.hpp
[7.328s] -- Up-to-date symlink: /home/nvidia/acfly_ws/install/mavros_msgs/include/mavros_msgs/mavros_msgs/srv/detail/command_bool__rosidl_typesupport_introspection_cpp.hpp
[7.329s] -- Up-to-date symlink: /home/nvidia/acfly_ws/install/mavros_msgs/include/mavros_msgs/mavros_msgs/srv/detail/command_home__rosidl_typesupport_introspection_cpp.hpp
[7.329s] -- Up-to-date symlink: /home/nvidia/acfly_ws/install/mavros_msgs/include/mavros_msgs/mavros_msgs/srv/detail/command_int__rosidl_typesupport_introspection_cpp.hpp
[7.329s] -- Up-to-date symlink: /home/nvidia/acfly_ws/install/mavros_msgs/include/mavros_msgs/mavros_msgs/srv/detail/command_long__rosidl_typesupport_introspection_cpp.hpp
[7.329s] -- Up-to-date symlink: /home/nvidia/acfly_ws/install/mavros_msgs/include/mavros_msgs/mavros_msgs/srv/detail/command_tol__rosidl_typesupport_introspection_cpp.hpp
[7.329s] -- Up-to-date symlink: /home/nvidia/acfly_ws/install/mavros_msgs/include/mavros_msgs/mavros_msgs/srv/detail/command_tol_local__rosidl_typesupport_introspection_cpp.hpp
[7.329s] -- Up-to-date symlink: /home/nvidia/acfly_ws/install/mavros_msgs/include/mavros_msgs/mavros_msgs/srv/detail/command_trigger_control__rosidl_typesupport_introspection_cpp.hpp
[7.330s] -- Up-to-date symlink: /home/nvidia/acfly_ws/install/mavros_msgs/include/mavros_msgs/mavros_msgs/srv/detail/command_trigger_interval__rosidl_typesupport_introspection_cpp.hpp
[7.330s] -- Up-to-date symlink: /home/nvidia/acfly_ws/install/mavros_msgs/include/mavros_msgs/mavros_msgs/srv/detail/command_vtol_transition__rosidl_typesupport_introspection_cpp.hpp
[7.330s] -- Up-to-date symlink: /home/nvidia/acfly_ws/install/mavros_msgs/include/mavros_msgs/mavros_msgs/srv/detail/endpoint_add__rosidl_typesupport_introspection_cpp.hpp
[7.331s] -- Up-to-date symlink: /home/nvidia/acfly_ws/install/mavros_msgs/include/mavros_msgs/mavros_msgs/srv/detail/endpoint_del__rosidl_typesupport_introspection_cpp.hpp
[7.332s] -- Up-to-date symlink: /home/nvidia/acfly_ws/install/mavros_msgs/include/mavros_msgs/mavros_msgs/srv/detail/file_checksum__rosidl_typesupport_introspection_cpp.hpp
[7.332s] -- Up-to-date symlink: /home/nvidia/acfly_ws/install/mavros_msgs/include/mavros_msgs/mavros_msgs/srv/detail/file_close__rosidl_typesupport_introspection_cpp.hpp
[7.332s] -- Up-to-date symlink: /home/nvidia/acfly_ws/install/mavros_msgs/include/mavros_msgs/mavros_msgs/srv/detail/file_list__rosidl_typesupport_introspection_cpp.hpp
[7.332s] -- Up-to-date symlink: /home/nvidia/acfly_ws/install/mavros_msgs/include/mavros_msgs/mavros_msgs/srv/detail/file_make_dir__rosidl_typesupport_introspection_cpp.hpp
[7.333s] -- Up-to-date symlink: /home/nvidia/acfly_ws/install/mavros_msgs/include/mavros_msgs/mavros_msgs/srv/detail/file_open__rosidl_typesupport_introspection_cpp.hpp
[7.333s] -- Up-to-date symlink: /home/nvidia/acfly_ws/install/mavros_msgs/include/mavros_msgs/mavros_msgs/srv/detail/file_read__rosidl_typesupport_introspection_cpp.hpp
[7.333s] -- Up-to-date symlink: /home/nvidia/acfly_ws/install/mavros_msgs/include/mavros_msgs/mavros_msgs/srv/detail/file_remove__rosidl_typesupport_introspection_cpp.hpp
[7.334s] -- Up-to-date symlink: /home/nvidia/acfly_ws/install/mavros_msgs/include/mavros_msgs/mavros_msgs/srv/detail/file_remove_dir__rosidl_typesupport_introspection_cpp.hpp
[7.334s] -- Up-to-date symlink: /home/nvidia/acfly_ws/install/mavros_msgs/include/mavros_msgs/mavros_msgs/srv/detail/file_rename__rosidl_typesupport_introspection_cpp.hpp
[7.334s] -- Up-to-date symlink: /home/nvidia/acfly_ws/install/mavros_msgs/include/mavros_msgs/mavros_msgs/srv/detail/file_truncate__rosidl_typesupport_introspection_cpp.hpp
[7.334s] -- Up-to-date symlink: /home/nvidia/acfly_ws/install/mavros_msgs/include/mavros_msgs/mavros_msgs/srv/detail/file_write__rosidl_typesupport_introspection_cpp.hpp
[7.334s] -- Up-to-date symlink: /home/nvidia/acfly_ws/install/mavros_msgs/include/mavros_msgs/mavros_msgs/srv/detail/gimbal_get_information__rosidl_typesupport_introspection_cpp.hpp
[7.334s] -- Up-to-date symlink: /home/nvidia/acfly_ws/install/mavros_msgs/include/mavros_msgs/mavros_msgs/srv/detail/gimbal_manager_camera_track__rosidl_typesupport_introspection_cpp.hpp
[7.334s] -- Up-to-date symlink: /home/nvidia/acfly_ws/install/mavros_msgs/include/mavros_msgs/mavros_msgs/srv/detail/gimbal_manager_configure__rosidl_typesupport_introspection_cpp.hpp
[7.335s] -- Up-to-date symlink: /home/nvidia/acfly_ws/install/mavros_msgs/include/mavros_msgs/mavros_msgs/srv/detail/gimbal_manager_pitchyaw__rosidl_typesupport_introspection_cpp.hpp
[7.335s] -- Up-to-date symlink: /home/nvidia/acfly_ws/install/mavros_msgs/include/mavros_msgs/mavros_msgs/srv/detail/gimbal_manager_set_roi__rosidl_typesupport_introspection_cpp.hpp
[7.335s] -- Up-to-date symlink: /home/nvidia/acfly_ws/install/mavros_msgs/include/mavros_msgs/mavros_msgs/srv/detail/log_request_data__rosidl_typesupport_introspection_cpp.hpp
[7.335s] -- Up-to-date symlink: /home/nvidia/acfly_ws/install/mavros_msgs/include/mavros_msgs/mavros_msgs/srv/detail/log_request_end__rosidl_typesupport_introspection_cpp.hpp
[7.335s] -- Up-to-date symlink: /home/nvidia/acfly_ws/install/mavros_msgs/include/mavros_msgs/mavros_msgs/srv/detail/log_request_list__rosidl_typesupport_introspection_cpp.hpp
[7.335s] -- Up-to-date symlink: /home/nvidia/acfly_ws/install/mavros_msgs/include/mavros_msgs/mavros_msgs/srv/detail/message_interval__rosidl_typesupport_introspection_cpp.hpp
[7.335s] -- Up-to-date symlink: /home/nvidia/acfly_ws/install/mavros_msgs/include/mavros_msgs/mavros_msgs/srv/detail/mount_configure__rosidl_typesupport_introspection_cpp.hpp
[7.336s] -- Up-to-date symlink: /home/nvidia/acfly_ws/install/mavros_msgs/include/mavros_msgs/mavros_msgs/srv/detail/param_get__rosidl_typesupport_introspection_cpp.hpp
[7.336s] -- Up-to-date symlink: /home/nvidia/acfly_ws/install/mavros_msgs/include/mavros_msgs/mavros_msgs/srv/detail/param_pull__rosidl_typesupport_introspection_cpp.hpp
[7.336s] -- Up-to-date symlink: /home/nvidia/acfly_ws/install/mavros_msgs/include/mavros_msgs/mavros_msgs/srv/detail/param_push__rosidl_typesupport_introspection_cpp.hpp
[7.336s] -- Up-to-date symlink: /home/nvidia/acfly_ws/install/mavros_msgs/include/mavros_msgs/mavros_msgs/srv/detail/param_set__rosidl_typesupport_introspection_cpp.hpp
[7.336s] -- Up-to-date symlink: /home/nvidia/acfly_ws/install/mavros_msgs/include/mavros_msgs/mavros_msgs/srv/detail/param_set_v2__rosidl_typesupport_introspection_cpp.hpp
[7.336s] -- Up-to-date symlink: /home/nvidia/acfly_ws/install/mavros_msgs/include/mavros_msgs/mavros_msgs/srv/detail/set_mav_frame__rosidl_typesupport_introspection_cpp.hpp
[7.336s] -- Up-to-date symlink: /home/nvidia/acfly_ws/install/mavros_msgs/include/mavros_msgs/mavros_msgs/srv/detail/set_mode__rosidl_typesupport_introspection_cpp.hpp
[7.336s] -- Up-to-date symlink: /home/nvidia/acfly_ws/install/mavros_msgs/include/mavros_msgs/mavros_msgs/srv/detail/stream_rate__rosidl_typesupport_introspection_cpp.hpp
[7.337s] -- Up-to-date symlink: /home/nvidia/acfly_ws/install/mavros_msgs/include/mavros_msgs/mavros_msgs/srv/detail/vehicle_info_get__rosidl_typesupport_introspection_cpp.hpp
[7.337s] -- Up-to-date symlink: /home/nvidia/acfly_ws/install/mavros_msgs/include/mavros_msgs/mavros_msgs/srv/detail/waypoint_clear__rosidl_typesupport_introspection_cpp.hpp
[7.337s] -- Up-to-date symlink: /home/nvidia/acfly_ws/install/mavros_msgs/include/mavros_msgs/mavros_msgs/srv/detail/waypoint_pull__rosidl_typesupport_introspection_cpp.hpp
[7.337s] -- Up-to-date symlink: /home/nvidia/acfly_ws/install/mavros_msgs/include/mavros_msgs/mavros_msgs/srv/detail/waypoint_push__rosidl_typesupport_introspection_cpp.hpp
[7.337s] -- Up-to-date symlink: /home/nvidia/acfly_ws/install/mavros_msgs/include/mavros_msgs/mavros_msgs/srv/detail/waypoint_set_current__rosidl_typesupport_introspection_cpp.hpp
[7.337s] -- Up-to-date symlink: /home/nvidia/acfly_ws/install/mavros_msgs/share/mavros_msgs/environment/pythonpath.sh
[7.337s] -- Up-to-date symlink: /home/nvidia/acfly_ws/install/mavros_msgs/share/mavros_msgs/environment/pythonpath.dsv
[7.337s] -- Up-to-date symlink: /home/nvidia/acfly_ws/install/mavros_msgs/local/lib/python3.10/dist-packages/mavros_msgs-2.12.0-py3.10.egg-info/PKG-INFO
[7.338s] -- Up-to-date symlink: /home/nvidia/acfly_ws/install/mavros_msgs/local/lib/python3.10/dist-packages/mavros_msgs-2.12.0-py3.10.egg-info/SOURCES.txt
[7.338s] -- Up-to-date symlink: /home/nvidia/acfly_ws/install/mavros_msgs/local/lib/python3.10/dist-packages/mavros_msgs-2.12.0-py3.10.egg-info/dependency_links.txt
[7.338s] -- Up-to-date symlink: /home/nvidia/acfly_ws/install/mavros_msgs/local/lib/python3.10/dist-packages/mavros_msgs-2.12.0-py3.10.egg-info/top_level.txt
[7.344s] -- Up-to-date symlink: /home/nvidia/acfly_ws/install/mavros_msgs/local/lib/python3.10/dist-packages/mavros_msgs/__init__.py
[7.345s] -- Up-to-date symlink: /home/nvidia/acfly_ws/install/mavros_msgs/local/lib/python3.10/dist-packages/mavros_msgs/_mavros_msgs_s.ep.rosidl_typesupport_c.c
[7.345s] -- Up-to-date symlink: /home/nvidia/acfly_ws/install/mavros_msgs/local/lib/python3.10/dist-packages/mavros_msgs/_mavros_msgs_s.ep.rosidl_typesupport_fastrtps_c.c
[7.345s] -- Up-to-date symlink: /home/nvidia/acfly_ws/install/mavros_msgs/local/lib/python3.10/dist-packages/mavros_msgs/_mavros_msgs_s.ep.rosidl_typesupport_introspection_c.c
[7.345s] -- Up-to-date symlink: /home/nvidia/acfly_ws/install/mavros_msgs/local/lib/python3.10/dist-packages/mavros_msgs/libmavros_msgs__rosidl_generator_py.so
[7.345s] -- Up-to-date symlink: /home/nvidia/acfly_ws/install/mavros_msgs/local/lib/python3.10/dist-packages/mavros_msgs/mavros_msgs_s__rosidl_typesupport_c.cpython-310-aarch64-linux-gnu.so
[7.345s] -- Up-to-date symlink: /home/nvidia/acfly_ws/install/mavros_msgs/local/lib/python3.10/dist-packages/mavros_msgs/mavros_msgs_s__rosidl_typesupport_fastrtps_c.cpython-310-aarch64-linux-gnu.so
[7.346s] -- Up-to-date symlink: /home/nvidia/acfly_ws/install/mavros_msgs/local/lib/python3.10/dist-packages/mavros_msgs/mavros_msgs_s__rosidl_typesupport_introspection_c.cpython-310-aarch64-linux-gnu.so
[7.346s] -- Up-to-date symlink: /home/nvidia/acfly_ws/install/mavros_msgs/local/lib/python3.10/dist-packages/mavros_msgs/msg/__init__.py
[7.346s] -- Up-to-date symlink: /home/nvidia/acfly_ws/install/mavros_msgs/local/lib/python3.10/dist-packages/mavros_msgs/msg/_actuator_control.py
[7.346s] -- Up-to-date symlink: /home/nvidia/acfly_ws/install/mavros_msgs/local/lib/python3.10/dist-packages/mavros_msgs/msg/_actuator_control_s.c
[7.346s] -- Up-to-date symlink: /home/nvidia/acfly_ws/install/mavros_msgs/local/lib/python3.10/dist-packages/mavros_msgs/msg/_adsb_vehicle.py
[7.346s] -- Up-to-date symlink: /home/nvidia/acfly_ws/install/mavros_msgs/local/lib/python3.10/dist-packages/mavros_msgs/msg/_adsb_vehicle_s.c
[7.346s] -- Up-to-date symlink: /home/nvidia/acfly_ws/install/mavros_msgs/local/lib/python3.10/dist-packages/mavros_msgs/msg/_altitude.py
[7.347s] -- Up-to-date symlink: /home/nvidia/acfly_ws/install/mavros_msgs/local/lib/python3.10/dist-packages/mavros_msgs/msg/_altitude_s.c
[7.347s] -- Up-to-date symlink: /home/nvidia/acfly_ws/install/mavros_msgs/local/lib/python3.10/dist-packages/mavros_msgs/msg/_attitude_target.py
[7.348s] -- Up-to-date symlink: /home/nvidia/acfly_ws/install/mavros_msgs/local/lib/python3.10/dist-packages/mavros_msgs/msg/_attitude_target_s.c
[7.348s] -- Up-to-date symlink: /home/nvidia/acfly_ws/install/mavros_msgs/local/lib/python3.10/dist-packages/mavros_msgs/msg/_cam_imu_stamp.py
[7.348s] -- Up-to-date symlink: /home/nvidia/acfly_ws/install/mavros_msgs/local/lib/python3.10/dist-packages/mavros_msgs/msg/_cam_imu_stamp_s.c
[7.348s] -- Up-to-date symlink: /home/nvidia/acfly_ws/install/mavros_msgs/local/lib/python3.10/dist-packages/mavros_msgs/msg/_camera_image_captured.py
[7.348s] -- Up-to-date symlink: /home/nvidia/acfly_ws/install/mavros_msgs/local/lib/python3.10/dist-packages/mavros_msgs/msg/_camera_image_captured_s.c
[7.348s] -- Up-to-date symlink: /home/nvidia/acfly_ws/install/mavros_msgs/local/lib/python3.10/dist-packages/mavros_msgs/msg/_cellular_status.py
[7.348s] -- Up-to-date symlink: /home/nvidia/acfly_ws/install/mavros_msgs/local/lib/python3.10/dist-packages/mavros_msgs/msg/_cellular_status_s.c
[7.349s] -- Up-to-date symlink: /home/nvidia/acfly_ws/install/mavros_msgs/local/lib/python3.10/dist-packages/mavros_msgs/msg/_command_code.py
[7.349s] -- Up-to-date symlink: /home/nvidia/acfly_ws/install/mavros_msgs/local/lib/python3.10/dist-packages/mavros_msgs/msg/_command_code_s.c
[7.349s] -- Up-to-date symlink: /home/nvidia/acfly_ws/install/mavros_msgs/local/lib/python3.10/dist-packages/mavros_msgs/msg/_companion_process_status.py
[7.349s] -- Up-to-date symlink: /home/nvidia/acfly_ws/install/mavros_msgs/local/lib/python3.10/dist-packages/mavros_msgs/msg/_companion_process_status_s.c
[7.349s] -- Up-to-date symlink: /home/nvidia/acfly_ws/install/mavros_msgs/local/lib/python3.10/dist-packages/mavros_msgs/msg/_debug_value.py
[7.349s] -- Up-to-date symlink: /home/nvidia/acfly_ws/install/mavros_msgs/local/lib/python3.10/dist-packages/mavros_msgs/msg/_debug_value_s.c
[7.349s] -- Up-to-date symlink: /home/nvidia/acfly_ws/install/mavros_msgs/local/lib/python3.10/dist-packages/mavros_msgs/msg/_esc_info.py
[7.350s] -- Up-to-date symlink: /home/nvidia/acfly_ws/install/mavros_msgs/local/lib/python3.10/dist-packages/mavros_msgs/msg/_esc_info_item.py
[7.350s] -- Up-to-date symlink: /home/nvidia/acfly_ws/install/mavros_msgs/local/lib/python3.10/dist-packages/mavros_msgs/msg/_esc_info_item_s.c
[7.350s] -- Up-to-date symlink: /home/nvidia/acfly_ws/install/mavros_msgs/local/lib/python3.10/dist-packages/mavros_msgs/msg/_esc_info_s.c
[7.350s] -- Up-to-date symlink: /home/nvidia/acfly_ws/install/mavros_msgs/local/lib/python3.10/dist-packages/mavros_msgs/msg/_esc_status.py
[7.350s] -- Up-to-date symlink: /home/nvidia/acfly_ws/install/mavros_msgs/local/lib/python3.10/dist-packages/mavros_msgs/msg/_esc_status_item.py
[7.350s] -- Up-to-date symlink: /home/nvidia/acfly_ws/install/mavros_msgs/local/lib/python3.10/dist-packages/mavros_msgs/msg/_esc_status_item_s.c
[7.350s] -- Up-to-date symlink: /home/nvidia/acfly_ws/install/mavros_msgs/local/lib/python3.10/dist-packages/mavros_msgs/msg/_esc_status_s.c
[7.351s] -- Up-to-date symlink: /home/nvidia/acfly_ws/install/mavros_msgs/local/lib/python3.10/dist-packages/mavros_msgs/msg/_esc_telemetry.py
[7.351s] -- Up-to-date symlink: /home/nvidia/acfly_ws/install/mavros_msgs/local/lib/python3.10/dist-packages/mavros_msgs/msg/_esc_telemetry_item.py
[7.351s] -- Up-to-date symlink: /home/nvidia/acfly_ws/install/mavros_msgs/local/lib/python3.10/dist-packages/mavros_msgs/msg/_esc_telemetry_item_s.c
[7.351s] -- Up-to-date symlink: /home/nvidia/acfly_ws/install/mavros_msgs/local/lib/python3.10/dist-packages/mavros_msgs/msg/_esc_telemetry_s.c
[7.351s] -- Up-to-date symlink: /home/nvidia/acfly_ws/install/mavros_msgs/local/lib/python3.10/dist-packages/mavros_msgs/msg/_estimator_status.py
[7.352s] -- Up-to-date symlink: /home/nvidia/acfly_ws/install/mavros_msgs/local/lib/python3.10/dist-packages/mavros_msgs/msg/_estimator_status_s.c
[7.352s] -- Up-to-date symlink: /home/nvidia/acfly_ws/install/mavros_msgs/local/lib/python3.10/dist-packages/mavros_msgs/msg/_extended_state.py
[7.352s] -- Up-to-date symlink: /home/nvidia/acfly_ws/install/mavros_msgs/local/lib/python3.10/dist-packages/mavros_msgs/msg/_extended_state_s.c
[7.352s] -- Up-to-date symlink: /home/nvidia/acfly_ws/install/mavros_msgs/local/lib/python3.10/dist-packages/mavros_msgs/msg/_file_entry.py
[7.352s] -- Up-to-date symlink: /home/nvidia/acfly_ws/install/mavros_msgs/local/lib/python3.10/dist-packages/mavros_msgs/msg/_file_entry_s.c
[7.352s] -- Up-to-date symlink: /home/nvidia/acfly_ws/install/mavros_msgs/local/lib/python3.10/dist-packages/mavros_msgs/msg/_gimbal_device_attitude_status.py
[7.352s] -- Up-to-date symlink: /home/nvidia/acfly_ws/install/mavros_msgs/local/lib/python3.10/dist-packages/mavros_msgs/msg/_gimbal_device_attitude_status_s.c
[7.353s] -- Up-to-date symlink: /home/nvidia/acfly_ws/install/mavros_msgs/local/lib/python3.10/dist-packages/mavros_msgs/msg/_gimbal_device_information.py
[7.353s] -- Up-to-date symlink: /home/nvidia/acfly_ws/install/mavros_msgs/local/lib/python3.10/dist-packages/mavros_msgs/msg/_gimbal_device_information_s.c
[7.353s] -- Up-to-date symlink: /home/nvidia/acfly_ws/install/mavros_msgs/local/lib/python3.10/dist-packages/mavros_msgs/msg/_gimbal_device_set_attitude.py
[7.353s] -- Up-to-date symlink: /home/nvidia/acfly_ws/install/mavros_msgs/local/lib/python3.10/dist-packages/mavros_msgs/msg/_gimbal_device_set_attitude_s.c
[7.353s] -- Up-to-date symlink: /home/nvidia/acfly_ws/install/mavros_msgs/local/lib/python3.10/dist-packages/mavros_msgs/msg/_gimbal_manager_information.py
[7.353s] -- Up-to-date symlink: /home/nvidia/acfly_ws/install/mavros_msgs/local/lib/python3.10/dist-packages/mavros_msgs/msg/_gimbal_manager_information_s.c
[7.353s] -- Up-to-date symlink: /home/nvidia/acfly_ws/install/mavros_msgs/local/lib/python3.10/dist-packages/mavros_msgs/msg/_gimbal_manager_set_attitude.py
[7.354s] -- Up-to-date symlink: /home/nvidia/acfly_ws/install/mavros_msgs/local/lib/python3.10/dist-packages/mavros_msgs/msg/_gimbal_manager_set_attitude_s.c
[7.354s] -- Up-to-date symlink: /home/nvidia/acfly_ws/install/mavros_msgs/local/lib/python3.10/dist-packages/mavros_msgs/msg/_gimbal_manager_set_pitchyaw.py
[7.354s] -- Up-to-date symlink: /home/nvidia/acfly_ws/install/mavros_msgs/local/lib/python3.10/dist-packages/mavros_msgs/msg/_gimbal_manager_set_pitchyaw_s.c
[7.354s] -- Up-to-date symlink: /home/nvidia/acfly_ws/install/mavros_msgs/local/lib/python3.10/dist-packages/mavros_msgs/msg/_gimbal_manager_status.py
[7.354s] -- Up-to-date symlink: /home/nvidia/acfly_ws/install/mavros_msgs/local/lib/python3.10/dist-packages/mavros_msgs/msg/_gimbal_manager_status_s.c
[7.354s] -- Up-to-date symlink: /home/nvidia/acfly_ws/install/mavros_msgs/local/lib/python3.10/dist-packages/mavros_msgs/msg/_global_position_target.py
[7.355s] -- Up-to-date symlink: /home/nvidia/acfly_ws/install/mavros_msgs/local/lib/python3.10/dist-packages/mavros_msgs/msg/_global_position_target_s.c
[7.355s] -- Up-to-date symlink: /home/nvidia/acfly_ws/install/mavros_msgs/local/lib/python3.10/dist-packages/mavros_msgs/msg/_gpsinput.py
[7.355s] -- Up-to-date symlink: /home/nvidia/acfly_ws/install/mavros_msgs/local/lib/python3.10/dist-packages/mavros_msgs/msg/_gpsinput_s.c
[7.355s] -- Up-to-date symlink: /home/nvidia/acfly_ws/install/mavros_msgs/local/lib/python3.10/dist-packages/mavros_msgs/msg/_gpsraw.py
[7.355s] -- Up-to-date symlink: /home/nvidia/acfly_ws/install/mavros_msgs/local/lib/python3.10/dist-packages/mavros_msgs/msg/_gpsraw_s.c
[7.355s] -- Up-to-date symlink: /home/nvidia/acfly_ws/install/mavros_msgs/local/lib/python3.10/dist-packages/mavros_msgs/msg/_gpsrtk.py
[7.356s] -- Up-to-date symlink: /home/nvidia/acfly_ws/install/mavros_msgs/local/lib/python3.10/dist-packages/mavros_msgs/msg/_gpsrtk_s.c
[7.356s] -- Up-to-date symlink: /home/nvidia/acfly_ws/install/mavros_msgs/local/lib/python3.10/dist-packages/mavros_msgs/msg/_hil_actuator_controls.py
[7.356s] -- Up-to-date symlink: /home/nvidia/acfly_ws/install/mavros_msgs/local/lib/python3.10/dist-packages/mavros_msgs/msg/_hil_actuator_controls_s.c
[7.356s] -- Up-to-date symlink: /home/nvidia/acfly_ws/install/mavros_msgs/local/lib/python3.10/dist-packages/mavros_msgs/msg/_hil_controls.py
[7.356s] -- Up-to-date symlink: /home/nvidia/acfly_ws/install/mavros_msgs/local/lib/python3.10/dist-packages/mavros_msgs/msg/_hil_controls_s.c
[7.356s] -- Up-to-date symlink: /home/nvidia/acfly_ws/install/mavros_msgs/local/lib/python3.10/dist-packages/mavros_msgs/msg/_hil_gps.py
[7.357s] -- Up-to-date symlink: /home/nvidia/acfly_ws/install/mavros_msgs/local/lib/python3.10/dist-packages/mavros_msgs/msg/_hil_gps_s.c
[7.357s] -- Up-to-date symlink: /home/nvidia/acfly_ws/install/mavros_msgs/local/lib/python3.10/dist-packages/mavros_msgs/msg/_hil_sensor.py
[7.357s] -- Up-to-date symlink: /home/nvidia/acfly_ws/install/mavros_msgs/local/lib/python3.10/dist-packages/mavros_msgs/msg/_hil_sensor_s.c
[7.357s] -- Up-to-date symlink: /home/nvidia/acfly_ws/install/mavros_msgs/local/lib/python3.10/dist-packages/mavros_msgs/msg/_hil_state_quaternion.py
[7.357s] -- Up-to-date symlink: /home/nvidia/acfly_ws/install/mavros_msgs/local/lib/python3.10/dist-packages/mavros_msgs/msg/_hil_state_quaternion_s.c
[7.357s] -- Up-to-date symlink: /home/nvidia/acfly_ws/install/mavros_msgs/local/lib/python3.10/dist-packages/mavros_msgs/msg/_home_position.py
[7.358s] -- Up-to-date symlink: /home/nvidia/acfly_ws/install/mavros_msgs/local/lib/python3.10/dist-packages/mavros_msgs/msg/_home_position_s.c
[7.358s] -- Up-to-date symlink: /home/nvidia/acfly_ws/install/mavros_msgs/local/lib/python3.10/dist-packages/mavros_msgs/msg/_landing_target.py
[7.358s] -- Up-to-date symlink: /home/nvidia/acfly_ws/install/mavros_msgs/local/lib/python3.10/dist-packages/mavros_msgs/msg/_landing_target_s.c
[7.358s] -- Up-to-date symlink: /home/nvidia/acfly_ws/install/mavros_msgs/local/lib/python3.10/dist-packages/mavros_msgs/msg/_log_data.py
[7.358s] -- Up-to-date symlink: /home/nvidia/acfly_ws/install/mavros_msgs/local/lib/python3.10/dist-packages/mavros_msgs/msg/_log_data_s.c
[7.358s] -- Up-to-date symlink: /home/nvidia/acfly_ws/install/mavros_msgs/local/lib/python3.10/dist-packages/mavros_msgs/msg/_log_entry.py
[7.358s] -- Up-to-date symlink: /home/nvidia/acfly_ws/install/mavros_msgs/local/lib/python3.10/dist-packages/mavros_msgs/msg/_log_entry_s.c
[7.359s] -- Up-to-date symlink: /home/nvidia/acfly_ws/install/mavros_msgs/local/lib/python3.10/dist-packages/mavros_msgs/msg/_magnetometer_reporter.py
[7.359s] -- Up-to-date symlink: /home/nvidia/acfly_ws/install/mavros_msgs/local/lib/python3.10/dist-packages/mavros_msgs/msg/_magnetometer_reporter_s.c
[7.359s] -- Up-to-date symlink: /home/nvidia/acfly_ws/install/mavros_msgs/local/lib/python3.10/dist-packages/mavros_msgs/msg/_manual_control.py
[7.360s] -- Up-to-date symlink: /home/nvidia/acfly_ws/install/mavros_msgs/local/lib/python3.10/dist-packages/mavros_msgs/msg/_manual_control_s.c
[7.360s] -- Up-to-date symlink: /home/nvidia/acfly_ws/install/mavros_msgs/local/lib/python3.10/dist-packages/mavros_msgs/msg/_mavlink.py
[7.360s] -- Up-to-date symlink: /home/nvidia/acfly_ws/install/mavros_msgs/local/lib/python3.10/dist-packages/mavros_msgs/msg/_mavlink_s.c
[7.360s] -- Up-to-date symlink: /home/nvidia/acfly_ws/install/mavros_msgs/local/lib/python3.10/dist-packages/mavros_msgs/msg/_mount_control.py
[7.360s] -- Up-to-date symlink: /home/nvidia/acfly_ws/install/mavros_msgs/local/lib/python3.10/dist-packages/mavros_msgs/msg/_mount_control_s.c
[7.360s] -- Up-to-date symlink: /home/nvidia/acfly_ws/install/mavros_msgs/local/lib/python3.10/dist-packages/mavros_msgs/msg/_nav_controller_output.py
[7.361s] -- Up-to-date symlink: /home/nvidia/acfly_ws/install/mavros_msgs/local/lib/python3.10/dist-packages/mavros_msgs/msg/_nav_controller_output_s.c
[7.361s] -- Up-to-date symlink: /home/nvidia/acfly_ws/install/mavros_msgs/local/lib/python3.10/dist-packages/mavros_msgs/msg/_onboard_computer_status.py
[7.361s] -- Up-to-date symlink: /home/nvidia/acfly_ws/install/mavros_msgs/local/lib/python3.10/dist-packages/mavros_msgs/msg/_onboard_computer_status_s.c
[7.361s] -- Up-to-date symlink: /home/nvidia/acfly_ws/install/mavros_msgs/local/lib/python3.10/dist-packages/mavros_msgs/msg/_open_drone_id_basic_id.py
[7.361s] -- Up-to-date symlink: /home/nvidia/acfly_ws/install/mavros_msgs/local/lib/python3.10/dist-packages/mavros_msgs/msg/_open_drone_id_basic_id_s.c
[7.362s] -- Up-to-date symlink: /home/nvidia/acfly_ws/install/mavros_msgs/local/lib/python3.10/dist-packages/mavros_msgs/msg/_open_drone_id_operator_id.py
[7.362s] -- Up-to-date symlink: /home/nvidia/acfly_ws/install/mavros_msgs/local/lib/python3.10/dist-packages/mavros_msgs/msg/_open_drone_id_operator_id_s.c
[7.362s] -- Up-to-date symlink: /home/nvidia/acfly_ws/install/mavros_msgs/local/lib/python3.10/dist-packages/mavros_msgs/msg/_open_drone_id_self_id.py
[7.362s] -- Up-to-date symlink: /home/nvidia/acfly_ws/install/mavros_msgs/local/lib/python3.10/dist-packages/mavros_msgs/msg/_open_drone_id_self_id_s.c
[7.362s] -- Up-to-date symlink: /home/nvidia/acfly_ws/install/mavros_msgs/local/lib/python3.10/dist-packages/mavros_msgs/msg/_open_drone_id_system.py
[7.362s] -- Up-to-date symlink: /home/nvidia/acfly_ws/install/mavros_msgs/local/lib/python3.10/dist-packages/mavros_msgs/msg/_open_drone_id_system_s.c
[7.362s] -- Up-to-date symlink: /home/nvidia/acfly_ws/install/mavros_msgs/local/lib/python3.10/dist-packages/mavros_msgs/msg/_open_drone_id_system_update.py
[7.363s] -- Up-to-date symlink: /home/nvidia/acfly_ws/install/mavros_msgs/local/lib/python3.10/dist-packages/mavros_msgs/msg/_open_drone_id_system_update_s.c
[7.363s] -- Up-to-date symlink: /home/nvidia/acfly_ws/install/mavros_msgs/local/lib/python3.10/dist-packages/mavros_msgs/msg/_optical_flow.py
[7.363s] -- Up-to-date symlink: /home/nvidia/acfly_ws/install/mavros_msgs/local/lib/python3.10/dist-packages/mavros_msgs/msg/_optical_flow_rad.py
[7.363s] -- Up-to-date symlink: /home/nvidia/acfly_ws/install/mavros_msgs/local/lib/python3.10/dist-packages/mavros_msgs/msg/_optical_flow_rad_s.c
[7.363s] -- Up-to-date symlink: /home/nvidia/acfly_ws/install/mavros_msgs/local/lib/python3.10/dist-packages/mavros_msgs/msg/_optical_flow_s.c
[7.363s] -- Up-to-date symlink: /home/nvidia/acfly_ws/install/mavros_msgs/local/lib/python3.10/dist-packages/mavros_msgs/msg/_override_rc_in.py
[7.364s] -- Up-to-date symlink: /home/nvidia/acfly_ws/install/mavros_msgs/local/lib/python3.10/dist-packages/mavros_msgs/msg/_override_rc_in_s.c
[7.364s] -- Up-to-date symlink: /home/nvidia/acfly_ws/install/mavros_msgs/local/lib/python3.10/dist-packages/mavros_msgs/msg/_param.py
[7.364s] -- Up-to-date symlink: /home/nvidia/acfly_ws/install/mavros_msgs/local/lib/python3.10/dist-packages/mavros_msgs/msg/_param_event.py
[7.364s] -- Up-to-date symlink: /home/nvidia/acfly_ws/install/mavros_msgs/local/lib/python3.10/dist-packages/mavros_msgs/msg/_param_event_s.c
[7.364s] -- Up-to-date symlink: /home/nvidia/acfly_ws/install/mavros_msgs/local/lib/python3.10/dist-packages/mavros_msgs/msg/_param_s.c
[7.365s] -- Up-to-date symlink: /home/nvidia/acfly_ws/install/mavros_msgs/local/lib/python3.10/dist-packages/mavros_msgs/msg/_param_value.py
[7.365s] -- Up-to-date symlink: /home/nvidia/acfly_ws/install/mavros_msgs/local/lib/python3.10/dist-packages/mavros_msgs/msg/_param_value_s.c
[7.365s] -- Up-to-date symlink: /home/nvidia/acfly_ws/install/mavros_msgs/local/lib/python3.10/dist-packages/mavros_msgs/msg/_play_tune_v2.py
[7.365s] -- Up-to-date symlink: /home/nvidia/acfly_ws/install/mavros_msgs/local/lib/python3.10/dist-packages/mavros_msgs/msg/_play_tune_v2_s.c
[7.365s] -- Up-to-date symlink: /home/nvidia/acfly_ws/install/mavros_msgs/local/lib/python3.10/dist-packages/mavros_msgs/msg/_position_target.py
[7.365s] -- Up-to-date symlink: /home/nvidia/acfly_ws/install/mavros_msgs/local/lib/python3.10/dist-packages/mavros_msgs/msg/_position_target_s.c
[7.366s] -- Up-to-date symlink: /home/nvidia/acfly_ws/install/mavros_msgs/local/lib/python3.10/dist-packages/mavros_msgs/msg/_radio_status.py
[7.366s] -- Up-to-date symlink: /home/nvidia/acfly_ws/install/mavros_msgs/local/lib/python3.10/dist-packages/mavros_msgs/msg/_radio_status_s.c
[7.366s] -- Up-to-date symlink: /home/nvidia/acfly_ws/install/mavros_msgs/local/lib/python3.10/dist-packages/mavros_msgs/msg/_rc_in.py
[7.366s] -- Up-to-date symlink: /home/nvidia/acfly_ws/install/mavros_msgs/local/lib/python3.10/dist-packages/mavros_msgs/msg/_rc_in_s.c
[7.366s] -- Up-to-date symlink: /home/nvidia/acfly_ws/install/mavros_msgs/local/lib/python3.10/dist-packages/mavros_msgs/msg/_rc_out.py
[7.366s] -- Up-to-date symlink: /home/nvidia/acfly_ws/install/mavros_msgs/local/lib/python3.10/dist-packages/mavros_msgs/msg/_rc_out_s.c
[7.367s] -- Up-to-date symlink: /home/nvidia/acfly_ws/install/mavros_msgs/local/lib/python3.10/dist-packages/mavros_msgs/msg/_rtcm.py
[7.367s] -- Up-to-date symlink: /home/nvidia/acfly_ws/install/mavros_msgs/local/lib/python3.10/dist-packages/mavros_msgs/msg/_rtcm_s.c
[7.367s] -- Up-to-date symlink: /home/nvidia/acfly_ws/install/mavros_msgs/local/lib/python3.10/dist-packages/mavros_msgs/msg/_rtk_baseline.py
[7.367s] -- Up-to-date symlink: /home/nvidia/acfly_ws/install/mavros_msgs/local/lib/python3.10/dist-packages/mavros_msgs/msg/_rtk_baseline_s.c
[7.367s] -- Up-to-date symlink: /home/nvidia/acfly_ws/install/mavros_msgs/local/lib/python3.10/dist-packages/mavros_msgs/msg/_state.py
[7.369s] -- Up-to-date symlink: /home/nvidia/acfly_ws/install/mavros_msgs/local/lib/python3.10/dist-packages/mavros_msgs/msg/_state_s.c
[7.369s] -- Up-to-date symlink: /home/nvidia/acfly_ws/install/mavros_msgs/local/lib/python3.10/dist-packages/mavros_msgs/msg/_status_event.py
[7.369s] -- Up-to-date symlink: /home/nvidia/acfly_ws/install/mavros_msgs/local/lib/python3.10/dist-packages/mavros_msgs/msg/_status_event_s.c
[7.369s] -- Up-to-date symlink: /home/nvidia/acfly_ws/install/mavros_msgs/local/lib/python3.10/dist-packages/mavros_msgs/msg/_status_text.py
[7.369s] -- Up-to-date symlink: /home/nvidia/acfly_ws/install/mavros_msgs/local/lib/python3.10/dist-packages/mavros_msgs/msg/_status_text_s.c
[7.369s] -- Up-to-date symlink: /home/nvidia/acfly_ws/install/mavros_msgs/local/lib/python3.10/dist-packages/mavros_msgs/msg/_sys_status.py
[7.370s] -- Up-to-date symlink: /home/nvidia/acfly_ws/install/mavros_msgs/local/lib/python3.10/dist-packages/mavros_msgs/msg/_sys_status_s.c
[7.370s] -- Up-to-date symlink: /home/nvidia/acfly_ws/install/mavros_msgs/local/lib/python3.10/dist-packages/mavros_msgs/msg/_terrain_report.py
[7.370s] -- Up-to-date symlink: /home/nvidia/acfly_ws/install/mavros_msgs/local/lib/python3.10/dist-packages/mavros_msgs/msg/_terrain_report_s.c
[7.370s] -- Up-to-date symlink: /home/nvidia/acfly_ws/install/mavros_msgs/local/lib/python3.10/dist-packages/mavros_msgs/msg/_thrust.py
[7.370s] -- Up-to-date symlink: /home/nvidia/acfly_ws/install/mavros_msgs/local/lib/python3.10/dist-packages/mavros_msgs/msg/_thrust_s.c
[7.371s] -- Up-to-date symlink: /home/nvidia/acfly_ws/install/mavros_msgs/local/lib/python3.10/dist-packages/mavros_msgs/msg/_timesync_status.py
[7.371s] -- Up-to-date symlink: /home/nvidia/acfly_ws/install/mavros_msgs/local/lib/python3.10/dist-packages/mavros_msgs/msg/_timesync_status_s.c
[7.371s] -- Up-to-date symlink: /home/nvidia/acfly_ws/install/mavros_msgs/local/lib/python3.10/dist-packages/mavros_msgs/msg/_trajectory.py
[7.371s] -- Up-to-date symlink: /home/nvidia/acfly_ws/install/mavros_msgs/local/lib/python3.10/dist-packages/mavros_msgs/msg/_trajectory_s.c
[7.371s] -- Up-to-date symlink: /home/nvidia/acfly_ws/install/mavros_msgs/local/lib/python3.10/dist-packages/mavros_msgs/msg/_tunnel.py
[7.371s] -- Up-to-date symlink: /home/nvidia/acfly_ws/install/mavros_msgs/local/lib/python3.10/dist-packages/mavros_msgs/msg/_tunnel_s.c
[7.371s] -- Up-to-date symlink: /home/nvidia/acfly_ws/install/mavros_msgs/local/lib/python3.10/dist-packages/mavros_msgs/msg/_vehicle_info.py
[7.372s] -- Up-to-date symlink: /home/nvidia/acfly_ws/install/mavros_msgs/local/lib/python3.10/dist-packages/mavros_msgs/msg/_vehicle_info_s.c
[7.372s] -- Up-to-date symlink: /home/nvidia/acfly_ws/install/mavros_msgs/local/lib/python3.10/dist-packages/mavros_msgs/msg/_vfr_hud.py
[7.372s] -- Up-to-date symlink: /home/nvidia/acfly_ws/install/mavros_msgs/local/lib/python3.10/dist-packages/mavros_msgs/msg/_vfr_hud_s.c
[7.372s] -- Up-to-date symlink: /home/nvidia/acfly_ws/install/mavros_msgs/local/lib/python3.10/dist-packages/mavros_msgs/msg/_vibration.py
[7.372s] -- Up-to-date symlink: /home/nvidia/acfly_ws/install/mavros_msgs/local/lib/python3.10/dist-packages/mavros_msgs/msg/_vibration_s.c
[7.372s] -- Up-to-date symlink: /home/nvidia/acfly_ws/install/mavros_msgs/local/lib/python3.10/dist-packages/mavros_msgs/msg/_waypoint.py
[7.372s] -- Up-to-date symlink: /home/nvidia/acfly_ws/install/mavros_msgs/local/lib/python3.10/dist-packages/mavros_msgs/msg/_waypoint_list.py
[7.373s] -- Up-to-date symlink: /home/nvidia/acfly_ws/install/mavros_msgs/local/lib/python3.10/dist-packages/mavros_msgs/msg/_waypoint_list_s.c
[7.373s] -- Up-to-date symlink: /home/nvidia/acfly_ws/install/mavros_msgs/local/lib/python3.10/dist-packages/mavros_msgs/msg/_waypoint_reached.py
[7.373s] -- Up-to-date symlink: /home/nvidia/acfly_ws/install/mavros_msgs/local/lib/python3.10/dist-packages/mavros_msgs/msg/_waypoint_reached_s.c
[7.373s] -- Up-to-date symlink: /home/nvidia/acfly_ws/install/mavros_msgs/local/lib/python3.10/dist-packages/mavros_msgs/msg/_waypoint_s.c
[7.373s] -- Up-to-date symlink: /home/nvidia/acfly_ws/install/mavros_msgs/local/lib/python3.10/dist-packages/mavros_msgs/msg/_wheel_odom_stamped.py
[7.373s] -- Up-to-date symlink: /home/nvidia/acfly_ws/install/mavros_msgs/local/lib/python3.10/dist-packages/mavros_msgs/msg/_wheel_odom_stamped_s.c
[7.373s] -- Up-to-date symlink: /home/nvidia/acfly_ws/install/mavros_msgs/local/lib/python3.10/dist-packages/mavros_msgs/srv/__init__.py
[7.373s] -- Up-to-date symlink: /home/nvidia/acfly_ws/install/mavros_msgs/local/lib/python3.10/dist-packages/mavros_msgs/srv/_command_ack.py
[7.374s] -- Up-to-date symlink: /home/nvidia/acfly_ws/install/mavros_msgs/local/lib/python3.10/dist-packages/mavros_msgs/srv/_command_ack_s.c
[7.374s] -- Up-to-date symlink: /home/nvidia/acfly_ws/install/mavros_msgs/local/lib/python3.10/dist-packages/mavros_msgs/srv/_command_bool.py
[7.374s] -- Up-to-date symlink: /home/nvidia/acfly_ws/install/mavros_msgs/local/lib/python3.10/dist-packages/mavros_msgs/srv/_command_bool_s.c
[7.374s] -- Up-to-date symlink: /home/nvidia/acfly_ws/install/mavros_msgs/local/lib/python3.10/dist-packages/mavros_msgs/srv/_command_home.py
[7.374s] -- Up-to-date symlink: /home/nvidia/acfly_ws/install/mavros_msgs/local/lib/python3.10/dist-packages/mavros_msgs/srv/_command_home_s.c
[7.374s] -- Up-to-date symlink: /home/nvidia/acfly_ws/install/mavros_msgs/local/lib/python3.10/dist-packages/mavros_msgs/srv/_command_int.py
[7.374s] -- Up-to-date symlink: /home/nvidia/acfly_ws/install/mavros_msgs/local/lib/python3.10/dist-packages/mavros_msgs/srv/_command_int_s.c
[7.375s] -- Up-to-date symlink: /home/nvidia/acfly_ws/install/mavros_msgs/local/lib/python3.10/dist-packages/mavros_msgs/srv/_command_long.py
[7.375s] -- Up-to-date symlink: /home/nvidia/acfly_ws/install/mavros_msgs/local/lib/python3.10/dist-packages/mavros_msgs/srv/_command_long_s.c
[7.375s] -- Up-to-date symlink: /home/nvidia/acfly_ws/install/mavros_msgs/local/lib/python3.10/dist-packages/mavros_msgs/srv/_command_tol.py
[7.375s] -- Up-to-date symlink: /home/nvidia/acfly_ws/install/mavros_msgs/local/lib/python3.10/dist-packages/mavros_msgs/srv/_command_tol_local.py
[7.375s] -- Up-to-date symlink: /home/nvidia/acfly_ws/install/mavros_msgs/local/lib/python3.10/dist-packages/mavros_msgs/srv/_command_tol_local_s.c
[7.375s] -- Up-to-date symlink: /home/nvidia/acfly_ws/install/mavros_msgs/local/lib/python3.10/dist-packages/mavros_msgs/srv/_command_tol_s.c
[7.375s] -- Up-to-date symlink: /home/nvidia/acfly_ws/install/mavros_msgs/local/lib/python3.10/dist-packages/mavros_msgs/srv/_command_trigger_control.py
[7.375s] -- Up-to-date symlink: /home/nvidia/acfly_ws/install/mavros_msgs/local/lib/python3.10/dist-packages/mavros_msgs/srv/_command_trigger_control_s.c
[7.376s] -- Up-to-date symlink: /home/nvidia/acfly_ws/install/mavros_msgs/local/lib/python3.10/dist-packages/mavros_msgs/srv/_command_trigger_interval.py
[7.376s] -- Up-to-date symlink: /home/nvidia/acfly_ws/install/mavros_msgs/local/lib/python3.10/dist-packages/mavros_msgs/srv/_command_trigger_interval_s.c
[7.376s] -- Up-to-date symlink: /home/nvidia/acfly_ws/install/mavros_msgs/local/lib/python3.10/dist-packages/mavros_msgs/srv/_command_vtol_transition.py
[7.376s] -- Up-to-date symlink: /home/nvidia/acfly_ws/install/mavros_msgs/local/lib/python3.10/dist-packages/mavros_msgs/srv/_command_vtol_transition_s.c
[7.376s] -- Up-to-date symlink: /home/nvidia/acfly_ws/install/mavros_msgs/local/lib/python3.10/dist-packages/mavros_msgs/srv/_endpoint_add.py
[7.376s] -- Up-to-date symlink: /home/nvidia/acfly_ws/install/mavros_msgs/local/lib/python3.10/dist-packages/mavros_msgs/srv/_endpoint_add_s.c
[7.376s] -- Up-to-date symlink: /home/nvidia/acfly_ws/install/mavros_msgs/local/lib/python3.10/dist-packages/mavros_msgs/srv/_endpoint_del.py
[7.377s] -- Up-to-date symlink: /home/nvidia/acfly_ws/install/mavros_msgs/local/lib/python3.10/dist-packages/mavros_msgs/srv/_endpoint_del_s.c
[7.377s] -- Up-to-date symlink: /home/nvidia/acfly_ws/install/mavros_msgs/local/lib/python3.10/dist-packages/mavros_msgs/srv/_file_checksum.py
[7.377s] -- Up-to-date symlink: /home/nvidia/acfly_ws/install/mavros_msgs/local/lib/python3.10/dist-packages/mavros_msgs/srv/_file_checksum_s.c
[7.377s] -- Up-to-date symlink: /home/nvidia/acfly_ws/install/mavros_msgs/local/lib/python3.10/dist-packages/mavros_msgs/srv/_file_close.py
[7.377s] -- Up-to-date symlink: /home/nvidia/acfly_ws/install/mavros_msgs/local/lib/python3.10/dist-packages/mavros_msgs/srv/_file_close_s.c
[7.377s] -- Up-to-date symlink: /home/nvidia/acfly_ws/install/mavros_msgs/local/lib/python3.10/dist-packages/mavros_msgs/srv/_file_list.py
[7.378s] -- Up-to-date symlink: /home/nvidia/acfly_ws/install/mavros_msgs/local/lib/python3.10/dist-packages/mavros_msgs/srv/_file_list_s.c
[7.378s] -- Up-to-date symlink: /home/nvidia/acfly_ws/install/mavros_msgs/local/lib/python3.10/dist-packages/mavros_msgs/srv/_file_make_dir.py
[7.378s] -- Up-to-date symlink: /home/nvidia/acfly_ws/install/mavros_msgs/local/lib/python3.10/dist-packages/mavros_msgs/srv/_file_make_dir_s.c
[7.378s] -- Up-to-date symlink: /home/nvidia/acfly_ws/install/mavros_msgs/local/lib/python3.10/dist-packages/mavros_msgs/srv/_file_open.py
[7.378s] -- Up-to-date symlink: /home/nvidia/acfly_ws/install/mavros_msgs/local/lib/python3.10/dist-packages/mavros_msgs/srv/_file_open_s.c
[7.378s] -- Up-to-date symlink: /home/nvidia/acfly_ws/install/mavros_msgs/local/lib/python3.10/dist-packages/mavros_msgs/srv/_file_read.py
[7.378s] -- Up-to-date symlink: /home/nvidia/acfly_ws/install/mavros_msgs/local/lib/python3.10/dist-packages/mavros_msgs/srv/_file_read_s.c
[7.379s] -- Up-to-date symlink: /home/nvidia/acfly_ws/install/mavros_msgs/local/lib/python3.10/dist-packages/mavros_msgs/srv/_file_remove.py
[7.379s] -- Up-to-date symlink: /home/nvidia/acfly_ws/install/mavros_msgs/local/lib/python3.10/dist-packages/mavros_msgs/srv/_file_remove_dir.py
[7.379s] -- Up-to-date symlink: /home/nvidia/acfly_ws/install/mavros_msgs/local/lib/python3.10/dist-packages/mavros_msgs/srv/_file_remove_dir_s.c
[7.379s] -- Up-to-date symlink: /home/nvidia/acfly_ws/install/mavros_msgs/local/lib/python3.10/dist-packages/mavros_msgs/srv/_file_remove_s.c
[7.379s] -- Up-to-date symlink: /home/nvidia/acfly_ws/install/mavros_msgs/local/lib/python3.10/dist-packages/mavros_msgs/srv/_file_rename.py
[7.379s] -- Up-to-date symlink: /home/nvidia/acfly_ws/install/mavros_msgs/local/lib/python3.10/dist-packages/mavros_msgs/srv/_file_rename_s.c
[7.380s] -- Up-to-date symlink: /home/nvidia/acfly_ws/install/mavros_msgs/local/lib/python3.10/dist-packages/mavros_msgs/srv/_file_truncate.py
[7.380s] -- Up-to-date symlink: /home/nvidia/acfly_ws/install/mavros_msgs/local/lib/python3.10/dist-packages/mavros_msgs/srv/_file_truncate_s.c
[7.380s] -- Up-to-date symlink: /home/nvidia/acfly_ws/install/mavros_msgs/local/lib/python3.10/dist-packages/mavros_msgs/srv/_file_write.py
[7.380s] -- Up-to-date symlink: /home/nvidia/acfly_ws/install/mavros_msgs/local/lib/python3.10/dist-packages/mavros_msgs/srv/_file_write_s.c
[7.380s] -- Up-to-date symlink: /home/nvidia/acfly_ws/install/mavros_msgs/local/lib/python3.10/dist-packages/mavros_msgs/srv/_gimbal_get_information.py
[7.380s] -- Up-to-date symlink: /home/nvidia/acfly_ws/install/mavros_msgs/local/lib/python3.10/dist-packages/mavros_msgs/srv/_gimbal_get_information_s.c
[7.381s] -- Up-to-date symlink: /home/nvidia/acfly_ws/install/mavros_msgs/local/lib/python3.10/dist-packages/mavros_msgs/srv/_gimbal_manager_camera_track.py
[7.381s] -- Up-to-date symlink: /home/nvidia/acfly_ws/install/mavros_msgs/local/lib/python3.10/dist-packages/mavros_msgs/srv/_gimbal_manager_camera_track_s.c
[7.381s] -- Up-to-date symlink: /home/nvidia/acfly_ws/install/mavros_msgs/local/lib/python3.10/dist-packages/mavros_msgs/srv/_gimbal_manager_configure.py
[7.381s] -- Up-to-date symlink: /home/nvidia/acfly_ws/install/mavros_msgs/local/lib/python3.10/dist-packages/mavros_msgs/srv/_gimbal_manager_configure_s.c
[7.381s] -- Up-to-date symlink: /home/nvidia/acfly_ws/install/mavros_msgs/local/lib/python3.10/dist-packages/mavros_msgs/srv/_gimbal_manager_pitchyaw.py
[7.381s] -- Up-to-date symlink: /home/nvidia/acfly_ws/install/mavros_msgs/local/lib/python3.10/dist-packages/mavros_msgs/srv/_gimbal_manager_pitchyaw_s.c
[7.382s] -- Up-to-date symlink: /home/nvidia/acfly_ws/install/mavros_msgs/local/lib/python3.10/dist-packages/mavros_msgs/srv/_gimbal_manager_set_roi.py
[7.382s] -- Up-to-date symlink: /home/nvidia/acfly_ws/install/mavros_msgs/local/lib/python3.10/dist-packages/mavros_msgs/srv/_gimbal_manager_set_roi_s.c
[7.382s] -- Up-to-date symlink: /home/nvidia/acfly_ws/install/mavros_msgs/local/lib/python3.10/dist-packages/mavros_msgs/srv/_log_request_data.py
[7.382s] -- Up-to-date symlink: /home/nvidia/acfly_ws/install/mavros_msgs/local/lib/python3.10/dist-packages/mavros_msgs/srv/_log_request_data_s.c
[7.382s] -- Up-to-date symlink: /home/nvidia/acfly_ws/install/mavros_msgs/local/lib/python3.10/dist-packages/mavros_msgs/srv/_log_request_end.py
[7.382s] -- Up-to-date symlink: /home/nvidia/acfly_ws/install/mavros_msgs/local/lib/python3.10/dist-packages/mavros_msgs/srv/_log_request_end_s.c
[7.382s] -- Up-to-date symlink: /home/nvidia/acfly_ws/install/mavros_msgs/local/lib/python3.10/dist-packages/mavros_msgs/srv/_log_request_list.py
[7.383s] -- Up-to-date symlink: /home/nvidia/acfly_ws/install/mavros_msgs/local/lib/python3.10/dist-packages/mavros_msgs/srv/_log_request_list_s.c
[7.383s] -- Up-to-date symlink: /home/nvidia/acfly_ws/install/mavros_msgs/local/lib/python3.10/dist-packages/mavros_msgs/srv/_message_interval.py
[7.383s] -- Up-to-date symlink: /home/nvidia/acfly_ws/install/mavros_msgs/local/lib/python3.10/dist-packages/mavros_msgs/srv/_message_interval_s.c
[7.383s] -- Up-to-date symlink: /home/nvidia/acfly_ws/install/mavros_msgs/local/lib/python3.10/dist-packages/mavros_msgs/srv/_mount_configure.py
[7.383s] -- Up-to-date symlink: /home/nvidia/acfly_ws/install/mavros_msgs/local/lib/python3.10/dist-packages/mavros_msgs/srv/_mount_configure_s.c
[7.383s] -- Up-to-date symlink: /home/nvidia/acfly_ws/install/mavros_msgs/local/lib/python3.10/dist-packages/mavros_msgs/srv/_param_get.py
[7.384s] -- Up-to-date symlink: /home/nvidia/acfly_ws/install/mavros_msgs/local/lib/python3.10/dist-packages/mavros_msgs/srv/_param_get_s.c
[7.384s] -- Up-to-date symlink: /home/nvidia/acfly_ws/install/mavros_msgs/local/lib/python3.10/dist-packages/mavros_msgs/srv/_param_pull.py
[7.384s] -- Up-to-date symlink: /home/nvidia/acfly_ws/install/mavros_msgs/local/lib/python3.10/dist-packages/mavros_msgs/srv/_param_pull_s.c
[7.384s] -- Up-to-date symlink: /home/nvidia/acfly_ws/install/mavros_msgs/local/lib/python3.10/dist-packages/mavros_msgs/srv/_param_push.py
[7.385s] -- Up-to-date symlink: /home/nvidia/acfly_ws/install/mavros_msgs/local/lib/python3.10/dist-packages/mavros_msgs/srv/_param_push_s.c
[7.385s] -- Up-to-date symlink: /home/nvidia/acfly_ws/install/mavros_msgs/local/lib/python3.10/dist-packages/mavros_msgs/srv/_param_set.py
[7.385s] -- Up-to-date symlink: /home/nvidia/acfly_ws/install/mavros_msgs/local/lib/python3.10/dist-packages/mavros_msgs/srv/_param_set_s.c
[7.385s] -- Up-to-date symlink: /home/nvidia/acfly_ws/install/mavros_msgs/local/lib/python3.10/dist-packages/mavros_msgs/srv/_param_set_v2.py
[7.385s] -- Up-to-date symlink: /home/nvidia/acfly_ws/install/mavros_msgs/local/lib/python3.10/dist-packages/mavros_msgs/srv/_param_set_v2_s.c
[7.385s] -- Up-to-date symlink: /home/nvidia/acfly_ws/install/mavros_msgs/local/lib/python3.10/dist-packages/mavros_msgs/srv/_set_mav_frame.py
[7.386s] -- Up-to-date symlink: /home/nvidia/acfly_ws/install/mavros_msgs/local/lib/python3.10/dist-packages/mavros_msgs/srv/_set_mav_frame_s.c
[7.386s] -- Up-to-date symlink: /home/nvidia/acfly_ws/install/mavros_msgs/local/lib/python3.10/dist-packages/mavros_msgs/srv/_set_mode.py
[7.386s] -- Up-to-date symlink: /home/nvidia/acfly_ws/install/mavros_msgs/local/lib/python3.10/dist-packages/mavros_msgs/srv/_set_mode_s.c
[7.386s] -- Up-to-date symlink: /home/nvidia/acfly_ws/install/mavros_msgs/local/lib/python3.10/dist-packages/mavros_msgs/srv/_stream_rate.py
[7.386s] -- Up-to-date symlink: /home/nvidia/acfly_ws/install/mavros_msgs/local/lib/python3.10/dist-packages/mavros_msgs/srv/_stream_rate_s.c
[7.386s] -- Up-to-date symlink: /home/nvidia/acfly_ws/install/mavros_msgs/local/lib/python3.10/dist-packages/mavros_msgs/srv/_vehicle_info_get.py
[7.386s] -- Up-to-date symlink: /home/nvidia/acfly_ws/install/mavros_msgs/local/lib/python3.10/dist-packages/mavros_msgs/srv/_vehicle_info_get_s.c
[7.387s] -- Up-to-date symlink: /home/nvidia/acfly_ws/install/mavros_msgs/local/lib/python3.10/dist-packages/mavros_msgs/srv/_waypoint_clear.py
[7.387s] -- Up-to-date symlink: /home/nvidia/acfly_ws/install/mavros_msgs/local/lib/python3.10/dist-packages/mavros_msgs/srv/_waypoint_clear_s.c
[7.387s] -- Up-to-date symlink: /home/nvidia/acfly_ws/install/mavros_msgs/local/lib/python3.10/dist-packages/mavros_msgs/srv/_waypoint_pull.py
[7.387s] -- Up-to-date symlink: /home/nvidia/acfly_ws/install/mavros_msgs/local/lib/python3.10/dist-packages/mavros_msgs/srv/_waypoint_pull_s.c
[7.387s] -- Up-to-date symlink: /home/nvidia/acfly_ws/install/mavros_msgs/local/lib/python3.10/dist-packages/mavros_msgs/srv/_waypoint_push.py
[7.387s] -- Up-to-date symlink: /home/nvidia/acfly_ws/install/mavros_msgs/local/lib/python3.10/dist-packages/mavros_msgs/srv/_waypoint_push_s.c
[7.388s] -- Up-to-date symlink: /home/nvidia/acfly_ws/install/mavros_msgs/local/lib/python3.10/dist-packages/mavros_msgs/srv/_waypoint_set_current.py
[7.388s] -- Up-to-date symlink: /home/nvidia/acfly_ws/install/mavros_msgs/local/lib/python3.10/dist-packages/mavros_msgs/srv/_waypoint_set_current_s.c
[7.388s] -- Up-to-date symlink: /home/nvidia/acfly_ws/install/mavros_msgs/local/lib/python3.10/dist-packages/mavros_msgs/mavros_msgs_s__rosidl_typesupport_fastrtps_c.cpython-310-aarch64-linux-gnu.so
[7.389s] -- Up-to-date symlink: /home/nvidia/acfly_ws/install/mavros_msgs/local/lib/python3.10/dist-packages/mavros_msgs/mavros_msgs_s__rosidl_typesupport_introspection_c.cpython-310-aarch64-linux-gnu.so
[7.389s] -- Up-to-date symlink: /home/nvidia/acfly_ws/install/mavros_msgs/local/lib/python3.10/dist-packages/mavros_msgs/mavros_msgs_s__rosidl_typesupport_c.cpython-310-aarch64-linux-gnu.so
[7.389s] -- Up-to-date symlink: /home/nvidia/acfly_ws/install/mavros_msgs/share/mavros_msgs/msg/ADSBVehicle.idl
[7.391s] -- Up-to-date symlink: /home/nvidia/acfly_ws/install/mavros_msgs/share/mavros_msgs/msg/ActuatorControl.idl
[7.391s] -- Up-to-date symlink: /home/nvidia/acfly_ws/install/mavros_msgs/share/mavros_msgs/msg/Altitude.idl
[7.391s] -- Up-to-date symlink: /home/nvidia/acfly_ws/install/mavros_msgs/share/mavros_msgs/msg/AttitudeTarget.idl
[7.391s] -- Up-to-date symlink: /home/nvidia/acfly_ws/install/mavros_msgs/share/mavros_msgs/msg/CamIMUStamp.idl
[7.392s] -- Up-to-date symlink: /home/nvidia/acfly_ws/install/mavros_msgs/share/mavros_msgs/msg/CameraImageCaptured.idl
[7.392s] -- Up-to-date symlink: /home/nvidia/acfly_ws/install/mavros_msgs/share/mavros_msgs/msg/CellularStatus.idl
[7.393s] -- Up-to-date symlink: /home/nvidia/acfly_ws/install/mavros_msgs/share/mavros_msgs/msg/CommandCode.idl
[7.393s] -- Up-to-date symlink: /home/nvidia/acfly_ws/install/mavros_msgs/share/mavros_msgs/msg/CompanionProcessStatus.idl
[7.393s] -- Up-to-date symlink: /home/nvidia/acfly_ws/install/mavros_msgs/share/mavros_msgs/msg/DebugValue.idl
[7.393s] -- Up-to-date symlink: /home/nvidia/acfly_ws/install/mavros_msgs/share/mavros_msgs/msg/ESCInfo.idl
[7.393s] -- Up-to-date symlink: /home/nvidia/acfly_ws/install/mavros_msgs/share/mavros_msgs/msg/ESCInfoItem.idl
[7.393s] -- Up-to-date symlink: /home/nvidia/acfly_ws/install/mavros_msgs/share/mavros_msgs/msg/ESCStatus.idl
[7.393s] -- Up-to-date symlink: /home/nvidia/acfly_ws/install/mavros_msgs/share/mavros_msgs/msg/ESCStatusItem.idl
[7.394s] -- Up-to-date symlink: /home/nvidia/acfly_ws/install/mavros_msgs/share/mavros_msgs/msg/ESCTelemetry.idl
[7.394s] -- Up-to-date symlink: /home/nvidia/acfly_ws/install/mavros_msgs/share/mavros_msgs/msg/ESCTelemetryItem.idl
[7.394s] -- Up-to-date symlink: /home/nvidia/acfly_ws/install/mavros_msgs/share/mavros_msgs/msg/EstimatorStatus.idl
[7.394s] -- Up-to-date symlink: /home/nvidia/acfly_ws/install/mavros_msgs/share/mavros_msgs/msg/ExtendedState.idl
[7.394s] -- Up-to-date symlink: /home/nvidia/acfly_ws/install/mavros_msgs/share/mavros_msgs/msg/FileEntry.idl
[7.394s] -- Up-to-date symlink: /home/nvidia/acfly_ws/install/mavros_msgs/share/mavros_msgs/msg/GPSINPUT.idl
[7.394s] -- Up-to-date symlink: /home/nvidia/acfly_ws/install/mavros_msgs/share/mavros_msgs/msg/GPSRAW.idl
[7.395s] -- Up-to-date symlink: /home/nvidia/acfly_ws/install/mavros_msgs/share/mavros_msgs/msg/GPSRTK.idl
[7.395s] -- Up-to-date symlink: /home/nvidia/acfly_ws/install/mavros_msgs/share/mavros_msgs/msg/GimbalDeviceAttitudeStatus.idl
[7.395s] -- Up-to-date symlink: /home/nvidia/acfly_ws/install/mavros_msgs/share/mavros_msgs/msg/GimbalDeviceInformation.idl
[7.395s] -- Up-to-date symlink: /home/nvidia/acfly_ws/install/mavros_msgs/share/mavros_msgs/msg/GimbalDeviceSetAttitude.idl
[7.395s] -- Up-to-date symlink: /home/nvidia/acfly_ws/install/mavros_msgs/share/mavros_msgs/msg/GimbalManagerInformation.idl
[7.395s] -- Up-to-date symlink: /home/nvidia/acfly_ws/install/mavros_msgs/share/mavros_msgs/msg/GimbalManagerSetAttitude.idl
[7.395s] -- Up-to-date symlink: /home/nvidia/acfly_ws/install/mavros_msgs/share/mavros_msgs/msg/GimbalManagerSetPitchyaw.idl
[7.396s] -- Up-to-date symlink: /home/nvidia/acfly_ws/install/mavros_msgs/share/mavros_msgs/msg/GimbalManagerStatus.idl
[7.396s] -- Up-to-date symlink: /home/nvidia/acfly_ws/install/mavros_msgs/share/mavros_msgs/msg/GlobalPositionTarget.idl
[7.396s] -- Up-to-date symlink: /home/nvidia/acfly_ws/install/mavros_msgs/share/mavros_msgs/msg/HilActuatorControls.idl
[7.397s] -- Up-to-date symlink: /home/nvidia/acfly_ws/install/mavros_msgs/share/mavros_msgs/msg/HilControls.idl
[7.397s] -- Up-to-date symlink: /home/nvidia/acfly_ws/install/mavros_msgs/share/mavros_msgs/msg/HilGPS.idl
[7.397s] -- Up-to-date symlink: /home/nvidia/acfly_ws/install/mavros_msgs/share/mavros_msgs/msg/HilSensor.idl
[7.397s] -- Up-to-date symlink: /home/nvidia/acfly_ws/install/mavros_msgs/share/mavros_msgs/msg/HilStateQuaternion.idl
[7.397s] -- Up-to-date symlink: /home/nvidia/acfly_ws/install/mavros_msgs/share/mavros_msgs/msg/HomePosition.idl
[7.398s] -- Up-to-date symlink: /home/nvidia/acfly_ws/install/mavros_msgs/share/mavros_msgs/msg/LandingTarget.idl
[7.398s] -- Up-to-date symlink: /home/nvidia/acfly_ws/install/mavros_msgs/share/mavros_msgs/msg/LogData.idl
[7.398s] -- Up-to-date symlink: /home/nvidia/acfly_ws/install/mavros_msgs/share/mavros_msgs/msg/LogEntry.idl
[7.398s] -- Up-to-date symlink: /home/nvidia/acfly_ws/install/mavros_msgs/share/mavros_msgs/msg/MagnetometerReporter.idl
[7.398s] -- Up-to-date symlink: /home/nvidia/acfly_ws/install/mavros_msgs/share/mavros_msgs/msg/ManualControl.idl
[7.399s] -- Up-to-date symlink: /home/nvidia/acfly_ws/install/mavros_msgs/share/mavros_msgs/msg/Mavlink.idl
[7.399s] -- Up-to-date symlink: /home/nvidia/acfly_ws/install/mavros_msgs/share/mavros_msgs/msg/MountControl.idl
[7.399s] -- Up-to-date symlink: /home/nvidia/acfly_ws/install/mavros_msgs/share/mavros_msgs/msg/NavControllerOutput.idl
[7.399s] -- Up-to-date symlink: /home/nvidia/acfly_ws/install/mavros_msgs/share/mavros_msgs/msg/OnboardComputerStatus.idl
[7.400s] -- Up-to-date symlink: /home/nvidia/acfly_ws/install/mavros_msgs/share/mavros_msgs/msg/OpenDroneIDBasicID.idl
[7.400s] -- Up-to-date symlink: /home/nvidia/acfly_ws/install/mavros_msgs/share/mavros_msgs/msg/OpenDroneIDOperatorID.idl
[7.400s] -- Up-to-date symlink: /home/nvidia/acfly_ws/install/mavros_msgs/share/mavros_msgs/msg/OpenDroneIDSelfID.idl
[7.400s] -- Up-to-date symlink: /home/nvidia/acfly_ws/install/mavros_msgs/share/mavros_msgs/msg/OpenDroneIDSystem.idl
[7.400s] -- Up-to-date symlink: /home/nvidia/acfly_ws/install/mavros_msgs/share/mavros_msgs/msg/OpenDroneIDSystemUpdate.idl
[7.401s] -- Up-to-date symlink: /home/nvidia/acfly_ws/install/mavros_msgs/share/mavros_msgs/msg/OpticalFlow.idl
[7.401s] -- Up-to-date symlink: /home/nvidia/acfly_ws/install/mavros_msgs/share/mavros_msgs/msg/OpticalFlowRad.idl
[7.401s] -- Up-to-date symlink: /home/nvidia/acfly_ws/install/mavros_msgs/share/mavros_msgs/msg/OverrideRCIn.idl
[7.401s] -- Up-to-date symlink: /home/nvidia/acfly_ws/install/mavros_msgs/share/mavros_msgs/msg/Param.idl
[7.401s] -- Up-to-date symlink: /home/nvidia/acfly_ws/install/mavros_msgs/share/mavros_msgs/msg/ParamEvent.idl
[7.402s] -- Up-to-date symlink: /home/nvidia/acfly_ws/install/mavros_msgs/share/mavros_msgs/msg/ParamValue.idl
[7.402s] -- Up-to-date symlink: /home/nvidia/acfly_ws/install/mavros_msgs/share/mavros_msgs/msg/PlayTuneV2.idl
[7.402s] -- Up-to-date symlink: /home/nvidia/acfly_ws/install/mavros_msgs/share/mavros_msgs/msg/PositionTarget.idl
[7.402s] -- Up-to-date symlink: /home/nvidia/acfly_ws/install/mavros_msgs/share/mavros_msgs/msg/RCIn.idl
[7.402s] -- Up-to-date symlink: /home/nvidia/acfly_ws/install/mavros_msgs/share/mavros_msgs/msg/RCOut.idl
[7.403s] -- Up-to-date symlink: /home/nvidia/acfly_ws/install/mavros_msgs/share/mavros_msgs/msg/RTCM.idl
[7.403s] -- Up-to-date symlink: /home/nvidia/acfly_ws/install/mavros_msgs/share/mavros_msgs/msg/RTKBaseline.idl
[7.403s] -- Up-to-date symlink: /home/nvidia/acfly_ws/install/mavros_msgs/share/mavros_msgs/msg/RadioStatus.idl
[7.403s] -- Up-to-date symlink: /home/nvidia/acfly_ws/install/mavros_msgs/share/mavros_msgs/msg/State.idl
[7.404s] -- Up-to-date symlink: /home/nvidia/acfly_ws/install/mavros_msgs/share/mavros_msgs/msg/StatusEvent.idl
[7.404s] -- Up-to-date symlink: /home/nvidia/acfly_ws/install/mavros_msgs/share/mavros_msgs/msg/StatusText.idl
[7.404s] -- Up-to-date symlink: /home/nvidia/acfly_ws/install/mavros_msgs/share/mavros_msgs/msg/SysStatus.idl
[7.404s] -- Up-to-date symlink: /home/nvidia/acfly_ws/install/mavros_msgs/share/mavros_msgs/msg/TerrainReport.idl
[7.404s] -- Up-to-date symlink: /home/nvidia/acfly_ws/install/mavros_msgs/share/mavros_msgs/msg/Thrust.idl
[7.405s] -- Up-to-date symlink: /home/nvidia/acfly_ws/install/mavros_msgs/share/mavros_msgs/msg/TimesyncStatus.idl
[7.405s] -- Up-to-date symlink: /home/nvidia/acfly_ws/install/mavros_msgs/share/mavros_msgs/msg/Trajectory.idl
[7.405s] -- Up-to-date symlink: /home/nvidia/acfly_ws/install/mavros_msgs/share/mavros_msgs/msg/Tunnel.idl
[7.405s] -- Up-to-date symlink: /home/nvidia/acfly_ws/install/mavros_msgs/share/mavros_msgs/msg/VehicleInfo.idl
[7.406s] -- Up-to-date symlink: /home/nvidia/acfly_ws/install/mavros_msgs/share/mavros_msgs/msg/VfrHud.idl
[7.406s] -- Up-to-date symlink: /home/nvidia/acfly_ws/install/mavros_msgs/share/mavros_msgs/msg/Vibration.idl
[7.406s] -- Up-to-date symlink: /home/nvidia/acfly_ws/install/mavros_msgs/share/mavros_msgs/msg/Waypoint.idl
[7.406s] -- Up-to-date symlink: /home/nvidia/acfly_ws/install/mavros_msgs/share/mavros_msgs/msg/WaypointList.idl
[7.406s] -- Up-to-date symlink: /home/nvidia/acfly_ws/install/mavros_msgs/share/mavros_msgs/msg/WaypointReached.idl
[7.407s] -- Up-to-date symlink: /home/nvidia/acfly_ws/install/mavros_msgs/share/mavros_msgs/msg/WheelOdomStamped.idl
[7.407s] -- Up-to-date symlink: /home/nvidia/acfly_ws/install/mavros_msgs/share/mavros_msgs/srv/CommandAck.idl
[7.407s] -- Up-to-date symlink: /home/nvidia/acfly_ws/install/mavros_msgs/share/mavros_msgs/srv/CommandBool.idl
[7.408s] -- Up-to-date symlink: /home/nvidia/acfly_ws/install/mavros_msgs/share/mavros_msgs/srv/CommandHome.idl
[7.408s] -- Up-to-date symlink: /home/nvidia/acfly_ws/install/mavros_msgs/share/mavros_msgs/srv/CommandInt.idl
[7.408s] -- Up-to-date symlink: /home/nvidia/acfly_ws/install/mavros_msgs/share/mavros_msgs/srv/CommandLong.idl
[7.408s] -- Up-to-date symlink: /home/nvidia/acfly_ws/install/mavros_msgs/share/mavros_msgs/srv/CommandTOL.idl
[7.409s] -- Up-to-date symlink: /home/nvidia/acfly_ws/install/mavros_msgs/share/mavros_msgs/srv/CommandTOLLocal.idl
[7.409s] -- Up-to-date symlink: /home/nvidia/acfly_ws/install/mavros_msgs/share/mavros_msgs/srv/CommandTriggerControl.idl
[7.409s] -- Up-to-date symlink: /home/nvidia/acfly_ws/install/mavros_msgs/share/mavros_msgs/srv/CommandTriggerInterval.idl
[7.409s] -- Up-to-date symlink: /home/nvidia/acfly_ws/install/mavros_msgs/share/mavros_msgs/srv/CommandVtolTransition.idl
[7.409s] -- Up-to-date symlink: /home/nvidia/acfly_ws/install/mavros_msgs/share/mavros_msgs/srv/EndpointAdd.idl
[7.410s] -- Up-to-date symlink: /home/nvidia/acfly_ws/install/mavros_msgs/share/mavros_msgs/srv/EndpointDel.idl
[7.410s] -- Up-to-date symlink: /home/nvidia/acfly_ws/install/mavros_msgs/share/mavros_msgs/srv/FileChecksum.idl
[7.410s] -- Up-to-date symlink: /home/nvidia/acfly_ws/install/mavros_msgs/share/mavros_msgs/srv/FileClose.idl
[7.410s] -- Up-to-date symlink: /home/nvidia/acfly_ws/install/mavros_msgs/share/mavros_msgs/srv/FileList.idl
[7.410s] -- Up-to-date symlink: /home/nvidia/acfly_ws/install/mavros_msgs/share/mavros_msgs/srv/FileMakeDir.idl
[7.411s] -- Up-to-date symlink: /home/nvidia/acfly_ws/install/mavros_msgs/share/mavros_msgs/srv/FileOpen.idl
[7.411s] -- Up-to-date symlink: /home/nvidia/acfly_ws/install/mavros_msgs/share/mavros_msgs/srv/FileRead.idl
[7.411s] -- Up-to-date symlink: /home/nvidia/acfly_ws/install/mavros_msgs/share/mavros_msgs/srv/FileRemove.idl
[7.411s] -- Up-to-date symlink: /home/nvidia/acfly_ws/install/mavros_msgs/share/mavros_msgs/srv/FileRemoveDir.idl
[7.411s] -- Up-to-date symlink: /home/nvidia/acfly_ws/install/mavros_msgs/share/mavros_msgs/srv/FileRename.idl
[7.412s] -- Up-to-date symlink: /home/nvidia/acfly_ws/install/mavros_msgs/share/mavros_msgs/srv/FileTruncate.idl
[7.412s] -- Up-to-date symlink: /home/nvidia/acfly_ws/install/mavros_msgs/share/mavros_msgs/srv/FileWrite.idl
[7.412s] -- Up-to-date symlink: /home/nvidia/acfly_ws/install/mavros_msgs/share/mavros_msgs/srv/GimbalGetInformation.idl
[7.412s] -- Up-to-date symlink: /home/nvidia/acfly_ws/install/mavros_msgs/share/mavros_msgs/srv/GimbalManagerCameraTrack.idl
[7.413s] -- Up-to-date symlink: /home/nvidia/acfly_ws/install/mavros_msgs/share/mavros_msgs/srv/GimbalManagerConfigure.idl
[7.413s] -- Up-to-date symlink: /home/nvidia/acfly_ws/install/mavros_msgs/share/mavros_msgs/srv/GimbalManagerPitchyaw.idl
[7.413s] -- Up-to-date symlink: /home/nvidia/acfly_ws/install/mavros_msgs/share/mavros_msgs/srv/GimbalManagerSetRoi.idl
[7.413s] -- Up-to-date symlink: /home/nvidia/acfly_ws/install/mavros_msgs/share/mavros_msgs/srv/LogRequestData.idl
[7.413s] -- Up-to-date symlink: /home/nvidia/acfly_ws/install/mavros_msgs/share/mavros_msgs/srv/LogRequestEnd.idl
[7.414s] -- Up-to-date symlink: /home/nvidia/acfly_ws/install/mavros_msgs/share/mavros_msgs/srv/LogRequestList.idl
[7.414s] -- Up-to-date symlink: /home/nvidia/acfly_ws/install/mavros_msgs/share/mavros_msgs/srv/MessageInterval.idl
[7.414s] -- Up-to-date symlink: /home/nvidia/acfly_ws/install/mavros_msgs/share/mavros_msgs/srv/MountConfigure.idl
[7.414s] -- Up-to-date symlink: /home/nvidia/acfly_ws/install/mavros_msgs/share/mavros_msgs/srv/ParamGet.idl
[7.414s] -- Up-to-date symlink: /home/nvidia/acfly_ws/install/mavros_msgs/share/mavros_msgs/srv/ParamPull.idl
[7.415s] -- Up-to-date symlink: /home/nvidia/acfly_ws/install/mavros_msgs/share/mavros_msgs/srv/ParamPush.idl
[7.415s] -- Up-to-date symlink: /home/nvidia/acfly_ws/install/mavros_msgs/share/mavros_msgs/srv/ParamSet.idl
[7.415s] -- Up-to-date symlink: /home/nvidia/acfly_ws/install/mavros_msgs/share/mavros_msgs/srv/ParamSetV2.idl
[7.415s] -- Up-to-date symlink: /home/nvidia/acfly_ws/install/mavros_msgs/share/mavros_msgs/srv/SetMavFrame.idl
[7.416s] -- Up-to-date symlink: /home/nvidia/acfly_ws/install/mavros_msgs/share/mavros_msgs/srv/SetMode.idl
[7.416s] -- Up-to-date symlink: /home/nvidia/acfly_ws/install/mavros_msgs/share/mavros_msgs/srv/StreamRate.idl
[7.416s] -- Up-to-date symlink: /home/nvidia/acfly_ws/install/mavros_msgs/share/mavros_msgs/srv/VehicleInfoGet.idl
[7.416s] -- Up-to-date symlink: /home/nvidia/acfly_ws/install/mavros_msgs/share/mavros_msgs/srv/WaypointClear.idl
[7.416s] -- Up-to-date symlink: /home/nvidia/acfly_ws/install/mavros_msgs/share/mavros_msgs/srv/WaypointPull.idl
[7.417s] -- Up-to-date symlink: /home/nvidia/acfly_ws/install/mavros_msgs/share/mavros_msgs/srv/WaypointPush.idl
[7.417s] -- Up-to-date symlink: /home/nvidia/acfly_ws/install/mavros_msgs/share/mavros_msgs/srv/WaypointSetCurrent.idl
[7.417s] -- Up-to-date symlink: /home/nvidia/acfly_ws/install/mavros_msgs/share/mavros_msgs/msg/ADSBVehicle.msg
[7.417s] -- Up-to-date symlink: /home/nvidia/acfly_ws/install/mavros_msgs/share/mavros_msgs/msg/ActuatorControl.msg
[7.417s] -- Up-to-date symlink: /home/nvidia/acfly_ws/install/mavros_msgs/share/mavros_msgs/msg/Altitude.msg
[7.418s] -- Up-to-date symlink: /home/nvidia/acfly_ws/install/mavros_msgs/share/mavros_msgs/msg/AttitudeTarget.msg
[7.418s] -- Up-to-date symlink: /home/nvidia/acfly_ws/install/mavros_msgs/share/mavros_msgs/msg/CamIMUStamp.msg
[7.418s] -- Up-to-date symlink: /home/nvidia/acfly_ws/install/mavros_msgs/share/mavros_msgs/msg/CameraImageCaptured.msg
[7.419s] -- Up-to-date symlink: /home/nvidia/acfly_ws/install/mavros_msgs/share/mavros_msgs/msg/CellularStatus.msg
[7.419s] -- Up-to-date symlink: /home/nvidia/acfly_ws/install/mavros_msgs/share/mavros_msgs/msg/CommandCode.msg
[7.419s] -- Up-to-date symlink: /home/nvidia/acfly_ws/install/mavros_msgs/share/mavros_msgs/msg/CompanionProcessStatus.msg
[7.420s] -- Up-to-date symlink: /home/nvidia/acfly_ws/install/mavros_msgs/share/mavros_msgs/msg/DebugValue.msg
[7.420s] -- Up-to-date symlink: /home/nvidia/acfly_ws/install/mavros_msgs/share/mavros_msgs/msg/ESCInfo.msg
[7.420s] -- Up-to-date symlink: /home/nvidia/acfly_ws/install/mavros_msgs/share/mavros_msgs/msg/ESCInfoItem.msg
[7.420s] -- Up-to-date symlink: /home/nvidia/acfly_ws/install/mavros_msgs/share/mavros_msgs/msg/ESCStatus.msg
[7.420s] -- Up-to-date symlink: /home/nvidia/acfly_ws/install/mavros_msgs/share/mavros_msgs/msg/ESCStatusItem.msg
[7.421s] -- Up-to-date symlink: /home/nvidia/acfly_ws/install/mavros_msgs/share/mavros_msgs/msg/ESCTelemetry.msg
[7.421s] -- Up-to-date symlink: /home/nvidia/acfly_ws/install/mavros_msgs/share/mavros_msgs/msg/ESCTelemetryItem.msg
[7.421s] -- Up-to-date symlink: /home/nvidia/acfly_ws/install/mavros_msgs/share/mavros_msgs/msg/EstimatorStatus.msg
[7.421s] -- Up-to-date symlink: /home/nvidia/acfly_ws/install/mavros_msgs/share/mavros_msgs/msg/ExtendedState.msg
[7.422s] -- Up-to-date symlink: /home/nvidia/acfly_ws/install/mavros_msgs/share/mavros_msgs/msg/FileEntry.msg
[7.422s] -- Up-to-date symlink: /home/nvidia/acfly_ws/install/mavros_msgs/share/mavros_msgs/msg/GPSINPUT.msg
[7.422s] -- Up-to-date symlink: /home/nvidia/acfly_ws/install/mavros_msgs/share/mavros_msgs/msg/GPSRAW.msg
[7.422s] -- Up-to-date symlink: /home/nvidia/acfly_ws/install/mavros_msgs/share/mavros_msgs/msg/GPSRTK.msg
[7.422s] -- Up-to-date symlink: /home/nvidia/acfly_ws/install/mavros_msgs/share/mavros_msgs/msg/GimbalDeviceAttitudeStatus.msg
[7.423s] -- Up-to-date symlink: /home/nvidia/acfly_ws/install/mavros_msgs/share/mavros_msgs/msg/GimbalDeviceInformation.msg
[7.423s] -- Up-to-date symlink: /home/nvidia/acfly_ws/install/mavros_msgs/share/mavros_msgs/msg/GimbalDeviceSetAttitude.msg
[7.423s] -- Up-to-date symlink: /home/nvidia/acfly_ws/install/mavros_msgs/share/mavros_msgs/msg/GimbalManagerInformation.msg
[7.423s] -- Up-to-date symlink: /home/nvidia/acfly_ws/install/mavros_msgs/share/mavros_msgs/msg/GimbalManagerSetAttitude.msg
[7.424s] -- Up-to-date symlink: /home/nvidia/acfly_ws/install/mavros_msgs/share/mavros_msgs/msg/GimbalManagerSetPitchyaw.msg
[7.424s] -- Up-to-date symlink: /home/nvidia/acfly_ws/install/mavros_msgs/share/mavros_msgs/msg/GimbalManagerStatus.msg
[7.424s] -- Up-to-date symlink: /home/nvidia/acfly_ws/install/mavros_msgs/share/mavros_msgs/msg/GlobalPositionTarget.msg
[7.424s] -- Up-to-date symlink: /home/nvidia/acfly_ws/install/mavros_msgs/share/mavros_msgs/msg/HilActuatorControls.msg
[7.425s] -- Up-to-date symlink: /home/nvidia/acfly_ws/install/mavros_msgs/share/mavros_msgs/msg/HilControls.msg
[7.425s] -- Up-to-date symlink: /home/nvidia/acfly_ws/install/mavros_msgs/share/mavros_msgs/msg/HilGPS.msg
[7.425s] -- Up-to-date symlink: /home/nvidia/acfly_ws/install/mavros_msgs/share/mavros_msgs/msg/HilSensor.msg
[7.425s] -- Up-to-date symlink: /home/nvidia/acfly_ws/install/mavros_msgs/share/mavros_msgs/msg/HilStateQuaternion.msg
[7.425s] -- Up-to-date symlink: /home/nvidia/acfly_ws/install/mavros_msgs/share/mavros_msgs/msg/HomePosition.msg
[7.426s] -- Up-to-date symlink: /home/nvidia/acfly_ws/install/mavros_msgs/share/mavros_msgs/msg/LandingTarget.msg
[7.426s] -- Up-to-date symlink: /home/nvidia/acfly_ws/install/mavros_msgs/share/mavros_msgs/msg/LogData.msg
[7.426s] -- Up-to-date symlink: /home/nvidia/acfly_ws/install/mavros_msgs/share/mavros_msgs/msg/LogEntry.msg
[7.426s] -- Up-to-date symlink: /home/nvidia/acfly_ws/install/mavros_msgs/share/mavros_msgs/msg/MagnetometerReporter.msg
[7.426s] -- Up-to-date symlink: /home/nvidia/acfly_ws/install/mavros_msgs/share/mavros_msgs/msg/ManualControl.msg
[7.427s] -- Up-to-date symlink: /home/nvidia/acfly_ws/install/mavros_msgs/share/mavros_msgs/msg/Mavlink.msg
[7.427s] -- Up-to-date symlink: /home/nvidia/acfly_ws/install/mavros_msgs/share/mavros_msgs/msg/MountControl.msg
[7.427s] -- Up-to-date symlink: /home/nvidia/acfly_ws/install/mavros_msgs/share/mavros_msgs/msg/NavControllerOutput.msg
[7.427s] -- Up-to-date symlink: /home/nvidia/acfly_ws/install/mavros_msgs/share/mavros_msgs/msg/OnboardComputerStatus.msg
[7.428s] -- Up-to-date symlink: /home/nvidia/acfly_ws/install/mavros_msgs/share/mavros_msgs/msg/OpenDroneIDBasicID.msg
[7.428s] -- Up-to-date symlink: /home/nvidia/acfly_ws/install/mavros_msgs/share/mavros_msgs/msg/OpenDroneIDOperatorID.msg
[7.428s] -- Up-to-date symlink: /home/nvidia/acfly_ws/install/mavros_msgs/share/mavros_msgs/msg/OpenDroneIDSelfID.msg
[7.428s] -- Up-to-date symlink: /home/nvidia/acfly_ws/install/mavros_msgs/share/mavros_msgs/msg/OpenDroneIDSystem.msg
[7.429s] -- Up-to-date symlink: /home/nvidia/acfly_ws/install/mavros_msgs/share/mavros_msgs/msg/OpenDroneIDSystemUpdate.msg
[7.429s] -- Up-to-date symlink: /home/nvidia/acfly_ws/install/mavros_msgs/share/mavros_msgs/msg/OpticalFlow.msg
[7.429s] -- Up-to-date symlink: /home/nvidia/acfly_ws/install/mavros_msgs/share/mavros_msgs/msg/OpticalFlowRad.msg
[7.429s] -- Up-to-date symlink: /home/nvidia/acfly_ws/install/mavros_msgs/share/mavros_msgs/msg/OverrideRCIn.msg
[7.430s] -- Up-to-date symlink: /home/nvidia/acfly_ws/install/mavros_msgs/share/mavros_msgs/msg/Param.msg
[7.430s] -- Up-to-date symlink: /home/nvidia/acfly_ws/install/mavros_msgs/share/mavros_msgs/msg/ParamEvent.msg
[7.430s] -- Up-to-date symlink: /home/nvidia/acfly_ws/install/mavros_msgs/share/mavros_msgs/msg/ParamValue.msg
[7.430s] -- Up-to-date symlink: /home/nvidia/acfly_ws/install/mavros_msgs/share/mavros_msgs/msg/PlayTuneV2.msg
[7.431s] -- Up-to-date symlink: /home/nvidia/acfly_ws/install/mavros_msgs/share/mavros_msgs/msg/PositionTarget.msg
[7.431s] -- Up-to-date symlink: /home/nvidia/acfly_ws/install/mavros_msgs/share/mavros_msgs/msg/RCIn.msg
[7.432s] -- Up-to-date symlink: /home/nvidia/acfly_ws/install/mavros_msgs/share/mavros_msgs/msg/RCOut.msg
[7.432s] -- Up-to-date symlink: /home/nvidia/acfly_ws/install/mavros_msgs/share/mavros_msgs/msg/RTCM.msg
[7.432s] -- Up-to-date symlink: /home/nvidia/acfly_ws/install/mavros_msgs/share/mavros_msgs/msg/RTKBaseline.msg
[7.432s] -- Up-to-date symlink: /home/nvidia/acfly_ws/install/mavros_msgs/share/mavros_msgs/msg/RadioStatus.msg
[7.432s] -- Up-to-date symlink: /home/nvidia/acfly_ws/install/mavros_msgs/share/mavros_msgs/msg/State.msg
[7.433s] -- Up-to-date symlink: /home/nvidia/acfly_ws/install/mavros_msgs/share/mavros_msgs/msg/StatusEvent.msg
[7.433s] -- Up-to-date symlink: /home/nvidia/acfly_ws/install/mavros_msgs/share/mavros_msgs/msg/StatusText.msg
[7.433s] -- Up-to-date symlink: /home/nvidia/acfly_ws/install/mavros_msgs/share/mavros_msgs/msg/SysStatus.msg
[7.436s] -- Up-to-date symlink: /home/nvidia/acfly_ws/install/mavros_msgs/share/mavros_msgs/msg/TerrainReport.msg
[7.436s] -- Up-to-date symlink: /home/nvidia/acfly_ws/install/mavros_msgs/share/mavros_msgs/msg/Thrust.msg
[7.436s] -- Up-to-date symlink: /home/nvidia/acfly_ws/install/mavros_msgs/share/mavros_msgs/msg/TimesyncStatus.msg
[7.436s] -- Up-to-date symlink: /home/nvidia/acfly_ws/install/mavros_msgs/share/mavros_msgs/msg/Trajectory.msg
[7.436s] -- Up-to-date symlink: /home/nvidia/acfly_ws/install/mavros_msgs/share/mavros_msgs/msg/Tunnel.msg
[7.436s] -- Up-to-date symlink: /home/nvidia/acfly_ws/install/mavros_msgs/share/mavros_msgs/msg/VehicleInfo.msg
[7.436s] -- Up-to-date symlink: /home/nvidia/acfly_ws/install/mavros_msgs/share/mavros_msgs/msg/VfrHud.msg
[7.436s] -- Up-to-date symlink: /home/nvidia/acfly_ws/install/mavros_msgs/share/mavros_msgs/msg/Vibration.msg
[7.437s] -- Up-to-date symlink: /home/nvidia/acfly_ws/install/mavros_msgs/share/mavros_msgs/msg/Waypoint.msg
[7.438s] -- Up-to-date symlink: /home/nvidia/acfly_ws/install/mavros_msgs/share/mavros_msgs/msg/WaypointList.msg
[7.438s] -- Up-to-date symlink: /home/nvidia/acfly_ws/install/mavros_msgs/share/mavros_msgs/msg/WaypointReached.msg
[7.439s] -- Up-to-date symlink: /home/nvidia/acfly_ws/install/mavros_msgs/share/mavros_msgs/msg/WheelOdomStamped.msg
[7.439s] -- Up-to-date symlink: /home/nvidia/acfly_ws/install/mavros_msgs/share/mavros_msgs/srv/CommandAck.srv
[7.440s] -- Up-to-date symlink: /home/nvidia/acfly_ws/install/mavros_msgs/share/mavros_msgs/srv/CommandAck_Request.msg
[7.440s] -- Up-to-date symlink: /home/nvidia/acfly_ws/install/mavros_msgs/share/mavros_msgs/srv/CommandAck_Response.msg
[7.440s] -- Up-to-date symlink: /home/nvidia/acfly_ws/install/mavros_msgs/share/mavros_msgs/srv/CommandBool.srv
[7.440s] -- Up-to-date symlink: /home/nvidia/acfly_ws/install/mavros_msgs/share/mavros_msgs/srv/CommandBool_Request.msg
[7.440s] -- Up-to-date symlink: /home/nvidia/acfly_ws/install/mavros_msgs/share/mavros_msgs/srv/CommandBool_Response.msg
[7.440s] -- Up-to-date symlink: /home/nvidia/acfly_ws/install/mavros_msgs/share/mavros_msgs/srv/CommandHome.srv
[7.442s] -- Up-to-date symlink: /home/nvidia/acfly_ws/install/mavros_msgs/share/mavros_msgs/srv/CommandHome_Request.msg
[7.442s] -- Up-to-date symlink: /home/nvidia/acfly_ws/install/mavros_msgs/share/mavros_msgs/srv/CommandHome_Response.msg
[7.443s] -- Up-to-date symlink: /home/nvidia/acfly_ws/install/mavros_msgs/share/mavros_msgs/srv/CommandInt.srv
[7.443s] -- Up-to-date symlink: /home/nvidia/acfly_ws/install/mavros_msgs/share/mavros_msgs/srv/CommandInt_Request.msg
[7.443s] -- Up-to-date symlink: /home/nvidia/acfly_ws/install/mavros_msgs/share/mavros_msgs/srv/CommandInt_Response.msg
[7.444s] -- Up-to-date symlink: /home/nvidia/acfly_ws/install/mavros_msgs/share/mavros_msgs/srv/CommandLong.srv
[7.444s] -- Up-to-date symlink: /home/nvidia/acfly_ws/install/mavros_msgs/share/mavros_msgs/srv/CommandLong_Request.msg
[7.444s] -- Up-to-date symlink: /home/nvidia/acfly_ws/install/mavros_msgs/share/mavros_msgs/srv/CommandLong_Response.msg
[7.444s] -- Up-to-date symlink: /home/nvidia/acfly_ws/install/mavros_msgs/share/mavros_msgs/srv/CommandTOL.srv
[7.444s] -- Up-to-date symlink: /home/nvidia/acfly_ws/install/mavros_msgs/share/mavros_msgs/srv/CommandTOL_Request.msg
[7.445s] -- Up-to-date symlink: /home/nvidia/acfly_ws/install/mavros_msgs/share/mavros_msgs/srv/CommandTOL_Response.msg
[7.445s] -- Up-to-date symlink: /home/nvidia/acfly_ws/install/mavros_msgs/share/mavros_msgs/srv/CommandTOLLocal.srv
[7.445s] -- Up-to-date symlink: /home/nvidia/acfly_ws/install/mavros_msgs/share/mavros_msgs/srv/CommandTOLLocal_Request.msg
[7.445s] -- Up-to-date symlink: /home/nvidia/acfly_ws/install/mavros_msgs/share/mavros_msgs/srv/CommandTOLLocal_Response.msg
[7.445s] -- Up-to-date symlink: /home/nvidia/acfly_ws/install/mavros_msgs/share/mavros_msgs/srv/CommandTriggerControl.srv
[7.445s] -- Up-to-date symlink: /home/nvidia/acfly_ws/install/mavros_msgs/share/mavros_msgs/srv/CommandTriggerControl_Request.msg
[7.445s] -- Up-to-date symlink: /home/nvidia/acfly_ws/install/mavros_msgs/share/mavros_msgs/srv/CommandTriggerControl_Response.msg
[7.446s] -- Up-to-date symlink: /home/nvidia/acfly_ws/install/mavros_msgs/share/mavros_msgs/srv/CommandTriggerInterval.srv
[7.446s] -- Up-to-date symlink: /home/nvidia/acfly_ws/install/mavros_msgs/share/mavros_msgs/srv/CommandTriggerInterval_Request.msg
[7.446s] -- Up-to-date symlink: /home/nvidia/acfly_ws/install/mavros_msgs/share/mavros_msgs/srv/CommandTriggerInterval_Response.msg
[7.446s] -- Up-to-date symlink: /home/nvidia/acfly_ws/install/mavros_msgs/share/mavros_msgs/srv/CommandVtolTransition.srv
[7.446s] -- Up-to-date symlink: /home/nvidia/acfly_ws/install/mavros_msgs/share/mavros_msgs/srv/CommandVtolTransition_Request.msg
[7.446s] -- Up-to-date symlink: /home/nvidia/acfly_ws/install/mavros_msgs/share/mavros_msgs/srv/CommandVtolTransition_Response.msg
[7.446s] -- Up-to-date symlink: /home/nvidia/acfly_ws/install/mavros_msgs/share/mavros_msgs/srv/EndpointAdd.srv
[7.447s] -- Up-to-date symlink: /home/nvidia/acfly_ws/install/mavros_msgs/share/mavros_msgs/srv/EndpointAdd_Request.msg
[7.447s] -- Up-to-date symlink: /home/nvidia/acfly_ws/install/mavros_msgs/share/mavros_msgs/srv/EndpointAdd_Response.msg
[7.448s] -- Up-to-date symlink: /home/nvidia/acfly_ws/install/mavros_msgs/share/mavros_msgs/srv/EndpointDel.srv
[7.448s] -- Up-to-date symlink: /home/nvidia/acfly_ws/install/mavros_msgs/share/mavros_msgs/srv/EndpointDel_Request.msg
[7.448s] -- Up-to-date symlink: /home/nvidia/acfly_ws/install/mavros_msgs/share/mavros_msgs/srv/EndpointDel_Response.msg
[7.448s] -- Up-to-date symlink: /home/nvidia/acfly_ws/install/mavros_msgs/share/mavros_msgs/srv/FileChecksum.srv
[7.448s] -- Up-to-date symlink: /home/nvidia/acfly_ws/install/mavros_msgs/share/mavros_msgs/srv/FileChecksum_Request.msg
[7.448s] -- Up-to-date symlink: /home/nvidia/acfly_ws/install/mavros_msgs/share/mavros_msgs/srv/FileChecksum_Response.msg
[7.448s] -- Up-to-date symlink: /home/nvidia/acfly_ws/install/mavros_msgs/share/mavros_msgs/srv/FileClose.srv
[7.448s] -- Up-to-date symlink: /home/nvidia/acfly_ws/install/mavros_msgs/share/mavros_msgs/srv/FileClose_Request.msg
[7.449s] -- Up-to-date symlink: /home/nvidia/acfly_ws/install/mavros_msgs/share/mavros_msgs/srv/FileClose_Response.msg
[7.449s] -- Up-to-date symlink: /home/nvidia/acfly_ws/install/mavros_msgs/share/mavros_msgs/srv/FileList.srv
[7.449s] -- Up-to-date symlink: /home/nvidia/acfly_ws/install/mavros_msgs/share/mavros_msgs/srv/FileList_Request.msg
[7.449s] -- Up-to-date symlink: /home/nvidia/acfly_ws/install/mavros_msgs/share/mavros_msgs/srv/FileList_Response.msg
[7.449s] -- Up-to-date symlink: /home/nvidia/acfly_ws/install/mavros_msgs/share/mavros_msgs/srv/FileMakeDir.srv
[7.450s] -- Up-to-date symlink: /home/nvidia/acfly_ws/install/mavros_msgs/share/mavros_msgs/srv/FileMakeDir_Request.msg
[7.450s] -- Up-to-date symlink: /home/nvidia/acfly_ws/install/mavros_msgs/share/mavros_msgs/srv/FileMakeDir_Response.msg
[7.450s] -- Up-to-date symlink: /home/nvidia/acfly_ws/install/mavros_msgs/share/mavros_msgs/srv/FileOpen.srv
[7.450s] -- Up-to-date symlink: /home/nvidia/acfly_ws/install/mavros_msgs/share/mavros_msgs/srv/FileOpen_Request.msg
[7.450s] -- Up-to-date symlink: /home/nvidia/acfly_ws/install/mavros_msgs/share/mavros_msgs/srv/FileOpen_Response.msg
[7.451s] -- Up-to-date symlink: /home/nvidia/acfly_ws/install/mavros_msgs/share/mavros_msgs/srv/FileRead.srv
[7.451s] -- Up-to-date symlink: /home/nvidia/acfly_ws/install/mavros_msgs/share/mavros_msgs/srv/FileRead_Request.msg
[7.451s] -- Up-to-date symlink: /home/nvidia/acfly_ws/install/mavros_msgs/share/mavros_msgs/srv/FileRead_Response.msg
[7.451s] -- Up-to-date symlink: /home/nvidia/acfly_ws/install/mavros_msgs/share/mavros_msgs/srv/FileRemove.srv
[7.452s] -- Up-to-date symlink: /home/nvidia/acfly_ws/install/mavros_msgs/share/mavros_msgs/srv/FileRemove_Request.msg
[7.452s] -- Up-to-date symlink: /home/nvidia/acfly_ws/install/mavros_msgs/share/mavros_msgs/srv/FileRemove_Response.msg
[7.452s] -- Up-to-date symlink: /home/nvidia/acfly_ws/install/mavros_msgs/share/mavros_msgs/srv/FileRemoveDir.srv
[7.452s] -- Up-to-date symlink: /home/nvidia/acfly_ws/install/mavros_msgs/share/mavros_msgs/srv/FileRemoveDir_Request.msg
[7.453s] -- Up-to-date symlink: /home/nvidia/acfly_ws/install/mavros_msgs/share/mavros_msgs/srv/FileRemoveDir_Response.msg
[7.453s] -- Up-to-date symlink: /home/nvidia/acfly_ws/install/mavros_msgs/share/mavros_msgs/srv/FileRename.srv
[7.453s] -- Up-to-date symlink: /home/nvidia/acfly_ws/install/mavros_msgs/share/mavros_msgs/srv/FileRename_Request.msg
[7.453s] -- Up-to-date symlink: /home/nvidia/acfly_ws/install/mavros_msgs/share/mavros_msgs/srv/FileRename_Response.msg
[7.454s] -- Up-to-date symlink: /home/nvidia/acfly_ws/install/mavros_msgs/share/mavros_msgs/srv/FileTruncate.srv
[7.454s] -- Up-to-date symlink: /home/nvidia/acfly_ws/install/mavros_msgs/share/mavros_msgs/srv/FileTruncate_Request.msg
[7.454s] -- Up-to-date symlink: /home/nvidia/acfly_ws/install/mavros_msgs/share/mavros_msgs/srv/FileTruncate_Response.msg
[7.454s] -- Up-to-date symlink: /home/nvidia/acfly_ws/install/mavros_msgs/share/mavros_msgs/srv/FileWrite.srv
[7.454s] -- Up-to-date symlink: /home/nvidia/acfly_ws/install/mavros_msgs/share/mavros_msgs/srv/FileWrite_Request.msg
[7.455s] -- Up-to-date symlink: /home/nvidia/acfly_ws/install/mavros_msgs/share/mavros_msgs/srv/FileWrite_Response.msg
[7.455s] -- Up-to-date symlink: /home/nvidia/acfly_ws/install/mavros_msgs/share/mavros_msgs/srv/GimbalGetInformation.srv
[7.455s] -- Up-to-date symlink: /home/nvidia/acfly_ws/install/mavros_msgs/share/mavros_msgs/srv/GimbalGetInformation_Request.msg
[7.455s] -- Up-to-date symlink: /home/nvidia/acfly_ws/install/mavros_msgs/share/mavros_msgs/srv/GimbalGetInformation_Response.msg
[7.456s] -- Up-to-date symlink: /home/nvidia/acfly_ws/install/mavros_msgs/share/mavros_msgs/srv/GimbalManagerCameraTrack.srv
[7.456s] -- Up-to-date symlink: /home/nvidia/acfly_ws/install/mavros_msgs/share/mavros_msgs/srv/GimbalManagerCameraTrack_Request.msg
[7.456s] -- Up-to-date symlink: /home/nvidia/acfly_ws/install/mavros_msgs/share/mavros_msgs/srv/GimbalManagerCameraTrack_Response.msg
[7.456s] -- Up-to-date symlink: /home/nvidia/acfly_ws/install/mavros_msgs/share/mavros_msgs/srv/GimbalManagerConfigure.srv
[7.456s] -- Up-to-date symlink: /home/nvidia/acfly_ws/install/mavros_msgs/share/mavros_msgs/srv/GimbalManagerConfigure_Request.msg
[7.457s] -- Up-to-date symlink: /home/nvidia/acfly_ws/install/mavros_msgs/share/mavros_msgs/srv/GimbalManagerConfigure_Response.msg
[7.457s] -- Up-to-date symlink: /home/nvidia/acfly_ws/install/mavros_msgs/share/mavros_msgs/srv/GimbalManagerPitchyaw.srv
[7.457s] -- Up-to-date symlink: /home/nvidia/acfly_ws/install/mavros_msgs/share/mavros_msgs/srv/GimbalManagerPitchyaw_Request.msg
[7.457s] -- Up-to-date symlink: /home/nvidia/acfly_ws/install/mavros_msgs/share/mavros_msgs/srv/GimbalManagerPitchyaw_Response.msg
[7.457s] -- Up-to-date symlink: /home/nvidia/acfly_ws/install/mavros_msgs/share/mavros_msgs/srv/GimbalManagerSetRoi.srv
[7.458s] -- Up-to-date symlink: /home/nvidia/acfly_ws/install/mavros_msgs/share/mavros_msgs/srv/GimbalManagerSetRoi_Request.msg
[7.458s] -- Up-to-date symlink: /home/nvidia/acfly_ws/install/mavros_msgs/share/mavros_msgs/srv/GimbalManagerSetRoi_Response.msg
[7.458s] -- Up-to-date symlink: /home/nvidia/acfly_ws/install/mavros_msgs/share/mavros_msgs/srv/LogRequestData.srv
[7.458s] -- Up-to-date symlink: /home/nvidia/acfly_ws/install/mavros_msgs/share/mavros_msgs/srv/LogRequestData_Request.msg
[7.458s] -- Up-to-date symlink: /home/nvidia/acfly_ws/install/mavros_msgs/share/mavros_msgs/srv/LogRequestData_Response.msg
[7.459s] -- Up-to-date symlink: /home/nvidia/acfly_ws/install/mavros_msgs/share/mavros_msgs/srv/LogRequestEnd.srv
[7.459s] -- Up-to-date symlink: /home/nvidia/acfly_ws/install/mavros_msgs/share/mavros_msgs/srv/LogRequestEnd_Request.msg
[7.459s] -- Up-to-date symlink: /home/nvidia/acfly_ws/install/mavros_msgs/share/mavros_msgs/srv/LogRequestEnd_Response.msg
[7.461s] -- Up-to-date symlink: /home/nvidia/acfly_ws/install/mavros_msgs/share/mavros_msgs/srv/LogRequestList.srv
[7.461s] -- Up-to-date symlink: /home/nvidia/acfly_ws/install/mavros_msgs/share/mavros_msgs/srv/LogRequestList_Request.msg
[7.461s] -- Up-to-date symlink: /home/nvidia/acfly_ws/install/mavros_msgs/share/mavros_msgs/srv/LogRequestList_Response.msg
[7.462s] -- Up-to-date symlink: /home/nvidia/acfly_ws/install/mavros_msgs/share/mavros_msgs/srv/MessageInterval.srv
[7.463s] -- Up-to-date symlink: /home/nvidia/acfly_ws/install/mavros_msgs/share/mavros_msgs/srv/MessageInterval_Request.msg
[7.463s] -- Up-to-date symlink: /home/nvidia/acfly_ws/install/mavros_msgs/share/mavros_msgs/srv/MessageInterval_Response.msg
[7.463s] -- Up-to-date symlink: /home/nvidia/acfly_ws/install/mavros_msgs/share/mavros_msgs/srv/MountConfigure.srv
[7.463s] -- Up-to-date symlink: /home/nvidia/acfly_ws/install/mavros_msgs/share/mavros_msgs/srv/MountConfigure_Request.msg
[7.464s] -- Up-to-date symlink: /home/nvidia/acfly_ws/install/mavros_msgs/share/mavros_msgs/srv/MountConfigure_Response.msg
[7.464s] -- Up-to-date symlink: /home/nvidia/acfly_ws/install/mavros_msgs/share/mavros_msgs/srv/ParamGet.srv
[7.464s] -- Up-to-date symlink: /home/nvidia/acfly_ws/install/mavros_msgs/share/mavros_msgs/srv/ParamGet_Request.msg
[7.464s] -- Up-to-date symlink: /home/nvidia/acfly_ws/install/mavros_msgs/share/mavros_msgs/srv/ParamGet_Response.msg
[7.464s] -- Up-to-date symlink: /home/nvidia/acfly_ws/install/mavros_msgs/share/mavros_msgs/srv/ParamPull.srv
[7.464s] -- Up-to-date symlink: /home/nvidia/acfly_ws/install/mavros_msgs/share/mavros_msgs/srv/ParamPull_Request.msg
[7.464s] -- Up-to-date symlink: /home/nvidia/acfly_ws/install/mavros_msgs/share/mavros_msgs/srv/ParamPull_Response.msg
[7.464s] -- Up-to-date symlink: /home/nvidia/acfly_ws/install/mavros_msgs/share/mavros_msgs/srv/ParamPush.srv
[7.465s] -- Up-to-date symlink: /home/nvidia/acfly_ws/install/mavros_msgs/share/mavros_msgs/srv/ParamPush_Request.msg
[7.465s] -- Up-to-date symlink: /home/nvidia/acfly_ws/install/mavros_msgs/share/mavros_msgs/srv/ParamPush_Response.msg
[7.465s] -- Up-to-date symlink: /home/nvidia/acfly_ws/install/mavros_msgs/share/mavros_msgs/srv/ParamSet.srv
[7.465s] -- Up-to-date symlink: /home/nvidia/acfly_ws/install/mavros_msgs/share/mavros_msgs/srv/ParamSet_Request.msg
[7.465s] -- Up-to-date symlink: /home/nvidia/acfly_ws/install/mavros_msgs/share/mavros_msgs/srv/ParamSet_Response.msg
[7.465s] -- Up-to-date symlink: /home/nvidia/acfly_ws/install/mavros_msgs/share/mavros_msgs/srv/ParamSetV2.srv
[7.465s] -- Up-to-date symlink: /home/nvidia/acfly_ws/install/mavros_msgs/share/mavros_msgs/srv/ParamSetV2_Request.msg
[7.466s] -- Up-to-date symlink: /home/nvidia/acfly_ws/install/mavros_msgs/share/mavros_msgs/srv/ParamSetV2_Response.msg
[7.466s] -- Up-to-date symlink: /home/nvidia/acfly_ws/install/mavros_msgs/share/mavros_msgs/srv/SetMavFrame.srv
[7.466s] -- Up-to-date symlink: /home/nvidia/acfly_ws/install/mavros_msgs/share/mavros_msgs/srv/SetMavFrame_Request.msg
[7.466s] -- Up-to-date symlink: /home/nvidia/acfly_ws/install/mavros_msgs/share/mavros_msgs/srv/SetMavFrame_Response.msg
[7.466s] -- Up-to-date symlink: /home/nvidia/acfly_ws/install/mavros_msgs/share/mavros_msgs/srv/SetMode.srv
[7.466s] -- Up-to-date symlink: /home/nvidia/acfly_ws/install/mavros_msgs/share/mavros_msgs/srv/SetMode_Request.msg
[7.466s] -- Up-to-date symlink: /home/nvidia/acfly_ws/install/mavros_msgs/share/mavros_msgs/srv/SetMode_Response.msg
[7.466s] -- Up-to-date symlink: /home/nvidia/acfly_ws/install/mavros_msgs/share/mavros_msgs/srv/StreamRate.srv
[7.467s] -- Up-to-date symlink: /home/nvidia/acfly_ws/install/mavros_msgs/share/mavros_msgs/srv/StreamRate_Request.msg
[7.467s] -- Up-to-date symlink: /home/nvidia/acfly_ws/install/mavros_msgs/share/mavros_msgs/srv/StreamRate_Response.msg
[7.467s] -- Up-to-date symlink: /home/nvidia/acfly_ws/install/mavros_msgs/share/mavros_msgs/srv/VehicleInfoGet.srv
[7.467s] -- Up-to-date symlink: /home/nvidia/acfly_ws/install/mavros_msgs/share/mavros_msgs/srv/VehicleInfoGet_Request.msg
[7.467s] -- Up-to-date symlink: /home/nvidia/acfly_ws/install/mavros_msgs/share/mavros_msgs/srv/VehicleInfoGet_Response.msg
[7.467s] -- Up-to-date symlink: /home/nvidia/acfly_ws/install/mavros_msgs/share/mavros_msgs/srv/WaypointClear.srv
[7.468s] -- Up-to-date symlink: /home/nvidia/acfly_ws/install/mavros_msgs/share/mavros_msgs/srv/WaypointClear_Request.msg
[7.468s] -- Up-to-date symlink: /home/nvidia/acfly_ws/install/mavros_msgs/share/mavros_msgs/srv/WaypointClear_Response.msg
[7.468s] -- Up-to-date symlink: /home/nvidia/acfly_ws/install/mavros_msgs/share/mavros_msgs/srv/WaypointPull.srv
[7.468s] -- Up-to-date symlink: /home/nvidia/acfly_ws/install/mavros_msgs/share/mavros_msgs/srv/WaypointPull_Request.msg
[7.468s] -- Up-to-date symlink: /home/nvidia/acfly_ws/install/mavros_msgs/share/mavros_msgs/srv/WaypointPull_Response.msg
[7.469s] -- Up-to-date symlink: /home/nvidia/acfly_ws/install/mavros_msgs/share/mavros_msgs/srv/WaypointPush.srv
[7.469s] -- Up-to-date symlink: /home/nvidia/acfly_ws/install/mavros_msgs/share/mavros_msgs/srv/WaypointPush_Request.msg
[7.469s] -- Up-to-date symlink: /home/nvidia/acfly_ws/install/mavros_msgs/share/mavros_msgs/srv/WaypointPush_Response.msg
[7.469s] -- Up-to-date symlink: /home/nvidia/acfly_ws/install/mavros_msgs/share/mavros_msgs/srv/WaypointSetCurrent.srv
[7.469s] -- Up-to-date symlink: /home/nvidia/acfly_ws/install/mavros_msgs/share/mavros_msgs/srv/WaypointSetCurrent_Request.msg
[7.470s] -- Up-to-date symlink: /home/nvidia/acfly_ws/install/mavros_msgs/share/mavros_msgs/srv/WaypointSetCurrent_Response.msg
[7.470s] -- Up-to-date symlink: /home/nvidia/acfly_ws/install/mavros_msgs/share/mavros_msgs/mavros_msgs_mapping_rule.yaml
[7.470s] -- Up-to-date symlink: /home/nvidia/acfly_ws/install/mavros_msgs/share/ament_index/resource_index/package_run_dependencies/mavros_msgs
[7.470s] -- Up-to-date symlink: /home/nvidia/acfly_ws/install/mavros_msgs/share/ament_index/resource_index/parent_prefix_path/mavros_msgs
[7.471s] -- Up-to-date symlink: /home/nvidia/acfly_ws/install/mavros_msgs/share/mavros_msgs/environment/ament_prefix_path.sh
[7.471s] -- Up-to-date symlink: /home/nvidia/acfly_ws/install/mavros_msgs/share/mavros_msgs/environment/ament_prefix_path.dsv
[7.471s] -- Up-to-date symlink: /home/nvidia/acfly_ws/install/mavros_msgs/share/mavros_msgs/environment/path.sh
[7.471s] -- Up-to-date symlink: /home/nvidia/acfly_ws/install/mavros_msgs/share/mavros_msgs/environment/path.dsv
[7.472s] -- Up-to-date symlink: /home/nvidia/acfly_ws/install/mavros_msgs/share/mavros_msgs/local_setup.bash
[7.472s] -- Up-to-date symlink: /home/nvidia/acfly_ws/install/mavros_msgs/share/mavros_msgs/local_setup.sh
[7.472s] -- Up-to-date symlink: /home/nvidia/acfly_ws/install/mavros_msgs/share/mavros_msgs/local_setup.zsh
[7.472s] -- Up-to-date symlink: /home/nvidia/acfly_ws/install/mavros_msgs/share/mavros_msgs/local_setup.dsv
[7.472s] -- Symlinking: /home/nvidia/acfly_ws/install/mavros_msgs/share/mavros_msgs/package.dsv
[7.491s] -- Up-to-date symlink: /home/nvidia/acfly_ws/install/mavros_msgs/share/ament_index/resource_index/packages/mavros_msgs
[7.491s] -- Up-to-date symlink: /home/nvidia/acfly_ws/install/mavros_msgs/share/mavros_msgs/cmake/rosidl_cmake-extras.cmake
[7.491s] -- Up-to-date symlink: /home/nvidia/acfly_ws/install/mavros_msgs/share/mavros_msgs/cmake/ament_cmake_export_dependencies-extras.cmake
[7.491s] -- Up-to-date symlink: /home/nvidia/acfly_ws/install/mavros_msgs/share/mavros_msgs/cmake/ament_cmake_export_include_directories-extras.cmake
[7.491s] -- Up-to-date symlink: /home/nvidia/acfly_ws/install/mavros_msgs/share/mavros_msgs/cmake/ament_cmake_export_libraries-extras.cmake
[7.492s] -- Up-to-date symlink: /home/nvidia/acfly_ws/install/mavros_msgs/share/mavros_msgs/cmake/ament_cmake_export_targets-extras.cmake
[7.492s] -- Up-to-date symlink: /home/nvidia/acfly_ws/install/mavros_msgs/share/mavros_msgs/cmake/rosidl_cmake_export_typesupport_targets-extras.cmake
[7.492s] -- Up-to-date symlink: /home/nvidia/acfly_ws/install/mavros_msgs/share/mavros_msgs/cmake/rosidl_cmake_export_typesupport_libraries-extras.cmake
[7.492s] -- Up-to-date symlink: /home/nvidia/acfly_ws/install/mavros_msgs/share/mavros_msgs/cmake/mavros_msgsConfig.cmake
[7.493s] -- Up-to-date symlink: /home/nvidia/acfly_ws/install/mavros_msgs/share/mavros_msgs/cmake/mavros_msgsConfig-version.cmake
[7.493s] -- Up-to-date symlink: /home/nvidia/acfly_ws/install/mavros_msgs/share/mavros_msgs/package.xml
[7.494s] -- Up-to-date: /home/nvidia/acfly_ws/install/mavros_msgs/lib/libmavros_msgs__rosidl_generator_c.so
[7.494s] -- Up-to-date: /home/nvidia/acfly_ws/install/mavros_msgs/lib/libmavros_msgs__rosidl_typesupport_fastrtps_c.so
[7.495s] -- Up-to-date: /home/nvidia/acfly_ws/install/mavros_msgs/lib/libmavros_msgs__rosidl_typesupport_introspection_c.so
[7.495s] -- Up-to-date: /home/nvidia/acfly_ws/install/mavros_msgs/lib/libmavros_msgs__rosidl_typesupport_c.so
[7.495s] -- Up-to-date: /home/nvidia/acfly_ws/install/mavros_msgs/lib/libmavros_msgs__rosidl_typesupport_fastrtps_cpp.so
[7.496s] -- Up-to-date: /home/nvidia/acfly_ws/install/mavros_msgs/lib/libmavros_msgs__rosidl_typesupport_introspection_cpp.so
[7.496s] -- Up-to-date: /home/nvidia/acfly_ws/install/mavros_msgs/lib/libmavros_msgs__rosidl_typesupport_cpp.so
[7.580s] Listing '/home/nvidia/acfly_ws/install/mavros_msgs/local/lib/python3.10/dist-packages/mavros_msgs'...
[7.581s] Compiling '/home/nvidia/acfly_ws/install/mavros_msgs/local/lib/python3.10/dist-packages/mavros_msgs/__init__.py'...
[7.582s] Listing '/home/nvidia/acfly_ws/install/mavros_msgs/local/lib/python3.10/dist-packages/mavros_msgs/msg'...
[7.582s] Listing '/home/nvidia/acfly_ws/install/mavros_msgs/local/lib/python3.10/dist-packages/mavros_msgs/srv'...
[7.595s] -- Up-to-date: /home/nvidia/acfly_ws/install/mavros_msgs/lib/libmavros_msgs__rosidl_generator_py.so
[7.596s] -- Up-to-date: /home/nvidia/acfly_ws/install/mavros_msgs/include/mavros_msgs
[7.596s] -- Up-to-date: /home/nvidia/acfly_ws/install/mavros_msgs/include/mavros_msgs/mavros_msgs
[7.596s] -- Up-to-date: /home/nvidia/acfly_ws/install/mavros_msgs/include/mavros_msgs/mavros_msgs/mavlink_convert.hpp
[7.597s] -- Up-to-date: /home/nvidia/acfly_ws/install/mavros_msgs/share/mavros_msgs/cmake/export_mavros_msgs__rosidl_generator_cExport.cmake
[7.597s] -- Up-to-date: /home/nvidia/acfly_ws/install/mavros_msgs/share/mavros_msgs/cmake/export_mavros_msgs__rosidl_generator_cExport-noconfig.cmake
[7.598s] -- Up-to-date: /home/nvidia/acfly_ws/install/mavros_msgs/share/mavros_msgs/cmake/export_mavros_msgs__rosidl_typesupport_fastrtps_cExport.cmake
[7.598s] -- Up-to-date: /home/nvidia/acfly_ws/install/mavros_msgs/share/mavros_msgs/cmake/export_mavros_msgs__rosidl_typesupport_fastrtps_cExport-noconfig.cmake
[7.599s] -- Up-to-date: /home/nvidia/acfly_ws/install/mavros_msgs/share/mavros_msgs/cmake/mavros_msgs__rosidl_typesupport_introspection_cExport.cmake
[7.599s] -- Up-to-date: /home/nvidia/acfly_ws/install/mavros_msgs/share/mavros_msgs/cmake/mavros_msgs__rosidl_typesupport_introspection_cExport-noconfig.cmake
[7.600s] -- Up-to-date: /home/nvidia/acfly_ws/install/mavros_msgs/share/mavros_msgs/cmake/mavros_msgs__rosidl_typesupport_cExport.cmake
[7.600s] -- Up-to-date: /home/nvidia/acfly_ws/install/mavros_msgs/share/mavros_msgs/cmake/mavros_msgs__rosidl_typesupport_cExport-noconfig.cmake
[7.601s] -- Up-to-date: /home/nvidia/acfly_ws/install/mavros_msgs/share/mavros_msgs/cmake/export_mavros_msgs__rosidl_generator_cppExport.cmake
[7.601s] -- Up-to-date: /home/nvidia/acfly_ws/install/mavros_msgs/share/mavros_msgs/cmake/export_mavros_msgs__rosidl_typesupport_fastrtps_cppExport.cmake
[7.601s] -- Up-to-date: /home/nvidia/acfly_ws/install/mavros_msgs/share/mavros_msgs/cmake/export_mavros_msgs__rosidl_typesupport_fastrtps_cppExport-noconfig.cmake
[7.602s] -- Up-to-date: /home/nvidia/acfly_ws/install/mavros_msgs/share/mavros_msgs/cmake/mavros_msgs__rosidl_typesupport_introspection_cppExport.cmake
[7.602s] -- Up-to-date: /home/nvidia/acfly_ws/install/mavros_msgs/share/mavros_msgs/cmake/mavros_msgs__rosidl_typesupport_introspection_cppExport-noconfig.cmake
[7.603s] -- Up-to-date: /home/nvidia/acfly_ws/install/mavros_msgs/share/mavros_msgs/cmake/mavros_msgs__rosidl_typesupport_cppExport.cmake
[7.603s] -- Up-to-date: /home/nvidia/acfly_ws/install/mavros_msgs/share/mavros_msgs/cmake/mavros_msgs__rosidl_typesupport_cppExport-noconfig.cmake
[7.603s] -- Up-to-date: /home/nvidia/acfly_ws/install/mavros_msgs/share/mavros_msgs/cmake/export_mavros_msgs__rosidl_generator_pyExport.cmake
[7.604s] -- Up-to-date: /home/nvidia/acfly_ws/install/mavros_msgs/share/mavros_msgs/cmake/export_mavros_msgs__rosidl_generator_pyExport-noconfig.cmake
[7.611s] Invoked command in '/home/nvidia/acfly_ws/build/mavros_msgs' returned '0': CMAKE_PREFIX_PATH=${CMAKE_PREFIX_PATH}:/home/nvidia/ws_orbbec/install/gemini_vision:/opt/ros/humble /usr/bin/cmake --install /home/nvidia/acfly_ws/build/mavros_msgs
