-- Found ament_cmake: 1.3.14 (/opt/ros/humble/share/ament_cmake/cmake)
-- Override CMake install command with custom implementation using symlinks instead of copying resources
-- Found rosidl_default_generators: 1.2.1 (/opt/ros/humble/share/rosidl_default_generators/cmake)
-- Using all available rosidl_typesupport_c: rosidl_typesupport_fastrtps_c;rosidl_typesupport_introspection_c
-- Found rosidl_adapter: 3.1.9 (/opt/ros/humble/share/rosidl_adapter/cmake)
-- Using all available rosidl_typesupport_cpp: rosidl_typesupport_fastrtps_cpp;rosidl_typesupport_introspection_cpp
-- Found builtin_interfaces: 1.2.3 (/opt/ros/humble/share/builtin_interfaces/cmake)
-- Found rcl_interfaces: 1.2.3 (/opt/ros/humble/share/rcl_interfaces/cmake)
-- Found geographic_msgs: 1.0.6 (/opt/ros/humble/share/geographic_msgs/cmake)
-- Found sensor_msgs: 4.9.1 (/opt/ros/humble/share/sensor_msgs/cmake)
-- Found ament_cmake_ros: 0.10.0 (/opt/ros/humble/share/ament_cmake_ros/cmake)
-- Using all available rosidl_typesupport_c: rosidl_typesupport_fastrtps_c;rosidl_typesupport_introspection_c
-- Using all available rosidl_typesupport_cpp: rosidl_typesupport_fastrtps_cpp;rosidl_typesupport_introspection_cpp
-- Found python_cmake_module: 0.10.0 (/opt/ros/humble/share/python_cmake_module/cmake)
-- Using PYTHON_EXECUTABLE: /usr/bin/python3
-- Using PYTHON_INCLUDE_DIRS: /usr/include/python3.10
-- Using PYTHON_LIBRARIES: /usr/lib/aarch64-linux-gnu/libpython3.10.so
-- Using numpy include directory: /usr/local/lib/python3.10/dist-packages/numpy/core/include
-- Found ament_lint_auto: 0.12.15 (/opt/ros/humble/share/ament_lint_auto/cmake)
-- Added test 'cppcheck' to perform static code analysis on C / C++ code
-- Configured cppcheck include dirs: 
-- Configured cppcheck exclude dirs and/or files: 
-- Added test 'cpplint' to check C / C++ code against the Google style
-- Configured cpplint exclude dirs and/or files: 
-- Added test 'lint_cmake' to check CMake code style
-- Added test 'uncrustify' to check C / C++ code style
-- Configured uncrustify additional arguments: 
-- Added test 'xmllint' to check XML markup files
-- Configuring done
-- Generating done
-- Build files have been written to: /home/nvidia/acfly_ws/build/mavros_msgs
[  0%] Generating C code for ROS interfaces
[  1%] Generating Rust code for ROS interfaces
[  1%] Built target ament_cmake_python_symlink_mavros_msgs
[  1%] Generating C++ code for ROS interfaces
running egg_info
writing mavros_msgs.egg-info/PKG-INFO
writing dependency_links to mavros_msgs.egg-info/dependency_links.txt
writing top-level names to mavros_msgs.egg-info/top_level.txt
reading manifest file 'mavros_msgs.egg-info/SOURCES.txt'
writing manifest file 'mavros_msgs.egg-info/SOURCES.txt'
[  1%] Built target ament_cmake_python_build_mavros_msgs_egg
[  1%] Built target mavros_msgs__rs
Consolidate compiler generated dependencies of target mavros_msgs__rosidl_generator_c
[  1%] Building C object CMakeFiles/mavros_msgs__rosidl_generator_c.dir/rosidl_generator_c/mavros_msgs/msg/detail/adsb_vehicle__functions.c.o
[  1%] Building C object CMakeFiles/mavros_msgs__rosidl_generator_c.dir/rosidl_generator_c/mavros_msgs/msg/detail/actuator_control__functions.c.o
[  1%] Building C object CMakeFiles/mavros_msgs__rosidl_generator_c.dir/rosidl_generator_c/mavros_msgs/msg/detail/attitude_target__functions.c.o
[  1%] Building C object CMakeFiles/mavros_msgs__rosidl_generator_c.dir/rosidl_generator_c/mavros_msgs/msg/detail/altitude__functions.c.o
[  1%] Building C object CMakeFiles/mavros_msgs__rosidl_generator_c.dir/rosidl_generator_c/mavros_msgs/msg/detail/cam_imu_stamp__functions.c.o
[  1%] Building C object CMakeFiles/mavros_msgs__rosidl_generator_c.dir/rosidl_generator_c/mavros_msgs/msg/detail/camera_image_captured__functions.c.o
[  1%] Building C object CMakeFiles/mavros_msgs__rosidl_generator_c.dir/rosidl_generator_c/mavros_msgs/msg/detail/cellular_status__functions.c.o
[  2%] Building C object CMakeFiles/mavros_msgs__rosidl_generator_c.dir/rosidl_generator_c/mavros_msgs/msg/detail/command_code__functions.c.o
[  2%] Building C object CMakeFiles/mavros_msgs__rosidl_generator_c.dir/rosidl_generator_c/mavros_msgs/msg/detail/companion_process_status__functions.c.o
[  2%] Building C object CMakeFiles/mavros_msgs__rosidl_generator_c.dir/rosidl_generator_c/mavros_msgs/msg/detail/debug_value__functions.c.o
[  2%] Building C object CMakeFiles/mavros_msgs__rosidl_generator_c.dir/rosidl_generator_c/mavros_msgs/msg/detail/esc_info__functions.c.o
[  2%] Building C object CMakeFiles/mavros_msgs__rosidl_generator_c.dir/rosidl_generator_c/mavros_msgs/msg/detail/esc_info_item__functions.c.o
[  2%] Building C object CMakeFiles/mavros_msgs__rosidl_generator_c.dir/rosidl_generator_c/mavros_msgs/msg/detail/esc_status__functions.c.o
[  2%] Building C object CMakeFiles/mavros_msgs__rosidl_generator_c.dir/rosidl_generator_c/mavros_msgs/msg/detail/esc_status_item__functions.c.o
[  2%] Building C object CMakeFiles/mavros_msgs__rosidl_generator_c.dir/rosidl_generator_c/mavros_msgs/msg/detail/esc_telemetry__functions.c.o
[  2%] Building C object CMakeFiles/mavros_msgs__rosidl_generator_c.dir/rosidl_generator_c/mavros_msgs/msg/detail/esc_telemetry_item__functions.c.o
[  2%] Building C object CMakeFiles/mavros_msgs__rosidl_generator_c.dir/rosidl_generator_c/mavros_msgs/msg/detail/estimator_status__functions.c.o
[  3%] Building C object CMakeFiles/mavros_msgs__rosidl_generator_c.dir/rosidl_generator_c/mavros_msgs/msg/detail/extended_state__functions.c.o
[  3%] Building C object CMakeFiles/mavros_msgs__rosidl_generator_c.dir/rosidl_generator_c/mavros_msgs/msg/detail/file_entry__functions.c.o
[  3%] Building C object CMakeFiles/mavros_msgs__rosidl_generator_c.dir/rosidl_generator_c/mavros_msgs/msg/detail/gpsinput__functions.c.o
[  3%] Building C object CMakeFiles/mavros_msgs__rosidl_generator_c.dir/rosidl_generator_c/mavros_msgs/msg/detail/gpsraw__functions.c.o
[  3%] Building C object CMakeFiles/mavros_msgs__rosidl_generator_c.dir/rosidl_generator_c/mavros_msgs/msg/detail/gpsrtk__functions.c.o
[  3%] Building C object CMakeFiles/mavros_msgs__rosidl_generator_c.dir/rosidl_generator_c/mavros_msgs/msg/detail/gimbal_device_attitude_status__functions.c.o
[  3%] Building C object CMakeFiles/mavros_msgs__rosidl_generator_c.dir/rosidl_generator_c/mavros_msgs/msg/detail/gimbal_device_information__functions.c.o
[  3%] Built target mavros_msgs__cpp
[  3%] Building C object CMakeFiles/mavros_msgs__rosidl_generator_c.dir/rosidl_generator_c/mavros_msgs/msg/detail/gimbal_device_set_attitude__functions.c.o
[  3%] Building C object CMakeFiles/mavros_msgs__rosidl_generator_c.dir/rosidl_generator_c/mavros_msgs/msg/detail/gimbal_manager_information__functions.c.o
[  3%] Building C object CMakeFiles/mavros_msgs__rosidl_generator_c.dir/rosidl_generator_c/mavros_msgs/msg/detail/gimbal_manager_set_attitude__functions.c.o
[  4%] Building C object CMakeFiles/mavros_msgs__rosidl_generator_c.dir/rosidl_generator_c/mavros_msgs/msg/detail/gimbal_manager_set_pitchyaw__functions.c.o
[  4%] Building C object CMakeFiles/mavros_msgs__rosidl_generator_c.dir/rosidl_generator_c/mavros_msgs/msg/detail/global_position_target__functions.c.o
[  4%] Building C object CMakeFiles/mavros_msgs__rosidl_generator_c.dir/rosidl_generator_c/mavros_msgs/msg/detail/gimbal_manager_status__functions.c.o
[  4%] Building C object CMakeFiles/mavros_msgs__rosidl_generator_c.dir/rosidl_generator_c/mavros_msgs/msg/detail/hil_actuator_controls__functions.c.o
[  4%] Building C object CMakeFiles/mavros_msgs__rosidl_generator_c.dir/rosidl_generator_c/mavros_msgs/msg/detail/hil_controls__functions.c.o
[  4%] Building C object CMakeFiles/mavros_msgs__rosidl_generator_c.dir/rosidl_generator_c/mavros_msgs/msg/detail/hil_gps__functions.c.o
[  4%] Generating C++ type support for eProsima Fast-RTPS
[  4%] Building C object CMakeFiles/mavros_msgs__rosidl_generator_c.dir/rosidl_generator_c/mavros_msgs/msg/detail/hil_sensor__functions.c.o
[  4%] Building C object CMakeFiles/mavros_msgs__rosidl_generator_c.dir/rosidl_generator_c/mavros_msgs/msg/detail/home_position__functions.c.o
[  4%] Building C object CMakeFiles/mavros_msgs__rosidl_generator_c.dir/rosidl_generator_c/mavros_msgs/msg/detail/hil_state_quaternion__functions.c.o
[  4%] Building C object CMakeFiles/mavros_msgs__rosidl_generator_c.dir/rosidl_generator_c/mavros_msgs/msg/detail/landing_target__functions.c.o
[  4%] Generating C++ introspection for ROS interfaces
[  5%] Building C object CMakeFiles/mavros_msgs__rosidl_generator_c.dir/rosidl_generator_c/mavros_msgs/msg/detail/log_data__functions.c.o
[  5%] Building C object CMakeFiles/mavros_msgs__rosidl_generator_c.dir/rosidl_generator_c/mavros_msgs/msg/detail/log_entry__functions.c.o
[  5%] Building C object CMakeFiles/mavros_msgs__rosidl_generator_c.dir/rosidl_generator_c/mavros_msgs/msg/detail/magnetometer_reporter__functions.c.o
[  5%] Generating C++ type support dispatch for ROS interfaces
[  5%] Building C object CMakeFiles/mavros_msgs__rosidl_generator_c.dir/rosidl_generator_c/mavros_msgs/msg/detail/manual_control__functions.c.o
[  5%] Building C object CMakeFiles/mavros_msgs__rosidl_generator_c.dir/rosidl_generator_c/mavros_msgs/msg/detail/mount_control__functions.c.o
[  5%] Building C object CMakeFiles/mavros_msgs__rosidl_generator_c.dir/rosidl_generator_c/mavros_msgs/msg/detail/mavlink__functions.c.o
[  5%] Building C object CMakeFiles/mavros_msgs__rosidl_generator_c.dir/rosidl_generator_c/mavros_msgs/msg/detail/nav_controller_output__functions.c.o
[  5%] Building C object CMakeFiles/mavros_msgs__rosidl_generator_c.dir/rosidl_generator_c/mavros_msgs/msg/detail/onboard_computer_status__functions.c.o
[  5%] Building C object CMakeFiles/mavros_msgs__rosidl_generator_c.dir/rosidl_generator_c/mavros_msgs/msg/detail/open_drone_id_basic_id__functions.c.o
[  5%] Building C object CMakeFiles/mavros_msgs__rosidl_generator_c.dir/rosidl_generator_c/mavros_msgs/msg/detail/open_drone_id_operator_id__functions.c.o
[  5%] Building C object CMakeFiles/mavros_msgs__rosidl_generator_c.dir/rosidl_generator_c/mavros_msgs/msg/detail/open_drone_id_self_id__functions.c.o
[  6%] Building C object CMakeFiles/mavros_msgs__rosidl_generator_c.dir/rosidl_generator_c/mavros_msgs/msg/detail/open_drone_id_system__functions.c.o
[  6%] Building C object CMakeFiles/mavros_msgs__rosidl_generator_c.dir/rosidl_generator_c/mavros_msgs/msg/detail/open_drone_id_system_update__functions.c.o
[  6%] Building C object CMakeFiles/mavros_msgs__rosidl_generator_c.dir/rosidl_generator_c/mavros_msgs/msg/detail/optical_flow__functions.c.o
[  6%] Building C object CMakeFiles/mavros_msgs__rosidl_generator_c.dir/rosidl_generator_c/mavros_msgs/msg/detail/optical_flow_rad__functions.c.o
[  6%] Building C object CMakeFiles/mavros_msgs__rosidl_generator_c.dir/rosidl_generator_c/mavros_msgs/msg/detail/override_rc_in__functions.c.o
[  6%] Building C object CMakeFiles/mavros_msgs__rosidl_generator_c.dir/rosidl_generator_c/mavros_msgs/msg/detail/param__functions.c.o
[  6%] Building C object CMakeFiles/mavros_msgs__rosidl_generator_c.dir/rosidl_generator_c/mavros_msgs/msg/detail/param_event__functions.c.o
[  6%] Building C object CMakeFiles/mavros_msgs__rosidl_generator_c.dir/rosidl_generator_c/mavros_msgs/msg/detail/play_tune_v2__functions.c.o
[  6%] Building C object CMakeFiles/mavros_msgs__rosidl_generator_c.dir/rosidl_generator_c/mavros_msgs/msg/detail/param_value__functions.c.o
[  6%] Building C object CMakeFiles/mavros_msgs__rosidl_generator_c.dir/rosidl_generator_c/mavros_msgs/msg/detail/position_target__functions.c.o
[  7%] Building C object CMakeFiles/mavros_msgs__rosidl_generator_c.dir/rosidl_generator_c/mavros_msgs/msg/detail/rc_in__functions.c.o
[  7%] Building C object CMakeFiles/mavros_msgs__rosidl_generator_c.dir/rosidl_generator_c/mavros_msgs/msg/detail/rc_out__functions.c.o
[  7%] Building C object CMakeFiles/mavros_msgs__rosidl_generator_c.dir/rosidl_generator_c/mavros_msgs/msg/detail/rtcm__functions.c.o
[  7%] Building C object CMakeFiles/mavros_msgs__rosidl_generator_c.dir/rosidl_generator_c/mavros_msgs/msg/detail/rtk_baseline__functions.c.o
[  7%] Building C object CMakeFiles/mavros_msgs__rosidl_generator_c.dir/rosidl_generator_c/mavros_msgs/msg/detail/radio_status__functions.c.o
[  7%] Building C object CMakeFiles/mavros_msgs__rosidl_generator_c.dir/rosidl_generator_c/mavros_msgs/msg/detail/state__functions.c.o
[  7%] Building C object CMakeFiles/mavros_msgs__rosidl_generator_c.dir/rosidl_generator_c/mavros_msgs/msg/detail/status_event__functions.c.o
[  7%] Building C object CMakeFiles/mavros_msgs__rosidl_generator_c.dir/rosidl_generator_c/mavros_msgs/msg/detail/status_text__functions.c.o
[  7%] Building C object CMakeFiles/mavros_msgs__rosidl_generator_c.dir/rosidl_generator_c/mavros_msgs/msg/detail/sys_status__functions.c.o
[  7%] Building C object CMakeFiles/mavros_msgs__rosidl_generator_c.dir/rosidl_generator_c/mavros_msgs/msg/detail/terrain_report__functions.c.o
[  8%] Building C object CMakeFiles/mavros_msgs__rosidl_generator_c.dir/rosidl_generator_c/mavros_msgs/msg/detail/thrust__functions.c.o
[  8%] Building C object CMakeFiles/mavros_msgs__rosidl_generator_c.dir/rosidl_generator_c/mavros_msgs/msg/detail/timesync_status__functions.c.o
[  8%] Building C object CMakeFiles/mavros_msgs__rosidl_generator_c.dir/rosidl_generator_c/mavros_msgs/msg/detail/trajectory__functions.c.o
[  8%] Building C object CMakeFiles/mavros_msgs__rosidl_generator_c.dir/rosidl_generator_c/mavros_msgs/msg/detail/tunnel__functions.c.o
[  8%] Building C object CMakeFiles/mavros_msgs__rosidl_generator_c.dir/rosidl_generator_c/mavros_msgs/msg/detail/vfr_hud__functions.c.o
[  8%] Building C object CMakeFiles/mavros_msgs__rosidl_generator_c.dir/rosidl_generator_c/mavros_msgs/msg/detail/vehicle_info__functions.c.o
[  8%] Building C object CMakeFiles/mavros_msgs__rosidl_generator_c.dir/rosidl_generator_c/mavros_msgs/msg/detail/vibration__functions.c.o
[  8%] Building C object CMakeFiles/mavros_msgs__rosidl_generator_c.dir/rosidl_generator_c/mavros_msgs/msg/detail/waypoint__functions.c.o
[  8%] Building C object CMakeFiles/mavros_msgs__rosidl_generator_c.dir/rosidl_generator_c/mavros_msgs/msg/detail/waypoint_list__functions.c.o
[  8%] Building C object CMakeFiles/mavros_msgs__rosidl_generator_c.dir/rosidl_generator_c/mavros_msgs/msg/detail/waypoint_reached__functions.c.o
[  9%] Building C object CMakeFiles/mavros_msgs__rosidl_generator_c.dir/rosidl_generator_c/mavros_msgs/msg/detail/wheel_odom_stamped__functions.c.o
[  9%] Building C object CMakeFiles/mavros_msgs__rosidl_generator_c.dir/rosidl_generator_c/mavros_msgs/srv/detail/command_ack__functions.c.o
[  9%] Building C object CMakeFiles/mavros_msgs__rosidl_generator_c.dir/rosidl_generator_c/mavros_msgs/srv/detail/command_bool__functions.c.o
[  9%] Building C object CMakeFiles/mavros_msgs__rosidl_generator_c.dir/rosidl_generator_c/mavros_msgs/srv/detail/command_home__functions.c.o
[  9%] Building C object CMakeFiles/mavros_msgs__rosidl_generator_c.dir/rosidl_generator_c/mavros_msgs/srv/detail/command_int__functions.c.o
[  9%] Building C object CMakeFiles/mavros_msgs__rosidl_generator_c.dir/rosidl_generator_c/mavros_msgs/srv/detail/command_long__functions.c.o
[  9%] Building C object CMakeFiles/mavros_msgs__rosidl_generator_c.dir/rosidl_generator_c/mavros_msgs/srv/detail/command_tol__functions.c.o
[  9%] Building C object CMakeFiles/mavros_msgs__rosidl_generator_c.dir/rosidl_generator_c/mavros_msgs/srv/detail/command_tol_local__functions.c.o
[  9%] Building C object CMakeFiles/mavros_msgs__rosidl_generator_c.dir/rosidl_generator_c/mavros_msgs/srv/detail/command_trigger_control__functions.c.o
[  9%] Building C object CMakeFiles/mavros_msgs__rosidl_generator_c.dir/rosidl_generator_c/mavros_msgs/srv/detail/command_trigger_interval__functions.c.o
[  9%] Building C object CMakeFiles/mavros_msgs__rosidl_generator_c.dir/rosidl_generator_c/mavros_msgs/srv/detail/command_vtol_transition__functions.c.o
[ 10%] Building C object CMakeFiles/mavros_msgs__rosidl_generator_c.dir/rosidl_generator_c/mavros_msgs/srv/detail/endpoint_add__functions.c.o
[ 10%] Building C object CMakeFiles/mavros_msgs__rosidl_generator_c.dir/rosidl_generator_c/mavros_msgs/srv/detail/endpoint_del__functions.c.o
[ 10%] Building C object CMakeFiles/mavros_msgs__rosidl_generator_c.dir/rosidl_generator_c/mavros_msgs/srv/detail/file_checksum__functions.c.o
[ 10%] Building C object CMakeFiles/mavros_msgs__rosidl_generator_c.dir/rosidl_generator_c/mavros_msgs/srv/detail/file_close__functions.c.o
[ 10%] Building C object CMakeFiles/mavros_msgs__rosidl_generator_c.dir/rosidl_generator_c/mavros_msgs/srv/detail/file_list__functions.c.o
[ 10%] Building C object CMakeFiles/mavros_msgs__rosidl_generator_c.dir/rosidl_generator_c/mavros_msgs/srv/detail/file_make_dir__functions.c.o
[ 10%] Building C object CMakeFiles/mavros_msgs__rosidl_generator_c.dir/rosidl_generator_c/mavros_msgs/srv/detail/file_open__functions.c.o
[ 10%] Building C object CMakeFiles/mavros_msgs__rosidl_generator_c.dir/rosidl_generator_c/mavros_msgs/srv/detail/file_read__functions.c.o
[ 10%] Building C object CMakeFiles/mavros_msgs__rosidl_generator_c.dir/rosidl_generator_c/mavros_msgs/srv/detail/file_remove__functions.c.o
[ 10%] Building C object CMakeFiles/mavros_msgs__rosidl_generator_c.dir/rosidl_generator_c/mavros_msgs/srv/detail/file_remove_dir__functions.c.o
[ 11%] Building C object CMakeFiles/mavros_msgs__rosidl_generator_c.dir/rosidl_generator_c/mavros_msgs/srv/detail/file_rename__functions.c.o
[ 11%] Building C object CMakeFiles/mavros_msgs__rosidl_generator_c.dir/rosidl_generator_c/mavros_msgs/srv/detail/file_truncate__functions.c.o
[ 11%] Building C object CMakeFiles/mavros_msgs__rosidl_generator_c.dir/rosidl_generator_c/mavros_msgs/srv/detail/file_write__functions.c.o
[ 11%] Building C object CMakeFiles/mavros_msgs__rosidl_generator_c.dir/rosidl_generator_c/mavros_msgs/srv/detail/gimbal_get_information__functions.c.o
[ 11%] Building C object CMakeFiles/mavros_msgs__rosidl_generator_c.dir/rosidl_generator_c/mavros_msgs/srv/detail/gimbal_manager_camera_track__functions.c.o
[ 11%] Building C object CMakeFiles/mavros_msgs__rosidl_generator_c.dir/rosidl_generator_c/mavros_msgs/srv/detail/gimbal_manager_configure__functions.c.o
[ 11%] Building C object CMakeFiles/mavros_msgs__rosidl_generator_c.dir/rosidl_generator_c/mavros_msgs/srv/detail/gimbal_manager_pitchyaw__functions.c.o
[ 11%] Building C object CMakeFiles/mavros_msgs__rosidl_generator_c.dir/rosidl_generator_c/mavros_msgs/srv/detail/gimbal_manager_set_roi__functions.c.o
[ 11%] Building C object CMakeFiles/mavros_msgs__rosidl_generator_c.dir/rosidl_generator_c/mavros_msgs/srv/detail/log_request_data__functions.c.o
[ 11%] Building C object CMakeFiles/mavros_msgs__rosidl_generator_c.dir/rosidl_generator_c/mavros_msgs/srv/detail/log_request_end__functions.c.o
[ 12%] Building C object CMakeFiles/mavros_msgs__rosidl_generator_c.dir/rosidl_generator_c/mavros_msgs/srv/detail/log_request_list__functions.c.o
[ 12%] Building C object CMakeFiles/mavros_msgs__rosidl_generator_c.dir/rosidl_generator_c/mavros_msgs/srv/detail/message_interval__functions.c.o
[ 12%] Building C object CMakeFiles/mavros_msgs__rosidl_generator_c.dir/rosidl_generator_c/mavros_msgs/srv/detail/mount_configure__functions.c.o
[ 12%] Building C object CMakeFiles/mavros_msgs__rosidl_generator_c.dir/rosidl_generator_c/mavros_msgs/srv/detail/param_get__functions.c.o
[ 12%] Building C object CMakeFiles/mavros_msgs__rosidl_generator_c.dir/rosidl_generator_c/mavros_msgs/srv/detail/param_pull__functions.c.o
[ 12%] Building C object CMakeFiles/mavros_msgs__rosidl_generator_c.dir/rosidl_generator_c/mavros_msgs/srv/detail/param_push__functions.c.o
[ 12%] Building C object CMakeFiles/mavros_msgs__rosidl_generator_c.dir/rosidl_generator_c/mavros_msgs/srv/detail/param_set__functions.c.o
[ 12%] Building C object CMakeFiles/mavros_msgs__rosidl_generator_c.dir/rosidl_generator_c/mavros_msgs/srv/detail/param_set_v2__functions.c.o
[ 12%] Building C object CMakeFiles/mavros_msgs__rosidl_generator_c.dir/rosidl_generator_c/mavros_msgs/srv/detail/set_mav_frame__functions.c.o
[ 12%] Building C object CMakeFiles/mavros_msgs__rosidl_generator_c.dir/rosidl_generator_c/mavros_msgs/srv/detail/set_mode__functions.c.o
[ 13%] Building C object CMakeFiles/mavros_msgs__rosidl_generator_c.dir/rosidl_generator_c/mavros_msgs/srv/detail/stream_rate__functions.c.o
[ 13%] Building C object CMakeFiles/mavros_msgs__rosidl_generator_c.dir/rosidl_generator_c/mavros_msgs/srv/detail/vehicle_info_get__functions.c.o
[ 13%] Building C object CMakeFiles/mavros_msgs__rosidl_generator_c.dir/rosidl_generator_c/mavros_msgs/srv/detail/waypoint_clear__functions.c.o
[ 13%] Building C object CMakeFiles/mavros_msgs__rosidl_generator_c.dir/rosidl_generator_c/mavros_msgs/srv/detail/waypoint_pull__functions.c.o
[ 13%] Building C object CMakeFiles/mavros_msgs__rosidl_generator_c.dir/rosidl_generator_c/mavros_msgs/srv/detail/waypoint_push__functions.c.o
[ 13%] Building C object CMakeFiles/mavros_msgs__rosidl_generator_c.dir/rosidl_generator_c/mavros_msgs/srv/detail/waypoint_set_current__functions.c.o
[ 13%] Linking C shared library libmavros_msgs__rosidl_generator_c.so
[ 13%] Built target mavros_msgs__rosidl_generator_c
[ 16%] Generating C type support dispatch for ROS interfaces
[ 16%] Generating C type support for eProsima Fast-RTPS
[ 16%] Generating C introspection for ROS interfaces
Consolidate compiler generated dependencies of target mavros_msgs__rosidl_typesupport_cpp
[ 16%] Building CXX object CMakeFiles/mavros_msgs__rosidl_typesupport_cpp.dir/rosidl_typesupport_cpp/mavros_msgs/msg/altitude__type_support.cpp.o
[ 16%] Building CXX object CMakeFiles/mavros_msgs__rosidl_typesupport_cpp.dir/rosidl_typesupport_cpp/mavros_msgs/msg/actuator_control__type_support.cpp.o
[ 16%] Building CXX object CMakeFiles/mavros_msgs__rosidl_typesupport_cpp.dir/rosidl_typesupport_cpp/mavros_msgs/msg/adsb_vehicle__type_support.cpp.o
[ 16%] Building CXX object CMakeFiles/mavros_msgs__rosidl_typesupport_cpp.dir/rosidl_typesupport_cpp/mavros_msgs/msg/attitude_target__type_support.cpp.o
[ 17%] Building CXX object CMakeFiles/mavros_msgs__rosidl_typesupport_cpp.dir/rosidl_typesupport_cpp/mavros_msgs/msg/cam_imu_stamp__type_support.cpp.o
[ 17%] Building CXX object CMakeFiles/mavros_msgs__rosidl_typesupport_cpp.dir/rosidl_typesupport_cpp/mavros_msgs/msg/camera_image_captured__type_support.cpp.o
[ 17%] Building CXX object CMakeFiles/mavros_msgs__rosidl_typesupport_cpp.dir/rosidl_typesupport_cpp/mavros_msgs/msg/cellular_status__type_support.cpp.o
[ 17%] Building CXX object CMakeFiles/mavros_msgs__rosidl_typesupport_cpp.dir/rosidl_typesupport_cpp/mavros_msgs/msg/command_code__type_support.cpp.o
[ 17%] Building CXX object CMakeFiles/mavros_msgs__rosidl_typesupport_cpp.dir/rosidl_typesupport_cpp/mavros_msgs/msg/companion_process_status__type_support.cpp.o
[ 17%] Building CXX object CMakeFiles/mavros_msgs__rosidl_typesupport_cpp.dir/rosidl_typesupport_cpp/mavros_msgs/msg/debug_value__type_support.cpp.o
[ 17%] Building CXX object CMakeFiles/mavros_msgs__rosidl_typesupport_cpp.dir/rosidl_typesupport_cpp/mavros_msgs/msg/esc_info__type_support.cpp.o
[ 17%] Building CXX object CMakeFiles/mavros_msgs__rosidl_typesupport_cpp.dir/rosidl_typesupport_cpp/mavros_msgs/msg/esc_info_item__type_support.cpp.o
[ 17%] Building CXX object CMakeFiles/mavros_msgs__rosidl_typesupport_cpp.dir/rosidl_typesupport_cpp/mavros_msgs/msg/esc_status__type_support.cpp.o
[ 17%] Building CXX object CMakeFiles/mavros_msgs__rosidl_typesupport_cpp.dir/rosidl_typesupport_cpp/mavros_msgs/msg/esc_status_item__type_support.cpp.o
[ 18%] Building CXX object CMakeFiles/mavros_msgs__rosidl_typesupport_cpp.dir/rosidl_typesupport_cpp/mavros_msgs/msg/esc_telemetry__type_support.cpp.o
[ 18%] Building CXX object CMakeFiles/mavros_msgs__rosidl_typesupport_cpp.dir/rosidl_typesupport_cpp/mavros_msgs/msg/esc_telemetry_item__type_support.cpp.o
[ 18%] Building CXX object CMakeFiles/mavros_msgs__rosidl_typesupport_cpp.dir/rosidl_typesupport_cpp/mavros_msgs/msg/estimator_status__type_support.cpp.o
[ 18%] Building CXX object CMakeFiles/mavros_msgs__rosidl_typesupport_cpp.dir/rosidl_typesupport_cpp/mavros_msgs/msg/extended_state__type_support.cpp.o
[ 18%] Building CXX object CMakeFiles/mavros_msgs__rosidl_typesupport_cpp.dir/rosidl_typesupport_cpp/mavros_msgs/msg/file_entry__type_support.cpp.o
Consolidate compiler generated dependencies of target mavros_msgs__rosidl_typesupport_c
[ 18%] Building CXX object CMakeFiles/mavros_msgs__rosidl_typesupport_c.dir/rosidl_typesupport_c/mavros_msgs/msg/adsb_vehicle__type_support.cpp.o
[ 18%] Building CXX object CMakeFiles/mavros_msgs__rosidl_typesupport_c.dir/rosidl_typesupport_c/mavros_msgs/msg/actuator_control__type_support.cpp.o
[ 18%] Building CXX object CMakeFiles/mavros_msgs__rosidl_typesupport_c.dir/rosidl_typesupport_c/mavros_msgs/msg/altitude__type_support.cpp.o
[ 18%] Building CXX object CMakeFiles/mavros_msgs__rosidl_typesupport_c.dir/rosidl_typesupport_c/mavros_msgs/msg/attitude_target__type_support.cpp.o
[ 18%] Building CXX object CMakeFiles/mavros_msgs__rosidl_typesupport_c.dir/rosidl_typesupport_c/mavros_msgs/msg/camera_image_captured__type_support.cpp.o
[ 18%] Building CXX object CMakeFiles/mavros_msgs__rosidl_typesupport_c.dir/rosidl_typesupport_c/mavros_msgs/msg/cam_imu_stamp__type_support.cpp.o
[ 18%] Building CXX object CMakeFiles/mavros_msgs__rosidl_typesupport_c.dir/rosidl_typesupport_c/mavros_msgs/msg/cellular_status__type_support.cpp.o
[ 18%] Building CXX object CMakeFiles/mavros_msgs__rosidl_typesupport_c.dir/rosidl_typesupport_c/mavros_msgs/msg/command_code__type_support.cpp.o
[ 18%] Building CXX object CMakeFiles/mavros_msgs__rosidl_typesupport_c.dir/rosidl_typesupport_c/mavros_msgs/msg/companion_process_status__type_support.cpp.o
[ 19%] Building CXX object CMakeFiles/mavros_msgs__rosidl_typesupport_c.dir/rosidl_typesupport_c/mavros_msgs/msg/esc_info__type_support.cpp.o
[ 19%] Building CXX object CMakeFiles/mavros_msgs__rosidl_typesupport_c.dir/rosidl_typesupport_c/mavros_msgs/msg/debug_value__type_support.cpp.o
[ 19%] Building CXX object CMakeFiles/mavros_msgs__rosidl_typesupport_cpp.dir/rosidl_typesupport_cpp/mavros_msgs/msg/gpsinput__type_support.cpp.o
[ 19%] Building CXX object CMakeFiles/mavros_msgs__rosidl_typesupport_cpp.dir/rosidl_typesupport_cpp/mavros_msgs/msg/gpsraw__type_support.cpp.o
[ 19%] Building CXX object CMakeFiles/mavros_msgs__rosidl_typesupport_c.dir/rosidl_typesupport_c/mavros_msgs/msg/esc_info_item__type_support.cpp.o
[ 19%] Building CXX object CMakeFiles/mavros_msgs__rosidl_typesupport_c.dir/rosidl_typesupport_c/mavros_msgs/msg/esc_status__type_support.cpp.o
[ 19%] Building CXX object CMakeFiles/mavros_msgs__rosidl_typesupport_c.dir/rosidl_typesupport_c/mavros_msgs/msg/esc_status_item__type_support.cpp.o
[ 19%] Building CXX object CMakeFiles/mavros_msgs__rosidl_typesupport_c.dir/rosidl_typesupport_c/mavros_msgs/msg/esc_telemetry__type_support.cpp.o
[ 19%] Building CXX object CMakeFiles/mavros_msgs__rosidl_typesupport_c.dir/rosidl_typesupport_c/mavros_msgs/msg/esc_telemetry_item__type_support.cpp.o
[ 19%] Building CXX object CMakeFiles/mavros_msgs__rosidl_typesupport_c.dir/rosidl_typesupport_c/mavros_msgs/msg/estimator_status__type_support.cpp.o
[ 19%] Building CXX object CMakeFiles/mavros_msgs__rosidl_typesupport_cpp.dir/rosidl_typesupport_cpp/mavros_msgs/msg/gpsrtk__type_support.cpp.o
[ 19%] Building CXX object CMakeFiles/mavros_msgs__rosidl_typesupport_c.dir/rosidl_typesupport_c/mavros_msgs/msg/extended_state__type_support.cpp.o
[ 19%] Building CXX object CMakeFiles/mavros_msgs__rosidl_typesupport_c.dir/rosidl_typesupport_c/mavros_msgs/msg/file_entry__type_support.cpp.o
[ 19%] Building CXX object CMakeFiles/mavros_msgs__rosidl_typesupport_c.dir/rosidl_typesupport_c/mavros_msgs/msg/gpsinput__type_support.cpp.o
[ 20%] Building CXX object CMakeFiles/mavros_msgs__rosidl_typesupport_c.dir/rosidl_typesupport_c/mavros_msgs/msg/gpsraw__type_support.cpp.o
[ 20%] Building CXX object CMakeFiles/mavros_msgs__rosidl_typesupport_cpp.dir/rosidl_typesupport_cpp/mavros_msgs/msg/gimbal_device_attitude_status__type_support.cpp.o
[ 20%] Building CXX object CMakeFiles/mavros_msgs__rosidl_typesupport_cpp.dir/rosidl_typesupport_cpp/mavros_msgs/msg/gimbal_device_information__type_support.cpp.o
[ 20%] Building CXX object CMakeFiles/mavros_msgs__rosidl_typesupport_c.dir/rosidl_typesupport_c/mavros_msgs/msg/gpsrtk__type_support.cpp.o
[ 20%] Building CXX object CMakeFiles/mavros_msgs__rosidl_typesupport_c.dir/rosidl_typesupport_c/mavros_msgs/msg/gimbal_device_attitude_status__type_support.cpp.o
[ 20%] Building CXX object CMakeFiles/mavros_msgs__rosidl_typesupport_c.dir/rosidl_typesupport_c/mavros_msgs/msg/gimbal_device_information__type_support.cpp.o
[ 20%] Building CXX object CMakeFiles/mavros_msgs__rosidl_typesupport_c.dir/rosidl_typesupport_c/mavros_msgs/msg/gimbal_device_set_attitude__type_support.cpp.o
[ 20%] Building CXX object CMakeFiles/mavros_msgs__rosidl_typesupport_c.dir/rosidl_typesupport_c/mavros_msgs/msg/gimbal_manager_information__type_support.cpp.o
[ 20%] Building CXX object CMakeFiles/mavros_msgs__rosidl_typesupport_c.dir/rosidl_typesupport_c/mavros_msgs/msg/gimbal_manager_set_attitude__type_support.cpp.o
[ 20%] Building CXX object CMakeFiles/mavros_msgs__rosidl_typesupport_c.dir/rosidl_typesupport_c/mavros_msgs/msg/gimbal_manager_set_pitchyaw__type_support.cpp.o
[ 20%] Building CXX object CMakeFiles/mavros_msgs__rosidl_typesupport_c.dir/rosidl_typesupport_c/mavros_msgs/msg/gimbal_manager_status__type_support.cpp.o
[ 21%] Building CXX object CMakeFiles/mavros_msgs__rosidl_typesupport_cpp.dir/rosidl_typesupport_cpp/mavros_msgs/msg/gimbal_device_set_attitude__type_support.cpp.o
[ 21%] Building CXX object CMakeFiles/mavros_msgs__rosidl_typesupport_c.dir/rosidl_typesupport_c/mavros_msgs/msg/global_position_target__type_support.cpp.o
[ 21%] Building CXX object CMakeFiles/mavros_msgs__rosidl_typesupport_cpp.dir/rosidl_typesupport_cpp/mavros_msgs/msg/gimbal_manager_information__type_support.cpp.o
[ 22%] Building CXX object CMakeFiles/mavros_msgs__rosidl_typesupport_c.dir/rosidl_typesupport_c/mavros_msgs/msg/hil_actuator_controls__type_support.cpp.o
[ 22%] Building CXX object CMakeFiles/mavros_msgs__rosidl_typesupport_cpp.dir/rosidl_typesupport_cpp/mavros_msgs/msg/gimbal_manager_set_attitude__type_support.cpp.o
[ 22%] Building CXX object CMakeFiles/mavros_msgs__rosidl_typesupport_c.dir/rosidl_typesupport_c/mavros_msgs/msg/hil_controls__type_support.cpp.o
[ 22%] Building CXX object CMakeFiles/mavros_msgs__rosidl_typesupport_c.dir/rosidl_typesupport_c/mavros_msgs/msg/hil_gps__type_support.cpp.o
[ 22%] Building CXX object CMakeFiles/mavros_msgs__rosidl_typesupport_c.dir/rosidl_typesupport_c/mavros_msgs/msg/hil_sensor__type_support.cpp.o
[ 22%] Building CXX object CMakeFiles/mavros_msgs__rosidl_typesupport_c.dir/rosidl_typesupport_c/mavros_msgs/msg/hil_state_quaternion__type_support.cpp.o
[ 22%] Building CXX object CMakeFiles/mavros_msgs__rosidl_typesupport_c.dir/rosidl_typesupport_c/mavros_msgs/msg/home_position__type_support.cpp.o
Consolidate compiler generated dependencies of target mavros_msgs__rosidl_typesupport_introspection_cpp
[ 22%] Building CXX object CMakeFiles/mavros_msgs__rosidl_typesupport_c.dir/rosidl_typesupport_c/mavros_msgs/msg/landing_target__type_support.cpp.o
[ 22%] Building CXX object CMakeFiles/mavros_msgs__rosidl_typesupport_introspection_cpp.dir/rosidl_typesupport_introspection_cpp/mavros_msgs/msg/detail/adsb_vehicle__type_support.cpp.o
[ 22%] Building CXX object CMakeFiles/mavros_msgs__rosidl_typesupport_introspection_cpp.dir/rosidl_typesupport_introspection_cpp/mavros_msgs/msg/detail/actuator_control__type_support.cpp.o
[ 22%] Building CXX object CMakeFiles/mavros_msgs__rosidl_typesupport_cpp.dir/rosidl_typesupport_cpp/mavros_msgs/msg/gimbal_manager_set_pitchyaw__type_support.cpp.o
[ 22%] Building CXX object CMakeFiles/mavros_msgs__rosidl_typesupport_c.dir/rosidl_typesupport_c/mavros_msgs/msg/log_data__type_support.cpp.o
[ 22%] Building CXX object CMakeFiles/mavros_msgs__rosidl_typesupport_c.dir/rosidl_typesupport_c/mavros_msgs/msg/log_entry__type_support.cpp.o
[ 22%] Building CXX object CMakeFiles/mavros_msgs__rosidl_typesupport_introspection_cpp.dir/rosidl_typesupport_introspection_cpp/mavros_msgs/msg/detail/altitude__type_support.cpp.o
[ 22%] Building CXX object CMakeFiles/mavros_msgs__rosidl_typesupport_c.dir/rosidl_typesupport_c/mavros_msgs/msg/magnetometer_reporter__type_support.cpp.o
[ 23%] Building CXX object CMakeFiles/mavros_msgs__rosidl_typesupport_c.dir/rosidl_typesupport_c/mavros_msgs/msg/manual_control__type_support.cpp.o
[ 23%] Building CXX object CMakeFiles/mavros_msgs__rosidl_typesupport_c.dir/rosidl_typesupport_c/mavros_msgs/msg/mavlink__type_support.cpp.o
[ 23%] Building CXX object CMakeFiles/mavros_msgs__rosidl_typesupport_c.dir/rosidl_typesupport_c/mavros_msgs/msg/mount_control__type_support.cpp.o
[ 23%] Building CXX object CMakeFiles/mavros_msgs__rosidl_typesupport_c.dir/rosidl_typesupport_c/mavros_msgs/msg/nav_controller_output__type_support.cpp.o
[ 23%] Building CXX object CMakeFiles/mavros_msgs__rosidl_typesupport_cpp.dir/rosidl_typesupport_cpp/mavros_msgs/msg/gimbal_manager_status__type_support.cpp.o
[ 23%] Building CXX object CMakeFiles/mavros_msgs__rosidl_typesupport_c.dir/rosidl_typesupport_c/mavros_msgs/msg/onboard_computer_status__type_support.cpp.o
[ 23%] Building CXX object CMakeFiles/mavros_msgs__rosidl_typesupport_c.dir/rosidl_typesupport_c/mavros_msgs/msg/open_drone_id_basic_id__type_support.cpp.o
[ 23%] Building CXX object CMakeFiles/mavros_msgs__rosidl_typesupport_c.dir/rosidl_typesupport_c/mavros_msgs/msg/open_drone_id_operator_id__type_support.cpp.o
[ 23%] Building CXX object CMakeFiles/mavros_msgs__rosidl_typesupport_c.dir/rosidl_typesupport_c/mavros_msgs/msg/open_drone_id_self_id__type_support.cpp.o
[ 23%] Building CXX object CMakeFiles/mavros_msgs__rosidl_typesupport_c.dir/rosidl_typesupport_c/mavros_msgs/msg/open_drone_id_system__type_support.cpp.o
[ 23%] Building CXX object CMakeFiles/mavros_msgs__rosidl_typesupport_introspection_cpp.dir/rosidl_typesupport_introspection_cpp/mavros_msgs/msg/detail/attitude_target__type_support.cpp.o
[ 23%] Building CXX object CMakeFiles/mavros_msgs__rosidl_typesupport_c.dir/rosidl_typesupport_c/mavros_msgs/msg/open_drone_id_system_update__type_support.cpp.o
[ 23%] Building CXX object CMakeFiles/mavros_msgs__rosidl_typesupport_c.dir/rosidl_typesupport_c/mavros_msgs/msg/optical_flow__type_support.cpp.o
[ 24%] Building CXX object CMakeFiles/mavros_msgs__rosidl_typesupport_c.dir/rosidl_typesupport_c/mavros_msgs/msg/optical_flow_rad__type_support.cpp.o
[ 25%] Building CXX object CMakeFiles/mavros_msgs__rosidl_typesupport_introspection_cpp.dir/rosidl_typesupport_introspection_cpp/mavros_msgs/msg/detail/cam_imu_stamp__type_support.cpp.o
[ 25%] Building CXX object CMakeFiles/mavros_msgs__rosidl_typesupport_c.dir/rosidl_typesupport_c/mavros_msgs/msg/override_rc_in__type_support.cpp.o
[ 25%] Building CXX object CMakeFiles/mavros_msgs__rosidl_typesupport_c.dir/rosidl_typesupport_c/mavros_msgs/msg/param__type_support.cpp.o
[ 25%] Building CXX object CMakeFiles/mavros_msgs__rosidl_typesupport_cpp.dir/rosidl_typesupport_cpp/mavros_msgs/msg/global_position_target__type_support.cpp.o
[ 25%] Building CXX object CMakeFiles/mavros_msgs__rosidl_typesupport_c.dir/rosidl_typesupport_c/mavros_msgs/msg/param_event__type_support.cpp.o
[ 25%] Building CXX object CMakeFiles/mavros_msgs__rosidl_typesupport_introspection_cpp.dir/rosidl_typesupport_introspection_cpp/mavros_msgs/msg/detail/camera_image_captured__type_support.cpp.o
[ 25%] Building CXX object CMakeFiles/mavros_msgs__rosidl_typesupport_c.dir/rosidl_typesupport_c/mavros_msgs/msg/param_value__type_support.cpp.o
[ 25%] Building CXX object CMakeFiles/mavros_msgs__rosidl_typesupport_c.dir/rosidl_typesupport_c/mavros_msgs/msg/play_tune_v2__type_support.cpp.o
[ 25%] Building CXX object CMakeFiles/mavros_msgs__rosidl_typesupport_c.dir/rosidl_typesupport_c/mavros_msgs/msg/position_target__type_support.cpp.o
[ 25%] Building CXX object CMakeFiles/mavros_msgs__rosidl_typesupport_c.dir/rosidl_typesupport_c/mavros_msgs/msg/rc_in__type_support.cpp.o
[ 25%] Building CXX object CMakeFiles/mavros_msgs__rosidl_typesupport_c.dir/rosidl_typesupport_c/mavros_msgs/msg/rc_out__type_support.cpp.o
[ 25%] Building CXX object CMakeFiles/mavros_msgs__rosidl_typesupport_c.dir/rosidl_typesupport_c/mavros_msgs/msg/rtcm__type_support.cpp.o
[ 25%] Building CXX object CMakeFiles/mavros_msgs__rosidl_typesupport_cpp.dir/rosidl_typesupport_cpp/mavros_msgs/msg/hil_actuator_controls__type_support.cpp.o
[ 26%] Building CXX object CMakeFiles/mavros_msgs__rosidl_typesupport_c.dir/rosidl_typesupport_c/mavros_msgs/msg/rtk_baseline__type_support.cpp.o
[ 26%] Building CXX object CMakeFiles/mavros_msgs__rosidl_typesupport_introspection_cpp.dir/rosidl_typesupport_introspection_cpp/mavros_msgs/msg/detail/cellular_status__type_support.cpp.o
[ 26%] Building CXX object CMakeFiles/mavros_msgs__rosidl_typesupport_c.dir/rosidl_typesupport_c/mavros_msgs/msg/radio_status__type_support.cpp.o
[ 26%] Building CXX object CMakeFiles/mavros_msgs__rosidl_typesupport_c.dir/rosidl_typesupport_c/mavros_msgs/msg/state__type_support.cpp.o
[ 26%] Building CXX object CMakeFiles/mavros_msgs__rosidl_typesupport_c.dir/rosidl_typesupport_c/mavros_msgs/msg/status_event__type_support.cpp.o
[ 26%] Building CXX object CMakeFiles/mavros_msgs__rosidl_typesupport_introspection_cpp.dir/rosidl_typesupport_introspection_cpp/mavros_msgs/msg/detail/command_code__type_support.cpp.o
[ 26%] Building CXX object CMakeFiles/mavros_msgs__rosidl_typesupport_c.dir/rosidl_typesupport_c/mavros_msgs/msg/status_text__type_support.cpp.o
[ 26%] Building CXX object CMakeFiles/mavros_msgs__rosidl_typesupport_c.dir/rosidl_typesupport_c/mavros_msgs/msg/sys_status__type_support.cpp.o
[ 26%] Building CXX object CMakeFiles/mavros_msgs__rosidl_typesupport_c.dir/rosidl_typesupport_c/mavros_msgs/msg/terrain_report__type_support.cpp.o
[ 26%] Building CXX object CMakeFiles/mavros_msgs__rosidl_typesupport_c.dir/rosidl_typesupport_c/mavros_msgs/msg/thrust__type_support.cpp.o
[ 26%] Building CXX object CMakeFiles/mavros_msgs__rosidl_typesupport_introspection_cpp.dir/rosidl_typesupport_introspection_cpp/mavros_msgs/msg/detail/companion_process_status__type_support.cpp.o
[ 26%] Building CXX object CMakeFiles/mavros_msgs__rosidl_typesupport_c.dir/rosidl_typesupport_c/mavros_msgs/msg/timesync_status__type_support.cpp.o
[ 26%] Building CXX object CMakeFiles/mavros_msgs__rosidl_typesupport_cpp.dir/rosidl_typesupport_cpp/mavros_msgs/msg/hil_controls__type_support.cpp.o
Consolidate compiler generated dependencies of target mavros_msgs__rosidl_typesupport_fastrtps_cpp
[ 26%] Building CXX object CMakeFiles/mavros_msgs__rosidl_typesupport_c.dir/rosidl_typesupport_c/mavros_msgs/msg/trajectory__type_support.cpp.o
[ 26%] Building CXX object CMakeFiles/mavros_msgs__rosidl_typesupport_fastrtps_cpp.dir/rosidl_typesupport_fastrtps_cpp/mavros_msgs/msg/detail/dds_fastrtps/adsb_vehicle__type_support.cpp.o
[ 27%] Building CXX object CMakeFiles/mavros_msgs__rosidl_typesupport_c.dir/rosidl_typesupport_c/mavros_msgs/msg/tunnel__type_support.cpp.o
[ 27%] Building CXX object CMakeFiles/mavros_msgs__rosidl_typesupport_c.dir/rosidl_typesupport_c/mavros_msgs/msg/vehicle_info__type_support.cpp.o
[ 27%] Building CXX object CMakeFiles/mavros_msgs__rosidl_typesupport_introspection_cpp.dir/rosidl_typesupport_introspection_cpp/mavros_msgs/msg/detail/debug_value__type_support.cpp.o
[ 27%] Building CXX object CMakeFiles/mavros_msgs__rosidl_typesupport_c.dir/rosidl_typesupport_c/mavros_msgs/msg/vfr_hud__type_support.cpp.o
[ 27%] Building CXX object CMakeFiles/mavros_msgs__rosidl_typesupport_c.dir/rosidl_typesupport_c/mavros_msgs/msg/vibration__type_support.cpp.o
[ 27%] Building CXX object CMakeFiles/mavros_msgs__rosidl_typesupport_c.dir/rosidl_typesupport_c/mavros_msgs/msg/waypoint__type_support.cpp.o
[ 27%] Building CXX object CMakeFiles/mavros_msgs__rosidl_typesupport_introspection_cpp.dir/rosidl_typesupport_introspection_cpp/mavros_msgs/msg/detail/esc_info__type_support.cpp.o
[ 27%] Building CXX object CMakeFiles/mavros_msgs__rosidl_typesupport_c.dir/rosidl_typesupport_c/mavros_msgs/msg/waypoint_list__type_support.cpp.o
[ 27%] Building CXX object CMakeFiles/mavros_msgs__rosidl_typesupport_c.dir/rosidl_typesupport_c/mavros_msgs/msg/waypoint_reached__type_support.cpp.o
[ 27%] Building CXX object CMakeFiles/mavros_msgs__rosidl_typesupport_cpp.dir/rosidl_typesupport_cpp/mavros_msgs/msg/hil_gps__type_support.cpp.o
[ 27%] Building CXX object CMakeFiles/mavros_msgs__rosidl_typesupport_c.dir/rosidl_typesupport_c/mavros_msgs/msg/wheel_odom_stamped__type_support.cpp.o
[ 27%] Building CXX object CMakeFiles/mavros_msgs__rosidl_typesupport_introspection_cpp.dir/rosidl_typesupport_introspection_cpp/mavros_msgs/msg/detail/esc_info_item__type_support.cpp.o
[ 27%] Building CXX object CMakeFiles/mavros_msgs__rosidl_typesupport_c.dir/rosidl_typesupport_c/mavros_msgs/srv/command_ack__type_support.cpp.o
[ 27%] Building CXX object CMakeFiles/mavros_msgs__rosidl_typesupport_c.dir/rosidl_typesupport_c/mavros_msgs/srv/command_bool__type_support.cpp.o
[ 28%] Building CXX object CMakeFiles/mavros_msgs__rosidl_typesupport_c.dir/rosidl_typesupport_c/mavros_msgs/srv/command_home__type_support.cpp.o
[ 28%] Building CXX object CMakeFiles/mavros_msgs__rosidl_typesupport_fastrtps_cpp.dir/rosidl_typesupport_fastrtps_cpp/mavros_msgs/msg/detail/dds_fastrtps/actuator_control__type_support.cpp.o
[ 28%] Building CXX object CMakeFiles/mavros_msgs__rosidl_typesupport_c.dir/rosidl_typesupport_c/mavros_msgs/srv/command_int__type_support.cpp.o
[ 28%] Building CXX object CMakeFiles/mavros_msgs__rosidl_typesupport_c.dir/rosidl_typesupport_c/mavros_msgs/srv/command_long__type_support.cpp.o
[ 28%] Building CXX object CMakeFiles/mavros_msgs__rosidl_typesupport_introspection_cpp.dir/rosidl_typesupport_introspection_cpp/mavros_msgs/msg/detail/esc_status__type_support.cpp.o
[ 28%] Building CXX object CMakeFiles/mavros_msgs__rosidl_typesupport_c.dir/rosidl_typesupport_c/mavros_msgs/srv/command_tol__type_support.cpp.o
[ 28%] Building CXX object CMakeFiles/mavros_msgs__rosidl_typesupport_cpp.dir/rosidl_typesupport_cpp/mavros_msgs/msg/hil_sensor__type_support.cpp.o
[ 28%] Building CXX object CMakeFiles/mavros_msgs__rosidl_typesupport_c.dir/rosidl_typesupport_c/mavros_msgs/srv/command_tol_local__type_support.cpp.o
Consolidate compiler generated dependencies of target mavros_msgs__rosidl_typesupport_introspection_c
[ 28%] Building C object CMakeFiles/mavros_msgs__rosidl_typesupport_introspection_c.dir/rosidl_typesupport_introspection_c/mavros_msgs/msg/detail/adsb_vehicle__type_support.c.o
[ 28%] Building CXX object CMakeFiles/mavros_msgs__rosidl_typesupport_c.dir/rosidl_typesupport_c/mavros_msgs/srv/command_trigger_control__type_support.cpp.o
[ 28%] Building C object CMakeFiles/mavros_msgs__rosidl_typesupport_introspection_c.dir/rosidl_typesupport_introspection_c/mavros_msgs/msg/detail/actuator_control__type_support.c.o
[ 28%] Building CXX object CMakeFiles/mavros_msgs__rosidl_typesupport_fastrtps_cpp.dir/rosidl_typesupport_fastrtps_cpp/mavros_msgs/msg/detail/dds_fastrtps/altitude__type_support.cpp.o
[ 28%] Building CXX object CMakeFiles/mavros_msgs__rosidl_typesupport_c.dir/rosidl_typesupport_c/mavros_msgs/srv/command_trigger_interval__type_support.cpp.o
[ 28%] Building C object CMakeFiles/mavros_msgs__rosidl_typesupport_introspection_c.dir/rosidl_typesupport_introspection_c/mavros_msgs/msg/detail/altitude__type_support.c.o
[ 28%] Building CXX object CMakeFiles/mavros_msgs__rosidl_typesupport_c.dir/rosidl_typesupport_c/mavros_msgs/srv/command_vtol_transition__type_support.cpp.o
[ 28%] Building CXX object CMakeFiles/mavros_msgs__rosidl_typesupport_c.dir/rosidl_typesupport_c/mavros_msgs/srv/endpoint_add__type_support.cpp.o
[ 28%] Building CXX object CMakeFiles/mavros_msgs__rosidl_typesupport_c.dir/rosidl_typesupport_c/mavros_msgs/srv/endpoint_del__type_support.cpp.o
[ 28%] Building C object CMakeFiles/mavros_msgs__rosidl_typesupport_introspection_c.dir/rosidl_typesupport_introspection_c/mavros_msgs/msg/detail/attitude_target__type_support.c.o
[ 28%] Building CXX object CMakeFiles/mavros_msgs__rosidl_typesupport_c.dir/rosidl_typesupport_c/mavros_msgs/srv/file_checksum__type_support.cpp.o
[ 28%] Building CXX object CMakeFiles/mavros_msgs__rosidl_typesupport_fastrtps_cpp.dir/rosidl_typesupport_fastrtps_cpp/mavros_msgs/msg/detail/dds_fastrtps/attitude_target__type_support.cpp.o
[ 28%] Building C object CMakeFiles/mavros_msgs__rosidl_typesupport_introspection_c.dir/rosidl_typesupport_introspection_c/mavros_msgs/msg/detail/cam_imu_stamp__type_support.c.o
[ 29%] Building CXX object CMakeFiles/mavros_msgs__rosidl_typesupport_c.dir/rosidl_typesupport_c/mavros_msgs/srv/file_close__type_support.cpp.o
[ 29%] Building C object CMakeFiles/mavros_msgs__rosidl_typesupport_introspection_c.dir/rosidl_typesupport_introspection_c/mavros_msgs/msg/detail/camera_image_captured__type_support.c.o
[ 30%] Building CXX object CMakeFiles/mavros_msgs__rosidl_typesupport_cpp.dir/rosidl_typesupport_cpp/mavros_msgs/msg/hil_state_quaternion__type_support.cpp.o
[ 30%] Building CXX object CMakeFiles/mavros_msgs__rosidl_typesupport_c.dir/rosidl_typesupport_c/mavros_msgs/srv/file_list__type_support.cpp.o
[ 31%] Building CXX object CMakeFiles/mavros_msgs__rosidl_typesupport_fastrtps_cpp.dir/rosidl_typesupport_fastrtps_cpp/mavros_msgs/msg/detail/dds_fastrtps/cam_imu_stamp__type_support.cpp.o
[ 31%] Building C object CMakeFiles/mavros_msgs__rosidl_typesupport_introspection_c.dir/rosidl_typesupport_introspection_c/mavros_msgs/msg/detail/cellular_status__type_support.c.o
[ 31%] Building CXX object CMakeFiles/mavros_msgs__rosidl_typesupport_c.dir/rosidl_typesupport_c/mavros_msgs/srv/file_make_dir__type_support.cpp.o
[ 31%] Building C object CMakeFiles/mavros_msgs__rosidl_typesupport_introspection_c.dir/rosidl_typesupport_introspection_c/mavros_msgs/msg/detail/command_code__type_support.c.o
[ 31%] Building CXX object CMakeFiles/mavros_msgs__rosidl_typesupport_c.dir/rosidl_typesupport_c/mavros_msgs/srv/file_open__type_support.cpp.o
[ 31%] Building C object CMakeFiles/mavros_msgs__rosidl_typesupport_introspection_c.dir/rosidl_typesupport_introspection_c/mavros_msgs/msg/detail/companion_process_status__type_support.c.o
[ 31%] Building CXX object CMakeFiles/mavros_msgs__rosidl_typesupport_introspection_cpp.dir/rosidl_typesupport_introspection_cpp/mavros_msgs/msg/detail/esc_status_item__type_support.cpp.o
[ 31%] Building CXX object CMakeFiles/mavros_msgs__rosidl_typesupport_c.dir/rosidl_typesupport_c/mavros_msgs/srv/file_read__type_support.cpp.o
[ 31%] Building C object CMakeFiles/mavros_msgs__rosidl_typesupport_introspection_c.dir/rosidl_typesupport_introspection_c/mavros_msgs/msg/detail/debug_value__type_support.c.o
[ 31%] Building CXX object CMakeFiles/mavros_msgs__rosidl_typesupport_c.dir/rosidl_typesupport_c/mavros_msgs/srv/file_remove__type_support.cpp.o
[ 32%] Building C object CMakeFiles/mavros_msgs__rosidl_typesupport_introspection_c.dir/rosidl_typesupport_introspection_c/mavros_msgs/msg/detail/esc_info__type_support.c.o
[ 32%] Building CXX object CMakeFiles/mavros_msgs__rosidl_typesupport_c.dir/rosidl_typesupport_c/mavros_msgs/srv/file_remove_dir__type_support.cpp.o
[ 32%] Building C object CMakeFiles/mavros_msgs__rosidl_typesupport_introspection_c.dir/rosidl_typesupport_introspection_c/mavros_msgs/msg/detail/esc_info_item__type_support.c.o
[ 32%] Building CXX object CMakeFiles/mavros_msgs__rosidl_typesupport_c.dir/rosidl_typesupport_c/mavros_msgs/srv/file_rename__type_support.cpp.o
[ 32%] Building C object CMakeFiles/mavros_msgs__rosidl_typesupport_introspection_c.dir/rosidl_typesupport_introspection_c/mavros_msgs/msg/detail/esc_status__type_support.c.o
[ 32%] Building CXX object CMakeFiles/mavros_msgs__rosidl_typesupport_cpp.dir/rosidl_typesupport_cpp/mavros_msgs/msg/home_position__type_support.cpp.o
[ 32%] Building CXX object CMakeFiles/mavros_msgs__rosidl_typesupport_c.dir/rosidl_typesupport_c/mavros_msgs/srv/file_truncate__type_support.cpp.o
[ 33%] Building CXX object CMakeFiles/mavros_msgs__rosidl_typesupport_introspection_cpp.dir/rosidl_typesupport_introspection_cpp/mavros_msgs/msg/detail/esc_telemetry__type_support.cpp.o
[ 33%] Building C object CMakeFiles/mavros_msgs__rosidl_typesupport_introspection_c.dir/rosidl_typesupport_introspection_c/mavros_msgs/msg/detail/esc_status_item__type_support.c.o
[ 33%] Building CXX object CMakeFiles/mavros_msgs__rosidl_typesupport_c.dir/rosidl_typesupport_c/mavros_msgs/srv/file_write__type_support.cpp.o
[ 33%] Building C object CMakeFiles/mavros_msgs__rosidl_typesupport_introspection_c.dir/rosidl_typesupport_introspection_c/mavros_msgs/msg/detail/esc_telemetry__type_support.c.o
[ 33%] Building C object CMakeFiles/mavros_msgs__rosidl_typesupport_introspection_c.dir/rosidl_typesupport_introspection_c/mavros_msgs/msg/detail/esc_telemetry_item__type_support.c.o
[ 34%] Building CXX object CMakeFiles/mavros_msgs__rosidl_typesupport_c.dir/rosidl_typesupport_c/mavros_msgs/srv/gimbal_get_information__type_support.cpp.o
[ 34%] Building C object CMakeFiles/mavros_msgs__rosidl_typesupport_introspection_c.dir/rosidl_typesupport_introspection_c/mavros_msgs/msg/detail/estimator_status__type_support.c.o
[ 34%] Building CXX object CMakeFiles/mavros_msgs__rosidl_typesupport_fastrtps_cpp.dir/rosidl_typesupport_fastrtps_cpp/mavros_msgs/msg/detail/dds_fastrtps/camera_image_captured__type_support.cpp.o
[ 34%] Building CXX object CMakeFiles/mavros_msgs__rosidl_typesupport_c.dir/rosidl_typesupport_c/mavros_msgs/srv/gimbal_manager_camera_track__type_support.cpp.o
[ 34%] Building C object CMakeFiles/mavros_msgs__rosidl_typesupport_introspection_c.dir/rosidl_typesupport_introspection_c/mavros_msgs/msg/detail/extended_state__type_support.c.o
[ 34%] Building C object CMakeFiles/mavros_msgs__rosidl_typesupport_introspection_c.dir/rosidl_typesupport_introspection_c/mavros_msgs/msg/detail/file_entry__type_support.c.o
[ 34%] Building CXX object CMakeFiles/mavros_msgs__rosidl_typesupport_c.dir/rosidl_typesupport_c/mavros_msgs/srv/gimbal_manager_configure__type_support.cpp.o
[ 34%] Building C object CMakeFiles/mavros_msgs__rosidl_typesupport_introspection_c.dir/rosidl_typesupport_introspection_c/mavros_msgs/msg/detail/gpsinput__type_support.c.o
[ 34%] Building CXX object CMakeFiles/mavros_msgs__rosidl_typesupport_c.dir/rosidl_typesupport_c/mavros_msgs/srv/gimbal_manager_pitchyaw__type_support.cpp.o
[ 35%] Building CXX object CMakeFiles/mavros_msgs__rosidl_typesupport_c.dir/rosidl_typesupport_c/mavros_msgs/srv/gimbal_manager_set_roi__type_support.cpp.o
[ 35%] Building C object CMakeFiles/mavros_msgs__rosidl_typesupport_introspection_c.dir/rosidl_typesupport_introspection_c/mavros_msgs/msg/detail/gpsraw__type_support.c.o
[ 35%] Building CXX object CMakeFiles/mavros_msgs__rosidl_typesupport_introspection_cpp.dir/rosidl_typesupport_introspection_cpp/mavros_msgs/msg/detail/esc_telemetry_item__type_support.cpp.o
[ 35%] Building CXX object CMakeFiles/mavros_msgs__rosidl_typesupport_c.dir/rosidl_typesupport_c/mavros_msgs/srv/log_request_data__type_support.cpp.o
[ 35%] Building CXX object CMakeFiles/mavros_msgs__rosidl_typesupport_c.dir/rosidl_typesupport_c/mavros_msgs/srv/log_request_end__type_support.cpp.o
[ 35%] Building C object CMakeFiles/mavros_msgs__rosidl_typesupport_introspection_c.dir/rosidl_typesupport_introspection_c/mavros_msgs/msg/detail/gpsrtk__type_support.c.o
[ 35%] Building CXX object CMakeFiles/mavros_msgs__rosidl_typesupport_cpp.dir/rosidl_typesupport_cpp/mavros_msgs/msg/landing_target__type_support.cpp.o
[ 35%] Building CXX object CMakeFiles/mavros_msgs__rosidl_typesupport_introspection_cpp.dir/rosidl_typesupport_introspection_cpp/mavros_msgs/msg/detail/estimator_status__type_support.cpp.o
[ 35%] Building C object CMakeFiles/mavros_msgs__rosidl_typesupport_introspection_c.dir/rosidl_typesupport_introspection_c/mavros_msgs/msg/detail/gimbal_device_attitude_status__type_support.c.o
[ 35%] Building CXX object CMakeFiles/mavros_msgs__rosidl_typesupport_c.dir/rosidl_typesupport_c/mavros_msgs/srv/log_request_list__type_support.cpp.o
Consolidate compiler generated dependencies of target mavros_msgs__rosidl_typesupport_fastrtps_c
[ 35%] Building CXX object CMakeFiles/mavros_msgs__rosidl_typesupport_c.dir/rosidl_typesupport_c/mavros_msgs/srv/message_interval__type_support.cpp.o
[ 35%] Building C object CMakeFiles/mavros_msgs__rosidl_typesupport_introspection_c.dir/rosidl_typesupport_introspection_c/mavros_msgs/msg/detail/gimbal_device_information__type_support.c.o
[ 35%] Building CXX object CMakeFiles/mavros_msgs__rosidl_typesupport_fastrtps_c.dir/rosidl_typesupport_fastrtps_c/mavros_msgs/msg/detail/adsb_vehicle__type_support_c.cpp.o
[ 35%] Building CXX object CMakeFiles/mavros_msgs__rosidl_typesupport_c.dir/rosidl_typesupport_c/mavros_msgs/srv/mount_configure__type_support.cpp.o
[ 35%] Building C object CMakeFiles/mavros_msgs__rosidl_typesupport_introspection_c.dir/rosidl_typesupport_introspection_c/mavros_msgs/msg/detail/gimbal_device_set_attitude__type_support.c.o
[ 36%] Building CXX object CMakeFiles/mavros_msgs__rosidl_typesupport_c.dir/rosidl_typesupport_c/mavros_msgs/srv/param_get__type_support.cpp.o
[ 36%] Building C object CMakeFiles/mavros_msgs__rosidl_typesupport_introspection_c.dir/rosidl_typesupport_introspection_c/mavros_msgs/msg/detail/gimbal_manager_information__type_support.c.o
[ 36%] Building CXX object CMakeFiles/mavros_msgs__rosidl_typesupport_introspection_cpp.dir/rosidl_typesupport_introspection_cpp/mavros_msgs/msg/detail/extended_state__type_support.cpp.o
[ 36%] Building CXX object CMakeFiles/mavros_msgs__rosidl_typesupport_c.dir/rosidl_typesupport_c/mavros_msgs/srv/param_pull__type_support.cpp.o
[ 36%] Building C object CMakeFiles/mavros_msgs__rosidl_typesupport_introspection_c.dir/rosidl_typesupport_introspection_c/mavros_msgs/msg/detail/gimbal_manager_set_attitude__type_support.c.o
[ 36%] Building CXX object CMakeFiles/mavros_msgs__rosidl_typesupport_c.dir/rosidl_typesupport_c/mavros_msgs/srv/param_push__type_support.cpp.o
[ 36%] Building C object CMakeFiles/mavros_msgs__rosidl_typesupport_introspection_c.dir/rosidl_typesupport_introspection_c/mavros_msgs/msg/detail/gimbal_manager_set_pitchyaw__type_support.c.o
[ 36%] Building CXX object CMakeFiles/mavros_msgs__rosidl_typesupport_fastrtps_cpp.dir/rosidl_typesupport_fastrtps_cpp/mavros_msgs/msg/detail/dds_fastrtps/cellular_status__type_support.cpp.o
[ 36%] Building CXX object CMakeFiles/mavros_msgs__rosidl_typesupport_cpp.dir/rosidl_typesupport_cpp/mavros_msgs/msg/log_data__type_support.cpp.o
[ 36%] Building CXX object CMakeFiles/mavros_msgs__rosidl_typesupport_c.dir/rosidl_typesupport_c/mavros_msgs/srv/param_set__type_support.cpp.o
[ 36%] Building C object CMakeFiles/mavros_msgs__rosidl_typesupport_introspection_c.dir/rosidl_typesupport_introspection_c/mavros_msgs/msg/detail/gimbal_manager_status__type_support.c.o
[ 36%] Building C object CMakeFiles/mavros_msgs__rosidl_typesupport_introspection_c.dir/rosidl_typesupport_introspection_c/mavros_msgs/msg/detail/global_position_target__type_support.c.o
[ 36%] Building CXX object CMakeFiles/mavros_msgs__rosidl_typesupport_c.dir/rosidl_typesupport_c/mavros_msgs/srv/param_set_v2__type_support.cpp.o
[ 37%] Building C object CMakeFiles/mavros_msgs__rosidl_typesupport_introspection_c.dir/rosidl_typesupport_introspection_c/mavros_msgs/msg/detail/hil_actuator_controls__type_support.c.o
[ 37%] Building CXX object CMakeFiles/mavros_msgs__rosidl_typesupport_c.dir/rosidl_typesupport_c/mavros_msgs/srv/set_mav_frame__type_support.cpp.o
[ 37%] Building CXX object CMakeFiles/mavros_msgs__rosidl_typesupport_fastrtps_c.dir/rosidl_typesupport_fastrtps_c/mavros_msgs/msg/detail/actuator_control__type_support_c.cpp.o
[ 37%] Building CXX object CMakeFiles/mavros_msgs__rosidl_typesupport_c.dir/rosidl_typesupport_c/mavros_msgs/srv/set_mode__type_support.cpp.o
[ 37%] Building C object CMakeFiles/mavros_msgs__rosidl_typesupport_introspection_c.dir/rosidl_typesupport_introspection_c/mavros_msgs/msg/detail/hil_controls__type_support.c.o
[ 37%] Building CXX object CMakeFiles/mavros_msgs__rosidl_typesupport_c.dir/rosidl_typesupport_c/mavros_msgs/srv/stream_rate__type_support.cpp.o
[ 37%] Building CXX object CMakeFiles/mavros_msgs__rosidl_typesupport_c.dir/rosidl_typesupport_c/mavros_msgs/srv/vehicle_info_get__type_support.cpp.o
[ 37%] Building C object CMakeFiles/mavros_msgs__rosidl_typesupport_introspection_c.dir/rosidl_typesupport_introspection_c/mavros_msgs/msg/detail/hil_gps__type_support.c.o
[ 37%] Building C object CMakeFiles/mavros_msgs__rosidl_typesupport_introspection_c.dir/rosidl_typesupport_introspection_c/mavros_msgs/msg/detail/hil_sensor__type_support.c.o
[ 37%] Building CXX object CMakeFiles/mavros_msgs__rosidl_typesupport_c.dir/rosidl_typesupport_c/mavros_msgs/srv/waypoint_clear__type_support.cpp.o
[ 38%] Building CXX object CMakeFiles/mavros_msgs__rosidl_typesupport_c.dir/rosidl_typesupport_c/mavros_msgs/srv/waypoint_pull__type_support.cpp.o
[ 38%] Building C object CMakeFiles/mavros_msgs__rosidl_typesupport_introspection_c.dir/rosidl_typesupport_introspection_c/mavros_msgs/msg/detail/hil_state_quaternion__type_support.c.o
[ 38%] Building CXX object CMakeFiles/mavros_msgs__rosidl_typesupport_c.dir/rosidl_typesupport_c/mavros_msgs/srv/waypoint_push__type_support.cpp.o
[ 38%] Building CXX object CMakeFiles/mavros_msgs__rosidl_typesupport_introspection_cpp.dir/rosidl_typesupport_introspection_cpp/mavros_msgs/msg/detail/file_entry__type_support.cpp.o
[ 38%] Building C object CMakeFiles/mavros_msgs__rosidl_typesupport_introspection_c.dir/rosidl_typesupport_introspection_c/mavros_msgs/msg/detail/home_position__type_support.c.o
[ 38%] Building CXX object CMakeFiles/mavros_msgs__rosidl_typesupport_introspection_cpp.dir/rosidl_typesupport_introspection_cpp/mavros_msgs/msg/detail/gpsinput__type_support.cpp.o
[ 38%] Building CXX object CMakeFiles/mavros_msgs__rosidl_typesupport_c.dir/rosidl_typesupport_c/mavros_msgs/srv/waypoint_set_current__type_support.cpp.o
[ 38%] Building C object CMakeFiles/mavros_msgs__rosidl_typesupport_introspection_c.dir/rosidl_typesupport_introspection_c/mavros_msgs/msg/detail/landing_target__type_support.c.o
[ 38%] Building CXX object CMakeFiles/mavros_msgs__rosidl_typesupport_cpp.dir/rosidl_typesupport_cpp/mavros_msgs/msg/log_entry__type_support.cpp.o
[ 38%] Linking CXX shared library libmavros_msgs__rosidl_typesupport_c.so
[ 38%] Building CXX object CMakeFiles/mavros_msgs__rosidl_typesupport_fastrtps_cpp.dir/rosidl_typesupport_fastrtps_cpp/mavros_msgs/msg/detail/dds_fastrtps/command_code__type_support.cpp.o
[ 38%] Building C object CMakeFiles/mavros_msgs__rosidl_typesupport_introspection_c.dir/rosidl_typesupport_introspection_c/mavros_msgs/msg/detail/log_data__type_support.c.o
[ 38%] Building C object CMakeFiles/mavros_msgs__rosidl_typesupport_introspection_c.dir/rosidl_typesupport_introspection_c/mavros_msgs/msg/detail/log_entry__type_support.c.o
[ 38%] Built target mavros_msgs__rosidl_typesupport_c
[ 38%] Building C object CMakeFiles/mavros_msgs__rosidl_typesupport_introspection_c.dir/rosidl_typesupport_introspection_c/mavros_msgs/msg/detail/magnetometer_reporter__type_support.c.o
[ 38%] Building CXX object CMakeFiles/mavros_msgs__rosidl_typesupport_introspection_cpp.dir/rosidl_typesupport_introspection_cpp/mavros_msgs/msg/detail/gpsraw__type_support.cpp.o
[ 38%] Building CXX object CMakeFiles/mavros_msgs__rosidl_typesupport_fastrtps_cpp.dir/rosidl_typesupport_fastrtps_cpp/mavros_msgs/msg/detail/dds_fastrtps/companion_process_status__type_support.cpp.o
[ 39%] Building C object CMakeFiles/mavros_msgs__rosidl_typesupport_introspection_c.dir/rosidl_typesupport_introspection_c/mavros_msgs/msg/detail/manual_control__type_support.c.o
[ 39%] Building CXX object CMakeFiles/mavros_msgs__rosidl_typesupport_fastrtps_c.dir/rosidl_typesupport_fastrtps_c/mavros_msgs/msg/detail/altitude__type_support_c.cpp.o
[ 39%] Building C object CMakeFiles/mavros_msgs__rosidl_typesupport_introspection_c.dir/rosidl_typesupport_introspection_c/mavros_msgs/msg/detail/mavlink__type_support.c.o
[ 39%] Building C object CMakeFiles/mavros_msgs__rosidl_typesupport_introspection_c.dir/rosidl_typesupport_introspection_c/mavros_msgs/msg/detail/mount_control__type_support.c.o
[ 39%] Building CXX object CMakeFiles/mavros_msgs__rosidl_typesupport_cpp.dir/rosidl_typesupport_cpp/mavros_msgs/msg/magnetometer_reporter__type_support.cpp.o
[ 39%] Building C object CMakeFiles/mavros_msgs__rosidl_typesupport_introspection_c.dir/rosidl_typesupport_introspection_c/mavros_msgs/msg/detail/nav_controller_output__type_support.c.o
[ 39%] Building C object CMakeFiles/mavros_msgs__rosidl_typesupport_introspection_c.dir/rosidl_typesupport_introspection_c/mavros_msgs/msg/detail/onboard_computer_status__type_support.c.o
[ 39%] Building CXX object CMakeFiles/mavros_msgs__rosidl_typesupport_cpp.dir/rosidl_typesupport_cpp/mavros_msgs/msg/manual_control__type_support.cpp.o
[ 39%] Building C object CMakeFiles/mavros_msgs__rosidl_typesupport_introspection_c.dir/rosidl_typesupport_introspection_c/mavros_msgs/msg/detail/open_drone_id_basic_id__type_support.c.o
[ 39%] Building CXX object CMakeFiles/mavros_msgs__rosidl_typesupport_cpp.dir/rosidl_typesupport_cpp/mavros_msgs/msg/mavlink__type_support.cpp.o
[ 39%] Building C object CMakeFiles/mavros_msgs__rosidl_typesupport_introspection_c.dir/rosidl_typesupport_introspection_c/mavros_msgs/msg/detail/open_drone_id_operator_id__type_support.c.o
[ 39%] Building CXX object CMakeFiles/mavros_msgs__rosidl_typesupport_cpp.dir/rosidl_typesupport_cpp/mavros_msgs/msg/mount_control__type_support.cpp.o
[ 39%] Building C object CMakeFiles/mavros_msgs__rosidl_typesupport_introspection_c.dir/rosidl_typesupport_introspection_c/mavros_msgs/msg/detail/open_drone_id_self_id__type_support.c.o
[ 39%] Building C object CMakeFiles/mavros_msgs__rosidl_typesupport_introspection_c.dir/rosidl_typesupport_introspection_c/mavros_msgs/msg/detail/open_drone_id_system__type_support.c.o
[ 39%] Building CXX object CMakeFiles/mavros_msgs__rosidl_typesupport_fastrtps_c.dir/rosidl_typesupport_fastrtps_c/mavros_msgs/msg/detail/attitude_target__type_support_c.cpp.o
[ 39%] Building CXX object CMakeFiles/mavros_msgs__rosidl_typesupport_introspection_cpp.dir/rosidl_typesupport_introspection_cpp/mavros_msgs/msg/detail/gpsrtk__type_support.cpp.o
[ 39%] Building CXX object CMakeFiles/mavros_msgs__rosidl_typesupport_fastrtps_c.dir/rosidl_typesupport_fastrtps_c/mavros_msgs/msg/detail/cam_imu_stamp__type_support_c.cpp.o
[ 39%] Building C object CMakeFiles/mavros_msgs__rosidl_typesupport_introspection_c.dir/rosidl_typesupport_introspection_c/mavros_msgs/msg/detail/open_drone_id_system_update__type_support.c.o
[ 39%] Building CXX object CMakeFiles/mavros_msgs__rosidl_typesupport_fastrtps_cpp.dir/rosidl_typesupport_fastrtps_cpp/mavros_msgs/msg/detail/dds_fastrtps/debug_value__type_support.cpp.o
[ 39%] Building C object CMakeFiles/mavros_msgs__rosidl_typesupport_introspection_c.dir/rosidl_typesupport_introspection_c/mavros_msgs/msg/detail/optical_flow__type_support.c.o
[ 39%] Building CXX object CMakeFiles/mavros_msgs__rosidl_typesupport_fastrtps_cpp.dir/rosidl_typesupport_fastrtps_cpp/mavros_msgs/msg/detail/dds_fastrtps/esc_info__type_support.cpp.o
[ 40%] Building C object CMakeFiles/mavros_msgs__rosidl_typesupport_introspection_c.dir/rosidl_typesupport_introspection_c/mavros_msgs/msg/detail/optical_flow_rad__type_support.c.o
[ 40%] Building C object CMakeFiles/mavros_msgs__rosidl_typesupport_introspection_c.dir/rosidl_typesupport_introspection_c/mavros_msgs/msg/detail/override_rc_in__type_support.c.o
[ 40%] Building C object CMakeFiles/mavros_msgs__rosidl_typesupport_introspection_c.dir/rosidl_typesupport_introspection_c/mavros_msgs/msg/detail/param__type_support.c.o
[ 40%] Building CXX object CMakeFiles/mavros_msgs__rosidl_typesupport_cpp.dir/rosidl_typesupport_cpp/mavros_msgs/msg/nav_controller_output__type_support.cpp.o
[ 40%] Building CXX object CMakeFiles/mavros_msgs__rosidl_typesupport_cpp.dir/rosidl_typesupport_cpp/mavros_msgs/msg/onboard_computer_status__type_support.cpp.o
[ 40%] Building C object CMakeFiles/mavros_msgs__rosidl_typesupport_introspection_c.dir/rosidl_typesupport_introspection_c/mavros_msgs/msg/detail/param_event__type_support.c.o
[ 40%] Building C object CMakeFiles/mavros_msgs__rosidl_typesupport_introspection_c.dir/rosidl_typesupport_introspection_c/mavros_msgs/msg/detail/param_value__type_support.c.o
[ 40%] Building C object CMakeFiles/mavros_msgs__rosidl_typesupport_introspection_c.dir/rosidl_typesupport_introspection_c/mavros_msgs/msg/detail/play_tune_v2__type_support.c.o
[ 40%] Building C object CMakeFiles/mavros_msgs__rosidl_typesupport_introspection_c.dir/rosidl_typesupport_introspection_c/mavros_msgs/msg/detail/position_target__type_support.c.o
[ 40%] Building CXX object CMakeFiles/mavros_msgs__rosidl_typesupport_fastrtps_c.dir/rosidl_typesupport_fastrtps_c/mavros_msgs/msg/detail/camera_image_captured__type_support_c.cpp.o
[ 40%] Building CXX object CMakeFiles/mavros_msgs__rosidl_typesupport_introspection_cpp.dir/rosidl_typesupport_introspection_cpp/mavros_msgs/msg/detail/gimbal_device_attitude_status__type_support.cpp.o
[ 40%] Building C object CMakeFiles/mavros_msgs__rosidl_typesupport_introspection_c.dir/rosidl_typesupport_introspection_c/mavros_msgs/msg/detail/rc_in__type_support.c.o
[ 40%] Building CXX object CMakeFiles/mavros_msgs__rosidl_typesupport_fastrtps_c.dir/rosidl_typesupport_fastrtps_c/mavros_msgs/msg/detail/cellular_status__type_support_c.cpp.o
[ 40%] Building C object CMakeFiles/mavros_msgs__rosidl_typesupport_introspection_c.dir/rosidl_typesupport_introspection_c/mavros_msgs/msg/detail/rc_out__type_support.c.o
[ 40%] Building CXX object CMakeFiles/mavros_msgs__rosidl_typesupport_fastrtps_c.dir/rosidl_typesupport_fastrtps_c/mavros_msgs/msg/detail/command_code__type_support_c.cpp.o
[ 41%] Building CXX object CMakeFiles/mavros_msgs__rosidl_typesupport_cpp.dir/rosidl_typesupport_cpp/mavros_msgs/msg/open_drone_id_basic_id__type_support.cpp.o
[ 41%] Building C object CMakeFiles/mavros_msgs__rosidl_typesupport_introspection_c.dir/rosidl_typesupport_introspection_c/mavros_msgs/msg/detail/rtcm__type_support.c.o
[ 41%] Building CXX object CMakeFiles/mavros_msgs__rosidl_typesupport_cpp.dir/rosidl_typesupport_cpp/mavros_msgs/msg/open_drone_id_operator_id__type_support.cpp.o
[ 42%] Building C object CMakeFiles/mavros_msgs__rosidl_typesupport_introspection_c.dir/rosidl_typesupport_introspection_c/mavros_msgs/msg/detail/rtk_baseline__type_support.c.o
[ 42%] Building CXX object CMakeFiles/mavros_msgs__rosidl_typesupport_fastrtps_cpp.dir/rosidl_typesupport_fastrtps_cpp/mavros_msgs/msg/detail/dds_fastrtps/esc_info_item__type_support.cpp.o
[ 42%] Building C object CMakeFiles/mavros_msgs__rosidl_typesupport_introspection_c.dir/rosidl_typesupport_introspection_c/mavros_msgs/msg/detail/radio_status__type_support.c.o
[ 42%] Building C object CMakeFiles/mavros_msgs__rosidl_typesupport_introspection_c.dir/rosidl_typesupport_introspection_c/mavros_msgs/msg/detail/state__type_support.c.o
[ 42%] Building C object CMakeFiles/mavros_msgs__rosidl_typesupport_introspection_c.dir/rosidl_typesupport_introspection_c/mavros_msgs/msg/detail/status_event__type_support.c.o
[ 42%] Building C object CMakeFiles/mavros_msgs__rosidl_typesupport_introspection_c.dir/rosidl_typesupport_introspection_c/mavros_msgs/msg/detail/status_text__type_support.c.o
[ 42%] Building C object CMakeFiles/mavros_msgs__rosidl_typesupport_introspection_c.dir/rosidl_typesupport_introspection_c/mavros_msgs/msg/detail/sys_status__type_support.c.o
[ 42%] Building CXX object CMakeFiles/mavros_msgs__rosidl_typesupport_cpp.dir/rosidl_typesupport_cpp/mavros_msgs/msg/open_drone_id_self_id__type_support.cpp.o
[ 42%] Building CXX object CMakeFiles/mavros_msgs__rosidl_typesupport_fastrtps_c.dir/rosidl_typesupport_fastrtps_c/mavros_msgs/msg/detail/companion_process_status__type_support_c.cpp.o
[ 42%] Building CXX object CMakeFiles/mavros_msgs__rosidl_typesupport_fastrtps_c.dir/rosidl_typesupport_fastrtps_c/mavros_msgs/msg/detail/debug_value__type_support_c.cpp.o
[ 42%] Building C object CMakeFiles/mavros_msgs__rosidl_typesupport_introspection_c.dir/rosidl_typesupport_introspection_c/mavros_msgs/msg/detail/terrain_report__type_support.c.o
[ 42%] Building CXX object CMakeFiles/mavros_msgs__rosidl_typesupport_introspection_cpp.dir/rosidl_typesupport_introspection_cpp/mavros_msgs/msg/detail/gimbal_device_information__type_support.cpp.o
[ 42%] Building CXX object CMakeFiles/mavros_msgs__rosidl_typesupport_cpp.dir/rosidl_typesupport_cpp/mavros_msgs/msg/open_drone_id_system__type_support.cpp.o
[ 43%] Building CXX object CMakeFiles/mavros_msgs__rosidl_typesupport_fastrtps_c.dir/rosidl_typesupport_fastrtps_c/mavros_msgs/msg/detail/esc_info__type_support_c.cpp.o
[ 43%] Building C object CMakeFiles/mavros_msgs__rosidl_typesupport_introspection_c.dir/rosidl_typesupport_introspection_c/mavros_msgs/msg/detail/thrust__type_support.c.o
[ 43%] Building C object CMakeFiles/mavros_msgs__rosidl_typesupport_introspection_c.dir/rosidl_typesupport_introspection_c/mavros_msgs/msg/detail/timesync_status__type_support.c.o
[ 43%] Building C object CMakeFiles/mavros_msgs__rosidl_typesupport_introspection_c.dir/rosidl_typesupport_introspection_c/mavros_msgs/msg/detail/trajectory__type_support.c.o
[ 43%] Building CXX object CMakeFiles/mavros_msgs__rosidl_typesupport_fastrtps_cpp.dir/rosidl_typesupport_fastrtps_cpp/mavros_msgs/msg/detail/dds_fastrtps/esc_status__type_support.cpp.o
[ 44%] Building C object CMakeFiles/mavros_msgs__rosidl_typesupport_introspection_c.dir/rosidl_typesupport_introspection_c/mavros_msgs/msg/detail/tunnel__type_support.c.o
[ 44%] Building C object CMakeFiles/mavros_msgs__rosidl_typesupport_introspection_c.dir/rosidl_typesupport_introspection_c/mavros_msgs/msg/detail/vehicle_info__type_support.c.o
[ 44%] Building CXX object CMakeFiles/mavros_msgs__rosidl_typesupport_fastrtps_cpp.dir/rosidl_typesupport_fastrtps_cpp/mavros_msgs/msg/detail/dds_fastrtps/esc_status_item__type_support.cpp.o
[ 44%] Building C object CMakeFiles/mavros_msgs__rosidl_typesupport_introspection_c.dir/rosidl_typesupport_introspection_c/mavros_msgs/msg/detail/vfr_hud__type_support.c.o
[ 44%] Building CXX object CMakeFiles/mavros_msgs__rosidl_typesupport_cpp.dir/rosidl_typesupport_cpp/mavros_msgs/msg/open_drone_id_system_update__type_support.cpp.o
[ 44%] Building CXX object CMakeFiles/mavros_msgs__rosidl_typesupport_cpp.dir/rosidl_typesupport_cpp/mavros_msgs/msg/optical_flow__type_support.cpp.o
[ 44%] Building C object CMakeFiles/mavros_msgs__rosidl_typesupport_introspection_c.dir/rosidl_typesupport_introspection_c/mavros_msgs/msg/detail/vibration__type_support.c.o
[ 45%] Building CXX object CMakeFiles/mavros_msgs__rosidl_typesupport_fastrtps_cpp.dir/rosidl_typesupport_fastrtps_cpp/mavros_msgs/msg/detail/dds_fastrtps/esc_telemetry__type_support.cpp.o
[ 45%] Building C object CMakeFiles/mavros_msgs__rosidl_typesupport_introspection_c.dir/rosidl_typesupport_introspection_c/mavros_msgs/msg/detail/waypoint__type_support.c.o
[ 45%] Building C object CMakeFiles/mavros_msgs__rosidl_typesupport_introspection_c.dir/rosidl_typesupport_introspection_c/mavros_msgs/msg/detail/waypoint_list__type_support.c.o
[ 45%] Building CXX object CMakeFiles/mavros_msgs__rosidl_typesupport_fastrtps_c.dir/rosidl_typesupport_fastrtps_c/mavros_msgs/msg/detail/esc_info_item__type_support_c.cpp.o
[ 46%] Building CXX object CMakeFiles/mavros_msgs__rosidl_typesupport_introspection_cpp.dir/rosidl_typesupport_introspection_cpp/mavros_msgs/msg/detail/gimbal_device_set_attitude__type_support.cpp.o
[ 46%] Building C object CMakeFiles/mavros_msgs__rosidl_typesupport_introspection_c.dir/rosidl_typesupport_introspection_c/mavros_msgs/msg/detail/waypoint_reached__type_support.c.o
[ 46%] Building C object CMakeFiles/mavros_msgs__rosidl_typesupport_introspection_c.dir/rosidl_typesupport_introspection_c/mavros_msgs/msg/detail/wheel_odom_stamped__type_support.c.o
[ 46%] Building C object CMakeFiles/mavros_msgs__rosidl_typesupport_introspection_c.dir/rosidl_typesupport_introspection_c/mavros_msgs/srv/detail/command_ack__type_support.c.o
[ 46%] Building C object CMakeFiles/mavros_msgs__rosidl_typesupport_introspection_c.dir/rosidl_typesupport_introspection_c/mavros_msgs/srv/detail/command_bool__type_support.c.o
[ 46%] Building CXX object CMakeFiles/mavros_msgs__rosidl_typesupport_cpp.dir/rosidl_typesupport_cpp/mavros_msgs/msg/optical_flow_rad__type_support.cpp.o
[ 46%] Building CXX object CMakeFiles/mavros_msgs__rosidl_typesupport_cpp.dir/rosidl_typesupport_cpp/mavros_msgs/msg/override_rc_in__type_support.cpp.o
[ 47%] Building C object CMakeFiles/mavros_msgs__rosidl_typesupport_introspection_c.dir/rosidl_typesupport_introspection_c/mavros_msgs/srv/detail/command_home__type_support.c.o
[ 47%] Building C object CMakeFiles/mavros_msgs__rosidl_typesupport_introspection_c.dir/rosidl_typesupport_introspection_c/mavros_msgs/srv/detail/command_int__type_support.c.o
[ 47%] Building C object CMakeFiles/mavros_msgs__rosidl_typesupport_introspection_c.dir/rosidl_typesupport_introspection_c/mavros_msgs/srv/detail/command_long__type_support.c.o
[ 47%] Building CXX object CMakeFiles/mavros_msgs__rosidl_typesupport_fastrtps_c.dir/rosidl_typesupport_fastrtps_c/mavros_msgs/msg/detail/esc_status__type_support_c.cpp.o
[ 47%] Building CXX object CMakeFiles/mavros_msgs__rosidl_typesupport_fastrtps_c.dir/rosidl_typesupport_fastrtps_c/mavros_msgs/msg/detail/esc_status_item__type_support_c.cpp.o
[ 47%] Building C object CMakeFiles/mavros_msgs__rosidl_typesupport_introspection_c.dir/rosidl_typesupport_introspection_c/mavros_msgs/srv/detail/command_tol__type_support.c.o
[ 47%] Building C object CMakeFiles/mavros_msgs__rosidl_typesupport_introspection_c.dir/rosidl_typesupport_introspection_c/mavros_msgs/srv/detail/command_tol_local__type_support.c.o
[ 47%] Building C object CMakeFiles/mavros_msgs__rosidl_typesupport_introspection_c.dir/rosidl_typesupport_introspection_c/mavros_msgs/srv/detail/command_trigger_control__type_support.c.o
[ 47%] Building CXX object CMakeFiles/mavros_msgs__rosidl_typesupport_fastrtps_c.dir/rosidl_typesupport_fastrtps_c/mavros_msgs/msg/detail/esc_telemetry__type_support_c.cpp.o
[ 47%] Building C object CMakeFiles/mavros_msgs__rosidl_typesupport_introspection_c.dir/rosidl_typesupport_introspection_c/mavros_msgs/srv/detail/command_trigger_interval__type_support.c.o
[ 47%] Building CXX object CMakeFiles/mavros_msgs__rosidl_typesupport_fastrtps_cpp.dir/rosidl_typesupport_fastrtps_cpp/mavros_msgs/msg/detail/dds_fastrtps/esc_telemetry_item__type_support.cpp.o
[ 47%] Building CXX object CMakeFiles/mavros_msgs__rosidl_typesupport_introspection_cpp.dir/rosidl_typesupport_introspection_cpp/mavros_msgs/msg/detail/gimbal_manager_information__type_support.cpp.o
[ 47%] Building C object CMakeFiles/mavros_msgs__rosidl_typesupport_introspection_c.dir/rosidl_typesupport_introspection_c/mavros_msgs/srv/detail/command_vtol_transition__type_support.c.o
[ 47%] Building CXX object CMakeFiles/mavros_msgs__rosidl_typesupport_fastrtps_cpp.dir/rosidl_typesupport_fastrtps_cpp/mavros_msgs/msg/detail/dds_fastrtps/estimator_status__type_support.cpp.o
[ 47%] Building C object CMakeFiles/mavros_msgs__rosidl_typesupport_introspection_c.dir/rosidl_typesupport_introspection_c/mavros_msgs/srv/detail/endpoint_add__type_support.c.o
[ 47%] Building CXX object CMakeFiles/mavros_msgs__rosidl_typesupport_cpp.dir/rosidl_typesupport_cpp/mavros_msgs/msg/param__type_support.cpp.o
[ 47%] Building C object CMakeFiles/mavros_msgs__rosidl_typesupport_introspection_c.dir/rosidl_typesupport_introspection_c/mavros_msgs/srv/detail/endpoint_del__type_support.c.o
[ 47%] Building C object CMakeFiles/mavros_msgs__rosidl_typesupport_introspection_c.dir/rosidl_typesupport_introspection_c/mavros_msgs/srv/detail/file_checksum__type_support.c.o
[ 48%] Building C object CMakeFiles/mavros_msgs__rosidl_typesupport_introspection_c.dir/rosidl_typesupport_introspection_c/mavros_msgs/srv/detail/file_close__type_support.c.o
[ 48%] Building CXX object CMakeFiles/mavros_msgs__rosidl_typesupport_fastrtps_cpp.dir/rosidl_typesupport_fastrtps_cpp/mavros_msgs/msg/detail/dds_fastrtps/extended_state__type_support.cpp.o
[ 48%] Building C object CMakeFiles/mavros_msgs__rosidl_typesupport_introspection_c.dir/rosidl_typesupport_introspection_c/mavros_msgs/srv/detail/file_list__type_support.c.o
[ 48%] Building CXX object CMakeFiles/mavros_msgs__rosidl_typesupport_fastrtps_cpp.dir/rosidl_typesupport_fastrtps_cpp/mavros_msgs/msg/detail/dds_fastrtps/file_entry__type_support.cpp.o
[ 48%] Building C object CMakeFiles/mavros_msgs__rosidl_typesupport_introspection_c.dir/rosidl_typesupport_introspection_c/mavros_msgs/srv/detail/file_make_dir__type_support.c.o
[ 48%] Building C object CMakeFiles/mavros_msgs__rosidl_typesupport_introspection_c.dir/rosidl_typesupport_introspection_c/mavros_msgs/srv/detail/file_open__type_support.c.o
[ 48%] Building CXX object CMakeFiles/mavros_msgs__rosidl_typesupport_fastrtps_c.dir/rosidl_typesupport_fastrtps_c/mavros_msgs/msg/detail/esc_telemetry_item__type_support_c.cpp.o
[ 48%] Building C object CMakeFiles/mavros_msgs__rosidl_typesupport_introspection_c.dir/rosidl_typesupport_introspection_c/mavros_msgs/srv/detail/file_read__type_support.c.o
[ 48%] Building CXX object CMakeFiles/mavros_msgs__rosidl_typesupport_cpp.dir/rosidl_typesupport_cpp/mavros_msgs/msg/param_event__type_support.cpp.o
[ 48%] Building C object CMakeFiles/mavros_msgs__rosidl_typesupport_introspection_c.dir/rosidl_typesupport_introspection_c/mavros_msgs/srv/detail/file_remove__type_support.c.o
[ 48%] Building CXX object CMakeFiles/mavros_msgs__rosidl_typesupport_introspection_cpp.dir/rosidl_typesupport_introspection_cpp/mavros_msgs/msg/detail/gimbal_manager_set_attitude__type_support.cpp.o
[ 48%] Building CXX object CMakeFiles/mavros_msgs__rosidl_typesupport_fastrtps_cpp.dir/rosidl_typesupport_fastrtps_cpp/mavros_msgs/msg/detail/dds_fastrtps/gpsinput__type_support.cpp.o
[ 48%] Building C object CMakeFiles/mavros_msgs__rosidl_typesupport_introspection_c.dir/rosidl_typesupport_introspection_c/mavros_msgs/srv/detail/file_remove_dir__type_support.c.o
[ 48%] Building CXX object CMakeFiles/mavros_msgs__rosidl_typesupport_fastrtps_cpp.dir/rosidl_typesupport_fastrtps_cpp/mavros_msgs/msg/detail/dds_fastrtps/gpsraw__type_support.cpp.o
[ 48%] Building C object CMakeFiles/mavros_msgs__rosidl_typesupport_introspection_c.dir/rosidl_typesupport_introspection_c/mavros_msgs/srv/detail/file_rename__type_support.c.o
[ 48%] Building C object CMakeFiles/mavros_msgs__rosidl_typesupport_introspection_c.dir/rosidl_typesupport_introspection_c/mavros_msgs/srv/detail/file_truncate__type_support.c.o
[ 48%] Building C object CMakeFiles/mavros_msgs__rosidl_typesupport_introspection_c.dir/rosidl_typesupport_introspection_c/mavros_msgs/srv/detail/file_write__type_support.c.o
[ 49%] Building C object CMakeFiles/mavros_msgs__rosidl_typesupport_introspection_c.dir/rosidl_typesupport_introspection_c/mavros_msgs/srv/detail/gimbal_get_information__type_support.c.o
[ 49%] Building CXX object CMakeFiles/mavros_msgs__rosidl_typesupport_fastrtps_cpp.dir/rosidl_typesupport_fastrtps_cpp/mavros_msgs/msg/detail/dds_fastrtps/gpsrtk__type_support.cpp.o
[ 49%] Building C object CMakeFiles/mavros_msgs__rosidl_typesupport_introspection_c.dir/rosidl_typesupport_introspection_c/mavros_msgs/srv/detail/gimbal_manager_camera_track__type_support.c.o
[ 49%] Building CXX object CMakeFiles/mavros_msgs__rosidl_typesupport_fastrtps_c.dir/rosidl_typesupport_fastrtps_c/mavros_msgs/msg/detail/estimator_status__type_support_c.cpp.o
[ 49%] Building CXX object CMakeFiles/mavros_msgs__rosidl_typesupport_fastrtps_cpp.dir/rosidl_typesupport_fastrtps_cpp/mavros_msgs/msg/detail/dds_fastrtps/gimbal_device_attitude_status__type_support.cpp.o
[ 49%] Building C object CMakeFiles/mavros_msgs__rosidl_typesupport_introspection_c.dir/rosidl_typesupport_introspection_c/mavros_msgs/srv/detail/gimbal_manager_configure__type_support.c.o
[ 50%] Building CXX object CMakeFiles/mavros_msgs__rosidl_typesupport_cpp.dir/rosidl_typesupport_cpp/mavros_msgs/msg/param_value__type_support.cpp.o
[ 50%] Building C object CMakeFiles/mavros_msgs__rosidl_typesupport_introspection_c.dir/rosidl_typesupport_introspection_c/mavros_msgs/srv/detail/gimbal_manager_pitchyaw__type_support.c.o
[ 50%] Building C object CMakeFiles/mavros_msgs__rosidl_typesupport_introspection_c.dir/rosidl_typesupport_introspection_c/mavros_msgs/srv/detail/gimbal_manager_set_roi__type_support.c.o
[ 50%] Building CXX object CMakeFiles/mavros_msgs__rosidl_typesupport_introspection_cpp.dir/rosidl_typesupport_introspection_cpp/mavros_msgs/msg/detail/gimbal_manager_set_pitchyaw__type_support.cpp.o
[ 50%] Building C object CMakeFiles/mavros_msgs__rosidl_typesupport_introspection_c.dir/rosidl_typesupport_introspection_c/mavros_msgs/srv/detail/log_request_data__type_support.c.o
[ 50%] Building CXX object CMakeFiles/mavros_msgs__rosidl_typesupport_fastrtps_c.dir/rosidl_typesupport_fastrtps_c/mavros_msgs/msg/detail/extended_state__type_support_c.cpp.o
[ 50%] Building C object CMakeFiles/mavros_msgs__rosidl_typesupport_introspection_c.dir/rosidl_typesupport_introspection_c/mavros_msgs/srv/detail/log_request_end__type_support.c.o
[ 50%] Building C object CMakeFiles/mavros_msgs__rosidl_typesupport_introspection_c.dir/rosidl_typesupport_introspection_c/mavros_msgs/srv/detail/log_request_list__type_support.c.o
[ 50%] Building CXX object CMakeFiles/mavros_msgs__rosidl_typesupport_fastrtps_c.dir/rosidl_typesupport_fastrtps_c/mavros_msgs/msg/detail/file_entry__type_support_c.cpp.o
[ 50%] Building C object CMakeFiles/mavros_msgs__rosidl_typesupport_introspection_c.dir/rosidl_typesupport_introspection_c/mavros_msgs/srv/detail/message_interval__type_support.c.o
[ 50%] Building CXX object CMakeFiles/mavros_msgs__rosidl_typesupport_cpp.dir/rosidl_typesupport_cpp/mavros_msgs/msg/play_tune_v2__type_support.cpp.o
[ 50%] Building C object CMakeFiles/mavros_msgs__rosidl_typesupport_introspection_c.dir/rosidl_typesupport_introspection_c/mavros_msgs/srv/detail/mount_configure__type_support.c.o
[ 50%] Building CXX object CMakeFiles/mavros_msgs__rosidl_typesupport_cpp.dir/rosidl_typesupport_cpp/mavros_msgs/msg/position_target__type_support.cpp.o
[ 51%] Building C object CMakeFiles/mavros_msgs__rosidl_typesupport_introspection_c.dir/rosidl_typesupport_introspection_c/mavros_msgs/srv/detail/param_get__type_support.c.o
[ 51%] Building C object CMakeFiles/mavros_msgs__rosidl_typesupport_introspection_c.dir/rosidl_typesupport_introspection_c/mavros_msgs/srv/detail/param_pull__type_support.c.o
[ 51%] Building CXX object CMakeFiles/mavros_msgs__rosidl_typesupport_fastrtps_cpp.dir/rosidl_typesupport_fastrtps_cpp/mavros_msgs/msg/detail/dds_fastrtps/gimbal_device_information__type_support.cpp.o
[ 51%] Building C object CMakeFiles/mavros_msgs__rosidl_typesupport_introspection_c.dir/rosidl_typesupport_introspection_c/mavros_msgs/srv/detail/param_push__type_support.c.o
[ 51%] Building C object CMakeFiles/mavros_msgs__rosidl_typesupport_introspection_c.dir/rosidl_typesupport_introspection_c/mavros_msgs/srv/detail/param_set__type_support.c.o
[ 51%] Building CXX object CMakeFiles/mavros_msgs__rosidl_typesupport_cpp.dir/rosidl_typesupport_cpp/mavros_msgs/msg/rc_in__type_support.cpp.o
[ 51%] Building C object CMakeFiles/mavros_msgs__rosidl_typesupport_introspection_c.dir/rosidl_typesupport_introspection_c/mavros_msgs/srv/detail/param_set_v2__type_support.c.o
[ 51%] Building CXX object CMakeFiles/mavros_msgs__rosidl_typesupport_fastrtps_c.dir/rosidl_typesupport_fastrtps_c/mavros_msgs/msg/detail/gpsinput__type_support_c.cpp.o
[ 51%] Building C object CMakeFiles/mavros_msgs__rosidl_typesupport_introspection_c.dir/rosidl_typesupport_introspection_c/mavros_msgs/srv/detail/set_mav_frame__type_support.c.o
[ 51%] Building CXX object CMakeFiles/mavros_msgs__rosidl_typesupport_introspection_cpp.dir/rosidl_typesupport_introspection_cpp/mavros_msgs/msg/detail/gimbal_manager_status__type_support.cpp.o
[ 51%] Building C object CMakeFiles/mavros_msgs__rosidl_typesupport_introspection_c.dir/rosidl_typesupport_introspection_c/mavros_msgs/srv/detail/set_mode__type_support.c.o
[ 51%] Building CXX object CMakeFiles/mavros_msgs__rosidl_typesupport_introspection_cpp.dir/rosidl_typesupport_introspection_cpp/mavros_msgs/msg/detail/global_position_target__type_support.cpp.o
[ 51%] Building C object CMakeFiles/mavros_msgs__rosidl_typesupport_introspection_c.dir/rosidl_typesupport_introspection_c/mavros_msgs/srv/detail/stream_rate__type_support.c.o
[ 51%] Building CXX object CMakeFiles/mavros_msgs__rosidl_typesupport_introspection_cpp.dir/rosidl_typesupport_introspection_cpp/mavros_msgs/msg/detail/hil_actuator_controls__type_support.cpp.o
[ 52%] Building CXX object CMakeFiles/mavros_msgs__rosidl_typesupport_fastrtps_cpp.dir/rosidl_typesupport_fastrtps_cpp/mavros_msgs/msg/detail/dds_fastrtps/gimbal_device_set_attitude__type_support.cpp.o
[ 52%] Building C object CMakeFiles/mavros_msgs__rosidl_typesupport_introspection_c.dir/rosidl_typesupport_introspection_c/mavros_msgs/srv/detail/vehicle_info_get__type_support.c.o
[ 52%] Building C object CMakeFiles/mavros_msgs__rosidl_typesupport_introspection_c.dir/rosidl_typesupport_introspection_c/mavros_msgs/srv/detail/waypoint_clear__type_support.c.o
[ 52%] Building CXX object CMakeFiles/mavros_msgs__rosidl_typesupport_cpp.dir/rosidl_typesupport_cpp/mavros_msgs/msg/rc_out__type_support.cpp.o
[ 53%] Building C object CMakeFiles/mavros_msgs__rosidl_typesupport_introspection_c.dir/rosidl_typesupport_introspection_c/mavros_msgs/srv/detail/waypoint_pull__type_support.c.o
[ 53%] Building C object CMakeFiles/mavros_msgs__rosidl_typesupport_introspection_c.dir/rosidl_typesupport_introspection_c/mavros_msgs/srv/detail/waypoint_push__type_support.c.o
[ 53%] Building CXX object CMakeFiles/mavros_msgs__rosidl_typesupport_cpp.dir/rosidl_typesupport_cpp/mavros_msgs/msg/rtcm__type_support.cpp.o
[ 53%] Building C object CMakeFiles/mavros_msgs__rosidl_typesupport_introspection_c.dir/rosidl_typesupport_introspection_c/mavros_msgs/srv/detail/waypoint_set_current__type_support.c.o
[ 53%] Linking C shared library libmavros_msgs__rosidl_typesupport_introspection_c.so
[ 54%] Building CXX object CMakeFiles/mavros_msgs__rosidl_typesupport_fastrtps_c.dir/rosidl_typesupport_fastrtps_c/mavros_msgs/msg/detail/gpsraw__type_support_c.cpp.o
[ 54%] Building CXX object CMakeFiles/mavros_msgs__rosidl_typesupport_fastrtps_cpp.dir/rosidl_typesupport_fastrtps_cpp/mavros_msgs/msg/detail/dds_fastrtps/gimbal_manager_information__type_support.cpp.o
[ 54%] Built target mavros_msgs__rosidl_typesupport_introspection_c
[ 54%] Building CXX object CMakeFiles/mavros_msgs__rosidl_typesupport_fastrtps_cpp.dir/rosidl_typesupport_fastrtps_cpp/mavros_msgs/msg/detail/dds_fastrtps/gimbal_manager_set_attitude__type_support.cpp.o
[ 54%] Building CXX object CMakeFiles/mavros_msgs__rosidl_typesupport_introspection_cpp.dir/rosidl_typesupport_introspection_cpp/mavros_msgs/msg/detail/hil_controls__type_support.cpp.o
[ 54%] Building CXX object CMakeFiles/mavros_msgs__rosidl_typesupport_cpp.dir/rosidl_typesupport_cpp/mavros_msgs/msg/rtk_baseline__type_support.cpp.o
[ 54%] Building CXX object CMakeFiles/mavros_msgs__rosidl_typesupport_fastrtps_cpp.dir/rosidl_typesupport_fastrtps_cpp/mavros_msgs/msg/detail/dds_fastrtps/gimbal_manager_set_pitchyaw__type_support.cpp.o
[ 54%] Building CXX object CMakeFiles/mavros_msgs__rosidl_typesupport_fastrtps_c.dir/rosidl_typesupport_fastrtps_c/mavros_msgs/msg/detail/gpsrtk__type_support_c.cpp.o
[ 54%] Building CXX object CMakeFiles/mavros_msgs__rosidl_typesupport_fastrtps_cpp.dir/rosidl_typesupport_fastrtps_cpp/mavros_msgs/msg/detail/dds_fastrtps/gimbal_manager_status__type_support.cpp.o
[ 54%] Building CXX object CMakeFiles/mavros_msgs__rosidl_typesupport_introspection_cpp.dir/rosidl_typesupport_introspection_cpp/mavros_msgs/msg/detail/hil_gps__type_support.cpp.o
[ 54%] Building CXX object CMakeFiles/mavros_msgs__rosidl_typesupport_cpp.dir/rosidl_typesupport_cpp/mavros_msgs/msg/radio_status__type_support.cpp.o
[ 54%] Building CXX object CMakeFiles/mavros_msgs__rosidl_typesupport_fastrtps_cpp.dir/rosidl_typesupport_fastrtps_cpp/mavros_msgs/msg/detail/dds_fastrtps/global_position_target__type_support.cpp.o
[ 54%] Building CXX object CMakeFiles/mavros_msgs__rosidl_typesupport_introspection_cpp.dir/rosidl_typesupport_introspection_cpp/mavros_msgs/msg/detail/hil_sensor__type_support.cpp.o
[ 54%] Building CXX object CMakeFiles/mavros_msgs__rosidl_typesupport_fastrtps_cpp.dir/rosidl_typesupport_fastrtps_cpp/mavros_msgs/msg/detail/dds_fastrtps/hil_actuator_controls__type_support.cpp.o
[ 54%] Building CXX object CMakeFiles/mavros_msgs__rosidl_typesupport_fastrtps_c.dir/rosidl_typesupport_fastrtps_c/mavros_msgs/msg/detail/gimbal_device_attitude_status__type_support_c.cpp.o
[ 55%] Building CXX object CMakeFiles/mavros_msgs__rosidl_typesupport_introspection_cpp.dir/rosidl_typesupport_introspection_cpp/mavros_msgs/msg/detail/hil_state_quaternion__type_support.cpp.o
[ 55%] Building CXX object CMakeFiles/mavros_msgs__rosidl_typesupport_cpp.dir/rosidl_typesupport_cpp/mavros_msgs/msg/state__type_support.cpp.o
[ 55%] Building CXX object CMakeFiles/mavros_msgs__rosidl_typesupport_cpp.dir/rosidl_typesupport_cpp/mavros_msgs/msg/status_event__type_support.cpp.o
[ 55%] Building CXX object CMakeFiles/mavros_msgs__rosidl_typesupport_introspection_cpp.dir/rosidl_typesupport_introspection_cpp/mavros_msgs/msg/detail/home_position__type_support.cpp.o
[ 55%] Building CXX object CMakeFiles/mavros_msgs__rosidl_typesupport_fastrtps_c.dir/rosidl_typesupport_fastrtps_c/mavros_msgs/msg/detail/gimbal_device_information__type_support_c.cpp.o
[ 55%] Building CXX object CMakeFiles/mavros_msgs__rosidl_typesupport_fastrtps_c.dir/rosidl_typesupport_fastrtps_c/mavros_msgs/msg/detail/gimbal_device_set_attitude__type_support_c.cpp.o
[ 55%] Building CXX object CMakeFiles/mavros_msgs__rosidl_typesupport_fastrtps_cpp.dir/rosidl_typesupport_fastrtps_cpp/mavros_msgs/msg/detail/dds_fastrtps/hil_controls__type_support.cpp.o
[ 55%] Building CXX object CMakeFiles/mavros_msgs__rosidl_typesupport_fastrtps_cpp.dir/rosidl_typesupport_fastrtps_cpp/mavros_msgs/msg/detail/dds_fastrtps/hil_gps__type_support.cpp.o
[ 56%] Building CXX object CMakeFiles/mavros_msgs__rosidl_typesupport_cpp.dir/rosidl_typesupport_cpp/mavros_msgs/msg/status_text__type_support.cpp.o
[ 56%] Building CXX object CMakeFiles/mavros_msgs__rosidl_typesupport_cpp.dir/rosidl_typesupport_cpp/mavros_msgs/msg/sys_status__type_support.cpp.o
[ 56%] Building CXX object CMakeFiles/mavros_msgs__rosidl_typesupport_fastrtps_cpp.dir/rosidl_typesupport_fastrtps_cpp/mavros_msgs/msg/detail/dds_fastrtps/hil_sensor__type_support.cpp.o
[ 56%] Building CXX object CMakeFiles/mavros_msgs__rosidl_typesupport_introspection_cpp.dir/rosidl_typesupport_introspection_cpp/mavros_msgs/msg/detail/landing_target__type_support.cpp.o
[ 57%] Building CXX object CMakeFiles/mavros_msgs__rosidl_typesupport_fastrtps_cpp.dir/rosidl_typesupport_fastrtps_cpp/mavros_msgs/msg/detail/dds_fastrtps/hil_state_quaternion__type_support.cpp.o
[ 57%] Building CXX object CMakeFiles/mavros_msgs__rosidl_typesupport_fastrtps_c.dir/rosidl_typesupport_fastrtps_c/mavros_msgs/msg/detail/gimbal_manager_information__type_support_c.cpp.o
[ 57%] Building CXX object CMakeFiles/mavros_msgs__rosidl_typesupport_introspection_cpp.dir/rosidl_typesupport_introspection_cpp/mavros_msgs/msg/detail/log_data__type_support.cpp.o
[ 57%] Building CXX object CMakeFiles/mavros_msgs__rosidl_typesupport_cpp.dir/rosidl_typesupport_cpp/mavros_msgs/msg/terrain_report__type_support.cpp.o
[ 57%] Building CXX object CMakeFiles/mavros_msgs__rosidl_typesupport_fastrtps_cpp.dir/rosidl_typesupport_fastrtps_cpp/mavros_msgs/msg/detail/dds_fastrtps/home_position__type_support.cpp.o
[ 57%] Building CXX object CMakeFiles/mavros_msgs__rosidl_typesupport_fastrtps_cpp.dir/rosidl_typesupport_fastrtps_cpp/mavros_msgs/msg/detail/dds_fastrtps/landing_target__type_support.cpp.o
[ 57%] Building CXX object CMakeFiles/mavros_msgs__rosidl_typesupport_cpp.dir/rosidl_typesupport_cpp/mavros_msgs/msg/thrust__type_support.cpp.o
[ 57%] Building CXX object CMakeFiles/mavros_msgs__rosidl_typesupport_fastrtps_cpp.dir/rosidl_typesupport_fastrtps_cpp/mavros_msgs/msg/detail/dds_fastrtps/log_data__type_support.cpp.o
[ 57%] Building CXX object CMakeFiles/mavros_msgs__rosidl_typesupport_fastrtps_c.dir/rosidl_typesupport_fastrtps_c/mavros_msgs/msg/detail/gimbal_manager_set_attitude__type_support_c.cpp.o
[ 57%] Building CXX object CMakeFiles/mavros_msgs__rosidl_typesupport_fastrtps_c.dir/rosidl_typesupport_fastrtps_c/mavros_msgs/msg/detail/gimbal_manager_set_pitchyaw__type_support_c.cpp.o
[ 57%] Building CXX object CMakeFiles/mavros_msgs__rosidl_typesupport_fastrtps_c.dir/rosidl_typesupport_fastrtps_c/mavros_msgs/msg/detail/gimbal_manager_status__type_support_c.cpp.o
[ 57%] Building CXX object CMakeFiles/mavros_msgs__rosidl_typesupport_introspection_cpp.dir/rosidl_typesupport_introspection_cpp/mavros_msgs/msg/detail/log_entry__type_support.cpp.o
[ 57%] Building CXX object CMakeFiles/mavros_msgs__rosidl_typesupport_introspection_cpp.dir/rosidl_typesupport_introspection_cpp/mavros_msgs/msg/detail/magnetometer_reporter__type_support.cpp.o
[ 57%] Building CXX object CMakeFiles/mavros_msgs__rosidl_typesupport_introspection_cpp.dir/rosidl_typesupport_introspection_cpp/mavros_msgs/msg/detail/manual_control__type_support.cpp.o
[ 57%] Building CXX object CMakeFiles/mavros_msgs__rosidl_typesupport_cpp.dir/rosidl_typesupport_cpp/mavros_msgs/msg/timesync_status__type_support.cpp.o
[ 57%] Building CXX object CMakeFiles/mavros_msgs__rosidl_typesupport_fastrtps_c.dir/rosidl_typesupport_fastrtps_c/mavros_msgs/msg/detail/global_position_target__type_support_c.cpp.o
[ 58%] Building CXX object CMakeFiles/mavros_msgs__rosidl_typesupport_fastrtps_c.dir/rosidl_typesupport_fastrtps_c/mavros_msgs/msg/detail/hil_actuator_controls__type_support_c.cpp.o
[ 58%] Building CXX object CMakeFiles/mavros_msgs__rosidl_typesupport_fastrtps_c.dir/rosidl_typesupport_fastrtps_c/mavros_msgs/msg/detail/hil_controls__type_support_c.cpp.o
[ 58%] Building CXX object CMakeFiles/mavros_msgs__rosidl_typesupport_fastrtps_cpp.dir/rosidl_typesupport_fastrtps_cpp/mavros_msgs/msg/detail/dds_fastrtps/log_entry__type_support.cpp.o
[ 58%] Building CXX object CMakeFiles/mavros_msgs__rosidl_typesupport_cpp.dir/rosidl_typesupport_cpp/mavros_msgs/msg/trajectory__type_support.cpp.o
[ 58%] Building CXX object CMakeFiles/mavros_msgs__rosidl_typesupport_cpp.dir/rosidl_typesupport_cpp/mavros_msgs/msg/tunnel__type_support.cpp.o
[ 58%] Building CXX object CMakeFiles/mavros_msgs__rosidl_typesupport_introspection_cpp.dir/rosidl_typesupport_introspection_cpp/mavros_msgs/msg/detail/mavlink__type_support.cpp.o
[ 58%] Building CXX object CMakeFiles/mavros_msgs__rosidl_typesupport_fastrtps_c.dir/rosidl_typesupport_fastrtps_c/mavros_msgs/msg/detail/hil_gps__type_support_c.cpp.o
[ 58%] Building CXX object CMakeFiles/mavros_msgs__rosidl_typesupport_cpp.dir/rosidl_typesupport_cpp/mavros_msgs/msg/vehicle_info__type_support.cpp.o
[ 58%] Building CXX object CMakeFiles/mavros_msgs__rosidl_typesupport_cpp.dir/rosidl_typesupport_cpp/mavros_msgs/msg/vfr_hud__type_support.cpp.o
[ 58%] Building CXX object CMakeFiles/mavros_msgs__rosidl_typesupport_cpp.dir/rosidl_typesupport_cpp/mavros_msgs/msg/vibration__type_support.cpp.o
[ 58%] Building CXX object CMakeFiles/mavros_msgs__rosidl_typesupport_fastrtps_c.dir/rosidl_typesupport_fastrtps_c/mavros_msgs/msg/detail/hil_sensor__type_support_c.cpp.o
[ 58%] Building CXX object CMakeFiles/mavros_msgs__rosidl_typesupport_fastrtps_cpp.dir/rosidl_typesupport_fastrtps_cpp/mavros_msgs/msg/detail/dds_fastrtps/magnetometer_reporter__type_support.cpp.o
[ 59%] Building CXX object CMakeFiles/mavros_msgs__rosidl_typesupport_cpp.dir/rosidl_typesupport_cpp/mavros_msgs/msg/waypoint__type_support.cpp.o
[ 59%] Building CXX object CMakeFiles/mavros_msgs__rosidl_typesupport_cpp.dir/rosidl_typesupport_cpp/mavros_msgs/msg/waypoint_list__type_support.cpp.o
[ 59%] Building CXX object CMakeFiles/mavros_msgs__rosidl_typesupport_cpp.dir/rosidl_typesupport_cpp/mavros_msgs/msg/waypoint_reached__type_support.cpp.o
[ 59%] Building CXX object CMakeFiles/mavros_msgs__rosidl_typesupport_cpp.dir/rosidl_typesupport_cpp/mavros_msgs/msg/wheel_odom_stamped__type_support.cpp.o
[ 59%] Building CXX object CMakeFiles/mavros_msgs__rosidl_typesupport_introspection_cpp.dir/rosidl_typesupport_introspection_cpp/mavros_msgs/msg/detail/mount_control__type_support.cpp.o
[ 59%] Building CXX object CMakeFiles/mavros_msgs__rosidl_typesupport_cpp.dir/rosidl_typesupport_cpp/mavros_msgs/srv/command_ack__type_support.cpp.o
[ 59%] Building CXX object CMakeFiles/mavros_msgs__rosidl_typesupport_fastrtps_c.dir/rosidl_typesupport_fastrtps_c/mavros_msgs/msg/detail/hil_state_quaternion__type_support_c.cpp.o
[ 59%] Building CXX object CMakeFiles/mavros_msgs__rosidl_typesupport_introspection_cpp.dir/rosidl_typesupport_introspection_cpp/mavros_msgs/msg/detail/nav_controller_output__type_support.cpp.o
[ 59%] Building CXX object CMakeFiles/mavros_msgs__rosidl_typesupport_fastrtps_cpp.dir/rosidl_typesupport_fastrtps_cpp/mavros_msgs/msg/detail/dds_fastrtps/manual_control__type_support.cpp.o
[ 59%] Building CXX object CMakeFiles/mavros_msgs__rosidl_typesupport_fastrtps_cpp.dir/rosidl_typesupport_fastrtps_cpp/mavros_msgs/msg/detail/dds_fastrtps/mavlink__type_support.cpp.o
[ 59%] Building CXX object CMakeFiles/mavros_msgs__rosidl_typesupport_fastrtps_cpp.dir/rosidl_typesupport_fastrtps_cpp/mavros_msgs/msg/detail/dds_fastrtps/mount_control__type_support.cpp.o
[ 59%] Building CXX object CMakeFiles/mavros_msgs__rosidl_typesupport_introspection_cpp.dir/rosidl_typesupport_introspection_cpp/mavros_msgs/msg/detail/onboard_computer_status__type_support.cpp.o
[ 59%] Building CXX object CMakeFiles/mavros_msgs__rosidl_typesupport_cpp.dir/rosidl_typesupport_cpp/mavros_msgs/srv/command_bool__type_support.cpp.o
[ 59%] Building CXX object CMakeFiles/mavros_msgs__rosidl_typesupport_fastrtps_cpp.dir/rosidl_typesupport_fastrtps_cpp/mavros_msgs/msg/detail/dds_fastrtps/nav_controller_output__type_support.cpp.o
[ 59%] Building CXX object CMakeFiles/mavros_msgs__rosidl_typesupport_fastrtps_c.dir/rosidl_typesupport_fastrtps_c/mavros_msgs/msg/detail/home_position__type_support_c.cpp.o
[ 60%] Building CXX object CMakeFiles/mavros_msgs__rosidl_typesupport_introspection_cpp.dir/rosidl_typesupport_introspection_cpp/mavros_msgs/msg/detail/open_drone_id_basic_id__type_support.cpp.o
[ 60%] Building CXX object CMakeFiles/mavros_msgs__rosidl_typesupport_cpp.dir/rosidl_typesupport_cpp/mavros_msgs/srv/command_home__type_support.cpp.o
[ 60%] Building CXX object CMakeFiles/mavros_msgs__rosidl_typesupport_cpp.dir/rosidl_typesupport_cpp/mavros_msgs/srv/command_int__type_support.cpp.o
[ 60%] Building CXX object CMakeFiles/mavros_msgs__rosidl_typesupport_cpp.dir/rosidl_typesupport_cpp/mavros_msgs/srv/command_long__type_support.cpp.o
[ 60%] Building CXX object CMakeFiles/mavros_msgs__rosidl_typesupport_cpp.dir/rosidl_typesupport_cpp/mavros_msgs/srv/command_tol__type_support.cpp.o
[ 60%] Building CXX object CMakeFiles/mavros_msgs__rosidl_typesupport_introspection_cpp.dir/rosidl_typesupport_introspection_cpp/mavros_msgs/msg/detail/open_drone_id_operator_id__type_support.cpp.o
[ 60%] Building CXX object CMakeFiles/mavros_msgs__rosidl_typesupport_fastrtps_c.dir/rosidl_typesupport_fastrtps_c/mavros_msgs/msg/detail/landing_target__type_support_c.cpp.o
[ 60%] Building CXX object CMakeFiles/mavros_msgs__rosidl_typesupport_fastrtps_cpp.dir/rosidl_typesupport_fastrtps_cpp/mavros_msgs/msg/detail/dds_fastrtps/onboard_computer_status__type_support.cpp.o
[ 61%] Building CXX object CMakeFiles/mavros_msgs__rosidl_typesupport_fastrtps_cpp.dir/rosidl_typesupport_fastrtps_cpp/mavros_msgs/msg/detail/dds_fastrtps/open_drone_id_basic_id__type_support.cpp.o
[ 61%] Building CXX object CMakeFiles/mavros_msgs__rosidl_typesupport_fastrtps_cpp.dir/rosidl_typesupport_fastrtps_cpp/mavros_msgs/msg/detail/dds_fastrtps/open_drone_id_operator_id__type_support.cpp.o
[ 61%] Building CXX object CMakeFiles/mavros_msgs__rosidl_typesupport_fastrtps_cpp.dir/rosidl_typesupport_fastrtps_cpp/mavros_msgs/msg/detail/dds_fastrtps/open_drone_id_self_id__type_support.cpp.o
[ 61%] Building CXX object CMakeFiles/mavros_msgs__rosidl_typesupport_introspection_cpp.dir/rosidl_typesupport_introspection_cpp/mavros_msgs/msg/detail/open_drone_id_self_id__type_support.cpp.o
[ 61%] Building CXX object CMakeFiles/mavros_msgs__rosidl_typesupport_cpp.dir/rosidl_typesupport_cpp/mavros_msgs/srv/command_tol_local__type_support.cpp.o
[ 62%] Building CXX object CMakeFiles/mavros_msgs__rosidl_typesupport_cpp.dir/rosidl_typesupport_cpp/mavros_msgs/srv/command_trigger_control__type_support.cpp.o
[ 62%] Building CXX object CMakeFiles/mavros_msgs__rosidl_typesupport_fastrtps_c.dir/rosidl_typesupport_fastrtps_c/mavros_msgs/msg/detail/log_data__type_support_c.cpp.o
[ 62%] Building CXX object CMakeFiles/mavros_msgs__rosidl_typesupport_fastrtps_c.dir/rosidl_typesupport_fastrtps_c/mavros_msgs/msg/detail/log_entry__type_support_c.cpp.o
[ 62%] Building CXX object CMakeFiles/mavros_msgs__rosidl_typesupport_introspection_cpp.dir/rosidl_typesupport_introspection_cpp/mavros_msgs/msg/detail/open_drone_id_system__type_support.cpp.o
[ 62%] Building CXX object CMakeFiles/mavros_msgs__rosidl_typesupport_fastrtps_c.dir/rosidl_typesupport_fastrtps_c/mavros_msgs/msg/detail/magnetometer_reporter__type_support_c.cpp.o
[ 62%] Building CXX object CMakeFiles/mavros_msgs__rosidl_typesupport_fastrtps_cpp.dir/rosidl_typesupport_fastrtps_cpp/mavros_msgs/msg/detail/dds_fastrtps/open_drone_id_system__type_support.cpp.o
[ 62%] Building CXX object CMakeFiles/mavros_msgs__rosidl_typesupport_fastrtps_cpp.dir/rosidl_typesupport_fastrtps_cpp/mavros_msgs/msg/detail/dds_fastrtps/open_drone_id_system_update__type_support.cpp.o
[ 62%] Building CXX object CMakeFiles/mavros_msgs__rosidl_typesupport_fastrtps_cpp.dir/rosidl_typesupport_fastrtps_cpp/mavros_msgs/msg/detail/dds_fastrtps/optical_flow__type_support.cpp.o
[ 62%] Building CXX object CMakeFiles/mavros_msgs__rosidl_typesupport_cpp.dir/rosidl_typesupport_cpp/mavros_msgs/srv/command_trigger_interval__type_support.cpp.o
[ 62%] Building CXX object CMakeFiles/mavros_msgs__rosidl_typesupport_cpp.dir/rosidl_typesupport_cpp/mavros_msgs/srv/command_vtol_transition__type_support.cpp.o
[ 62%] Building CXX object CMakeFiles/mavros_msgs__rosidl_typesupport_cpp.dir/rosidl_typesupport_cpp/mavros_msgs/srv/endpoint_add__type_support.cpp.o
[ 63%] Building CXX object CMakeFiles/mavros_msgs__rosidl_typesupport_fastrtps_c.dir/rosidl_typesupport_fastrtps_c/mavros_msgs/msg/detail/manual_control__type_support_c.cpp.o
[ 63%] Building CXX object CMakeFiles/mavros_msgs__rosidl_typesupport_introspection_cpp.dir/rosidl_typesupport_introspection_cpp/mavros_msgs/msg/detail/open_drone_id_system_update__type_support.cpp.o
[ 63%] Building CXX object CMakeFiles/mavros_msgs__rosidl_typesupport_introspection_cpp.dir/rosidl_typesupport_introspection_cpp/mavros_msgs/msg/detail/optical_flow__type_support.cpp.o
[ 63%] Building CXX object CMakeFiles/mavros_msgs__rosidl_typesupport_introspection_cpp.dir/rosidl_typesupport_introspection_cpp/mavros_msgs/msg/detail/optical_flow_rad__type_support.cpp.o
[ 63%] Building CXX object CMakeFiles/mavros_msgs__rosidl_typesupport_fastrtps_c.dir/rosidl_typesupport_fastrtps_c/mavros_msgs/msg/detail/mavlink__type_support_c.cpp.o
[ 63%] Building CXX object CMakeFiles/mavros_msgs__rosidl_typesupport_fastrtps_cpp.dir/rosidl_typesupport_fastrtps_cpp/mavros_msgs/msg/detail/dds_fastrtps/optical_flow_rad__type_support.cpp.o
[ 63%] Building CXX object CMakeFiles/mavros_msgs__rosidl_typesupport_introspection_cpp.dir/rosidl_typesupport_introspection_cpp/mavros_msgs/msg/detail/override_rc_in__type_support.cpp.o
[ 63%] Building CXX object CMakeFiles/mavros_msgs__rosidl_typesupport_cpp.dir/rosidl_typesupport_cpp/mavros_msgs/srv/endpoint_del__type_support.cpp.o
[ 63%] Building CXX object CMakeFiles/mavros_msgs__rosidl_typesupport_introspection_cpp.dir/rosidl_typesupport_introspection_cpp/mavros_msgs/msg/detail/param__type_support.cpp.o
[ 63%] Building CXX object CMakeFiles/mavros_msgs__rosidl_typesupport_fastrtps_c.dir/rosidl_typesupport_fastrtps_c/mavros_msgs/msg/detail/mount_control__type_support_c.cpp.o
[ 63%] Building CXX object CMakeFiles/mavros_msgs__rosidl_typesupport_fastrtps_c.dir/rosidl_typesupport_fastrtps_c/mavros_msgs/msg/detail/nav_controller_output__type_support_c.cpp.o
[ 63%] Building CXX object CMakeFiles/mavros_msgs__rosidl_typesupport_fastrtps_c.dir/rosidl_typesupport_fastrtps_c/mavros_msgs/msg/detail/onboard_computer_status__type_support_c.cpp.o
[ 63%] Building CXX object CMakeFiles/mavros_msgs__rosidl_typesupport_fastrtps_c.dir/rosidl_typesupport_fastrtps_c/mavros_msgs/msg/detail/open_drone_id_basic_id__type_support_c.cpp.o
[ 63%] Building CXX object CMakeFiles/mavros_msgs__rosidl_typesupport_cpp.dir/rosidl_typesupport_cpp/mavros_msgs/srv/file_checksum__type_support.cpp.o
[ 63%] Building CXX object CMakeFiles/mavros_msgs__rosidl_typesupport_fastrtps_cpp.dir/rosidl_typesupport_fastrtps_cpp/mavros_msgs/msg/detail/dds_fastrtps/override_rc_in__type_support.cpp.o
[ 63%] Building CXX object CMakeFiles/mavros_msgs__rosidl_typesupport_introspection_cpp.dir/rosidl_typesupport_introspection_cpp/mavros_msgs/msg/detail/param_event__type_support.cpp.o
[ 63%] Building CXX object CMakeFiles/mavros_msgs__rosidl_typesupport_cpp.dir/rosidl_typesupport_cpp/mavros_msgs/srv/file_close__type_support.cpp.o
[ 63%] Building CXX object CMakeFiles/mavros_msgs__rosidl_typesupport_fastrtps_cpp.dir/rosidl_typesupport_fastrtps_cpp/mavros_msgs/msg/detail/dds_fastrtps/param__type_support.cpp.o
[ 63%] Building CXX object CMakeFiles/mavros_msgs__rosidl_typesupport_fastrtps_cpp.dir/rosidl_typesupport_fastrtps_cpp/mavros_msgs/msg/detail/dds_fastrtps/param_event__type_support.cpp.o
[ 63%] Building CXX object CMakeFiles/mavros_msgs__rosidl_typesupport_cpp.dir/rosidl_typesupport_cpp/mavros_msgs/srv/file_list__type_support.cpp.o
[ 63%] Building CXX object CMakeFiles/mavros_msgs__rosidl_typesupport_fastrtps_c.dir/rosidl_typesupport_fastrtps_c/mavros_msgs/msg/detail/open_drone_id_operator_id__type_support_c.cpp.o
[ 64%] Building CXX object CMakeFiles/mavros_msgs__rosidl_typesupport_fastrtps_cpp.dir/rosidl_typesupport_fastrtps_cpp/mavros_msgs/msg/detail/dds_fastrtps/param_value__type_support.cpp.o
[ 64%] Building CXX object CMakeFiles/mavros_msgs__rosidl_typesupport_fastrtps_cpp.dir/rosidl_typesupport_fastrtps_cpp/mavros_msgs/msg/detail/dds_fastrtps/play_tune_v2__type_support.cpp.o
[ 65%] Building CXX object CMakeFiles/mavros_msgs__rosidl_typesupport_introspection_cpp.dir/rosidl_typesupport_introspection_cpp/mavros_msgs/msg/detail/param_value__type_support.cpp.o
[ 65%] Building CXX object CMakeFiles/mavros_msgs__rosidl_typesupport_introspection_cpp.dir/rosidl_typesupport_introspection_cpp/mavros_msgs/msg/detail/play_tune_v2__type_support.cpp.o
[ 65%] Building CXX object CMakeFiles/mavros_msgs__rosidl_typesupport_cpp.dir/rosidl_typesupport_cpp/mavros_msgs/srv/file_make_dir__type_support.cpp.o
[ 65%] Building CXX object CMakeFiles/mavros_msgs__rosidl_typesupport_introspection_cpp.dir/rosidl_typesupport_introspection_cpp/mavros_msgs/msg/detail/position_target__type_support.cpp.o
[ 65%] Building CXX object CMakeFiles/mavros_msgs__rosidl_typesupport_fastrtps_cpp.dir/rosidl_typesupport_fastrtps_cpp/mavros_msgs/msg/detail/dds_fastrtps/position_target__type_support.cpp.o
[ 65%] Building CXX object CMakeFiles/mavros_msgs__rosidl_typesupport_fastrtps_c.dir/rosidl_typesupport_fastrtps_c/mavros_msgs/msg/detail/open_drone_id_self_id__type_support_c.cpp.o
[ 65%] Building CXX object CMakeFiles/mavros_msgs__rosidl_typesupport_fastrtps_cpp.dir/rosidl_typesupport_fastrtps_cpp/mavros_msgs/msg/detail/dds_fastrtps/rc_in__type_support.cpp.o
[ 65%] Building CXX object CMakeFiles/mavros_msgs__rosidl_typesupport_cpp.dir/rosidl_typesupport_cpp/mavros_msgs/srv/file_open__type_support.cpp.o
[ 66%] Building CXX object CMakeFiles/mavros_msgs__rosidl_typesupport_cpp.dir/rosidl_typesupport_cpp/mavros_msgs/srv/file_read__type_support.cpp.o
[ 66%] Building CXX object CMakeFiles/mavros_msgs__rosidl_typesupport_cpp.dir/rosidl_typesupport_cpp/mavros_msgs/srv/file_remove__type_support.cpp.o
[ 66%] Building CXX object CMakeFiles/mavros_msgs__rosidl_typesupport_cpp.dir/rosidl_typesupport_cpp/mavros_msgs/srv/file_remove_dir__type_support.cpp.o
[ 66%] Building CXX object CMakeFiles/mavros_msgs__rosidl_typesupport_introspection_cpp.dir/rosidl_typesupport_introspection_cpp/mavros_msgs/msg/detail/rc_in__type_support.cpp.o
[ 66%] Building CXX object CMakeFiles/mavros_msgs__rosidl_typesupport_fastrtps_cpp.dir/rosidl_typesupport_fastrtps_cpp/mavros_msgs/msg/detail/dds_fastrtps/rc_out__type_support.cpp.o
[ 66%] Building CXX object CMakeFiles/mavros_msgs__rosidl_typesupport_fastrtps_cpp.dir/rosidl_typesupport_fastrtps_cpp/mavros_msgs/msg/detail/dds_fastrtps/rtcm__type_support.cpp.o
[ 66%] Building CXX object CMakeFiles/mavros_msgs__rosidl_typesupport_cpp.dir/rosidl_typesupport_cpp/mavros_msgs/srv/file_rename__type_support.cpp.o
[ 66%] Building CXX object CMakeFiles/mavros_msgs__rosidl_typesupport_fastrtps_c.dir/rosidl_typesupport_fastrtps_c/mavros_msgs/msg/detail/open_drone_id_system__type_support_c.cpp.o
[ 66%] Building CXX object CMakeFiles/mavros_msgs__rosidl_typesupport_fastrtps_cpp.dir/rosidl_typesupport_fastrtps_cpp/mavros_msgs/msg/detail/dds_fastrtps/rtk_baseline__type_support.cpp.o
[ 66%] Building CXX object CMakeFiles/mavros_msgs__rosidl_typesupport_cpp.dir/rosidl_typesupport_cpp/mavros_msgs/srv/file_truncate__type_support.cpp.o
[ 66%] Building CXX object CMakeFiles/mavros_msgs__rosidl_typesupport_cpp.dir/rosidl_typesupport_cpp/mavros_msgs/srv/file_write__type_support.cpp.o
[ 66%] Building CXX object CMakeFiles/mavros_msgs__rosidl_typesupport_fastrtps_cpp.dir/rosidl_typesupport_fastrtps_cpp/mavros_msgs/msg/detail/dds_fastrtps/radio_status__type_support.cpp.o
[ 66%] Building CXX object CMakeFiles/mavros_msgs__rosidl_typesupport_introspection_cpp.dir/rosidl_typesupport_introspection_cpp/mavros_msgs/msg/detail/rc_out__type_support.cpp.o
[ 66%] Building CXX object CMakeFiles/mavros_msgs__rosidl_typesupport_fastrtps_c.dir/rosidl_typesupport_fastrtps_c/mavros_msgs/msg/detail/open_drone_id_system_update__type_support_c.cpp.o
[ 66%] Building CXX object CMakeFiles/mavros_msgs__rosidl_typesupport_cpp.dir/rosidl_typesupport_cpp/mavros_msgs/srv/gimbal_get_information__type_support.cpp.o
[ 66%] Building CXX object CMakeFiles/mavros_msgs__rosidl_typesupport_cpp.dir/rosidl_typesupport_cpp/mavros_msgs/srv/gimbal_manager_camera_track__type_support.cpp.o
[ 66%] Building CXX object CMakeFiles/mavros_msgs__rosidl_typesupport_fastrtps_cpp.dir/rosidl_typesupport_fastrtps_cpp/mavros_msgs/msg/detail/dds_fastrtps/state__type_support.cpp.o
[ 66%] Building CXX object CMakeFiles/mavros_msgs__rosidl_typesupport_fastrtps_c.dir/rosidl_typesupport_fastrtps_c/mavros_msgs/msg/detail/optical_flow__type_support_c.cpp.o
[ 66%] Building CXX object CMakeFiles/mavros_msgs__rosidl_typesupport_introspection_cpp.dir/rosidl_typesupport_introspection_cpp/mavros_msgs/msg/detail/rtcm__type_support.cpp.o
[ 67%] Building CXX object CMakeFiles/mavros_msgs__rosidl_typesupport_fastrtps_c.dir/rosidl_typesupport_fastrtps_c/mavros_msgs/msg/detail/optical_flow_rad__type_support_c.cpp.o
[ 67%] Building CXX object CMakeFiles/mavros_msgs__rosidl_typesupport_fastrtps_c.dir/rosidl_typesupport_fastrtps_c/mavros_msgs/msg/detail/override_rc_in__type_support_c.cpp.o
[ 67%] Building CXX object CMakeFiles/mavros_msgs__rosidl_typesupport_introspection_cpp.dir/rosidl_typesupport_introspection_cpp/mavros_msgs/msg/detail/rtk_baseline__type_support.cpp.o
[ 67%] Building CXX object CMakeFiles/mavros_msgs__rosidl_typesupport_cpp.dir/rosidl_typesupport_cpp/mavros_msgs/srv/gimbal_manager_configure__type_support.cpp.o
[ 67%] Building CXX object CMakeFiles/mavros_msgs__rosidl_typesupport_cpp.dir/rosidl_typesupport_cpp/mavros_msgs/srv/gimbal_manager_pitchyaw__type_support.cpp.o
[ 68%] Building CXX object CMakeFiles/mavros_msgs__rosidl_typesupport_cpp.dir/rosidl_typesupport_cpp/mavros_msgs/srv/gimbal_manager_set_roi__type_support.cpp.o
[ 68%] Building CXX object CMakeFiles/mavros_msgs__rosidl_typesupport_fastrtps_cpp.dir/rosidl_typesupport_fastrtps_cpp/mavros_msgs/msg/detail/dds_fastrtps/status_event__type_support.cpp.o
[ 69%] Building CXX object CMakeFiles/mavros_msgs__rosidl_typesupport_fastrtps_cpp.dir/rosidl_typesupport_fastrtps_cpp/mavros_msgs/msg/detail/dds_fastrtps/status_text__type_support.cpp.o
[ 69%] Building CXX object CMakeFiles/mavros_msgs__rosidl_typesupport_introspection_cpp.dir/rosidl_typesupport_introspection_cpp/mavros_msgs/msg/detail/radio_status__type_support.cpp.o
[ 69%] Building CXX object CMakeFiles/mavros_msgs__rosidl_typesupport_fastrtps_c.dir/rosidl_typesupport_fastrtps_c/mavros_msgs/msg/detail/param__type_support_c.cpp.o
[ 69%] Building CXX object CMakeFiles/mavros_msgs__rosidl_typesupport_introspection_cpp.dir/rosidl_typesupport_introspection_cpp/mavros_msgs/msg/detail/state__type_support.cpp.o
[ 69%] Building CXX object CMakeFiles/mavros_msgs__rosidl_typesupport_cpp.dir/rosidl_typesupport_cpp/mavros_msgs/srv/log_request_data__type_support.cpp.o
[ 69%] Building CXX object CMakeFiles/mavros_msgs__rosidl_typesupport_introspection_cpp.dir/rosidl_typesupport_introspection_cpp/mavros_msgs/msg/detail/status_event__type_support.cpp.o
[ 70%] Building CXX object CMakeFiles/mavros_msgs__rosidl_typesupport_introspection_cpp.dir/rosidl_typesupport_introspection_cpp/mavros_msgs/msg/detail/status_text__type_support.cpp.o
[ 70%] Building CXX object CMakeFiles/mavros_msgs__rosidl_typesupport_introspection_cpp.dir/rosidl_typesupport_introspection_cpp/mavros_msgs/msg/detail/sys_status__type_support.cpp.o
[ 70%] Building CXX object CMakeFiles/mavros_msgs__rosidl_typesupport_fastrtps_cpp.dir/rosidl_typesupport_fastrtps_cpp/mavros_msgs/msg/detail/dds_fastrtps/sys_status__type_support.cpp.o
[ 70%] Building CXX object CMakeFiles/mavros_msgs__rosidl_typesupport_cpp.dir/rosidl_typesupport_cpp/mavros_msgs/srv/log_request_end__type_support.cpp.o
[ 70%] Building CXX object CMakeFiles/mavros_msgs__rosidl_typesupport_fastrtps_c.dir/rosidl_typesupport_fastrtps_c/mavros_msgs/msg/detail/param_event__type_support_c.cpp.o
[ 70%] Building CXX object CMakeFiles/mavros_msgs__rosidl_typesupport_fastrtps_c.dir/rosidl_typesupport_fastrtps_c/mavros_msgs/msg/detail/param_value__type_support_c.cpp.o
[ 70%] Building CXX object CMakeFiles/mavros_msgs__rosidl_typesupport_fastrtps_c.dir/rosidl_typesupport_fastrtps_c/mavros_msgs/msg/detail/play_tune_v2__type_support_c.cpp.o
[ 70%] Building CXX object CMakeFiles/mavros_msgs__rosidl_typesupport_fastrtps_cpp.dir/rosidl_typesupport_fastrtps_cpp/mavros_msgs/msg/detail/dds_fastrtps/terrain_report__type_support.cpp.o
[ 70%] Building CXX object CMakeFiles/mavros_msgs__rosidl_typesupport_fastrtps_cpp.dir/rosidl_typesupport_fastrtps_cpp/mavros_msgs/msg/detail/dds_fastrtps/thrust__type_support.cpp.o
[ 70%] Building CXX object CMakeFiles/mavros_msgs__rosidl_typesupport_cpp.dir/rosidl_typesupport_cpp/mavros_msgs/srv/log_request_list__type_support.cpp.o
[ 70%] Building CXX object CMakeFiles/mavros_msgs__rosidl_typesupport_introspection_cpp.dir/rosidl_typesupport_introspection_cpp/mavros_msgs/msg/detail/terrain_report__type_support.cpp.o
[ 70%] Building CXX object CMakeFiles/mavros_msgs__rosidl_typesupport_fastrtps_cpp.dir/rosidl_typesupport_fastrtps_cpp/mavros_msgs/msg/detail/dds_fastrtps/timesync_status__type_support.cpp.o
[ 70%] Building CXX object CMakeFiles/mavros_msgs__rosidl_typesupport_cpp.dir/rosidl_typesupport_cpp/mavros_msgs/srv/message_interval__type_support.cpp.o
[ 70%] Building CXX object CMakeFiles/mavros_msgs__rosidl_typesupport_fastrtps_c.dir/rosidl_typesupport_fastrtps_c/mavros_msgs/msg/detail/position_target__type_support_c.cpp.o
[ 70%] Building CXX object CMakeFiles/mavros_msgs__rosidl_typesupport_cpp.dir/rosidl_typesupport_cpp/mavros_msgs/srv/mount_configure__type_support.cpp.o
[ 70%] Building CXX object CMakeFiles/mavros_msgs__rosidl_typesupport_fastrtps_cpp.dir/rosidl_typesupport_fastrtps_cpp/mavros_msgs/msg/detail/dds_fastrtps/trajectory__type_support.cpp.o
[ 70%] Building CXX object CMakeFiles/mavros_msgs__rosidl_typesupport_fastrtps_cpp.dir/rosidl_typesupport_fastrtps_cpp/mavros_msgs/msg/detail/dds_fastrtps/tunnel__type_support.cpp.o
[ 70%] Building CXX object CMakeFiles/mavros_msgs__rosidl_typesupport_fastrtps_cpp.dir/rosidl_typesupport_fastrtps_cpp/mavros_msgs/msg/detail/dds_fastrtps/vehicle_info__type_support.cpp.o
[ 70%] Building CXX object CMakeFiles/mavros_msgs__rosidl_typesupport_cpp.dir/rosidl_typesupport_cpp/mavros_msgs/srv/param_get__type_support.cpp.o
[ 70%] Building CXX object CMakeFiles/mavros_msgs__rosidl_typesupport_introspection_cpp.dir/rosidl_typesupport_introspection_cpp/mavros_msgs/msg/detail/thrust__type_support.cpp.o
[ 70%] Building CXX object CMakeFiles/mavros_msgs__rosidl_typesupport_fastrtps_c.dir/rosidl_typesupport_fastrtps_c/mavros_msgs/msg/detail/rc_in__type_support_c.cpp.o
[ 70%] Building CXX object CMakeFiles/mavros_msgs__rosidl_typesupport_fastrtps_cpp.dir/rosidl_typesupport_fastrtps_cpp/mavros_msgs/msg/detail/dds_fastrtps/vfr_hud__type_support.cpp.o
[ 70%] Building CXX object CMakeFiles/mavros_msgs__rosidl_typesupport_fastrtps_cpp.dir/rosidl_typesupport_fastrtps_cpp/mavros_msgs/msg/detail/dds_fastrtps/vibration__type_support.cpp.o
[ 70%] Building CXX object CMakeFiles/mavros_msgs__rosidl_typesupport_cpp.dir/rosidl_typesupport_cpp/mavros_msgs/srv/param_pull__type_support.cpp.o
[ 71%] Building CXX object CMakeFiles/mavros_msgs__rosidl_typesupport_fastrtps_cpp.dir/rosidl_typesupport_fastrtps_cpp/mavros_msgs/msg/detail/dds_fastrtps/waypoint__type_support.cpp.o
[ 71%] Building CXX object CMakeFiles/mavros_msgs__rosidl_typesupport_cpp.dir/rosidl_typesupport_cpp/mavros_msgs/srv/param_push__type_support.cpp.o
[ 71%] Building CXX object CMakeFiles/mavros_msgs__rosidl_typesupport_fastrtps_cpp.dir/rosidl_typesupport_fastrtps_cpp/mavros_msgs/msg/detail/dds_fastrtps/waypoint_list__type_support.cpp.o
[ 71%] Building CXX object CMakeFiles/mavros_msgs__rosidl_typesupport_introspection_cpp.dir/rosidl_typesupport_introspection_cpp/mavros_msgs/msg/detail/timesync_status__type_support.cpp.o
[ 71%] Building CXX object CMakeFiles/mavros_msgs__rosidl_typesupport_fastrtps_c.dir/rosidl_typesupport_fastrtps_c/mavros_msgs/msg/detail/rc_out__type_support_c.cpp.o
[ 71%] Building CXX object CMakeFiles/mavros_msgs__rosidl_typesupport_fastrtps_cpp.dir/rosidl_typesupport_fastrtps_cpp/mavros_msgs/msg/detail/dds_fastrtps/waypoint_reached__type_support.cpp.o
[ 71%] Building CXX object CMakeFiles/mavros_msgs__rosidl_typesupport_fastrtps_cpp.dir/rosidl_typesupport_fastrtps_cpp/mavros_msgs/msg/detail/dds_fastrtps/wheel_odom_stamped__type_support.cpp.o
[ 71%] Building CXX object CMakeFiles/mavros_msgs__rosidl_typesupport_fastrtps_cpp.dir/rosidl_typesupport_fastrtps_cpp/mavros_msgs/srv/detail/dds_fastrtps/command_ack__type_support.cpp.o
[ 71%] Building CXX object CMakeFiles/mavros_msgs__rosidl_typesupport_cpp.dir/rosidl_typesupport_cpp/mavros_msgs/srv/param_set__type_support.cpp.o
[ 72%] Building CXX object CMakeFiles/mavros_msgs__rosidl_typesupport_cpp.dir/rosidl_typesupport_cpp/mavros_msgs/srv/param_set_v2__type_support.cpp.o
[ 72%] Building CXX object CMakeFiles/mavros_msgs__rosidl_typesupport_fastrtps_c.dir/rosidl_typesupport_fastrtps_c/mavros_msgs/msg/detail/rtcm__type_support_c.cpp.o
[ 72%] Building CXX object CMakeFiles/mavros_msgs__rosidl_typesupport_introspection_cpp.dir/rosidl_typesupport_introspection_cpp/mavros_msgs/msg/detail/trajectory__type_support.cpp.o
[ 72%] Building CXX object CMakeFiles/mavros_msgs__rosidl_typesupport_cpp.dir/rosidl_typesupport_cpp/mavros_msgs/srv/set_mav_frame__type_support.cpp.o
[ 72%] Building CXX object CMakeFiles/mavros_msgs__rosidl_typesupport_fastrtps_cpp.dir/rosidl_typesupport_fastrtps_cpp/mavros_msgs/srv/detail/dds_fastrtps/command_bool__type_support.cpp.o
[ 72%] Building CXX object CMakeFiles/mavros_msgs__rosidl_typesupport_fastrtps_cpp.dir/rosidl_typesupport_fastrtps_cpp/mavros_msgs/srv/detail/dds_fastrtps/command_home__type_support.cpp.o
[ 72%] Building CXX object CMakeFiles/mavros_msgs__rosidl_typesupport_cpp.dir/rosidl_typesupport_cpp/mavros_msgs/srv/set_mode__type_support.cpp.o
[ 73%] Building CXX object CMakeFiles/mavros_msgs__rosidl_typesupport_fastrtps_c.dir/rosidl_typesupport_fastrtps_c/mavros_msgs/msg/detail/rtk_baseline__type_support_c.cpp.o
[ 73%] Building CXX object CMakeFiles/mavros_msgs__rosidl_typesupport_fastrtps_c.dir/rosidl_typesupport_fastrtps_c/mavros_msgs/msg/detail/radio_status__type_support_c.cpp.o
[ 73%] Building CXX object CMakeFiles/mavros_msgs__rosidl_typesupport_introspection_cpp.dir/rosidl_typesupport_introspection_cpp/mavros_msgs/msg/detail/tunnel__type_support.cpp.o
[ 73%] Building CXX object CMakeFiles/mavros_msgs__rosidl_typesupport_introspection_cpp.dir/rosidl_typesupport_introspection_cpp/mavros_msgs/msg/detail/vehicle_info__type_support.cpp.o
[ 73%] Building CXX object CMakeFiles/mavros_msgs__rosidl_typesupport_fastrtps_c.dir/rosidl_typesupport_fastrtps_c/mavros_msgs/msg/detail/state__type_support_c.cpp.o
[ 73%] Building CXX object CMakeFiles/mavros_msgs__rosidl_typesupport_cpp.dir/rosidl_typesupport_cpp/mavros_msgs/srv/stream_rate__type_support.cpp.o
[ 73%] Building CXX object CMakeFiles/mavros_msgs__rosidl_typesupport_cpp.dir/rosidl_typesupport_cpp/mavros_msgs/srv/vehicle_info_get__type_support.cpp.o
[ 73%] Building CXX object CMakeFiles/mavros_msgs__rosidl_typesupport_fastrtps_cpp.dir/rosidl_typesupport_fastrtps_cpp/mavros_msgs/srv/detail/dds_fastrtps/command_int__type_support.cpp.o
[ 73%] Building CXX object CMakeFiles/mavros_msgs__rosidl_typesupport_fastrtps_cpp.dir/rosidl_typesupport_fastrtps_cpp/mavros_msgs/srv/detail/dds_fastrtps/command_long__type_support.cpp.o
[ 73%] Building CXX object CMakeFiles/mavros_msgs__rosidl_typesupport_introspection_cpp.dir/rosidl_typesupport_introspection_cpp/mavros_msgs/msg/detail/vfr_hud__type_support.cpp.o
[ 73%] Building CXX object CMakeFiles/mavros_msgs__rosidl_typesupport_introspection_cpp.dir/rosidl_typesupport_introspection_cpp/mavros_msgs/msg/detail/vibration__type_support.cpp.o
[ 73%] Building CXX object CMakeFiles/mavros_msgs__rosidl_typesupport_cpp.dir/rosidl_typesupport_cpp/mavros_msgs/srv/waypoint_clear__type_support.cpp.o
[ 73%] Building CXX object CMakeFiles/mavros_msgs__rosidl_typesupport_fastrtps_c.dir/rosidl_typesupport_fastrtps_c/mavros_msgs/msg/detail/status_event__type_support_c.cpp.o
[ 73%] Building CXX object CMakeFiles/mavros_msgs__rosidl_typesupport_fastrtps_c.dir/rosidl_typesupport_fastrtps_c/mavros_msgs/msg/detail/status_text__type_support_c.cpp.o
[ 73%] Building CXX object CMakeFiles/mavros_msgs__rosidl_typesupport_fastrtps_c.dir/rosidl_typesupport_fastrtps_c/mavros_msgs/msg/detail/sys_status__type_support_c.cpp.o
[ 73%] Building CXX object CMakeFiles/mavros_msgs__rosidl_typesupport_fastrtps_c.dir/rosidl_typesupport_fastrtps_c/mavros_msgs/msg/detail/terrain_report__type_support_c.cpp.o
[ 73%] Building CXX object CMakeFiles/mavros_msgs__rosidl_typesupport_fastrtps_cpp.dir/rosidl_typesupport_fastrtps_cpp/mavros_msgs/srv/detail/dds_fastrtps/command_tol__type_support.cpp.o
[ 73%] Building CXX object CMakeFiles/mavros_msgs__rosidl_typesupport_cpp.dir/rosidl_typesupport_cpp/mavros_msgs/srv/waypoint_pull__type_support.cpp.o
[ 73%] Building CXX object CMakeFiles/mavros_msgs__rosidl_typesupport_fastrtps_c.dir/rosidl_typesupport_fastrtps_c/mavros_msgs/msg/detail/thrust__type_support_c.cpp.o
[ 73%] Building CXX object CMakeFiles/mavros_msgs__rosidl_typesupport_fastrtps_c.dir/rosidl_typesupport_fastrtps_c/mavros_msgs/msg/detail/timesync_status__type_support_c.cpp.o
[ 74%] Building CXX object CMakeFiles/mavros_msgs__rosidl_typesupport_introspection_cpp.dir/rosidl_typesupport_introspection_cpp/mavros_msgs/msg/detail/waypoint__type_support.cpp.o
[ 74%] Building CXX object CMakeFiles/mavros_msgs__rosidl_typesupport_introspection_cpp.dir/rosidl_typesupport_introspection_cpp/mavros_msgs/msg/detail/waypoint_list__type_support.cpp.o
[ 74%] Building CXX object CMakeFiles/mavros_msgs__rosidl_typesupport_introspection_cpp.dir/rosidl_typesupport_introspection_cpp/mavros_msgs/msg/detail/waypoint_reached__type_support.cpp.o
[ 74%] Building CXX object CMakeFiles/mavros_msgs__rosidl_typesupport_cpp.dir/rosidl_typesupport_cpp/mavros_msgs/srv/waypoint_push__type_support.cpp.o
[ 74%] Building CXX object CMakeFiles/mavros_msgs__rosidl_typesupport_fastrtps_c.dir/rosidl_typesupport_fastrtps_c/mavros_msgs/msg/detail/trajectory__type_support_c.cpp.o
[ 75%] Building CXX object CMakeFiles/mavros_msgs__rosidl_typesupport_fastrtps_c.dir/rosidl_typesupport_fastrtps_c/mavros_msgs/msg/detail/tunnel__type_support_c.cpp.o
[ 75%] Building CXX object CMakeFiles/mavros_msgs__rosidl_typesupport_fastrtps_cpp.dir/rosidl_typesupport_fastrtps_cpp/mavros_msgs/srv/detail/dds_fastrtps/command_tol_local__type_support.cpp.o
[ 75%] Building CXX object CMakeFiles/mavros_msgs__rosidl_typesupport_fastrtps_c.dir/rosidl_typesupport_fastrtps_c/mavros_msgs/msg/detail/vehicle_info__type_support_c.cpp.o
[ 75%] Building CXX object CMakeFiles/mavros_msgs__rosidl_typesupport_fastrtps_c.dir/rosidl_typesupport_fastrtps_c/mavros_msgs/msg/detail/vfr_hud__type_support_c.cpp.o
[ 75%] Building CXX object CMakeFiles/mavros_msgs__rosidl_typesupport_fastrtps_c.dir/rosidl_typesupport_fastrtps_c/mavros_msgs/msg/detail/vibration__type_support_c.cpp.o
[ 75%] Building CXX object CMakeFiles/mavros_msgs__rosidl_typesupport_cpp.dir/rosidl_typesupport_cpp/mavros_msgs/srv/waypoint_set_current__type_support.cpp.o
[ 75%] Building CXX object CMakeFiles/mavros_msgs__rosidl_typesupport_introspection_cpp.dir/rosidl_typesupport_introspection_cpp/mavros_msgs/msg/detail/wheel_odom_stamped__type_support.cpp.o
[ 75%] Building CXX object CMakeFiles/mavros_msgs__rosidl_typesupport_introspection_cpp.dir/rosidl_typesupport_introspection_cpp/mavros_msgs/srv/detail/command_ack__type_support.cpp.o
[ 76%] Building CXX object CMakeFiles/mavros_msgs__rosidl_typesupport_fastrtps_cpp.dir/rosidl_typesupport_fastrtps_cpp/mavros_msgs/srv/detail/dds_fastrtps/command_trigger_control__type_support.cpp.o
[ 76%] Building CXX object CMakeFiles/mavros_msgs__rosidl_typesupport_fastrtps_c.dir/rosidl_typesupport_fastrtps_c/mavros_msgs/msg/detail/waypoint__type_support_c.cpp.o
[ 76%] Building CXX object CMakeFiles/mavros_msgs__rosidl_typesupport_fastrtps_cpp.dir/rosidl_typesupport_fastrtps_cpp/mavros_msgs/srv/detail/dds_fastrtps/command_trigger_interval__type_support.cpp.o
[ 76%] Linking CXX shared library libmavros_msgs__rosidl_typesupport_cpp.so
[ 76%] Building CXX object CMakeFiles/mavros_msgs__rosidl_typesupport_fastrtps_cpp.dir/rosidl_typesupport_fastrtps_cpp/mavros_msgs/srv/detail/dds_fastrtps/command_vtol_transition__type_support.cpp.o
[ 76%] Building CXX object CMakeFiles/mavros_msgs__rosidl_typesupport_fastrtps_c.dir/rosidl_typesupport_fastrtps_c/mavros_msgs/msg/detail/waypoint_list__type_support_c.cpp.o
[ 76%] Built target mavros_msgs__rosidl_typesupport_cpp
[ 76%] Building CXX object CMakeFiles/mavros_msgs__rosidl_typesupport_fastrtps_c.dir/rosidl_typesupport_fastrtps_c/mavros_msgs/msg/detail/waypoint_reached__type_support_c.cpp.o
[ 76%] Building CXX object CMakeFiles/mavros_msgs__rosidl_typesupport_fastrtps_c.dir/rosidl_typesupport_fastrtps_c/mavros_msgs/msg/detail/wheel_odom_stamped__type_support_c.cpp.o
[ 76%] Building CXX object CMakeFiles/mavros_msgs__rosidl_typesupport_introspection_cpp.dir/rosidl_typesupport_introspection_cpp/mavros_msgs/srv/detail/command_bool__type_support.cpp.o
[ 76%] Building CXX object CMakeFiles/mavros_msgs__rosidl_typesupport_fastrtps_c.dir/rosidl_typesupport_fastrtps_c/mavros_msgs/srv/detail/command_ack__type_support_c.cpp.o
[ 76%] Building CXX object CMakeFiles/mavros_msgs__rosidl_typesupport_introspection_cpp.dir/rosidl_typesupport_introspection_cpp/mavros_msgs/srv/detail/command_home__type_support.cpp.o
[ 76%] Building CXX object CMakeFiles/mavros_msgs__rosidl_typesupport_fastrtps_c.dir/rosidl_typesupport_fastrtps_c/mavros_msgs/srv/detail/command_bool__type_support_c.cpp.o
[ 76%] Building CXX object CMakeFiles/mavros_msgs__rosidl_typesupport_introspection_cpp.dir/rosidl_typesupport_introspection_cpp/mavros_msgs/srv/detail/command_int__type_support.cpp.o
[ 76%] Building CXX object CMakeFiles/mavros_msgs__rosidl_typesupport_fastrtps_cpp.dir/rosidl_typesupport_fastrtps_cpp/mavros_msgs/srv/detail/dds_fastrtps/endpoint_add__type_support.cpp.o
[ 77%] Building CXX object CMakeFiles/mavros_msgs__rosidl_typesupport_fastrtps_c.dir/rosidl_typesupport_fastrtps_c/mavros_msgs/srv/detail/command_home__type_support_c.cpp.o
[ 77%] Building CXX object CMakeFiles/mavros_msgs__rosidl_typesupport_fastrtps_cpp.dir/rosidl_typesupport_fastrtps_cpp/mavros_msgs/srv/detail/dds_fastrtps/endpoint_del__type_support.cpp.o
[ 77%] Building CXX object CMakeFiles/mavros_msgs__rosidl_typesupport_fastrtps_cpp.dir/rosidl_typesupport_fastrtps_cpp/mavros_msgs/srv/detail/dds_fastrtps/file_checksum__type_support.cpp.o
[ 77%] Building CXX object CMakeFiles/mavros_msgs__rosidl_typesupport_fastrtps_c.dir/rosidl_typesupport_fastrtps_c/mavros_msgs/srv/detail/command_int__type_support_c.cpp.o
[ 77%] Building CXX object CMakeFiles/mavros_msgs__rosidl_typesupport_fastrtps_c.dir/rosidl_typesupport_fastrtps_c/mavros_msgs/srv/detail/command_long__type_support_c.cpp.o
[ 77%] Building CXX object CMakeFiles/mavros_msgs__rosidl_typesupport_fastrtps_cpp.dir/rosidl_typesupport_fastrtps_cpp/mavros_msgs/srv/detail/dds_fastrtps/file_close__type_support.cpp.o
[ 77%] Building CXX object CMakeFiles/mavros_msgs__rosidl_typesupport_fastrtps_cpp.dir/rosidl_typesupport_fastrtps_cpp/mavros_msgs/srv/detail/dds_fastrtps/file_list__type_support.cpp.o
[ 77%] Building CXX object CMakeFiles/mavros_msgs__rosidl_typesupport_introspection_cpp.dir/rosidl_typesupport_introspection_cpp/mavros_msgs/srv/detail/command_long__type_support.cpp.o
[ 77%] Building CXX object CMakeFiles/mavros_msgs__rosidl_typesupport_introspection_cpp.dir/rosidl_typesupport_introspection_cpp/mavros_msgs/srv/detail/command_tol__type_support.cpp.o
[ 77%] Building CXX object CMakeFiles/mavros_msgs__rosidl_typesupport_fastrtps_cpp.dir/rosidl_typesupport_fastrtps_cpp/mavros_msgs/srv/detail/dds_fastrtps/file_make_dir__type_support.cpp.o
[ 77%] Building CXX object CMakeFiles/mavros_msgs__rosidl_typesupport_fastrtps_c.dir/rosidl_typesupport_fastrtps_c/mavros_msgs/srv/detail/command_tol__type_support_c.cpp.o
[ 77%] Building CXX object CMakeFiles/mavros_msgs__rosidl_typesupport_fastrtps_cpp.dir/rosidl_typesupport_fastrtps_cpp/mavros_msgs/srv/detail/dds_fastrtps/file_open__type_support.cpp.o
[ 77%] Building CXX object CMakeFiles/mavros_msgs__rosidl_typesupport_fastrtps_c.dir/rosidl_typesupport_fastrtps_c/mavros_msgs/srv/detail/command_tol_local__type_support_c.cpp.o
[ 77%] Building CXX object CMakeFiles/mavros_msgs__rosidl_typesupport_fastrtps_c.dir/rosidl_typesupport_fastrtps_c/mavros_msgs/srv/detail/command_trigger_control__type_support_c.cpp.o
[ 78%] Building CXX object CMakeFiles/mavros_msgs__rosidl_typesupport_fastrtps_cpp.dir/rosidl_typesupport_fastrtps_cpp/mavros_msgs/srv/detail/dds_fastrtps/file_read__type_support.cpp.o
[ 78%] Building CXX object CMakeFiles/mavros_msgs__rosidl_typesupport_introspection_cpp.dir/rosidl_typesupport_introspection_cpp/mavros_msgs/srv/detail/command_tol_local__type_support.cpp.o
[ 78%] Building CXX object CMakeFiles/mavros_msgs__rosidl_typesupport_fastrtps_cpp.dir/rosidl_typesupport_fastrtps_cpp/mavros_msgs/srv/detail/dds_fastrtps/file_remove__type_support.cpp.o
[ 78%] Building CXX object CMakeFiles/mavros_msgs__rosidl_typesupport_fastrtps_cpp.dir/rosidl_typesupport_fastrtps_cpp/mavros_msgs/srv/detail/dds_fastrtps/file_remove_dir__type_support.cpp.o
[ 78%] Building CXX object CMakeFiles/mavros_msgs__rosidl_typesupport_fastrtps_cpp.dir/rosidl_typesupport_fastrtps_cpp/mavros_msgs/srv/detail/dds_fastrtps/file_rename__type_support.cpp.o
[ 78%] Building CXX object CMakeFiles/mavros_msgs__rosidl_typesupport_fastrtps_c.dir/rosidl_typesupport_fastrtps_c/mavros_msgs/srv/detail/command_trigger_interval__type_support_c.cpp.o
[ 79%] Building CXX object CMakeFiles/mavros_msgs__rosidl_typesupport_introspection_cpp.dir/rosidl_typesupport_introspection_cpp/mavros_msgs/srv/detail/command_trigger_control__type_support.cpp.o
[ 79%] Building CXX object CMakeFiles/mavros_msgs__rosidl_typesupport_fastrtps_c.dir/rosidl_typesupport_fastrtps_c/mavros_msgs/srv/detail/command_vtol_transition__type_support_c.cpp.o
[ 79%] Building CXX object CMakeFiles/mavros_msgs__rosidl_typesupport_introspection_cpp.dir/rosidl_typesupport_introspection_cpp/mavros_msgs/srv/detail/command_trigger_interval__type_support.cpp.o
[ 79%] Building CXX object CMakeFiles/mavros_msgs__rosidl_typesupport_introspection_cpp.dir/rosidl_typesupport_introspection_cpp/mavros_msgs/srv/detail/command_vtol_transition__type_support.cpp.o
[ 79%] Building CXX object CMakeFiles/mavros_msgs__rosidl_typesupport_fastrtps_cpp.dir/rosidl_typesupport_fastrtps_cpp/mavros_msgs/srv/detail/dds_fastrtps/file_truncate__type_support.cpp.o
[ 79%] Building CXX object CMakeFiles/mavros_msgs__rosidl_typesupport_fastrtps_cpp.dir/rosidl_typesupport_fastrtps_cpp/mavros_msgs/srv/detail/dds_fastrtps/file_write__type_support.cpp.o
[ 79%] Building CXX object CMakeFiles/mavros_msgs__rosidl_typesupport_introspection_cpp.dir/rosidl_typesupport_introspection_cpp/mavros_msgs/srv/detail/endpoint_add__type_support.cpp.o
[ 79%] Building CXX object CMakeFiles/mavros_msgs__rosidl_typesupport_introspection_cpp.dir/rosidl_typesupport_introspection_cpp/mavros_msgs/srv/detail/endpoint_del__type_support.cpp.o
[ 79%] Building CXX object CMakeFiles/mavros_msgs__rosidl_typesupport_fastrtps_cpp.dir/rosidl_typesupport_fastrtps_cpp/mavros_msgs/srv/detail/dds_fastrtps/gimbal_get_information__type_support.cpp.o
[ 79%] Building CXX object CMakeFiles/mavros_msgs__rosidl_typesupport_fastrtps_c.dir/rosidl_typesupport_fastrtps_c/mavros_msgs/srv/detail/endpoint_add__type_support_c.cpp.o
[ 79%] Building CXX object CMakeFiles/mavros_msgs__rosidl_typesupport_introspection_cpp.dir/rosidl_typesupport_introspection_cpp/mavros_msgs/srv/detail/file_checksum__type_support.cpp.o
[ 79%] Building CXX object CMakeFiles/mavros_msgs__rosidl_typesupport_introspection_cpp.dir/rosidl_typesupport_introspection_cpp/mavros_msgs/srv/detail/file_close__type_support.cpp.o
[ 79%] Building CXX object CMakeFiles/mavros_msgs__rosidl_typesupport_introspection_cpp.dir/rosidl_typesupport_introspection_cpp/mavros_msgs/srv/detail/file_list__type_support.cpp.o
[ 79%] Building CXX object CMakeFiles/mavros_msgs__rosidl_typesupport_fastrtps_c.dir/rosidl_typesupport_fastrtps_c/mavros_msgs/srv/detail/endpoint_del__type_support_c.cpp.o
[ 79%] Building CXX object CMakeFiles/mavros_msgs__rosidl_typesupport_introspection_cpp.dir/rosidl_typesupport_introspection_cpp/mavros_msgs/srv/detail/file_make_dir__type_support.cpp.o
[ 79%] Building CXX object CMakeFiles/mavros_msgs__rosidl_typesupport_fastrtps_cpp.dir/rosidl_typesupport_fastrtps_cpp/mavros_msgs/srv/detail/dds_fastrtps/gimbal_manager_camera_track__type_support.cpp.o
[ 79%] Building CXX object CMakeFiles/mavros_msgs__rosidl_typesupport_fastrtps_c.dir/rosidl_typesupport_fastrtps_c/mavros_msgs/srv/detail/file_checksum__type_support_c.cpp.o
[ 79%] Building CXX object CMakeFiles/mavros_msgs__rosidl_typesupport_fastrtps_cpp.dir/rosidl_typesupport_fastrtps_cpp/mavros_msgs/srv/detail/dds_fastrtps/gimbal_manager_configure__type_support.cpp.o
[ 80%] Building CXX object CMakeFiles/mavros_msgs__rosidl_typesupport_fastrtps_c.dir/rosidl_typesupport_fastrtps_c/mavros_msgs/srv/detail/file_close__type_support_c.cpp.o
[ 80%] Building CXX object CMakeFiles/mavros_msgs__rosidl_typesupport_fastrtps_c.dir/rosidl_typesupport_fastrtps_c/mavros_msgs/srv/detail/file_list__type_support_c.cpp.o
[ 80%] Building CXX object CMakeFiles/mavros_msgs__rosidl_typesupport_introspection_cpp.dir/rosidl_typesupport_introspection_cpp/mavros_msgs/srv/detail/file_open__type_support.cpp.o
[ 81%] Building CXX object CMakeFiles/mavros_msgs__rosidl_typesupport_fastrtps_c.dir/rosidl_typesupport_fastrtps_c/mavros_msgs/srv/detail/file_make_dir__type_support_c.cpp.o
[ 81%] Building CXX object CMakeFiles/mavros_msgs__rosidl_typesupport_introspection_cpp.dir/rosidl_typesupport_introspection_cpp/mavros_msgs/srv/detail/file_read__type_support.cpp.o
[ 81%] Building CXX object CMakeFiles/mavros_msgs__rosidl_typesupport_introspection_cpp.dir/rosidl_typesupport_introspection_cpp/mavros_msgs/srv/detail/file_remove__type_support.cpp.o
[ 81%] Building CXX object CMakeFiles/mavros_msgs__rosidl_typesupport_fastrtps_cpp.dir/rosidl_typesupport_fastrtps_cpp/mavros_msgs/srv/detail/dds_fastrtps/gimbal_manager_pitchyaw__type_support.cpp.o
[ 82%] Building CXX object CMakeFiles/mavros_msgs__rosidl_typesupport_fastrtps_cpp.dir/rosidl_typesupport_fastrtps_cpp/mavros_msgs/srv/detail/dds_fastrtps/gimbal_manager_set_roi__type_support.cpp.o
[ 82%] Building CXX object CMakeFiles/mavros_msgs__rosidl_typesupport_fastrtps_c.dir/rosidl_typesupport_fastrtps_c/mavros_msgs/srv/detail/file_open__type_support_c.cpp.o
[ 82%] Building CXX object CMakeFiles/mavros_msgs__rosidl_typesupport_fastrtps_c.dir/rosidl_typesupport_fastrtps_c/mavros_msgs/srv/detail/file_read__type_support_c.cpp.o
[ 82%] Building CXX object CMakeFiles/mavros_msgs__rosidl_typesupport_introspection_cpp.dir/rosidl_typesupport_introspection_cpp/mavros_msgs/srv/detail/file_remove_dir__type_support.cpp.o
[ 82%] Building CXX object CMakeFiles/mavros_msgs__rosidl_typesupport_introspection_cpp.dir/rosidl_typesupport_introspection_cpp/mavros_msgs/srv/detail/file_rename__type_support.cpp.o
[ 82%] Building CXX object CMakeFiles/mavros_msgs__rosidl_typesupport_fastrtps_cpp.dir/rosidl_typesupport_fastrtps_cpp/mavros_msgs/srv/detail/dds_fastrtps/log_request_data__type_support.cpp.o
[ 82%] Building CXX object CMakeFiles/mavros_msgs__rosidl_typesupport_introspection_cpp.dir/rosidl_typesupport_introspection_cpp/mavros_msgs/srv/detail/file_truncate__type_support.cpp.o
[ 82%] Building CXX object CMakeFiles/mavros_msgs__rosidl_typesupport_fastrtps_cpp.dir/rosidl_typesupport_fastrtps_cpp/mavros_msgs/srv/detail/dds_fastrtps/log_request_end__type_support.cpp.o
[ 82%] Building CXX object CMakeFiles/mavros_msgs__rosidl_typesupport_fastrtps_cpp.dir/rosidl_typesupport_fastrtps_cpp/mavros_msgs/srv/detail/dds_fastrtps/log_request_list__type_support.cpp.o
[ 82%] Building CXX object CMakeFiles/mavros_msgs__rosidl_typesupport_fastrtps_c.dir/rosidl_typesupport_fastrtps_c/mavros_msgs/srv/detail/file_remove__type_support_c.cpp.o
[ 82%] Building CXX object CMakeFiles/mavros_msgs__rosidl_typesupport_fastrtps_cpp.dir/rosidl_typesupport_fastrtps_cpp/mavros_msgs/srv/detail/dds_fastrtps/message_interval__type_support.cpp.o
[ 82%] Building CXX object CMakeFiles/mavros_msgs__rosidl_typesupport_introspection_cpp.dir/rosidl_typesupport_introspection_cpp/mavros_msgs/srv/detail/file_write__type_support.cpp.o
[ 82%] Building CXX object CMakeFiles/mavros_msgs__rosidl_typesupport_introspection_cpp.dir/rosidl_typesupport_introspection_cpp/mavros_msgs/srv/detail/gimbal_get_information__type_support.cpp.o
[ 82%] Building CXX object CMakeFiles/mavros_msgs__rosidl_typesupport_fastrtps_c.dir/rosidl_typesupport_fastrtps_c/mavros_msgs/srv/detail/file_remove_dir__type_support_c.cpp.o
[ 82%] Building CXX object CMakeFiles/mavros_msgs__rosidl_typesupport_fastrtps_cpp.dir/rosidl_typesupport_fastrtps_cpp/mavros_msgs/srv/detail/dds_fastrtps/mount_configure__type_support.cpp.o
[ 82%] Building CXX object CMakeFiles/mavros_msgs__rosidl_typesupport_introspection_cpp.dir/rosidl_typesupport_introspection_cpp/mavros_msgs/srv/detail/gimbal_manager_camera_track__type_support.cpp.o
[ 82%] Building CXX object CMakeFiles/mavros_msgs__rosidl_typesupport_fastrtps_cpp.dir/rosidl_typesupport_fastrtps_cpp/mavros_msgs/srv/detail/dds_fastrtps/param_get__type_support.cpp.o
[ 82%] Building CXX object CMakeFiles/mavros_msgs__rosidl_typesupport_fastrtps_c.dir/rosidl_typesupport_fastrtps_c/mavros_msgs/srv/detail/file_rename__type_support_c.cpp.o
[ 82%] Building CXX object CMakeFiles/mavros_msgs__rosidl_typesupport_fastrtps_cpp.dir/rosidl_typesupport_fastrtps_cpp/mavros_msgs/srv/detail/dds_fastrtps/param_pull__type_support.cpp.o
[ 82%] Building CXX object CMakeFiles/mavros_msgs__rosidl_typesupport_introspection_cpp.dir/rosidl_typesupport_introspection_cpp/mavros_msgs/srv/detail/gimbal_manager_configure__type_support.cpp.o
[ 82%] Building CXX object CMakeFiles/mavros_msgs__rosidl_typesupport_introspection_cpp.dir/rosidl_typesupport_introspection_cpp/mavros_msgs/srv/detail/gimbal_manager_pitchyaw__type_support.cpp.o
[ 83%] Building CXX object CMakeFiles/mavros_msgs__rosidl_typesupport_introspection_cpp.dir/rosidl_typesupport_introspection_cpp/mavros_msgs/srv/detail/gimbal_manager_set_roi__type_support.cpp.o
[ 83%] Building CXX object CMakeFiles/mavros_msgs__rosidl_typesupport_fastrtps_c.dir/rosidl_typesupport_fastrtps_c/mavros_msgs/srv/detail/file_truncate__type_support_c.cpp.o
[ 83%] Building CXX object CMakeFiles/mavros_msgs__rosidl_typesupport_fastrtps_c.dir/rosidl_typesupport_fastrtps_c/mavros_msgs/srv/detail/file_write__type_support_c.cpp.o
[ 84%] Building CXX object CMakeFiles/mavros_msgs__rosidl_typesupport_fastrtps_c.dir/rosidl_typesupport_fastrtps_c/mavros_msgs/srv/detail/gimbal_get_information__type_support_c.cpp.o
[ 84%] Building CXX object CMakeFiles/mavros_msgs__rosidl_typesupport_introspection_cpp.dir/rosidl_typesupport_introspection_cpp/mavros_msgs/srv/detail/log_request_data__type_support.cpp.o
[ 84%] Building CXX object CMakeFiles/mavros_msgs__rosidl_typesupport_fastrtps_c.dir/rosidl_typesupport_fastrtps_c/mavros_msgs/srv/detail/gimbal_manager_camera_track__type_support_c.cpp.o
[ 84%] Building CXX object CMakeFiles/mavros_msgs__rosidl_typesupport_introspection_cpp.dir/rosidl_typesupport_introspection_cpp/mavros_msgs/srv/detail/log_request_end__type_support.cpp.o
[ 84%] Building CXX object CMakeFiles/mavros_msgs__rosidl_typesupport_fastrtps_cpp.dir/rosidl_typesupport_fastrtps_cpp/mavros_msgs/srv/detail/dds_fastrtps/param_push__type_support.cpp.o
[ 84%] Building CXX object CMakeFiles/mavros_msgs__rosidl_typesupport_introspection_cpp.dir/rosidl_typesupport_introspection_cpp/mavros_msgs/srv/detail/log_request_list__type_support.cpp.o
[ 84%] Building CXX object CMakeFiles/mavros_msgs__rosidl_typesupport_fastrtps_c.dir/rosidl_typesupport_fastrtps_c/mavros_msgs/srv/detail/gimbal_manager_configure__type_support_c.cpp.o
[ 84%] Building CXX object CMakeFiles/mavros_msgs__rosidl_typesupport_fastrtps_c.dir/rosidl_typesupport_fastrtps_c/mavros_msgs/srv/detail/gimbal_manager_pitchyaw__type_support_c.cpp.o
[ 84%] Building CXX object CMakeFiles/mavros_msgs__rosidl_typesupport_introspection_cpp.dir/rosidl_typesupport_introspection_cpp/mavros_msgs/srv/detail/message_interval__type_support.cpp.o
[ 84%] Building CXX object CMakeFiles/mavros_msgs__rosidl_typesupport_fastrtps_c.dir/rosidl_typesupport_fastrtps_c/mavros_msgs/srv/detail/gimbal_manager_set_roi__type_support_c.cpp.o
[ 84%] Building CXX object CMakeFiles/mavros_msgs__rosidl_typesupport_introspection_cpp.dir/rosidl_typesupport_introspection_cpp/mavros_msgs/srv/detail/mount_configure__type_support.cpp.o
[ 84%] Building CXX object CMakeFiles/mavros_msgs__rosidl_typesupport_fastrtps_c.dir/rosidl_typesupport_fastrtps_c/mavros_msgs/srv/detail/log_request_data__type_support_c.cpp.o
[ 84%] Building CXX object CMakeFiles/mavros_msgs__rosidl_typesupport_fastrtps_cpp.dir/rosidl_typesupport_fastrtps_cpp/mavros_msgs/srv/detail/dds_fastrtps/param_set__type_support.cpp.o
[ 84%] Building CXX object CMakeFiles/mavros_msgs__rosidl_typesupport_introspection_cpp.dir/rosidl_typesupport_introspection_cpp/mavros_msgs/srv/detail/param_get__type_support.cpp.o
[ 84%] Building CXX object CMakeFiles/mavros_msgs__rosidl_typesupport_introspection_cpp.dir/rosidl_typesupport_introspection_cpp/mavros_msgs/srv/detail/param_pull__type_support.cpp.o
[ 85%] Building CXX object CMakeFiles/mavros_msgs__rosidl_typesupport_fastrtps_cpp.dir/rosidl_typesupport_fastrtps_cpp/mavros_msgs/srv/detail/dds_fastrtps/param_set_v2__type_support.cpp.o
[ 85%] Building CXX object CMakeFiles/mavros_msgs__rosidl_typesupport_introspection_cpp.dir/rosidl_typesupport_introspection_cpp/mavros_msgs/srv/detail/param_push__type_support.cpp.o
[ 85%] Building CXX object CMakeFiles/mavros_msgs__rosidl_typesupport_fastrtps_c.dir/rosidl_typesupport_fastrtps_c/mavros_msgs/srv/detail/log_request_end__type_support_c.cpp.o
[ 85%] Building CXX object CMakeFiles/mavros_msgs__rosidl_typesupport_introspection_cpp.dir/rosidl_typesupport_introspection_cpp/mavros_msgs/srv/detail/param_set__type_support.cpp.o
[ 85%] Building CXX object CMakeFiles/mavros_msgs__rosidl_typesupport_fastrtps_c.dir/rosidl_typesupport_fastrtps_c/mavros_msgs/srv/detail/log_request_list__type_support_c.cpp.o
[ 86%] Building CXX object CMakeFiles/mavros_msgs__rosidl_typesupport_introspection_cpp.dir/rosidl_typesupport_introspection_cpp/mavros_msgs/srv/detail/param_set_v2__type_support.cpp.o
[ 86%] Building CXX object CMakeFiles/mavros_msgs__rosidl_typesupport_fastrtps_c.dir/rosidl_typesupport_fastrtps_c/mavros_msgs/srv/detail/message_interval__type_support_c.cpp.o
[ 86%] Building CXX object CMakeFiles/mavros_msgs__rosidl_typesupport_fastrtps_cpp.dir/rosidl_typesupport_fastrtps_cpp/mavros_msgs/srv/detail/dds_fastrtps/set_mav_frame__type_support.cpp.o
[ 86%] Building CXX object CMakeFiles/mavros_msgs__rosidl_typesupport_fastrtps_c.dir/rosidl_typesupport_fastrtps_c/mavros_msgs/srv/detail/mount_configure__type_support_c.cpp.o
[ 87%] Building CXX object CMakeFiles/mavros_msgs__rosidl_typesupport_fastrtps_c.dir/rosidl_typesupport_fastrtps_c/mavros_msgs/srv/detail/param_get__type_support_c.cpp.o
[ 87%] Building CXX object CMakeFiles/mavros_msgs__rosidl_typesupport_introspection_cpp.dir/rosidl_typesupport_introspection_cpp/mavros_msgs/srv/detail/set_mav_frame__type_support.cpp.o
[ 87%] Building CXX object CMakeFiles/mavros_msgs__rosidl_typesupport_introspection_cpp.dir/rosidl_typesupport_introspection_cpp/mavros_msgs/srv/detail/set_mode__type_support.cpp.o
[ 87%] Building CXX object CMakeFiles/mavros_msgs__rosidl_typesupport_fastrtps_c.dir/rosidl_typesupport_fastrtps_c/mavros_msgs/srv/detail/param_pull__type_support_c.cpp.o
[ 87%] Building CXX object CMakeFiles/mavros_msgs__rosidl_typesupport_fastrtps_c.dir/rosidl_typesupport_fastrtps_c/mavros_msgs/srv/detail/param_push__type_support_c.cpp.o
[ 87%] Building CXX object CMakeFiles/mavros_msgs__rosidl_typesupport_introspection_cpp.dir/rosidl_typesupport_introspection_cpp/mavros_msgs/srv/detail/stream_rate__type_support.cpp.o
[ 87%] Building CXX object CMakeFiles/mavros_msgs__rosidl_typesupport_introspection_cpp.dir/rosidl_typesupport_introspection_cpp/mavros_msgs/srv/detail/vehicle_info_get__type_support.cpp.o
[ 87%] Building CXX object CMakeFiles/mavros_msgs__rosidl_typesupport_fastrtps_cpp.dir/rosidl_typesupport_fastrtps_cpp/mavros_msgs/srv/detail/dds_fastrtps/set_mode__type_support.cpp.o
[ 87%] Building CXX object CMakeFiles/mavros_msgs__rosidl_typesupport_introspection_cpp.dir/rosidl_typesupport_introspection_cpp/mavros_msgs/srv/detail/waypoint_clear__type_support.cpp.o
[ 87%] Building CXX object CMakeFiles/mavros_msgs__rosidl_typesupport_introspection_cpp.dir/rosidl_typesupport_introspection_cpp/mavros_msgs/srv/detail/waypoint_pull__type_support.cpp.o
[ 87%] Building CXX object CMakeFiles/mavros_msgs__rosidl_typesupport_fastrtps_c.dir/rosidl_typesupport_fastrtps_c/mavros_msgs/srv/detail/param_set__type_support_c.cpp.o
[ 87%] Building CXX object CMakeFiles/mavros_msgs__rosidl_typesupport_introspection_cpp.dir/rosidl_typesupport_introspection_cpp/mavros_msgs/srv/detail/waypoint_push__type_support.cpp.o
[ 87%] Building CXX object CMakeFiles/mavros_msgs__rosidl_typesupport_fastrtps_c.dir/rosidl_typesupport_fastrtps_c/mavros_msgs/srv/detail/param_set_v2__type_support_c.cpp.o
[ 87%] Building CXX object CMakeFiles/mavros_msgs__rosidl_typesupport_introspection_cpp.dir/rosidl_typesupport_introspection_cpp/mavros_msgs/srv/detail/waypoint_set_current__type_support.cpp.o
[ 87%] Building CXX object CMakeFiles/mavros_msgs__rosidl_typesupport_fastrtps_c.dir/rosidl_typesupport_fastrtps_c/mavros_msgs/srv/detail/set_mav_frame__type_support_c.cpp.o
[ 87%] Building CXX object CMakeFiles/mavros_msgs__rosidl_typesupport_fastrtps_cpp.dir/rosidl_typesupport_fastrtps_cpp/mavros_msgs/srv/detail/dds_fastrtps/stream_rate__type_support.cpp.o
[ 87%] Building CXX object CMakeFiles/mavros_msgs__rosidl_typesupport_fastrtps_cpp.dir/rosidl_typesupport_fastrtps_cpp/mavros_msgs/srv/detail/dds_fastrtps/vehicle_info_get__type_support.cpp.o
[ 87%] Building CXX object CMakeFiles/mavros_msgs__rosidl_typesupport_fastrtps_cpp.dir/rosidl_typesupport_fastrtps_cpp/mavros_msgs/srv/detail/dds_fastrtps/waypoint_clear__type_support.cpp.o
[ 87%] Building CXX object CMakeFiles/mavros_msgs__rosidl_typesupport_fastrtps_c.dir/rosidl_typesupport_fastrtps_c/mavros_msgs/srv/detail/set_mode__type_support_c.cpp.o
[ 87%] Building CXX object CMakeFiles/mavros_msgs__rosidl_typesupport_fastrtps_c.dir/rosidl_typesupport_fastrtps_c/mavros_msgs/srv/detail/stream_rate__type_support_c.cpp.o
[ 87%] Building CXX object CMakeFiles/mavros_msgs__rosidl_typesupport_fastrtps_cpp.dir/rosidl_typesupport_fastrtps_cpp/mavros_msgs/srv/detail/dds_fastrtps/waypoint_pull__type_support.cpp.o
[ 87%] Building CXX object CMakeFiles/mavros_msgs__rosidl_typesupport_fastrtps_c.dir/rosidl_typesupport_fastrtps_c/mavros_msgs/srv/detail/vehicle_info_get__type_support_c.cpp.o
[ 87%] Linking CXX shared library libmavros_msgs__rosidl_typesupport_introspection_cpp.so
[ 87%] Building CXX object CMakeFiles/mavros_msgs__rosidl_typesupport_fastrtps_cpp.dir/rosidl_typesupport_fastrtps_cpp/mavros_msgs/srv/detail/dds_fastrtps/waypoint_push__type_support.cpp.o
[ 87%] Building CXX object CMakeFiles/mavros_msgs__rosidl_typesupport_fastrtps_cpp.dir/rosidl_typesupport_fastrtps_cpp/mavros_msgs/srv/detail/dds_fastrtps/waypoint_set_current__type_support.cpp.o
[ 87%] Building CXX object CMakeFiles/mavros_msgs__rosidl_typesupport_fastrtps_c.dir/rosidl_typesupport_fastrtps_c/mavros_msgs/srv/detail/waypoint_clear__type_support_c.cpp.o
[ 88%] Building CXX object CMakeFiles/mavros_msgs__rosidl_typesupport_fastrtps_c.dir/rosidl_typesupport_fastrtps_c/mavros_msgs/srv/detail/waypoint_pull__type_support_c.cpp.o
[ 88%] Built target mavros_msgs__rosidl_typesupport_introspection_cpp
[ 88%] Building CXX object CMakeFiles/mavros_msgs__rosidl_typesupport_fastrtps_c.dir/rosidl_typesupport_fastrtps_c/mavros_msgs/srv/detail/waypoint_push__type_support_c.cpp.o
[ 88%] Building CXX object CMakeFiles/mavros_msgs__rosidl_typesupport_fastrtps_c.dir/rosidl_typesupport_fastrtps_c/mavros_msgs/srv/detail/waypoint_set_current__type_support_c.cpp.o
[ 88%] Linking CXX shared library libmavros_msgs__rosidl_typesupport_fastrtps_cpp.so
[ 88%] Linking CXX shared library libmavros_msgs__rosidl_typesupport_fastrtps_c.so
[ 88%] Built target mavros_msgs__rosidl_typesupport_fastrtps_cpp
[ 88%] Built target mavros_msgs__rosidl_typesupport_fastrtps_c
[ 88%] Built target mavros_msgs
[ 88%] Generating Python code for ROS interfaces
[ 88%] Built target mavros_msgs__py
Consolidate compiler generated dependencies of target mavros_msgs__rosidl_generator_py
[ 88%] Building C object CMakeFiles/mavros_msgs__rosidl_generator_py.dir/rosidl_generator_py/mavros_msgs/msg/_camera_image_captured_s.c.o
[ 88%] Building C object CMakeFiles/mavros_msgs__rosidl_generator_py.dir/rosidl_generator_py/mavros_msgs/msg/_cellular_status_s.c.o
[ 88%] Building C object CMakeFiles/mavros_msgs__rosidl_generator_py.dir/rosidl_generator_py/mavros_msgs/msg/_attitude_target_s.c.o
[ 88%] Building C object CMakeFiles/mavros_msgs__rosidl_generator_py.dir/rosidl_generator_py/mavros_msgs/msg/_actuator_control_s.c.o
[ 88%] Building C object CMakeFiles/mavros_msgs__rosidl_generator_py.dir/rosidl_generator_py/mavros_msgs/msg/_adsb_vehicle_s.c.o
[ 88%] Building C object CMakeFiles/mavros_msgs__rosidl_generator_py.dir/rosidl_generator_py/mavros_msgs/msg/_altitude_s.c.o
[ 89%] Building C object CMakeFiles/mavros_msgs__rosidl_generator_py.dir/rosidl_generator_py/mavros_msgs/msg/_cam_imu_stamp_s.c.o
[ 89%] Building C object CMakeFiles/mavros_msgs__rosidl_generator_py.dir/rosidl_generator_py/mavros_msgs/msg/_command_code_s.c.o
[ 89%] Building C object CMakeFiles/mavros_msgs__rosidl_generator_py.dir/rosidl_generator_py/mavros_msgs/msg/_companion_process_status_s.c.o
[ 89%] Building C object CMakeFiles/mavros_msgs__rosidl_generator_py.dir/rosidl_generator_py/mavros_msgs/msg/_debug_value_s.c.o
[ 89%] Building C object CMakeFiles/mavros_msgs__rosidl_generator_py.dir/rosidl_generator_py/mavros_msgs/msg/_esc_info_s.c.o
[ 89%] Building C object CMakeFiles/mavros_msgs__rosidl_generator_py.dir/rosidl_generator_py/mavros_msgs/msg/_esc_info_item_s.c.o
[ 89%] Building C object CMakeFiles/mavros_msgs__rosidl_generator_py.dir/rosidl_generator_py/mavros_msgs/msg/_esc_status_s.c.o
[ 89%] Building C object CMakeFiles/mavros_msgs__rosidl_generator_py.dir/rosidl_generator_py/mavros_msgs/msg/_esc_status_item_s.c.o
[ 90%] Building C object CMakeFiles/mavros_msgs__rosidl_generator_py.dir/rosidl_generator_py/mavros_msgs/msg/_esc_telemetry_s.c.o
[ 90%] Building C object CMakeFiles/mavros_msgs__rosidl_generator_py.dir/rosidl_generator_py/mavros_msgs/msg/_esc_telemetry_item_s.c.o
[ 90%] Building C object CMakeFiles/mavros_msgs__rosidl_generator_py.dir/rosidl_generator_py/mavros_msgs/msg/_estimator_status_s.c.o
[ 90%] Building C object CMakeFiles/mavros_msgs__rosidl_generator_py.dir/rosidl_generator_py/mavros_msgs/msg/_file_entry_s.c.o
[ 90%] Building C object CMakeFiles/mavros_msgs__rosidl_generator_py.dir/rosidl_generator_py/mavros_msgs/msg/_extended_state_s.c.o
[ 90%] Building C object CMakeFiles/mavros_msgs__rosidl_generator_py.dir/rosidl_generator_py/mavros_msgs/msg/_gpsraw_s.c.o
[ 90%] Building C object CMakeFiles/mavros_msgs__rosidl_generator_py.dir/rosidl_generator_py/mavros_msgs/msg/_gpsinput_s.c.o
[ 90%] Building C object CMakeFiles/mavros_msgs__rosidl_generator_py.dir/rosidl_generator_py/mavros_msgs/msg/_gpsrtk_s.c.o
[ 90%] Building C object CMakeFiles/mavros_msgs__rosidl_generator_py.dir/rosidl_generator_py/mavros_msgs/msg/_gimbal_device_attitude_status_s.c.o
[ 90%] Building C object CMakeFiles/mavros_msgs__rosidl_generator_py.dir/rosidl_generator_py/mavros_msgs/msg/_gimbal_device_information_s.c.o
[ 91%] Building C object CMakeFiles/mavros_msgs__rosidl_generator_py.dir/rosidl_generator_py/mavros_msgs/msg/_gimbal_device_set_attitude_s.c.o
[ 91%] Building C object CMakeFiles/mavros_msgs__rosidl_generator_py.dir/rosidl_generator_py/mavros_msgs/msg/_gimbal_manager_information_s.c.o
[ 91%] Building C object CMakeFiles/mavros_msgs__rosidl_generator_py.dir/rosidl_generator_py/mavros_msgs/msg/_gimbal_manager_set_attitude_s.c.o
[ 91%] Building C object CMakeFiles/mavros_msgs__rosidl_generator_py.dir/rosidl_generator_py/mavros_msgs/msg/_gimbal_manager_set_pitchyaw_s.c.o
[ 91%] Building C object CMakeFiles/mavros_msgs__rosidl_generator_py.dir/rosidl_generator_py/mavros_msgs/msg/_gimbal_manager_status_s.c.o
[ 91%] Building C object CMakeFiles/mavros_msgs__rosidl_generator_py.dir/rosidl_generator_py/mavros_msgs/msg/_global_position_target_s.c.o
[ 91%] Building C object CMakeFiles/mavros_msgs__rosidl_generator_py.dir/rosidl_generator_py/mavros_msgs/msg/_hil_actuator_controls_s.c.o
[ 91%] Building C object CMakeFiles/mavros_msgs__rosidl_generator_py.dir/rosidl_generator_py/mavros_msgs/msg/_hil_controls_s.c.o
[ 91%] Building C object CMakeFiles/mavros_msgs__rosidl_generator_py.dir/rosidl_generator_py/mavros_msgs/msg/_hil_gps_s.c.o
[ 92%] Building C object CMakeFiles/mavros_msgs__rosidl_generator_py.dir/rosidl_generator_py/mavros_msgs/msg/_home_position_s.c.o
[ 92%] Building C object CMakeFiles/mavros_msgs__rosidl_generator_py.dir/rosidl_generator_py/mavros_msgs/msg/_hil_sensor_s.c.o
[ 92%] Building C object CMakeFiles/mavros_msgs__rosidl_generator_py.dir/rosidl_generator_py/mavros_msgs/msg/_hil_state_quaternion_s.c.o
[ 92%] Building C object CMakeFiles/mavros_msgs__rosidl_generator_py.dir/rosidl_generator_py/mavros_msgs/msg/_landing_target_s.c.o
[ 92%] Building C object CMakeFiles/mavros_msgs__rosidl_generator_py.dir/rosidl_generator_py/mavros_msgs/msg/_log_entry_s.c.o
[ 92%] Building C object CMakeFiles/mavros_msgs__rosidl_generator_py.dir/rosidl_generator_py/mavros_msgs/msg/_log_data_s.c.o
[ 92%] Building C object CMakeFiles/mavros_msgs__rosidl_generator_py.dir/rosidl_generator_py/mavros_msgs/msg/_magnetometer_reporter_s.c.o
[ 92%] Building C object CMakeFiles/mavros_msgs__rosidl_generator_py.dir/rosidl_generator_py/mavros_msgs/msg/_manual_control_s.c.o
[ 92%] Building C object CMakeFiles/mavros_msgs__rosidl_generator_py.dir/rosidl_generator_py/mavros_msgs/msg/_mount_control_s.c.o
[ 92%] Building C object CMakeFiles/mavros_msgs__rosidl_generator_py.dir/rosidl_generator_py/mavros_msgs/msg/_mavlink_s.c.o
[ 92%] Building C object CMakeFiles/mavros_msgs__rosidl_generator_py.dir/rosidl_generator_py/mavros_msgs/msg/_nav_controller_output_s.c.o
[ 92%] Building C object CMakeFiles/mavros_msgs__rosidl_generator_py.dir/rosidl_generator_py/mavros_msgs/msg/_onboard_computer_status_s.c.o
[ 93%] Building C object CMakeFiles/mavros_msgs__rosidl_generator_py.dir/rosidl_generator_py/mavros_msgs/msg/_open_drone_id_basic_id_s.c.o
[ 93%] Building C object CMakeFiles/mavros_msgs__rosidl_generator_py.dir/rosidl_generator_py/mavros_msgs/msg/_open_drone_id_operator_id_s.c.o
[ 93%] Building C object CMakeFiles/mavros_msgs__rosidl_generator_py.dir/rosidl_generator_py/mavros_msgs/msg/_open_drone_id_self_id_s.c.o
[ 93%] Building C object CMakeFiles/mavros_msgs__rosidl_generator_py.dir/rosidl_generator_py/mavros_msgs/msg/_open_drone_id_system_s.c.o
[ 93%] Building C object CMakeFiles/mavros_msgs__rosidl_generator_py.dir/rosidl_generator_py/mavros_msgs/msg/_optical_flow_s.c.o
[ 93%] Building C object CMakeFiles/mavros_msgs__rosidl_generator_py.dir/rosidl_generator_py/mavros_msgs/msg/_open_drone_id_system_update_s.c.o
[ 93%] Building C object CMakeFiles/mavros_msgs__rosidl_generator_py.dir/rosidl_generator_py/mavros_msgs/msg/_optical_flow_rad_s.c.o
[ 93%] Building C object CMakeFiles/mavros_msgs__rosidl_generator_py.dir/rosidl_generator_py/mavros_msgs/msg/_override_rc_in_s.c.o
[ 93%] Building C object CMakeFiles/mavros_msgs__rosidl_generator_py.dir/rosidl_generator_py/mavros_msgs/msg/_param_s.c.o
[ 93%] Building C object CMakeFiles/mavros_msgs__rosidl_generator_py.dir/rosidl_generator_py/mavros_msgs/msg/_param_event_s.c.o
[ 94%] Building C object CMakeFiles/mavros_msgs__rosidl_generator_py.dir/rosidl_generator_py/mavros_msgs/msg/_param_value_s.c.o
[ 94%] Building C object CMakeFiles/mavros_msgs__rosidl_generator_py.dir/rosidl_generator_py/mavros_msgs/msg/_play_tune_v2_s.c.o
[ 94%] Building C object CMakeFiles/mavros_msgs__rosidl_generator_py.dir/rosidl_generator_py/mavros_msgs/msg/_position_target_s.c.o
[ 94%] Building C object CMakeFiles/mavros_msgs__rosidl_generator_py.dir/rosidl_generator_py/mavros_msgs/msg/_rc_in_s.c.o
[ 94%] Building C object CMakeFiles/mavros_msgs__rosidl_generator_py.dir/rosidl_generator_py/mavros_msgs/msg/_rc_out_s.c.o
[ 94%] Building C object CMakeFiles/mavros_msgs__rosidl_generator_py.dir/rosidl_generator_py/mavros_msgs/msg/_rtcm_s.c.o
[ 94%] Building C object CMakeFiles/mavros_msgs__rosidl_generator_py.dir/rosidl_generator_py/mavros_msgs/msg/_rtk_baseline_s.c.o
[ 94%] Building C object CMakeFiles/mavros_msgs__rosidl_generator_py.dir/rosidl_generator_py/mavros_msgs/msg/_radio_status_s.c.o
[ 94%] Building C object CMakeFiles/mavros_msgs__rosidl_generator_py.dir/rosidl_generator_py/mavros_msgs/msg/_state_s.c.o
[ 94%] Building C object CMakeFiles/mavros_msgs__rosidl_generator_py.dir/rosidl_generator_py/mavros_msgs/msg/_status_event_s.c.o
[ 95%] Building C object CMakeFiles/mavros_msgs__rosidl_generator_py.dir/rosidl_generator_py/mavros_msgs/msg/_status_text_s.c.o
[ 95%] Building C object CMakeFiles/mavros_msgs__rosidl_generator_py.dir/rosidl_generator_py/mavros_msgs/msg/_sys_status_s.c.o
[ 95%] Building C object CMakeFiles/mavros_msgs__rosidl_generator_py.dir/rosidl_generator_py/mavros_msgs/msg/_terrain_report_s.c.o
[ 95%] Building C object CMakeFiles/mavros_msgs__rosidl_generator_py.dir/rosidl_generator_py/mavros_msgs/msg/_thrust_s.c.o
[ 95%] Building C object CMakeFiles/mavros_msgs__rosidl_generator_py.dir/rosidl_generator_py/mavros_msgs/msg/_timesync_status_s.c.o
[ 95%] Building C object CMakeFiles/mavros_msgs__rosidl_generator_py.dir/rosidl_generator_py/mavros_msgs/msg/_trajectory_s.c.o
[ 95%] Building C object CMakeFiles/mavros_msgs__rosidl_generator_py.dir/rosidl_generator_py/mavros_msgs/msg/_tunnel_s.c.o
[ 95%] Building C object CMakeFiles/mavros_msgs__rosidl_generator_py.dir/rosidl_generator_py/mavros_msgs/msg/_vehicle_info_s.c.o
[ 95%] Building C object CMakeFiles/mavros_msgs__rosidl_generator_py.dir/rosidl_generator_py/mavros_msgs/msg/_vfr_hud_s.c.o
[ 95%] Building C object CMakeFiles/mavros_msgs__rosidl_generator_py.dir/rosidl_generator_py/mavros_msgs/msg/_vibration_s.c.o
[ 96%] Building C object CMakeFiles/mavros_msgs__rosidl_generator_py.dir/rosidl_generator_py/mavros_msgs/msg/_waypoint_s.c.o
[ 96%] Building C object CMakeFiles/mavros_msgs__rosidl_generator_py.dir/rosidl_generator_py/mavros_msgs/msg/_waypoint_list_s.c.o
[ 96%] Building C object CMakeFiles/mavros_msgs__rosidl_generator_py.dir/rosidl_generator_py/mavros_msgs/msg/_waypoint_reached_s.c.o
[ 96%] Building C object CMakeFiles/mavros_msgs__rosidl_generator_py.dir/rosidl_generator_py/mavros_msgs/srv/_command_ack_s.c.o
[ 96%] Building C object CMakeFiles/mavros_msgs__rosidl_generator_py.dir/rosidl_generator_py/mavros_msgs/msg/_wheel_odom_stamped_s.c.o
[ 96%] Building C object CMakeFiles/mavros_msgs__rosidl_generator_py.dir/rosidl_generator_py/mavros_msgs/srv/_command_bool_s.c.o
[ 96%] Building C object CMakeFiles/mavros_msgs__rosidl_generator_py.dir/rosidl_generator_py/mavros_msgs/srv/_command_long_s.c.o
[ 96%] Building C object CMakeFiles/mavros_msgs__rosidl_generator_py.dir/rosidl_generator_py/mavros_msgs/srv/_command_int_s.c.o
[ 96%] Building C object CMakeFiles/mavros_msgs__rosidl_generator_py.dir/rosidl_generator_py/mavros_msgs/srv/_command_home_s.c.o
[ 96%] Building C object CMakeFiles/mavros_msgs__rosidl_generator_py.dir/rosidl_generator_py/mavros_msgs/srv/_command_tol_s.c.o
[ 96%] Building C object CMakeFiles/mavros_msgs__rosidl_generator_py.dir/rosidl_generator_py/mavros_msgs/srv/_command_tol_local_s.c.o
[ 97%] Building C object CMakeFiles/mavros_msgs__rosidl_generator_py.dir/rosidl_generator_py/mavros_msgs/srv/_command_trigger_control_s.c.o
[ 97%] Building C object CMakeFiles/mavros_msgs__rosidl_generator_py.dir/rosidl_generator_py/mavros_msgs/srv/_command_trigger_interval_s.c.o
[ 97%] Building C object CMakeFiles/mavros_msgs__rosidl_generator_py.dir/rosidl_generator_py/mavros_msgs/srv/_command_vtol_transition_s.c.o
[ 97%] Building C object CMakeFiles/mavros_msgs__rosidl_generator_py.dir/rosidl_generator_py/mavros_msgs/srv/_endpoint_add_s.c.o
[ 97%] Building C object CMakeFiles/mavros_msgs__rosidl_generator_py.dir/rosidl_generator_py/mavros_msgs/srv/_endpoint_del_s.c.o
[ 97%] Building C object CMakeFiles/mavros_msgs__rosidl_generator_py.dir/rosidl_generator_py/mavros_msgs/srv/_file_close_s.c.o
[ 97%] Building C object CMakeFiles/mavros_msgs__rosidl_generator_py.dir/rosidl_generator_py/mavros_msgs/srv/_file_checksum_s.c.o
[ 97%] Building C object CMakeFiles/mavros_msgs__rosidl_generator_py.dir/rosidl_generator_py/mavros_msgs/srv/_file_list_s.c.o
[ 97%] Building C object CMakeFiles/mavros_msgs__rosidl_generator_py.dir/rosidl_generator_py/mavros_msgs/srv/_file_make_dir_s.c.o
[ 97%] Building C object CMakeFiles/mavros_msgs__rosidl_generator_py.dir/rosidl_generator_py/mavros_msgs/srv/_file_open_s.c.o
[ 98%] Building C object CMakeFiles/mavros_msgs__rosidl_generator_py.dir/rosidl_generator_py/mavros_msgs/srv/_file_read_s.c.o
[ 98%] Building C object CMakeFiles/mavros_msgs__rosidl_generator_py.dir/rosidl_generator_py/mavros_msgs/srv/_file_remove_s.c.o
[ 98%] Building C object CMakeFiles/mavros_msgs__rosidl_generator_py.dir/rosidl_generator_py/mavros_msgs/srv/_file_remove_dir_s.c.o
[ 98%] Building C object CMakeFiles/mavros_msgs__rosidl_generator_py.dir/rosidl_generator_py/mavros_msgs/srv/_file_rename_s.c.o
[ 98%] Building C object CMakeFiles/mavros_msgs__rosidl_generator_py.dir/rosidl_generator_py/mavros_msgs/srv/_file_truncate_s.c.o
[ 98%] Building C object CMakeFiles/mavros_msgs__rosidl_generator_py.dir/rosidl_generator_py/mavros_msgs/srv/_file_write_s.c.o
[ 98%] Building C object CMakeFiles/mavros_msgs__rosidl_generator_py.dir/rosidl_generator_py/mavros_msgs/srv/_gimbal_get_information_s.c.o
[ 98%] Building C object CMakeFiles/mavros_msgs__rosidl_generator_py.dir/rosidl_generator_py/mavros_msgs/srv/_gimbal_manager_camera_track_s.c.o
[ 98%] Building C object CMakeFiles/mavros_msgs__rosidl_generator_py.dir/rosidl_generator_py/mavros_msgs/srv/_gimbal_manager_configure_s.c.o
[ 98%] Building C object CMakeFiles/mavros_msgs__rosidl_generator_py.dir/rosidl_generator_py/mavros_msgs/srv/_gimbal_manager_pitchyaw_s.c.o
[ 99%] Building C object CMakeFiles/mavros_msgs__rosidl_generator_py.dir/rosidl_generator_py/mavros_msgs/srv/_gimbal_manager_set_roi_s.c.o
[ 99%] Building C object CMakeFiles/mavros_msgs__rosidl_generator_py.dir/rosidl_generator_py/mavros_msgs/srv/_log_request_data_s.c.o
[ 99%] Building C object CMakeFiles/mavros_msgs__rosidl_generator_py.dir/rosidl_generator_py/mavros_msgs/srv/_log_request_end_s.c.o
[ 99%] Building C object CMakeFiles/mavros_msgs__rosidl_generator_py.dir/rosidl_generator_py/mavros_msgs/srv/_log_request_list_s.c.o
[ 99%] Building C object CMakeFiles/mavros_msgs__rosidl_generator_py.dir/rosidl_generator_py/mavros_msgs/srv/_message_interval_s.c.o
[ 99%] Building C object CMakeFiles/mavros_msgs__rosidl_generator_py.dir/rosidl_generator_py/mavros_msgs/srv/_mount_configure_s.c.o
[ 99%] Building C object CMakeFiles/mavros_msgs__rosidl_generator_py.dir/rosidl_generator_py/mavros_msgs/srv/_param_get_s.c.o
[ 99%] Building C object CMakeFiles/mavros_msgs__rosidl_generator_py.dir/rosidl_generator_py/mavros_msgs/srv/_param_pull_s.c.o
[ 99%] Building C object CMakeFiles/mavros_msgs__rosidl_generator_py.dir/rosidl_generator_py/mavros_msgs/srv/_param_push_s.c.o
[ 99%] Building C object CMakeFiles/mavros_msgs__rosidl_generator_py.dir/rosidl_generator_py/mavros_msgs/srv/_param_set_s.c.o
[100%] Building C object CMakeFiles/mavros_msgs__rosidl_generator_py.dir/rosidl_generator_py/mavros_msgs/srv/_param_set_v2_s.c.o
[100%] Building C object CMakeFiles/mavros_msgs__rosidl_generator_py.dir/rosidl_generator_py/mavros_msgs/srv/_set_mav_frame_s.c.o
[100%] Building C object CMakeFiles/mavros_msgs__rosidl_generator_py.dir/rosidl_generator_py/mavros_msgs/srv/_set_mode_s.c.o
[100%] Building C object CMakeFiles/mavros_msgs__rosidl_generator_py.dir/rosidl_generator_py/mavros_msgs/srv/_stream_rate_s.c.o
[100%] Building C object CMakeFiles/mavros_msgs__rosidl_generator_py.dir/rosidl_generator_py/mavros_msgs/srv/_vehicle_info_get_s.c.o
[100%] Building C object CMakeFiles/mavros_msgs__rosidl_generator_py.dir/rosidl_generator_py/mavros_msgs/srv/_waypoint_clear_s.c.o
[100%] Building C object CMakeFiles/mavros_msgs__rosidl_generator_py.dir/rosidl_generator_py/mavros_msgs/srv/_waypoint_pull_s.c.o
[100%] Building C object CMakeFiles/mavros_msgs__rosidl_generator_py.dir/rosidl_generator_py/mavros_msgs/srv/_waypoint_push_s.c.o
[100%] Building C object CMakeFiles/mavros_msgs__rosidl_generator_py.dir/rosidl_generator_py/mavros_msgs/srv/_waypoint_set_current_s.c.o
[100%] Linking C shared library rosidl_generator_py/mavros_msgs/libmavros_msgs__rosidl_generator_py.so
[100%] Built target mavros_msgs__rosidl_generator_py
Consolidate compiler generated dependencies of target mavros_msgs__rosidl_typesupport_introspection_c__pyext
Consolidate compiler generated dependencies of target mavros_msgs__rosidl_typesupport_fastrtps_c__pyext
Consolidate compiler generated dependencies of target mavros_msgs__rosidl_typesupport_c__pyext
[100%] Building C object CMakeFiles/mavros_msgs__rosidl_typesupport_fastrtps_c__pyext.dir/rosidl_generator_py/mavros_msgs/_mavros_msgs_s.ep.rosidl_typesupport_fastrtps_c.c.o
[100%] Building C object CMakeFiles/mavros_msgs__rosidl_typesupport_c__pyext.dir/rosidl_generator_py/mavros_msgs/_mavros_msgs_s.ep.rosidl_typesupport_c.c.o
[100%] Building C object CMakeFiles/mavros_msgs__rosidl_typesupport_introspection_c__pyext.dir/rosidl_generator_py/mavros_msgs/_mavros_msgs_s.ep.rosidl_typesupport_introspection_c.c.o
[100%] Linking C shared library rosidl_generator_py/mavros_msgs/mavros_msgs_s__rosidl_typesupport_introspection_c.cpython-310-aarch64-linux-gnu.so
[100%] Linking C shared library rosidl_generator_py/mavros_msgs/mavros_msgs_s__rosidl_typesupport_c.cpython-310-aarch64-linux-gnu.so
[100%] Linking C shared library rosidl_generator_py/mavros_msgs/mavros_msgs_s__rosidl_typesupport_fastrtps_c.cpython-310-aarch64-linux-gnu.so
[100%] Built target mavros_msgs__rosidl_typesupport_fastrtps_c__pyext
[100%] Built target mavros_msgs__rosidl_typesupport_introspection_c__pyext
[100%] Built target mavros_msgs__rosidl_typesupport_c__pyext
