[0.024s] Invoking command in '/home/nvidia/acfly_ws/build/mavlink': CMAKE_PREFIX_PATH=${CMAKE_PREFIX_PATH}:/home/nvidia/ws_orbbec/install/gemini_vision:/opt/ros/humble /usr/bin/cmake --build /home/nvidia/acfly_ws/build/mavlink -- -j8 -l8
[0.106s] [  7%] Built target csAirLink.xml-v1.0
[0.106s] [  7%] Built target acfly.xml-v1.0
[0.106s] [  7%] Built target common.xml-v1.0
[0.112s] [ 10%] Built target ardupilotmega.xml-v1.0
[0.113s] [ 13%] Built target all.xml-v1.0
[0.114s] [ 15%] Built target AVSSUAS.xml-v1.0
[0.126s] [ 18%] Built target ASLUAV.xml-v1.0
[0.135s] [ 21%] Built target commonACFly.xml-v1.0
[0.162s] [ 28%] Built target icarous.xml-v1.0
[0.163s] [ 28%] Built target loweheiser.xml-v1.0
[0.163s] [ 28%] Built target cubepilot.xml-v1.0
[0.166s] [ 34%] Built target marsh.xml-v1.0
[0.166s] [ 34%] Built target development.xml-v1.0
[0.173s] [ 36%] Built target paparazzi.xml-v1.0
[0.183s] [ 39%] Built target matrixpilot.xml-v1.0
[0.204s] [ 42%] Built target standard.xml-v1.0
[0.207s] [ 44%] Built target storm32.xml-v1.0
[0.207s] [ 47%] Built target ualberta.xml-v1.0
[0.211s] [ 50%] Built target ASLUAV.xml-v2.0
[0.220s] [ 52%] Built target uAvionix.xml-v1.0
[0.223s] [ 55%] Built target AVSSUAS.xml-v2.0
[0.228s] [ 57%] Built target acfly.xml-v2.0
[0.238s] [ 60%] Built target all.xml-v2.0
[0.249s] [ 63%] Built target ualberta.xml-v2.0
[0.252s] [ 68%] Built target commonACFly.xml-v2.0
[0.252s] [ 68%] Built target ardupilotmega.xml-v2.0
[0.259s] [ 71%] Built target csAirLink.xml-v2.0
[0.269s] [ 76%] Built target development.xml-v2.0
[0.270s] [ 76%] Built target cubepilot.xml-v2.0
[0.270s] [ 78%] Built target icarous.xml-v2.0
[0.287s] [ 81%] Built target loweheiser.xml-v2.0
[0.289s] [ 84%] Built target matrixpilot.xml-v2.0
[0.293s] [ 86%] Built target marsh.xml-v2.0
[0.303s] [ 89%] Built target paparazzi.xml-v2.0
[0.308s] [ 94%] Built target standard.xml-v2.0
[0.309s] [ 94%] Built target storm32.xml-v2.0
[0.309s] [ 97%] Built target uAvionix.xml-v2.0
[0.346s] [100%] Built target common.xml-v2.0
[0.369s] Invoked command in '/home/nvidia/acfly_ws/build/mavlink' returned '0': CMAKE_PREFIX_PATH=${CMAKE_PREFIX_PATH}:/home/nvidia/ws_orbbec/install/gemini_vision:/opt/ros/humble /usr/bin/cmake --build /home/nvidia/acfly_ws/build/mavlink -- -j8 -l8
[0.390s] Invoking command in '/home/nvidia/acfly_ws/build/mavlink': CMAKE_PREFIX_PATH=${CMAKE_PREFIX_PATH}:/home/nvidia/ws_orbbec/install/gemini_vision:/opt/ros/humble /usr/bin/cmake --install /home/nvidia/acfly_ws/build/mavlink
[0.404s] -- Install configuration: ""
[0.405s] -- Up-to-date: /home/nvidia/acfly_ws/install/mavlink/include/mavlink/config.h
[0.405s] -- Up-to-date: /home/nvidia/acfly_ws/install/mavlink/include/mavlink
[0.405s] -- Up-to-date: /home/nvidia/acfly_ws/install/mavlink/include/mavlink/v2.0
[0.405s] -- Up-to-date: /home/nvidia/acfly_ws/install/mavlink/include/mavlink/v2.0/mavlink_conversions.h
[0.405s] -- Up-to-date: /home/nvidia/acfly_ws/install/mavlink/include/mavlink/v2.0/common
[0.405s] -- Up-to-date: /home/nvidia/acfly_ws/install/mavlink/include/mavlink/v2.0/common/mavlink_msg_log_request_data.hpp
[0.406s] -- Up-to-date: /home/nvidia/acfly_ws/install/mavlink/include/mavlink/v2.0/common/mavlink_msg_camera_fov_status.hpp
[0.406s] -- Up-to-date: /home/nvidia/acfly_ws/install/mavlink/include/mavlink/v2.0/common/mavlink_msg_time_estimate_to_target.h
[0.406s] -- Up-to-date: /home/nvidia/acfly_ws/install/mavlink/include/mavlink/v2.0/common/mavlink_msg_open_drone_id_system.h
[0.406s] -- Up-to-date: /home/nvidia/acfly_ws/install/mavlink/include/mavlink/v2.0/common/mavlink_msg_gimbal_device_information.hpp
[0.406s] -- Up-to-date: /home/nvidia/acfly_ws/install/mavlink/include/mavlink/v2.0/common/mavlink_msg_cellular_status.h
[0.406s] -- Up-to-date: /home/nvidia/acfly_ws/install/mavlink/include/mavlink/v2.0/common/mavlink_msg_play_tune.hpp
[0.406s] -- Up-to-date: /home/nvidia/acfly_ws/install/mavlink/include/mavlink/v2.0/common/mavlink_msg_actuator_output_status.h
[0.406s] -- Up-to-date: /home/nvidia/acfly_ws/install/mavlink/include/mavlink/v2.0/common/mavlink_msg_gimbal_manager_status.h
[0.406s] -- Up-to-date: /home/nvidia/acfly_ws/install/mavlink/include/mavlink/v2.0/common/mavlink_msg_rc_channels_override.h
[0.407s] -- Up-to-date: /home/nvidia/acfly_ws/install/mavlink/include/mavlink/v2.0/common/mavlink_msg_gimbal_manager_set_manual_control.hpp
[0.407s] -- Up-to-date: /home/nvidia/acfly_ws/install/mavlink/include/mavlink/v2.0/common/mavlink_msg_can_frame.h
[0.407s] -- Up-to-date: /home/nvidia/acfly_ws/install/mavlink/include/mavlink/v2.0/common/mavlink_msg_event.hpp
[0.407s] -- Up-to-date: /home/nvidia/acfly_ws/install/mavlink/include/mavlink/v2.0/common/mavlink_msg_manual_control.hpp
[0.407s] -- Up-to-date: /home/nvidia/acfly_ws/install/mavlink/include/mavlink/v2.0/common/mavlink_msg_command_long.hpp
[0.407s] -- Up-to-date: /home/nvidia/acfly_ws/install/mavlink/include/mavlink/v2.0/common/mavlink_msg_terrain_request.h
[0.407s] -- Up-to-date: /home/nvidia/acfly_ws/install/mavlink/include/mavlink/v2.0/common/mavlink_msg_attitude.h
[0.407s] -- Up-to-date: /home/nvidia/acfly_ws/install/mavlink/include/mavlink/v2.0/common/mavlink_msg_scaled_pressure.h
[0.408s] -- Up-to-date: /home/nvidia/acfly_ws/install/mavlink/include/mavlink/v2.0/common/mavlink_msg_cellular_status.hpp
[0.408s] -- Up-to-date: /home/nvidia/acfly_ws/install/mavlink/include/mavlink/v2.0/common/mavlink_msg_setup_signing.hpp
[0.408s] -- Up-to-date: /home/nvidia/acfly_ws/install/mavlink/include/mavlink/v2.0/common/mavlink_msg_optical_flow.h
[0.408s] -- Up-to-date: /home/nvidia/acfly_ws/install/mavlink/include/mavlink/v2.0/common/mavlink_msg_landing_target.h
[0.408s] -- Up-to-date: /home/nvidia/acfly_ws/install/mavlink/include/mavlink/v2.0/common/mavlink_msg_cellular_config.hpp
[0.408s] -- Up-to-date: /home/nvidia/acfly_ws/install/mavlink/include/mavlink/v2.0/common/mavlink_msg_gimbal_manager_set_pitchyaw.h
[0.408s] -- Up-to-date: /home/nvidia/acfly_ws/install/mavlink/include/mavlink/v2.0/common/mavlink_msg_log_erase.h
[0.408s] -- Up-to-date: /home/nvidia/acfly_ws/install/mavlink/include/mavlink/v2.0/common/mavlink_msg_change_operator_control.hpp
[0.408s] -- Up-to-date: /home/nvidia/acfly_ws/install/mavlink/include/mavlink/v2.0/common/mavlink_msg_component_information_basic.hpp
[0.409s] -- Up-to-date: /home/nvidia/acfly_ws/install/mavlink/include/mavlink/v2.0/common/mavlink_msg_command_cancel.hpp
[0.409s] -- Up-to-date: /home/nvidia/acfly_ws/install/mavlink/include/mavlink/v2.0/common/mavlink_msg_gps_input.h
[0.409s] -- Up-to-date: /home/nvidia/acfly_ws/install/mavlink/include/mavlink/v2.0/common/mavlink_msg_set_attitude_target.hpp
[0.409s] -- Up-to-date: /home/nvidia/acfly_ws/install/mavlink/include/mavlink/v2.0/common/mavlink_msg_local_position_ned_cov.h
[0.409s] -- Up-to-date: /home/nvidia/acfly_ws/install/mavlink/include/mavlink/v2.0/common/mavlink_msg_param_ext_value.hpp
[0.409s] -- Up-to-date: /home/nvidia/acfly_ws/install/mavlink/include/mavlink/v2.0/common/mavlink_msg_param_ext_ack.h
[0.410s] -- Up-to-date: /home/nvidia/acfly_ws/install/mavlink/include/mavlink/v2.0/common/mavlink_msg_hil_rc_inputs_raw.hpp
[0.410s] -- Up-to-date: /home/nvidia/acfly_ws/install/mavlink/include/mavlink/v2.0/common/mavlink_msg_command_int.h
[0.410s] -- Up-to-date: /home/nvidia/acfly_ws/install/mavlink/include/mavlink/v2.0/common/mavlink_msg_gimbal_manager_information.hpp
[0.410s] -- Up-to-date: /home/nvidia/acfly_ws/install/mavlink/include/mavlink/v2.0/common/mavlink_msg_terrain_request.hpp
[0.410s] -- Up-to-date: /home/nvidia/acfly_ws/install/mavlink/include/mavlink/v2.0/common/mavlink_msg_play_tune_v2.hpp
[0.410s] -- Up-to-date: /home/nvidia/acfly_ws/install/mavlink/include/mavlink/v2.0/common/mavlink_msg_gps_inject_data.h
[0.410s] -- Up-to-date: /home/nvidia/acfly_ws/install/mavlink/include/mavlink/v2.0/common/mavlink_msg_named_value_int.hpp
[0.410s] -- Up-to-date: /home/nvidia/acfly_ws/install/mavlink/include/mavlink/v2.0/common/mavlink_msg_rc_channels_raw.h
[0.410s] -- Up-to-date: /home/nvidia/acfly_ws/install/mavlink/include/mavlink/v2.0/common/mavlink_msg_auth_key.hpp
[0.410s] -- Up-to-date: /home/nvidia/acfly_ws/install/mavlink/include/mavlink/v2.0/common/mavlink_msg_camera_image_captured.hpp
[0.411s] -- Up-to-date: /home/nvidia/acfly_ws/install/mavlink/include/mavlink/v2.0/common/mavlink_msg_camera_trigger.h
[0.411s] -- Up-to-date: /home/nvidia/acfly_ws/install/mavlink/include/mavlink/v2.0/common/mavlink_msg_mission_ack.hpp
[0.411s] -- Up-to-date: /home/nvidia/acfly_ws/install/mavlink/include/mavlink/v2.0/common/mavlink_msg_param_ext_request_read.h
[0.411s] -- Up-to-date: /home/nvidia/acfly_ws/install/mavlink/include/mavlink/v2.0/common/mavlink_msg_param_request_read.h
[0.411s] -- Up-to-date: /home/nvidia/acfly_ws/install/mavlink/include/mavlink/v2.0/common/mavlink_msg_local_position_ned_system_global_offset.hpp
[0.411s] -- Up-to-date: /home/nvidia/acfly_ws/install/mavlink/include/mavlink/v2.0/common/mavlink_msg_open_drone_id_self_id.hpp
[0.411s] -- Up-to-date: /home/nvidia/acfly_ws/install/mavlink/include/mavlink/v2.0/common/mavlink_msg_data_transmission_handshake.h
[0.411s] -- Up-to-date: /home/nvidia/acfly_ws/install/mavlink/include/mavlink/v2.0/common/mavlink_msg_set_gps_global_origin.h
[0.411s] -- Up-to-date: /home/nvidia/acfly_ws/install/mavlink/include/mavlink/v2.0/common/mavlink_msg_serial_control.hpp
[0.411s] -- Up-to-date: /home/nvidia/acfly_ws/install/mavlink/include/mavlink/v2.0/common/mavlink_msg_v2_extension.h
[0.412s] -- Up-to-date: /home/nvidia/acfly_ws/install/mavlink/include/mavlink/v2.0/common/mavlink_msg_statustext.h
[0.412s] -- Up-to-date: /home/nvidia/acfly_ws/install/mavlink/include/mavlink/v2.0/common/mavlink_msg_camera_capture_status.h
[0.412s] -- Up-to-date: /home/nvidia/acfly_ws/install/mavlink/include/mavlink/v2.0/common/mavlink_msg_extended_sys_state.h
[0.412s] -- Up-to-date: /home/nvidia/acfly_ws/install/mavlink/include/mavlink/v2.0/common/mavlink_msg_param_ext_set.h
[0.412s] -- Up-to-date: /home/nvidia/acfly_ws/install/mavlink/include/mavlink/v2.0/common/mavlink_msg_play_tune.h
[0.412s] -- Up-to-date: /home/nvidia/acfly_ws/install/mavlink/include/mavlink/v2.0/common/mavlink_msg_debug_float_array.hpp
[0.412s] -- Up-to-date: /home/nvidia/acfly_ws/install/mavlink/include/mavlink/v2.0/common/mavlink_msg_mission_request.h
[0.412s] -- Up-to-date: /home/nvidia/acfly_ws/install/mavlink/include/mavlink/v2.0/common/mavlink_msg_mount_orientation.h
[0.412s] -- Up-to-date: /home/nvidia/acfly_ws/install/mavlink/include/mavlink/v2.0/common/mavlink_msg_hil_optical_flow.h
[0.412s] -- Up-to-date: /home/nvidia/acfly_ws/install/mavlink/include/mavlink/v2.0/common/mavlink_msg_open_drone_id_location.h
[0.413s] -- Up-to-date: /home/nvidia/acfly_ws/install/mavlink/include/mavlink/v2.0/common/mavlink_msg_scaled_pressure3.hpp
[0.413s] -- Up-to-date: /home/nvidia/acfly_ws/install/mavlink/include/mavlink/v2.0/common/mavlink_msg_hil_gps.hpp
[0.413s] -- Up-to-date: /home/nvidia/acfly_ws/install/mavlink/include/mavlink/v2.0/common/mavlink_msg_uavcan_node_info.hpp
[0.413s] -- Up-to-date: /home/nvidia/acfly_ws/install/mavlink/include/mavlink/v2.0/common/mavlink_msg_high_latency.hpp
[0.413s] -- Up-to-date: /home/nvidia/acfly_ws/install/mavlink/include/mavlink/v2.0/common/mavlink_msg_mission_request_int.h
[0.413s] -- Up-to-date: /home/nvidia/acfly_ws/install/mavlink/include/mavlink/v2.0/common/mavlink_msg_v2_extension.hpp
[0.413s] -- Up-to-date: /home/nvidia/acfly_ws/install/mavlink/include/mavlink/v2.0/common/mavlink_msg_extended_sys_state.hpp
[0.413s] -- Up-to-date: /home/nvidia/acfly_ws/install/mavlink/include/mavlink/v2.0/common/mavlink_msg_control_system_state.hpp
[0.414s] -- Up-to-date: /home/nvidia/acfly_ws/install/mavlink/include/mavlink/v2.0/common/mavlink_msg_actuator_control_target.h
[0.414s] -- Up-to-date: /home/nvidia/acfly_ws/install/mavlink/include/mavlink/v2.0/common/mavlink_msg_component_information.h
[0.414s] -- Up-to-date: /home/nvidia/acfly_ws/install/mavlink/include/mavlink/v2.0/common/mavlink_msg_smart_battery_info.hpp
[0.414s] -- Up-to-date: /home/nvidia/acfly_ws/install/mavlink/include/mavlink/v2.0/common/mavlink_msg_autopilot_state_for_gimbal_device.h
[0.414s] -- Up-to-date: /home/nvidia/acfly_ws/install/mavlink/include/mavlink/v2.0/common/mavlink_msg_mission_request.hpp
[0.414s] -- Up-to-date: /home/nvidia/acfly_ws/install/mavlink/include/mavlink/v2.0/common/mavlink_msg_set_home_position.hpp
[0.414s] -- Up-to-date: /home/nvidia/acfly_ws/install/mavlink/include/mavlink/v2.0/common/mavlink_msg_sim_state.h
[0.414s] -- Up-to-date: /home/nvidia/acfly_ws/install/mavlink/include/mavlink/v2.0/common/mavlink_msg_time_estimate_to_target.hpp
[0.414s] -- Up-to-date: /home/nvidia/acfly_ws/install/mavlink/include/mavlink/v2.0/common/mavlink_msg_param_ext_value.h
[0.414s] -- Up-to-date: /home/nvidia/acfly_ws/install/mavlink/include/mavlink/v2.0/common/mavlink_msg_battery_info.hpp
[0.416s] -- Up-to-date: /home/nvidia/acfly_ws/install/mavlink/include/mavlink/v2.0/common/mavlink_msg_auth_key.h
[0.416s] -- Up-to-date: /home/nvidia/acfly_ws/install/mavlink/include/mavlink/v2.0/common/mavlink_msg_message_interval.h
[0.416s] -- Up-to-date: /home/nvidia/acfly_ws/install/mavlink/include/mavlink/v2.0/common/mavlink_msg_onboard_computer_status.h
[0.416s] -- Up-to-date: /home/nvidia/acfly_ws/install/mavlink/include/mavlink/v2.0/common/mavlink_msg_gimbal_device_set_attitude.h
[0.417s] -- Up-to-date: /home/nvidia/acfly_ws/install/mavlink/include/mavlink/v2.0/common/mavlink_msg_camera_thermal_range.h
[0.417s] -- Up-to-date: /home/nvidia/acfly_ws/install/mavlink/include/mavlink/v2.0/common/common.hpp
[0.417s] -- Up-to-date: /home/nvidia/acfly_ws/install/mavlink/include/mavlink/v2.0/common/mavlink_msg_can_filter_modify.hpp
[0.417s] -- Up-to-date: /home/nvidia/acfly_ws/install/mavlink/include/mavlink/v2.0/common/mavlink_msg_raw_pressure.h
[0.417s] -- Up-to-date: /home/nvidia/acfly_ws/install/mavlink/include/mavlink/v2.0/common/mavlink_msg_set_actuator_control_target.hpp
[0.418s] -- Up-to-date: /home/nvidia/acfly_ws/install/mavlink/include/mavlink/v2.0/common/mavlink_msg_isbd_link_status.hpp
[0.418s] -- Up-to-date: /home/nvidia/acfly_ws/install/mavlink/include/mavlink/v2.0/common/mavlink_msg_log_request_list.hpp
[0.418s] -- Up-to-date: /home/nvidia/acfly_ws/install/mavlink/include/mavlink/v2.0/common/mavlink_msg_adsb_vehicle.hpp
[0.418s] -- Up-to-date: /home/nvidia/acfly_ws/install/mavlink/include/mavlink/v2.0/common/mavlink_msg_vibration.h
[0.418s] -- Up-to-date: /home/nvidia/acfly_ws/install/mavlink/include/mavlink/v2.0/common/mavlink_msg_set_home_position.h
[0.419s] -- Up-to-date: /home/nvidia/acfly_ws/install/mavlink/include/mavlink/v2.0/common/mavlink_msg_terrain_check.h
[0.419s] -- Up-to-date: /home/nvidia/acfly_ws/install/mavlink/include/mavlink/v2.0/common/mavlink_msg_hil_sensor.h
[0.419s] -- Up-to-date: /home/nvidia/acfly_ws/install/mavlink/include/mavlink/v2.0/common/mavlink_msg_link_node_status.hpp
[0.419s] -- Up-to-date: /home/nvidia/acfly_ws/install/mavlink/include/mavlink/v2.0/common/mavlink_msg_open_drone_id_basic_id.hpp
[0.419s] -- Up-to-date: /home/nvidia/acfly_ws/install/mavlink/include/mavlink/v2.0/common/mavlink_msg_terrain_data.h
[0.420s] -- Up-to-date: /home/nvidia/acfly_ws/install/mavlink/include/mavlink/v2.0/common/mavlink_msg_hil_state.h
[0.420s] -- Up-to-date: /home/nvidia/acfly_ws/install/mavlink/include/mavlink/v2.0/common/mavlink_msg_open_drone_id_arm_status.h
[0.420s] -- Up-to-date: /home/nvidia/acfly_ws/install/mavlink/include/mavlink/v2.0/common/mavlink_msg_serial_control.h
[0.421s] -- Up-to-date: /home/nvidia/acfly_ws/install/mavlink/include/mavlink/v2.0/common/mavlink_msg_hil_controls.h
[0.421s] -- Up-to-date: /home/nvidia/acfly_ws/install/mavlink/include/mavlink/v2.0/common/mavlink_msg_odometry.h
[0.421s] -- Up-to-date: /home/nvidia/acfly_ws/install/mavlink/include/mavlink/v2.0/common/mavlink_msg_flight_information.h
[0.429s] -- Up-to-date: /home/nvidia/acfly_ws/install/mavlink/include/mavlink/v2.0/common/mavlink_msg_request_event.hpp
[0.430s] -- Up-to-date: /home/nvidia/acfly_ws/install/mavlink/include/mavlink/v2.0/common/mavlink_msg_radio_status.hpp
[0.430s] -- Up-to-date: /home/nvidia/acfly_ws/install/mavlink/include/mavlink/v2.0/common/mavlink_msg_data_transmission_handshake.hpp
[0.430s] -- Up-to-date: /home/nvidia/acfly_ws/install/mavlink/include/mavlink/v2.0/common/mavlink_msg_optical_flow_rad.h
[0.430s] -- Up-to-date: /home/nvidia/acfly_ws/install/mavlink/include/mavlink/v2.0/common/mavlink_msg_hil_actuator_controls.hpp
[0.431s] -- Up-to-date: /home/nvidia/acfly_ws/install/mavlink/include/mavlink/v2.0/common/mavlink_msg_fence_status.h
[0.431s] -- Up-to-date: /home/nvidia/acfly_ws/install/mavlink/include/mavlink/v2.0/common/mavlink_msg_gps2_raw.hpp
[0.431s] -- Up-to-date: /home/nvidia/acfly_ws/install/mavlink/include/mavlink/v2.0/common/mavlink_msg_terrain_check.hpp
[0.431s] -- Up-to-date: /home/nvidia/acfly_ws/install/mavlink/include/mavlink/v2.0/common/mavlink_msg_global_position_int.h
[0.431s] -- Up-to-date: /home/nvidia/acfly_ws/install/mavlink/include/mavlink/v2.0/common/mavlink_msg_param_ext_request_list.h
[0.431s] -- Up-to-date: /home/nvidia/acfly_ws/install/mavlink/include/mavlink/v2.0/common/mavlink_msg_log_entry.hpp
[0.431s] -- Up-to-date: /home/nvidia/acfly_ws/install/mavlink/include/mavlink/v2.0/common/mavlink_msg_collision.hpp
[0.431s] -- Up-to-date: /home/nvidia/acfly_ws/install/mavlink/include/mavlink/v2.0/common/mavlink_msg_ais_vessel.hpp
[0.431s] -- Up-to-date: /home/nvidia/acfly_ws/install/mavlink/include/mavlink/v2.0/common/mavlink_msg_global_position_int.hpp
[0.431s] -- Up-to-date: /home/nvidia/acfly_ws/install/mavlink/include/mavlink/v2.0/common/mavlink_msg_camera_information.hpp
[0.432s] -- Up-to-date: /home/nvidia/acfly_ws/install/mavlink/include/mavlink/v2.0/common/mavlink_msg_gps_rtcm_data.h
[0.432s] -- Up-to-date: /home/nvidia/acfly_ws/install/mavlink/include/mavlink/v2.0/common/mavlink_msg_log_erase.hpp
[0.432s] -- Up-to-date: /home/nvidia/acfly_ws/install/mavlink/include/mavlink/v2.0/common/mavlink_msg_trajectory_representation_waypoints.hpp
[0.432s] -- Up-to-date: /home/nvidia/acfly_ws/install/mavlink/include/mavlink/v2.0/common/mavlink_msg_gps_rtk.hpp
[0.432s] -- Up-to-date: /home/nvidia/acfly_ws/install/mavlink/include/mavlink/v2.0/common/mavlink_msg_wifi_config_ap.hpp
[0.432s] -- Up-to-date: /home/nvidia/acfly_ws/install/mavlink/include/mavlink/v2.0/common/mavlink_msg_camera_settings.h
[0.432s] -- Up-to-date: /home/nvidia/acfly_ws/install/mavlink/include/mavlink/v2.0/common/mavlink_msg_home_position.h
[0.432s] -- Up-to-date: /home/nvidia/acfly_ws/install/mavlink/include/mavlink/v2.0/common/mavlink_msg_system_time.h
[0.432s] -- Up-to-date: /home/nvidia/acfly_ws/install/mavlink/include/mavlink/v2.0/common/mavlink_msg_power_status.hpp
[0.432s] -- Up-to-date: /home/nvidia/acfly_ws/install/mavlink/include/mavlink/v2.0/common/mavlink_msg_scaled_imu.hpp
[0.433s] -- Up-to-date: /home/nvidia/acfly_ws/install/mavlink/include/mavlink/v2.0/common/mavlink_msg_follow_target.hpp
[0.433s] -- Up-to-date: /home/nvidia/acfly_ws/install/mavlink/include/mavlink/v2.0/common/mavlink_msg_param_request_list.hpp
[0.433s] -- Up-to-date: /home/nvidia/acfly_ws/install/mavlink/include/mavlink/v2.0/common/mavlink_msg_open_drone_id_authentication.h
[0.433s] -- Up-to-date: /home/nvidia/acfly_ws/install/mavlink/include/mavlink/v2.0/common/mavlink_msg_open_drone_id_authentication.hpp
[0.434s] -- Up-to-date: /home/nvidia/acfly_ws/install/mavlink/include/mavlink/v2.0/common/mavlink_msg_command_long.h
[0.434s] -- Up-to-date: /home/nvidia/acfly_ws/install/mavlink/include/mavlink/v2.0/common/mavlink_msg_vfr_hud.h
[0.435s] -- Up-to-date: /home/nvidia/acfly_ws/install/mavlink/include/mavlink/v2.0/common/mavlink_msg_camera_capture_status.hpp
[0.435s] -- Up-to-date: /home/nvidia/acfly_ws/install/mavlink/include/mavlink/v2.0/common/mavlink_msg_raw_imu.hpp
[0.435s] -- Up-to-date: /home/nvidia/acfly_ws/install/mavlink/include/mavlink/v2.0/common/mavlink_msg_can_frame.hpp
[0.435s] -- Up-to-date: /home/nvidia/acfly_ws/install/mavlink/include/mavlink/v2.0/common/mavlink_msg_available_modes.hpp
[0.436s] -- Up-to-date: /home/nvidia/acfly_ws/install/mavlink/include/mavlink/v2.0/common/mavlink_msg_attitude_target.hpp
[0.436s] -- Up-to-date: /home/nvidia/acfly_ws/install/mavlink/include/mavlink/v2.0/common/mavlink_msg_gimbal_manager_set_manual_control.h
[0.437s] -- Up-to-date: /home/nvidia/acfly_ws/install/mavlink/include/mavlink/v2.0/common/mavlink_msg_param_map_rc.h
[0.437s] -- Up-to-date: /home/nvidia/acfly_ws/install/mavlink/include/mavlink/v2.0/common/mavlink_msg_video_stream_status.hpp
[0.437s] -- Up-to-date: /home/nvidia/acfly_ws/install/mavlink/include/mavlink/v2.0/common/mavlink_msg_open_drone_id_arm_status.hpp
[0.438s] -- Up-to-date: /home/nvidia/acfly_ws/install/mavlink/include/mavlink/v2.0/common/mavlink_msg_illuminator_status.hpp
[0.438s] -- Up-to-date: /home/nvidia/acfly_ws/install/mavlink/include/mavlink/v2.0/common/mavlink_msg_gps_input.hpp
[0.438s] -- Up-to-date: /home/nvidia/acfly_ws/install/mavlink/include/mavlink/v2.0/common/mavlink_msg_esc_status.h
[0.439s] -- Up-to-date: /home/nvidia/acfly_ws/install/mavlink/include/mavlink/v2.0/common/mavlink_msg_hil_controls.hpp
[0.439s] -- Up-to-date: /home/nvidia/acfly_ws/install/mavlink/include/mavlink/v2.0/common/mavlink_msg_mission_set_current.h
[0.439s] -- Up-to-date: /home/nvidia/acfly_ws/install/mavlink/include/mavlink/v2.0/common/mavlink_msg_param_value.h
[0.440s] -- Up-to-date: /home/nvidia/acfly_ws/install/mavlink/include/mavlink/v2.0/common/mavlink_msg_mission_ack.h
[0.440s] -- Up-to-date: /home/nvidia/acfly_ws/install/mavlink/include/mavlink/v2.0/common/mavlink_msg_data_stream.h
[0.440s] -- Up-to-date: /home/nvidia/acfly_ws/install/mavlink/include/mavlink/v2.0/common/mavlink_msg_gps_raw_int.hpp
[0.441s] -- Up-to-date: /home/nvidia/acfly_ws/install/mavlink/include/mavlink/v2.0/common/mavlink_msg_raw_rpm.h
[0.441s] -- Up-to-date: /home/nvidia/acfly_ws/install/mavlink/include/mavlink/v2.0/common/mavlink_msg_rc_channels_scaled.h
[0.441s] -- Up-to-date: /home/nvidia/acfly_ws/install/mavlink/include/mavlink/v2.0/common/mavlink_msg_winch_status.h
[0.442s] -- Up-to-date: /home/nvidia/acfly_ws/install/mavlink/include/mavlink/v2.0/common/mavlink_msg_open_drone_id_message_pack.h
[0.442s] -- Up-to-date: /home/nvidia/acfly_ws/install/mavlink/include/mavlink/v2.0/common/mavlink_msg_gps_global_origin.hpp
[0.442s] -- Up-to-date: /home/nvidia/acfly_ws/install/mavlink/include/mavlink/v2.0/common/mavlink_msg_gps_status.hpp
[0.442s] -- Up-to-date: /home/nvidia/acfly_ws/install/mavlink/include/mavlink/v2.0/common/mavlink_msg_adsb_vehicle.h
[0.443s] -- Up-to-date: /home/nvidia/acfly_ws/install/mavlink/include/mavlink/v2.0/common/mavlink_msg_button_change.hpp
[0.443s] -- Up-to-date: /home/nvidia/acfly_ws/install/mavlink/include/mavlink/v2.0/common/mavlink_msg_param_request_list.h
[0.443s] -- Up-to-date: /home/nvidia/acfly_ws/install/mavlink/include/mavlink/v2.0/common/mavlink_msg_camera_thermal_range.hpp
[0.444s] -- Up-to-date: /home/nvidia/acfly_ws/install/mavlink/include/mavlink/v2.0/common/mavlink_msg_named_value_float.hpp
[0.444s] -- Up-to-date: /home/nvidia/acfly_ws/install/mavlink/include/mavlink/v2.0/common/mavlink_msg_gps_status.h
[0.444s] -- Up-to-date: /home/nvidia/acfly_ws/install/mavlink/include/mavlink/v2.0/common/mavlink_msg_flight_information.hpp
[0.444s] -- Up-to-date: /home/nvidia/acfly_ws/install/mavlink/include/mavlink/v2.0/common/mavlink_msg_attitude_quaternion.hpp
[0.451s] -- Up-to-date: /home/nvidia/acfly_ws/install/mavlink/include/mavlink/v2.0/common/mavlink_msg_global_vision_position_estimate.hpp
[0.451s] -- Up-to-date: /home/nvidia/acfly_ws/install/mavlink/include/mavlink/v2.0/common/mavlink_msg_param_set.h
[0.451s] -- Up-to-date: /home/nvidia/acfly_ws/install/mavlink/include/mavlink/v2.0/common/mavlink_msg_debug.h
[0.452s] -- Up-to-date: /home/nvidia/acfly_ws/install/mavlink/include/mavlink/v2.0/common/mavlink_msg_gimbal_manager_status.hpp
[0.452s] -- Up-to-date: /home/nvidia/acfly_ws/install/mavlink/include/mavlink/v2.0/common/mavlink_msg_param_ext_ack.hpp
[0.452s] -- Up-to-date: /home/nvidia/acfly_ws/install/mavlink/include/mavlink/v2.0/common/mavlink_msg_change_operator_control_ack.h
[0.453s] -- Up-to-date: /home/nvidia/acfly_ws/install/mavlink/include/mavlink/v2.0/common/mavlink_msg_current_mode.hpp
[0.453s] -- Up-to-date: /home/nvidia/acfly_ws/install/mavlink/include/mavlink/v2.0/common/mavlink_msg_position_target_local_ned.h
[0.453s] -- Up-to-date: /home/nvidia/acfly_ws/install/mavlink/include/mavlink/v2.0/common/mavlink_msg_optical_flow_rad.hpp
[0.453s] -- Up-to-date: /home/nvidia/acfly_ws/install/mavlink/include/mavlink/v2.0/common/mavlink_msg_available_modes.h
[0.453s] -- Up-to-date: /home/nvidia/acfly_ws/install/mavlink/include/mavlink/v2.0/common/mavlink_msg_mission_item.hpp
[0.453s] -- Up-to-date: /home/nvidia/acfly_ws/install/mavlink/include/mavlink/v2.0/common/mavlink_msg_canfd_frame.h
[0.453s] -- Up-to-date: /home/nvidia/acfly_ws/install/mavlink/include/mavlink/v2.0/common/testsuite.h
[0.454s] -- Up-to-date: /home/nvidia/acfly_ws/install/mavlink/include/mavlink/v2.0/common/mavlink_msg_param_set.hpp
[0.454s] -- Up-to-date: /home/nvidia/acfly_ws/install/mavlink/include/mavlink/v2.0/common/mavlink_msg_rc_channels_raw.hpp
[0.454s] -- Up-to-date: /home/nvidia/acfly_ws/install/mavlink/include/mavlink/v2.0/common/mavlink_msg_camera_fov_status.h
[0.454s] -- Up-to-date: /home/nvidia/acfly_ws/install/mavlink/include/mavlink/v2.0/common/mavlink_msg_camera_settings.hpp
[0.454s] -- Up-to-date: /home/nvidia/acfly_ws/install/mavlink/include/mavlink/v2.0/common/mavlink_msg_set_actuator_control_target.h
[0.454s] -- Up-to-date: /home/nvidia/acfly_ws/install/mavlink/include/mavlink/v2.0/common/mavlink_msg_orbit_execution_status.hpp
[0.454s] -- Up-to-date: /home/nvidia/acfly_ws/install/mavlink/include/mavlink/v2.0/common/mavlink_msg_system_time.hpp
[0.454s] -- Up-to-date: /home/nvidia/acfly_ws/install/mavlink/include/mavlink/v2.0/common/mavlink_msg_fuel_status.hpp
[0.455s] -- Up-to-date: /home/nvidia/acfly_ws/install/mavlink/include/mavlink/v2.0/common/mavlink_msg_log_request_end.hpp
[0.455s] -- Up-to-date: /home/nvidia/acfly_ws/install/mavlink/include/mavlink/v2.0/common/mavlink_msg_control_system_state.h
[0.455s] -- Up-to-date: /home/nvidia/acfly_ws/install/mavlink/include/mavlink/v2.0/common/mavlink_msg_mission_set_current.hpp
[0.456s] -- Up-to-date: /home/nvidia/acfly_ws/install/mavlink/include/mavlink/v2.0/common/mavlink_msg_hil_gps.h
[0.456s] -- Up-to-date: /home/nvidia/acfly_ws/install/mavlink/include/mavlink/v2.0/common/mavlink_msg_can_filter_modify.h
[0.456s] -- Up-to-date: /home/nvidia/acfly_ws/install/mavlink/include/mavlink/v2.0/common/mavlink_msg_manual_setpoint.hpp
[0.456s] -- Up-to-date: /home/nvidia/acfly_ws/install/mavlink/include/mavlink/v2.0/common/mavlink_msg_estimator_status.hpp
[0.457s] -- Up-to-date: /home/nvidia/acfly_ws/install/mavlink/include/mavlink/v2.0/common/mavlink_msg_position_target_global_int.hpp
[0.457s] -- Up-to-date: /home/nvidia/acfly_ws/install/mavlink/include/mavlink/v2.0/common/mavlink_msg_distance_sensor.hpp
[0.457s] -- Up-to-date: /home/nvidia/acfly_ws/install/mavlink/include/mavlink/v2.0/common/mavlink_msg_global_position_int_cov.h
[0.458s] -- Up-to-date: /home/nvidia/acfly_ws/install/mavlink/include/mavlink/v2.0/common/mavlink_msg_manual_setpoint.h
[0.458s] -- Up-to-date: /home/nvidia/acfly_ws/install/mavlink/include/mavlink/v2.0/common/mavlink_msg_play_tune_v2.h
[0.458s] -- Up-to-date: /home/nvidia/acfly_ws/install/mavlink/include/mavlink/v2.0/common/mavlink_msg_trajectory_representation_bezier.hpp
[0.459s] -- Up-to-date: /home/nvidia/acfly_ws/install/mavlink/include/mavlink/v2.0/common/mavlink_msg_vision_speed_estimate.hpp
[0.459s] -- Up-to-date: /home/nvidia/acfly_ws/install/mavlink/include/mavlink/v2.0/common/mavlink_msg_scaled_pressure2.h
[0.459s] -- Up-to-date: /home/nvidia/acfly_ws/install/mavlink/include/mavlink/v2.0/common/mavlink_msg_open_drone_id_operator_id.hpp
[0.460s] -- Up-to-date: /home/nvidia/acfly_ws/install/mavlink/include/mavlink/v2.0/common/mavlink_msg_named_value_float.h
[0.460s] -- Up-to-date: /home/nvidia/acfly_ws/install/mavlink/include/mavlink/v2.0/common/mavlink_msg_follow_target.h
[0.460s] -- Up-to-date: /home/nvidia/acfly_ws/install/mavlink/include/mavlink/v2.0/common/mavlink_msg_mission_item_reached.h
[0.460s] -- Up-to-date: /home/nvidia/acfly_ws/install/mavlink/include/mavlink/v2.0/common/mavlink_msg_highres_imu.hpp
[0.461s] -- Up-to-date: /home/nvidia/acfly_ws/install/mavlink/include/mavlink/v2.0/common/mavlink_msg_data_stream.hpp
[0.461s] -- Up-to-date: /home/nvidia/acfly_ws/install/mavlink/include/mavlink/v2.0/common/mavlink_msg_vision_speed_estimate.h
[0.462s] -- Up-to-date: /home/nvidia/acfly_ws/install/mavlink/include/mavlink/v2.0/common/mavlink_msg_timesync.hpp
[0.462s] -- Up-to-date: /home/nvidia/acfly_ws/install/mavlink/include/mavlink/v2.0/common/mavlink_msg_log_request_list.h
[0.462s] -- Up-to-date: /home/nvidia/acfly_ws/install/mavlink/include/mavlink/v2.0/common/mavlink_msg_tunnel.hpp
[0.462s] -- Up-to-date: /home/nvidia/acfly_ws/install/mavlink/include/mavlink/v2.0/common/mavlink_msg_open_drone_id_system_update.hpp
[0.463s] -- Up-to-date: /home/nvidia/acfly_ws/install/mavlink/include/mavlink/v2.0/common/mavlink_msg_component_information.hpp
[0.463s] -- Up-to-date: /home/nvidia/acfly_ws/install/mavlink/include/mavlink/v2.0/common/mavlink_msg_open_drone_id_operator_id.h
[0.463s] -- Up-to-date: /home/nvidia/acfly_ws/install/mavlink/include/mavlink/v2.0/common/mavlink_msg_vision_position_estimate.h
[0.463s] -- Up-to-date: /home/nvidia/acfly_ws/install/mavlink/include/mavlink/v2.0/common/mavlink_msg_highres_imu.h
[0.463s] -- Up-to-date: /home/nvidia/acfly_ws/install/mavlink/include/mavlink/v2.0/common/mavlink_msg_rc_channels.hpp
[0.463s] -- Up-to-date: /home/nvidia/acfly_ws/install/mavlink/include/mavlink/v2.0/common/mavlink_msg_manual_control.h
[0.464s] -- Up-to-date: /home/nvidia/acfly_ws/install/mavlink/include/mavlink/v2.0/common/mavlink_msg_estimator_status.h
[0.464s] -- Up-to-date: /home/nvidia/acfly_ws/install/mavlink/include/mavlink/v2.0/common/mavlink_msg_set_mode.hpp
[0.464s] -- Up-to-date: /home/nvidia/acfly_ws/install/mavlink/include/mavlink/v2.0/common/mavlink_msg_debug_float_array.h
[0.465s] -- Up-to-date: /home/nvidia/acfly_ws/install/mavlink/include/mavlink/v2.0/common/mavlink_msg_landing_target.hpp
[0.465s] -- Up-to-date: /home/nvidia/acfly_ws/install/mavlink/include/mavlink/v2.0/common/mavlink_msg_gps_rtcm_data.hpp
[0.465s] -- Up-to-date: /home/nvidia/acfly_ws/install/mavlink/include/mavlink/v2.0/common/mavlink_msg_att_pos_mocap.hpp
[0.465s] -- Up-to-date: /home/nvidia/acfly_ws/install/mavlink/include/mavlink/v2.0/common/mavlink_msg_open_drone_id_self_id.h
[0.466s] -- Up-to-date: /home/nvidia/acfly_ws/install/mavlink/include/mavlink/v2.0/common/mavlink_msg_uavcan_node_info.h
[0.466s] -- Up-to-date: /home/nvidia/acfly_ws/install/mavlink/include/mavlink/v2.0/common/mavlink_msg_vicon_position_estimate.hpp
[0.466s] -- Up-to-date: /home/nvidia/acfly_ws/install/mavlink/include/mavlink/v2.0/common/mavlink_msg_local_position_ned.hpp
[0.467s] -- Up-to-date: /home/nvidia/acfly_ws/install/mavlink/include/mavlink/v2.0/common/mavlink_msg_camera_tracking_image_status.hpp
[0.467s] -- Up-to-date: /home/nvidia/acfly_ws/install/mavlink/include/mavlink/v2.0/common/mavlink_msg_isbd_link_status.h
[0.467s] -- Up-to-date: /home/nvidia/acfly_ws/install/mavlink/include/mavlink/v2.0/common/mavlink_msg_illuminator_status.h
[0.467s] -- Up-to-date: /home/nvidia/acfly_ws/install/mavlink/include/mavlink/v2.0/common/mavlink_msg_hil_rc_inputs_raw.h
[0.468s] -- Up-to-date: /home/nvidia/acfly_ws/install/mavlink/include/mavlink/v2.0/common/mavlink_msg_actuator_output_status.hpp
[0.468s] -- Up-to-date: /home/nvidia/acfly_ws/install/mavlink/include/mavlink/v2.0/common/mavlink_msg_mission_item.h
[0.468s] -- Up-to-date: /home/nvidia/acfly_ws/install/mavlink/include/mavlink/v2.0/common/mavlink_msg_debug_vect.h
[0.469s] -- Up-to-date: /home/nvidia/acfly_ws/install/mavlink/include/mavlink/v2.0/common/mavlink_msg_attitude_quaternion.h
[0.469s] -- Up-to-date: /home/nvidia/acfly_ws/install/mavlink/include/mavlink/v2.0/common/mavlink_msg_hil_optical_flow.hpp
[0.469s] -- Up-to-date: /home/nvidia/acfly_ws/install/mavlink/include/mavlink/v2.0/common/mavlink_msg_change_operator_control.h
[0.469s] -- Up-to-date: /home/nvidia/acfly_ws/install/mavlink/include/mavlink/v2.0/common/mavlink_msg_open_drone_id_system.hpp
[0.470s] -- Up-to-date: /home/nvidia/acfly_ws/install/mavlink/include/mavlink/v2.0/common/mavlink_msg_esc_info.hpp
[0.470s] -- Up-to-date: /home/nvidia/acfly_ws/install/mavlink/include/mavlink/v2.0/common/mavlink_msg_change_operator_control_ack.hpp
[0.470s] -- Up-to-date: /home/nvidia/acfly_ws/install/mavlink/include/mavlink/v2.0/common/mavlink_msg_safety_allowed_area.hpp
[0.471s] -- Up-to-date: /home/nvidia/acfly_ws/install/mavlink/include/mavlink/v2.0/common/mavlink_msg_wifi_config_ap.h
[0.471s] -- Up-to-date: /home/nvidia/acfly_ws/install/mavlink/include/mavlink/v2.0/common/mavlink_msg_logging_data.hpp
[0.471s] -- Up-to-date: /home/nvidia/acfly_ws/install/mavlink/include/mavlink/v2.0/common/mavlink_msg_mission_item_int.hpp
[0.472s] -- Up-to-date: /home/nvidia/acfly_ws/install/mavlink/include/mavlink/v2.0/common/mavlink_msg_request_event.h
[0.473s] -- Up-to-date: /home/nvidia/acfly_ws/install/mavlink/include/mavlink/v2.0/common/mavlink_msg_radio_status.h
[0.473s] -- Up-to-date: /home/nvidia/acfly_ws/install/mavlink/include/mavlink/v2.0/common/mavlink_msg_sim_state.hpp
[0.473s] -- Up-to-date: /home/nvidia/acfly_ws/install/mavlink/include/mavlink/v2.0/common/mavlink_msg_ais_vessel.h
[0.474s] -- Up-to-date: /home/nvidia/acfly_ws/install/mavlink/include/mavlink/v2.0/common/mavlink_msg_mission_request_list.h
[0.474s] -- Up-to-date: /home/nvidia/acfly_ws/install/mavlink/include/mavlink/v2.0/common/mavlink_msg_gps2_rtk.h
[0.474s] -- Up-to-date: /home/nvidia/acfly_ws/install/mavlink/include/mavlink/v2.0/common/mavlink_msg_hil_actuator_controls.h
[0.474s] -- Up-to-date: /home/nvidia/acfly_ws/install/mavlink/include/mavlink/v2.0/common/mavlink_msg_set_mode.h
[0.474s] -- Up-to-date: /home/nvidia/acfly_ws/install/mavlink/include/mavlink/v2.0/common/mavlink_msg_rc_channels_scaled.hpp
[0.475s] -- Up-to-date: /home/nvidia/acfly_ws/install/mavlink/include/mavlink/v2.0/common/mavlink_msg_debug.hpp
[0.475s] -- Up-to-date: /home/nvidia/acfly_ws/install/mavlink/include/mavlink/v2.0/common/mavlink_msg_attitude_quaternion_cov.hpp
[0.475s] -- Up-to-date: /home/nvidia/acfly_ws/install/mavlink/include/mavlink/v2.0/common/mavlink_msg_request_data_stream.hpp
[0.475s] -- Up-to-date: /home/nvidia/acfly_ws/install/mavlink/include/mavlink/v2.0/common/mavlink_msg_servo_output_raw.hpp
[0.476s] -- Up-to-date: /home/nvidia/acfly_ws/install/mavlink/include/mavlink/v2.0/common/mavlink_msg_param_ext_request_list.hpp
[0.476s] -- Up-to-date: /home/nvidia/acfly_ws/install/mavlink/include/mavlink/v2.0/common/mavlink_msg_open_drone_id_basic_id.h
[0.476s] -- Up-to-date: /home/nvidia/acfly_ws/install/mavlink/include/mavlink/v2.0/common/mavlink_msg_event.h
[0.477s] -- Up-to-date: /home/nvidia/acfly_ws/install/mavlink/include/mavlink/v2.0/common/mavlink_msg_gimbal_device_information.h
[0.477s] -- Up-to-date: /home/nvidia/acfly_ws/install/mavlink/include/mavlink/v2.0/common/mavlink_msg_scaled_imu.h
[0.477s] -- Up-to-date: /home/nvidia/acfly_ws/install/mavlink/include/mavlink/v2.0/common/mavlink_msg_response_event_error.hpp
[0.478s] -- Up-to-date: /home/nvidia/acfly_ws/install/mavlink/include/mavlink/v2.0/common/mavlink_msg_hil_state.hpp
[0.478s] -- Up-to-date: /home/nvidia/acfly_ws/install/mavlink/include/mavlink/v2.0/common/mavlink_msg_storage_information.hpp
[0.478s] -- Up-to-date: /home/nvidia/acfly_ws/install/mavlink/include/mavlink/v2.0/common/mavlink_msg_gps2_raw.h
[0.478s] -- Up-to-date: /home/nvidia/acfly_ws/install/mavlink/include/mavlink/v2.0/common/mavlink_msg_autopilot_state_for_gimbal_device.hpp
[0.479s] -- Up-to-date: /home/nvidia/acfly_ws/install/mavlink/include/mavlink/v2.0/common/mavlink_msg_param_map_rc.hpp
[0.479s] -- Up-to-date: /home/nvidia/acfly_ws/install/mavlink/include/mavlink/v2.0/common/mavlink_msg_response_event_error.h
[0.479s] -- Up-to-date: /home/nvidia/acfly_ws/install/mavlink/include/mavlink/v2.0/common/mavlink_msg_battery_status.h
[0.480s] -- Up-to-date: /home/nvidia/acfly_ws/install/mavlink/include/mavlink/v2.0/common/mavlink_msg_mission_write_partial_list.h
[0.480s] -- Up-to-date: /home/nvidia/acfly_ws/install/mavlink/include/mavlink/v2.0/common/mavlink_msg_resource_request.h
[0.480s] -- Up-to-date: /home/nvidia/acfly_ws/install/mavlink/include/mavlink/v2.0/common/mavlink_msg_mission_count.hpp
[0.481s] -- Up-to-date: /home/nvidia/acfly_ws/install/mavlink/include/mavlink/v2.0/common/mavlink_msg_home_position.hpp
[0.481s] -- Up-to-date: /home/nvidia/acfly_ws/install/mavlink/include/mavlink/v2.0/common/mavlink_msg_camera_tracking_geo_status.hpp
[0.481s] -- Up-to-date: /home/nvidia/acfly_ws/install/mavlink/include/mavlink/v2.0/common/mavlink_msg_vibration.hpp
[0.481s] -- Up-to-date: /home/nvidia/acfly_ws/install/mavlink/include/mavlink/v2.0/common/mavlink_msg_param_ext_set.hpp
[0.482s] -- Up-to-date: /home/nvidia/acfly_ws/install/mavlink/include/mavlink/v2.0/common/mavlink_msg_mission_write_partial_list.hpp
[0.482s] -- Up-to-date: /home/nvidia/acfly_ws/install/mavlink/include/mavlink/v2.0/common/mavlink_msg_named_value_int.h
[0.482s] -- Up-to-date: /home/nvidia/acfly_ws/install/mavlink/include/mavlink/v2.0/common/mavlink_msg_att_pos_mocap.h
[0.482s] -- Up-to-date: /home/nvidia/acfly_ws/install/mavlink/include/mavlink/v2.0/common/mavlink_msg_video_stream_information.h
[0.482s] -- Up-to-date: /home/nvidia/acfly_ws/install/mavlink/include/mavlink/v2.0/common/mavlink_msg_gps_raw_int.h
[0.483s] -- Up-to-date: /home/nvidia/acfly_ws/install/mavlink/include/mavlink/v2.0/common/mavlink_msg_mission_current.h
[0.483s] -- Up-to-date: /home/nvidia/acfly_ws/install/mavlink/include/mavlink/v2.0/common/mavlink_msg_wind_cov.hpp
[0.483s] -- Up-to-date: /home/nvidia/acfly_ws/install/mavlink/include/mavlink/v2.0/common/mavlink_msg_mission_current.hpp
[0.483s] -- Up-to-date: /home/nvidia/acfly_ws/install/mavlink/include/mavlink/v2.0/common/mavlink_msg_scaled_imu2.hpp
[0.484s] -- Up-to-date: /home/nvidia/acfly_ws/install/mavlink/include/mavlink/v2.0/common/mavlink_msg_encapsulated_data.h
[0.484s] -- Up-to-date: /home/nvidia/acfly_ws/install/mavlink/include/mavlink/v2.0/common/mavlink_msg_ping.h
[0.484s] -- Up-to-date: /home/nvidia/acfly_ws/install/mavlink/include/mavlink/v2.0/common/mavlink_msg_logging_data_acked.h
[0.485s] -- Up-to-date: /home/nvidia/acfly_ws/install/mavlink/include/mavlink/v2.0/common/mavlink_msg_scaled_pressure3.h
[0.485s] -- Up-to-date: /home/nvidia/acfly_ws/install/mavlink/include/mavlink/v2.0/common/mavlink_msg_canfd_frame.hpp
[0.485s] -- Up-to-date: /home/nvidia/acfly_ws/install/mavlink/include/mavlink/v2.0/common/mavlink_msg_uavcan_node_status.h
[0.487s] -- Up-to-date: /home/nvidia/acfly_ws/install/mavlink/include/mavlink/v2.0/common/mavlink_msg_obstacle_distance.hpp
[0.487s] -- Up-to-date: /home/nvidia/acfly_ws/install/mavlink/include/mavlink/v2.0/common/mavlink_msg_gimbal_device_attitude_status.h
[0.488s] -- Up-to-date: /home/nvidia/acfly_ws/install/mavlink/include/mavlink/v2.0/common/mavlink_msg_safety_set_allowed_area.hpp
[0.489s] -- Up-to-date: /home/nvidia/acfly_ws/install/mavlink/include/mavlink/v2.0/common/mavlink_msg_vfr_hud.hpp
[0.489s] -- Up-to-date: /home/nvidia/acfly_ws/install/mavlink/include/mavlink/v2.0/common/mavlink_msg_camera_trigger.hpp
[0.489s] -- Up-to-date: /home/nvidia/acfly_ws/install/mavlink/include/mavlink/v2.0/common/mavlink_msg_rc_channels.h
[0.490s] -- Up-to-date: /home/nvidia/acfly_ws/install/mavlink/include/mavlink/v2.0/common/mavlink_msg_gimbal_manager_information.h
[0.490s] -- Up-to-date: /home/nvidia/acfly_ws/install/mavlink/include/mavlink/v2.0/common/mavlink_msg_log_entry.h
[0.490s] -- Up-to-date: /home/nvidia/acfly_ws/install/mavlink/include/mavlink/v2.0/common/mavlink_msg_battery_info.h
[0.491s] -- Up-to-date: /home/nvidia/acfly_ws/install/mavlink/include/mavlink/v2.0/common/mavlink_msg_raw_imu.h
[0.491s] -- Up-to-date: /home/nvidia/acfly_ws/install/mavlink/include/mavlink/v2.0/common/mavlink_msg_scaled_pressure.hpp
[0.491s] -- Up-to-date: /home/nvidia/acfly_ws/install/mavlink/include/mavlink/v2.0/common/mavlink_msg_wind_cov.h
[0.493s] -- Up-to-date: /home/nvidia/acfly_ws/install/mavlink/include/mavlink/v2.0/common/mavlink_msg_servo_output_raw.h
[0.493s] -- Up-to-date: /home/nvidia/acfly_ws/install/mavlink/include/mavlink/v2.0/common/mavlink_msg_gimbal_manager_set_pitchyaw.hpp
[0.494s] -- Up-to-date: /home/nvidia/acfly_ws/install/mavlink/include/mavlink/v2.0/common/mavlink_msg_orbit_execution_status.h
[0.494s] -- Up-to-date: /home/nvidia/acfly_ws/install/mavlink/include/mavlink/v2.0/common/mavlink_msg_memory_vect.hpp
[0.495s] -- Up-to-date: /home/nvidia/acfly_ws/install/mavlink/include/mavlink/v2.0/common/mavlink_msg_logging_ack.hpp
[0.495s] -- Up-to-date: /home/nvidia/acfly_ws/install/mavlink/include/mavlink/v2.0/common/mavlink_msg_cellular_config.h
[0.495s] -- Up-to-date: /home/nvidia/acfly_ws/install/mavlink/include/mavlink/v2.0/common/mavlink_msg_hil_state_quaternion.hpp
[0.496s] -- Up-to-date: /home/nvidia/acfly_ws/install/mavlink/include/mavlink/v2.0/common/mavlink_msg_supported_tunes.hpp
[0.496s] -- Up-to-date: /home/nvidia/acfly_ws/install/mavlink/include/mavlink/v2.0/common/mavlink_msg_video_stream_status.h
[0.496s] -- Up-to-date: /home/nvidia/acfly_ws/install/mavlink/include/mavlink/v2.0/common/mavlink_msg_scaled_imu3.h
[0.497s] -- Up-to-date: /home/nvidia/acfly_ws/install/mavlink/include/mavlink/v2.0/common/mavlink_msg_command_cancel.h
[0.497s] -- Up-to-date: /home/nvidia/acfly_ws/install/mavlink/include/mavlink/v2.0/common/mavlink_msg_log_request_end.h
[0.497s] -- Up-to-date: /home/nvidia/acfly_ws/install/mavlink/include/mavlink/v2.0/common/mavlink_msg_message_interval.hpp
[0.497s] -- Up-to-date: /home/nvidia/acfly_ws/install/mavlink/include/mavlink/v2.0/common/mavlink.h
[0.497s] -- Up-to-date: /home/nvidia/acfly_ws/install/mavlink/include/mavlink/v2.0/common/mavlink_msg_hil_sensor.hpp
[0.497s] -- Up-to-date: /home/nvidia/acfly_ws/install/mavlink/include/mavlink/v2.0/common/mavlink_msg_odometry.hpp
[0.497s] -- Up-to-date: /home/nvidia/acfly_ws/install/mavlink/include/mavlink/v2.0/common/mavlink_msg_mission_request_int.hpp
[0.497s] -- Up-to-date: /home/nvidia/acfly_ws/install/mavlink/include/mavlink/v2.0/common/mavlink_msg_logging_data.h
[0.498s] -- Up-to-date: /home/nvidia/acfly_ws/install/mavlink/include/mavlink/v2.0/common/mavlink_msg_global_position_int_cov.hpp
[0.498s] -- Up-to-date: /home/nvidia/acfly_ws/install/mavlink/include/mavlink/v2.0/common/mavlink_msg_supported_tunes.h
[0.498s] -- Up-to-date: /home/nvidia/acfly_ws/install/mavlink/include/mavlink/v2.0/common/mavlink_msg_open_drone_id_system_update.h
[0.498s] -- Up-to-date: /home/nvidia/acfly_ws/install/mavlink/include/mavlink/v2.0/common/mavlink_msg_high_latency2.hpp
[0.498s] -- Up-to-date: /home/nvidia/acfly_ws/install/mavlink/include/mavlink/v2.0/common/mavlink_msg_set_attitude_target.h
[0.498s] -- Up-to-date: /home/nvidia/acfly_ws/install/mavlink/include/mavlink/v2.0/common/mavlink_msg_set_position_target_global_int.h
[0.498s] -- Up-to-date: /home/nvidia/acfly_ws/install/mavlink/include/mavlink/v2.0/common/mavlink_msg_gimbal_device_set_attitude.hpp
[0.498s] -- Up-to-date: /home/nvidia/acfly_ws/install/mavlink/include/mavlink/v2.0/common/mavlink_msg_battery_status.hpp
[0.498s] -- Up-to-date: /home/nvidia/acfly_ws/install/mavlink/include/mavlink/v2.0/common/mavlink_msg_attitude.hpp
[0.498s] -- Up-to-date: /home/nvidia/acfly_ws/install/mavlink/include/mavlink/v2.0/common/mavlink_msg_wheel_distance.hpp
[0.499s] -- Up-to-date: /home/nvidia/acfly_ws/install/mavlink/include/mavlink/v2.0/common/mavlink_msg_utm_global_position.hpp
[0.499s] -- Up-to-date: /home/nvidia/acfly_ws/install/mavlink/include/mavlink/v2.0/common/mavlink_msg_mission_request_partial_list.h
[0.499s] -- Up-to-date: /home/nvidia/acfly_ws/install/mavlink/include/mavlink/v2.0/common/mavlink_msg_rc_channels_override.hpp
[0.499s] -- Up-to-date: /home/nvidia/acfly_ws/install/mavlink/include/mavlink/v2.0/common/common.h
[0.499s] -- Up-to-date: /home/nvidia/acfly_ws/install/mavlink/include/mavlink/v2.0/common/mavlink_msg_local_position_ned_system_global_offset.h
[0.499s] -- Up-to-date: /home/nvidia/acfly_ws/install/mavlink/include/mavlink/v2.0/common/mavlink_msg_open_drone_id_location.hpp
[0.499s] -- Up-to-date: /home/nvidia/acfly_ws/install/mavlink/include/mavlink/v2.0/common/mavlink_msg_file_transfer_protocol.hpp
[0.500s] -- Up-to-date: /home/nvidia/acfly_ws/install/mavlink/include/mavlink/v2.0/common/mavlink_msg_local_position_ned_cov.hpp
[0.500s] -- Up-to-date: /home/nvidia/acfly_ws/install/mavlink/include/mavlink/v2.0/common/mavlink_msg_logging_ack.h
[0.500s] -- Up-to-date: /home/nvidia/acfly_ws/install/mavlink/include/mavlink/v2.0/common/mavlink_msg_timesync.h
[0.500s] -- Up-to-date: /home/nvidia/acfly_ws/install/mavlink/include/mavlink/v2.0/common/mavlink_msg_local_position_ned.h
[0.500s] -- Up-to-date: /home/nvidia/acfly_ws/install/mavlink/include/mavlink/v2.0/common/mavlink_msg_link_node_status.h
[0.500s] -- Up-to-date: /home/nvidia/acfly_ws/install/mavlink/include/mavlink/v2.0/common/mavlink_msg_camera_image_captured.h
[0.500s] -- Up-to-date: /home/nvidia/acfly_ws/install/mavlink/include/mavlink/v2.0/common/mavlink_msg_mag_cal_report.h
[0.500s] -- Up-to-date: /home/nvidia/acfly_ws/install/mavlink/include/mavlink/v2.0/common/mavlink_msg_obstacle_distance.h
[0.500s] -- Up-to-date: /home/nvidia/acfly_ws/install/mavlink/include/mavlink/v2.0/common/mavlink_msg_attitude_quaternion_cov.h
[0.501s] -- Up-to-date: /home/nvidia/acfly_ws/install/mavlink/include/mavlink/v2.0/common/mavlink_msg_raw_pressure.hpp
[0.501s] -- Up-to-date: /home/nvidia/acfly_ws/install/mavlink/include/mavlink/v2.0/common/mavlink_msg_scaled_imu2.h
[0.501s] -- Up-to-date: /home/nvidia/acfly_ws/install/mavlink/include/mavlink/v2.0/common/mavlink_msg_tunnel.h
[0.501s] -- Up-to-date: /home/nvidia/acfly_ws/install/mavlink/include/mavlink/v2.0/common/mavlink_msg_camera_tracking_image_status.h
[0.501s] -- Up-to-date: /home/nvidia/acfly_ws/install/mavlink/include/mavlink/v2.0/common/mavlink_msg_current_event_sequence.h
[0.501s] -- Up-to-date: /home/nvidia/acfly_ws/install/mavlink/include/mavlink/v2.0/common/mavlink_msg_param_ext_request_read.hpp
[0.501s] -- Up-to-date: /home/nvidia/acfly_ws/install/mavlink/include/mavlink/v2.0/common/mavlink_msg_onboard_computer_status.hpp
[0.501s] -- Up-to-date: /home/nvidia/acfly_ws/install/mavlink/include/mavlink/v2.0/common/mavlink_msg_log_request_data.h
[0.501s] -- Up-to-date: /home/nvidia/acfly_ws/install/mavlink/include/mavlink/v2.0/common/mavlink_msg_resource_request.hpp
[0.501s] -- Up-to-date: /home/nvidia/acfly_ws/install/mavlink/include/mavlink/v2.0/common/mavlink_msg_log_data.h
[0.502s] -- Up-to-date: /home/nvidia/acfly_ws/install/mavlink/include/mavlink/v2.0/common/mavlink_msg_set_position_target_global_int.hpp
[0.502s] -- Up-to-date: /home/nvidia/acfly_ws/install/mavlink/include/mavlink/v2.0/common/mavlink_msg_command_int.hpp
[0.502s] -- Up-to-date: /home/nvidia/acfly_ws/install/mavlink/include/mavlink/v2.0/common/mavlink_msg_generator_status.h
[0.502s] -- Up-to-date: /home/nvidia/acfly_ws/install/mavlink/include/mavlink/v2.0/common/mavlink_msg_actuator_control_target.hpp
[0.502s] -- Up-to-date: /home/nvidia/acfly_ws/install/mavlink/include/mavlink/v2.0/common/mavlink_msg_statustext.hpp
[0.502s] -- Up-to-date: /home/nvidia/acfly_ws/install/mavlink/include/mavlink/v2.0/common/mavlink_msg_position_target_local_ned.hpp
[0.502s] -- Up-to-date: /home/nvidia/acfly_ws/install/mavlink/include/mavlink/v2.0/common/version.h
[0.502s] -- Up-to-date: /home/nvidia/acfly_ws/install/mavlink/include/mavlink/v2.0/common/mavlink_msg_hygrometer_sensor.hpp
[0.502s] -- Up-to-date: /home/nvidia/acfly_ws/install/mavlink/include/mavlink/v2.0/common/mavlink_msg_uavcan_node_status.hpp
[0.503s] -- Up-to-date: /home/nvidia/acfly_ws/install/mavlink/include/mavlink/v2.0/common/mavlink_msg_available_modes_monitor.hpp
[0.503s] -- Up-to-date: /home/nvidia/acfly_ws/install/mavlink/include/mavlink/v2.0/common/mavlink_msg_gps_rtk.h
[0.503s] -- Up-to-date: /home/nvidia/acfly_ws/install/mavlink/include/mavlink/v2.0/common/mavlink_msg_camera_information.h
[0.503s] -- Up-to-date: /home/nvidia/acfly_ws/install/mavlink/include/mavlink/v2.0/common/mavlink_msg_gps_global_origin.h
[0.503s] -- Up-to-date: /home/nvidia/acfly_ws/install/mavlink/include/mavlink/v2.0/common/mavlink_msg_esc_info.h
[0.503s] -- Up-to-date: /home/nvidia/acfly_ws/install/mavlink/include/mavlink/v2.0/common/mavlink_msg_component_metadata.hpp
[0.503s] -- Up-to-date: /home/nvidia/acfly_ws/install/mavlink/include/mavlink/v2.0/common/mavlink_msg_mission_clear_all.h
[0.503s] -- Up-to-date: /home/nvidia/acfly_ws/install/mavlink/include/mavlink/v2.0/common/mavlink_msg_nav_controller_output.hpp
[0.503s] -- Up-to-date: /home/nvidia/acfly_ws/install/mavlink/include/mavlink/v2.0/common/mavlink_msg_current_mode.h
[0.504s] -- Up-to-date: /home/nvidia/acfly_ws/install/mavlink/include/mavlink/v2.0/common/mavlink_msg_mission_item_int.h
[0.504s] -- Up-to-date: /home/nvidia/acfly_ws/install/mavlink/include/mavlink/v2.0/common/mavlink_msg_set_position_target_local_ned.h
[0.504s] -- Up-to-date: /home/nvidia/acfly_ws/install/mavlink/include/mavlink/v2.0/common/mavlink_msg_distance_sensor.h
[0.504s] -- Up-to-date: /home/nvidia/acfly_ws/install/mavlink/include/mavlink/v2.0/common/mavlink_msg_component_metadata.h
[0.504s] -- Up-to-date: /home/nvidia/acfly_ws/install/mavlink/include/mavlink/v2.0/common/mavlink_msg_command_ack.h
[0.504s] -- Up-to-date: /home/nvidia/acfly_ws/install/mavlink/include/mavlink/v2.0/common/mavlink_msg_setup_signing.h
[0.504s] -- Up-to-date: /home/nvidia/acfly_ws/install/mavlink/include/mavlink/v2.0/common/mavlink_msg_mission_request_list.hpp
[0.504s] -- Up-to-date: /home/nvidia/acfly_ws/install/mavlink/include/mavlink/v2.0/common/mavlink_msg_request_data_stream.h
[0.504s] -- Up-to-date: /home/nvidia/acfly_ws/install/mavlink/include/mavlink/v2.0/common/mavlink_msg_sys_status.hpp
[0.504s] -- Up-to-date: /home/nvidia/acfly_ws/install/mavlink/include/mavlink/v2.0/common/mavlink_msg_log_data.hpp
[0.505s] -- Up-to-date: /home/nvidia/acfly_ws/install/mavlink/include/mavlink/v2.0/common/gtestsuite.hpp
[0.505s] -- Up-to-date: /home/nvidia/acfly_ws/install/mavlink/include/mavlink/v2.0/common/mavlink_msg_safety_set_allowed_area.h
[0.505s] -- Up-to-date: /home/nvidia/acfly_ws/install/mavlink/include/mavlink/v2.0/common/mavlink_msg_mission_request_partial_list.hpp
[0.505s] -- Up-to-date: /home/nvidia/acfly_ws/install/mavlink/include/mavlink/v2.0/common/mavlink_msg_open_drone_id_message_pack.hpp
[0.505s] -- Up-to-date: /home/nvidia/acfly_ws/install/mavlink/include/mavlink/v2.0/common/mavlink_msg_hygrometer_sensor.h
[0.505s] -- Up-to-date: /home/nvidia/acfly_ws/install/mavlink/include/mavlink/v2.0/common/mavlink_msg_hil_state_quaternion.h
[0.505s] -- Up-to-date: /home/nvidia/acfly_ws/install/mavlink/include/mavlink/v2.0/common/mavlink_msg_mission_clear_all.hpp
[0.506s] -- Up-to-date: /home/nvidia/acfly_ws/install/mavlink/include/mavlink/v2.0/common/mavlink_msg_scaled_pressure2.hpp
[0.506s] -- Up-to-date: /home/nvidia/acfly_ws/install/mavlink/include/mavlink/v2.0/common/mavlink_msg_global_vision_position_estimate.h
[0.506s] -- Up-to-date: /home/nvidia/acfly_ws/install/mavlink/include/mavlink/v2.0/common/mavlink_msg_winch_status.hpp
[0.506s] -- Up-to-date: /home/nvidia/acfly_ws/install/mavlink/include/mavlink/v2.0/common/mavlink_msg_gps2_rtk.hpp
[0.506s] -- Up-to-date: /home/nvidia/acfly_ws/install/mavlink/include/mavlink/v2.0/common/mavlink_msg_current_event_sequence.hpp
[0.506s] -- Up-to-date: /home/nvidia/acfly_ws/install/mavlink/include/mavlink/v2.0/common/mavlink_msg_file_transfer_protocol.h
[0.506s] -- Up-to-date: /home/nvidia/acfly_ws/install/mavlink/include/mavlink/v2.0/common/mavlink_msg_safety_allowed_area.h
[0.506s] -- Up-to-date: /home/nvidia/acfly_ws/install/mavlink/include/mavlink/v2.0/common/mavlink_msg_sys_status.h
[0.507s] -- Up-to-date: /home/nvidia/acfly_ws/install/mavlink/include/mavlink/v2.0/common/mavlink_msg_debug_vect.hpp
[0.507s] -- Up-to-date: /home/nvidia/acfly_ws/install/mavlink/include/mavlink/v2.0/common/mavlink_msg_set_gps_global_origin.hpp
[0.507s] -- Up-to-date: /home/nvidia/acfly_ws/install/mavlink/include/mavlink/v2.0/common/mavlink_msg_high_latency2.h
[0.507s] -- Up-to-date: /home/nvidia/acfly_ws/install/mavlink/include/mavlink/v2.0/common/mavlink_msg_param_request_read.hpp
[0.507s] -- Up-to-date: /home/nvidia/acfly_ws/install/mavlink/include/mavlink/v2.0/common/mavlink_msg_efi_status.h
[0.507s] -- Up-to-date: /home/nvidia/acfly_ws/install/mavlink/include/mavlink/v2.0/common/mavlink_msg_ping.hpp
[0.507s] -- Up-to-date: /home/nvidia/acfly_ws/install/mavlink/include/mavlink/v2.0/common/mavlink_msg_altitude.h
[0.507s] -- Up-to-date: /home/nvidia/acfly_ws/install/mavlink/include/mavlink/v2.0/common/mavlink_msg_smart_battery_info.h
[0.507s] -- Up-to-date: /home/nvidia/acfly_ws/install/mavlink/include/mavlink/v2.0/common/mavlink_msg_trajectory_representation_bezier.h
[0.508s] -- Up-to-date: /home/nvidia/acfly_ws/install/mavlink/include/mavlink/v2.0/common/mavlink_msg_trajectory_representation_waypoints.h
[0.509s] -- Up-to-date: /home/nvidia/acfly_ws/install/mavlink/include/mavlink/v2.0/common/mavlink_msg_fence_status.hpp
[0.509s] -- Up-to-date: /home/nvidia/acfly_ws/install/mavlink/include/mavlink/v2.0/common/mavlink_msg_terrain_report.hpp
[0.510s] -- Up-to-date: /home/nvidia/acfly_ws/install/mavlink/include/mavlink/v2.0/common/mavlink_msg_gimbal_manager_set_attitude.hpp
[0.510s] -- Up-to-date: /home/nvidia/acfly_ws/install/mavlink/include/mavlink/v2.0/common/mavlink_msg_gimbal_device_attitude_status.hpp
[0.511s] -- Up-to-date: /home/nvidia/acfly_ws/install/mavlink/include/mavlink/v2.0/common/mavlink_msg_raw_rpm.hpp
[0.511s] -- Up-to-date: /home/nvidia/acfly_ws/install/mavlink/include/mavlink/v2.0/common/mavlink_msg_collision.h
[0.512s] -- Up-to-date: /home/nvidia/acfly_ws/install/mavlink/include/mavlink/v2.0/common/mavlink_msg_logging_data_acked.hpp
[0.512s] -- Up-to-date: /home/nvidia/acfly_ws/install/mavlink/include/mavlink/v2.0/common/mavlink_msg_esc_status.hpp
[0.513s] -- Up-to-date: /home/nvidia/acfly_ws/install/mavlink/include/mavlink/v2.0/common/mavlink_msg_high_latency.h
[0.513s] -- Up-to-date: /home/nvidia/acfly_ws/install/mavlink/include/mavlink/v2.0/common/mavlink_msg_optical_flow.hpp
[0.513s] -- Up-to-date: /home/nvidia/acfly_ws/install/mavlink/include/mavlink/v2.0/common/mavlink_msg_scaled_imu3.hpp
[0.514s] -- Up-to-date: /home/nvidia/acfly_ws/install/mavlink/include/mavlink/v2.0/common/mavlink_msg_video_stream_information.hpp
[0.514s] -- Up-to-date: /home/nvidia/acfly_ws/install/mavlink/include/mavlink/v2.0/common/mavlink_msg_nav_controller_output.h
[0.514s] -- Up-to-date: /home/nvidia/acfly_ws/install/mavlink/include/mavlink/v2.0/common/mavlink_msg_set_position_target_local_ned.hpp
[0.515s] -- Up-to-date: /home/nvidia/acfly_ws/install/mavlink/include/mavlink/v2.0/common/mavlink_msg_mission_item_reached.hpp
[0.515s] -- Up-to-date: /home/nvidia/acfly_ws/install/mavlink/include/mavlink/v2.0/common/mavlink_msg_utm_global_position.h
[0.516s] -- Up-to-date: /home/nvidia/acfly_ws/install/mavlink/include/mavlink/v2.0/common/mavlink_msg_generator_status.hpp
[0.516s] -- Up-to-date: /home/nvidia/acfly_ws/install/mavlink/include/mavlink/v2.0/common/mavlink_msg_vicon_position_estimate.h
[0.516s] -- Up-to-date: /home/nvidia/acfly_ws/install/mavlink/include/mavlink/v2.0/common/mavlink_msg_altitude.hpp
[0.517s] -- Up-to-date: /home/nvidia/acfly_ws/install/mavlink/include/mavlink/v2.0/common/mavlink_msg_fuel_status.h
[0.518s] -- Up-to-date: /home/nvidia/acfly_ws/install/mavlink/include/mavlink/v2.0/common/mavlink_msg_terrain_report.h
[0.518s] -- Up-to-date: /home/nvidia/acfly_ws/install/mavlink/include/mavlink/v2.0/common/mavlink_msg_mag_cal_report.hpp
[0.518s] -- Up-to-date: /home/nvidia/acfly_ws/install/mavlink/include/mavlink/v2.0/common/mavlink_msg_storage_information.h
[0.519s] -- Up-to-date: /home/nvidia/acfly_ws/install/mavlink/include/mavlink/v2.0/common/mavlink_msg_memory_vect.h
[0.519s] -- Up-to-date: /home/nvidia/acfly_ws/install/mavlink/include/mavlink/v2.0/common/mavlink_msg_power_status.h
[0.519s] -- Up-to-date: /home/nvidia/acfly_ws/install/mavlink/include/mavlink/v2.0/common/mavlink_msg_button_change.h
[0.519s] -- Up-to-date: /home/nvidia/acfly_ws/install/mavlink/include/mavlink/v2.0/common/mavlink_msg_gps_inject_data.hpp
[0.519s] -- Up-to-date: /home/nvidia/acfly_ws/install/mavlink/include/mavlink/v2.0/common/mavlink_msg_available_modes_monitor.h
[0.519s] -- Up-to-date: /home/nvidia/acfly_ws/install/mavlink/include/mavlink/v2.0/common/mavlink_msg_camera_tracking_geo_status.h
[0.519s] -- Up-to-date: /home/nvidia/acfly_ws/install/mavlink/include/mavlink/v2.0/common/mavlink_msg_encapsulated_data.hpp
[0.519s] -- Up-to-date: /home/nvidia/acfly_ws/install/mavlink/include/mavlink/v2.0/common/mavlink_msg_command_ack.hpp
[0.519s] -- Up-to-date: /home/nvidia/acfly_ws/install/mavlink/include/mavlink/v2.0/common/mavlink_msg_efi_status.hpp
[0.520s] -- Up-to-date: /home/nvidia/acfly_ws/install/mavlink/include/mavlink/v2.0/common/mavlink_msg_vision_position_estimate.hpp
[0.520s] -- Up-to-date: /home/nvidia/acfly_ws/install/mavlink/include/mavlink/v2.0/common/mavlink_msg_mount_orientation.hpp
[0.520s] -- Up-to-date: /home/nvidia/acfly_ws/install/mavlink/include/mavlink/v2.0/common/mavlink_msg_attitude_target.h
[0.520s] -- Up-to-date: /home/nvidia/acfly_ws/install/mavlink/include/mavlink/v2.0/common/mavlink_msg_position_target_global_int.h
[0.520s] -- Up-to-date: /home/nvidia/acfly_ws/install/mavlink/include/mavlink/v2.0/common/mavlink_msg_param_value.hpp
[0.521s] -- Up-to-date: /home/nvidia/acfly_ws/install/mavlink/include/mavlink/v2.0/common/mavlink_msg_component_information_basic.h
[0.521s] -- Up-to-date: /home/nvidia/acfly_ws/install/mavlink/include/mavlink/v2.0/common/mavlink_msg_mission_count.h
[0.521s] -- Up-to-date: /home/nvidia/acfly_ws/install/mavlink/include/mavlink/v2.0/common/mavlink_msg_gimbal_manager_set_attitude.h
[0.521s] -- Up-to-date: /home/nvidia/acfly_ws/install/mavlink/include/mavlink/v2.0/common/mavlink_msg_wheel_distance.h
[0.521s] -- Up-to-date: /home/nvidia/acfly_ws/install/mavlink/include/mavlink/v2.0/common/mavlink_msg_terrain_data.hpp
[0.521s] -- Up-to-date: /home/nvidia/acfly_ws/install/mavlink/include/mavlink/v2.0/test
[0.521s] -- Up-to-date: /home/nvidia/acfly_ws/install/mavlink/include/mavlink/v2.0/test/test.hpp
[0.521s] -- Up-to-date: /home/nvidia/acfly_ws/install/mavlink/include/mavlink/v2.0/test/mavlink_msg_test_types.hpp
[0.521s] -- Up-to-date: /home/nvidia/acfly_ws/install/mavlink/include/mavlink/v2.0/test/mavlink_msg_test_types.h
[0.521s] -- Up-to-date: /home/nvidia/acfly_ws/install/mavlink/include/mavlink/v2.0/test/testsuite.h
[0.522s] -- Up-to-date: /home/nvidia/acfly_ws/install/mavlink/include/mavlink/v2.0/test/test.h
[0.522s] -- Up-to-date: /home/nvidia/acfly_ws/install/mavlink/include/mavlink/v2.0/test/mavlink.h
[0.522s] -- Up-to-date: /home/nvidia/acfly_ws/install/mavlink/include/mavlink/v2.0/test/version.h
[0.522s] -- Up-to-date: /home/nvidia/acfly_ws/install/mavlink/include/mavlink/v2.0/test/gtestsuite.hpp
[0.522s] -- Up-to-date: /home/nvidia/acfly_ws/install/mavlink/include/mavlink/v2.0/uAvionix
[0.522s] -- Up-to-date: /home/nvidia/acfly_ws/install/mavlink/include/mavlink/v2.0/uAvionix/mavlink_msg_uavionix_adsb_out_dynamic.h
[0.522s] -- Up-to-date: /home/nvidia/acfly_ws/install/mavlink/include/mavlink/v2.0/uAvionix/mavlink_msg_uavionix_adsb_out_dynamic.hpp
[0.522s] -- Up-to-date: /home/nvidia/acfly_ws/install/mavlink/include/mavlink/v2.0/uAvionix/mavlink_msg_uavionix_adsb_out_cfg_flightid.hpp
[0.523s] -- Up-to-date: /home/nvidia/acfly_ws/install/mavlink/include/mavlink/v2.0/uAvionix/uAvionix.hpp
[0.523s] -- Up-to-date: /home/nvidia/acfly_ws/install/mavlink/include/mavlink/v2.0/uAvionix/uAvionix.h
[0.524s] -- Up-to-date: /home/nvidia/acfly_ws/install/mavlink/include/mavlink/v2.0/uAvionix/testsuite.h
[0.524s] -- Up-to-date: /home/nvidia/acfly_ws/install/mavlink/include/mavlink/v2.0/uAvionix/mavlink_msg_uavionix_adsb_get.h
[0.524s] -- Up-to-date: /home/nvidia/acfly_ws/install/mavlink/include/mavlink/v2.0/uAvionix/mavlink_msg_uavionix_adsb_out_status.h
[0.525s] -- Up-to-date: /home/nvidia/acfly_ws/install/mavlink/include/mavlink/v2.0/uAvionix/mavlink_msg_uavionix_adsb_out_cfg_registration.h
[0.525s] -- Up-to-date: /home/nvidia/acfly_ws/install/mavlink/include/mavlink/v2.0/uAvionix/mavlink_msg_uavionix_adsb_out_cfg_flightid.h
[0.525s] -- Up-to-date: /home/nvidia/acfly_ws/install/mavlink/include/mavlink/v2.0/uAvionix/mavlink_msg_uavionix_adsb_transceiver_health_report.hpp
[0.525s] -- Up-to-date: /home/nvidia/acfly_ws/install/mavlink/include/mavlink/v2.0/uAvionix/mavlink_msg_uavionix_adsb_out_cfg_registration.hpp
[0.525s] -- Up-to-date: /home/nvidia/acfly_ws/install/mavlink/include/mavlink/v2.0/uAvionix/mavlink.h
[0.525s] -- Up-to-date: /home/nvidia/acfly_ws/install/mavlink/include/mavlink/v2.0/uAvionix/mavlink_msg_uavionix_adsb_transceiver_health_report.h
[0.526s] -- Up-to-date: /home/nvidia/acfly_ws/install/mavlink/include/mavlink/v2.0/uAvionix/mavlink_msg_uavionix_adsb_out_cfg.hpp
[0.526s] -- Up-to-date: /home/nvidia/acfly_ws/install/mavlink/include/mavlink/v2.0/uAvionix/mavlink_msg_uavionix_adsb_out_cfg.h
[0.526s] -- Up-to-date: /home/nvidia/acfly_ws/install/mavlink/include/mavlink/v2.0/uAvionix/version.h
[0.526s] -- Up-to-date: /home/nvidia/acfly_ws/install/mavlink/include/mavlink/v2.0/uAvionix/mavlink_msg_uavionix_adsb_out_control.h
[0.526s] -- Up-to-date: /home/nvidia/acfly_ws/install/mavlink/include/mavlink/v2.0/uAvionix/gtestsuite.hpp
[0.526s] -- Up-to-date: /home/nvidia/acfly_ws/install/mavlink/include/mavlink/v2.0/uAvionix/mavlink_msg_uavionix_adsb_out_status.hpp
[0.526s] -- Up-to-date: /home/nvidia/acfly_ws/install/mavlink/include/mavlink/v2.0/uAvionix/mavlink_msg_uavionix_adsb_get.hpp
[0.526s] -- Up-to-date: /home/nvidia/acfly_ws/install/mavlink/include/mavlink/v2.0/uAvionix/mavlink_msg_uavionix_adsb_out_control.hpp
[0.526s] -- Up-to-date: /home/nvidia/acfly_ws/install/mavlink/include/mavlink/v2.0/ASLUAV
[0.526s] -- Up-to-date: /home/nvidia/acfly_ws/install/mavlink/include/mavlink/v2.0/ASLUAV/mavlink_msg_asl_obctrl.hpp
[0.527s] -- Up-to-date: /home/nvidia/acfly_ws/install/mavlink/include/mavlink/v2.0/ASLUAV/mavlink_msg_sens_mppt.hpp
[0.527s] -- Up-to-date: /home/nvidia/acfly_ws/install/mavlink/include/mavlink/v2.0/ASLUAV/mavlink_msg_aslctrl_debug.h
[0.527s] -- Up-to-date: /home/nvidia/acfly_ws/install/mavlink/include/mavlink/v2.0/ASLUAV/mavlink_msg_ekf_ext.hpp
[0.527s] -- Up-to-date: /home/nvidia/acfly_ws/install/mavlink/include/mavlink/v2.0/ASLUAV/mavlink_msg_command_int_stamped.h
[0.527s] -- Up-to-date: /home/nvidia/acfly_ws/install/mavlink/include/mavlink/v2.0/ASLUAV/mavlink_msg_aslctrl_data.hpp
[0.527s] -- Up-to-date: /home/nvidia/acfly_ws/install/mavlink/include/mavlink/v2.0/ASLUAV/mavlink_msg_asl_obctrl.h
[0.527s] -- Up-to-date: /home/nvidia/acfly_ws/install/mavlink/include/mavlink/v2.0/ASLUAV/mavlink_msg_sens_power.h
[0.527s] -- Up-to-date: /home/nvidia/acfly_ws/install/mavlink/include/mavlink/v2.0/ASLUAV/ASLUAV.h
[0.527s] -- Up-to-date: /home/nvidia/acfly_ws/install/mavlink/include/mavlink/v2.0/ASLUAV/mavlink_msg_satcom_link_status.hpp
[0.527s] -- Up-to-date: /home/nvidia/acfly_ws/install/mavlink/include/mavlink/v2.0/ASLUAV/mavlink_msg_gsm_link_status.h
[0.528s] -- Up-to-date: /home/nvidia/acfly_ws/install/mavlink/include/mavlink/v2.0/ASLUAV/mavlink_msg_sens_power_board.h
[0.528s] -- Up-to-date: /home/nvidia/acfly_ws/install/mavlink/include/mavlink/v2.0/ASLUAV/mavlink_msg_fw_soaring_data.hpp
[0.528s] -- Up-to-date: /home/nvidia/acfly_ws/install/mavlink/include/mavlink/v2.0/ASLUAV/mavlink_msg_command_int_stamped.hpp
[0.528s] -- Up-to-date: /home/nvidia/acfly_ws/install/mavlink/include/mavlink/v2.0/ASLUAV/testsuite.h
[0.528s] -- Up-to-date: /home/nvidia/acfly_ws/install/mavlink/include/mavlink/v2.0/ASLUAV/mavlink_msg_sensorpod_status.h
[0.528s] -- Up-to-date: /home/nvidia/acfly_ws/install/mavlink/include/mavlink/v2.0/ASLUAV/mavlink_msg_asluav_status.h
[0.528s] -- Up-to-date: /home/nvidia/acfly_ws/install/mavlink/include/mavlink/v2.0/ASLUAV/mavlink_msg_ekf_ext.h
[0.528s] -- Up-to-date: /home/nvidia/acfly_ws/install/mavlink/include/mavlink/v2.0/ASLUAV/mavlink_msg_fw_soaring_data.h
[0.528s] -- Up-to-date: /home/nvidia/acfly_ws/install/mavlink/include/mavlink/v2.0/ASLUAV/mavlink_msg_sens_mppt.h
[0.528s] -- Up-to-date: /home/nvidia/acfly_ws/install/mavlink/include/mavlink/v2.0/ASLUAV/mavlink_msg_sensorpod_status.hpp
[0.528s] -- Up-to-date: /home/nvidia/acfly_ws/install/mavlink/include/mavlink/v2.0/ASLUAV/mavlink_msg_sensor_airflow_angles.hpp
[0.529s] -- Up-to-date: /home/nvidia/acfly_ws/install/mavlink/include/mavlink/v2.0/ASLUAV/mavlink_msg_sens_batmon.h
[0.529s] -- Up-to-date: /home/nvidia/acfly_ws/install/mavlink/include/mavlink/v2.0/ASLUAV/mavlink_msg_command_long_stamped.h
[0.529s] -- Up-to-date: /home/nvidia/acfly_ws/install/mavlink/include/mavlink/v2.0/ASLUAV/mavlink_msg_aslctrl_data.h
[0.529s] -- Up-to-date: /home/nvidia/acfly_ws/install/mavlink/include/mavlink/v2.0/ASLUAV/mavlink_msg_sensor_airflow_angles.h
[0.529s] -- Up-to-date: /home/nvidia/acfly_ws/install/mavlink/include/mavlink/v2.0/ASLUAV/mavlink_msg_command_long_stamped.hpp
[0.529s] -- Up-to-date: /home/nvidia/acfly_ws/install/mavlink/include/mavlink/v2.0/ASLUAV/mavlink_msg_sens_batmon.hpp
[0.529s] -- Up-to-date: /home/nvidia/acfly_ws/install/mavlink/include/mavlink/v2.0/ASLUAV/mavlink.h
[0.529s] -- Up-to-date: /home/nvidia/acfly_ws/install/mavlink/include/mavlink/v2.0/ASLUAV/mavlink_msg_sens_atmos.h
[0.529s] -- Up-to-date: /home/nvidia/acfly_ws/install/mavlink/include/mavlink/v2.0/ASLUAV/mavlink_msg_gsm_link_status.hpp
[0.529s] -- Up-to-date: /home/nvidia/acfly_ws/install/mavlink/include/mavlink/v2.0/ASLUAV/version.h
[0.530s] -- Up-to-date: /home/nvidia/acfly_ws/install/mavlink/include/mavlink/v2.0/ASLUAV/mavlink_msg_sens_power.hpp
[0.530s] -- Up-to-date: /home/nvidia/acfly_ws/install/mavlink/include/mavlink/v2.0/ASLUAV/gtestsuite.hpp
[0.530s] -- Up-to-date: /home/nvidia/acfly_ws/install/mavlink/include/mavlink/v2.0/ASLUAV/mavlink_msg_sens_power_board.hpp
[0.530s] -- Up-to-date: /home/nvidia/acfly_ws/install/mavlink/include/mavlink/v2.0/ASLUAV/mavlink_msg_sens_atmos.hpp
[0.530s] -- Up-to-date: /home/nvidia/acfly_ws/install/mavlink/include/mavlink/v2.0/ASLUAV/mavlink_msg_satcom_link_status.h
[0.530s] -- Up-to-date: /home/nvidia/acfly_ws/install/mavlink/include/mavlink/v2.0/ASLUAV/ASLUAV.hpp
[0.530s] -- Up-to-date: /home/nvidia/acfly_ws/install/mavlink/include/mavlink/v2.0/ASLUAV/mavlink_msg_aslctrl_debug.hpp
[0.530s] -- Up-to-date: /home/nvidia/acfly_ws/install/mavlink/include/mavlink/v2.0/ASLUAV/mavlink_msg_asluav_status.hpp
[0.530s] -- Up-to-date: /home/nvidia/acfly_ws/install/mavlink/include/mavlink/v2.0/development
[0.530s] -- Up-to-date: /home/nvidia/acfly_ws/install/mavlink/include/mavlink/v2.0/development/mavlink_msg_group_end.hpp
[0.531s] -- Up-to-date: /home/nvidia/acfly_ws/install/mavlink/include/mavlink/v2.0/development/mavlink_msg_control_status.h
[0.531s] -- Up-to-date: /home/nvidia/acfly_ws/install/mavlink/include/mavlink/v2.0/development/mavlink_msg_gnss_integrity.hpp
[0.531s] -- Up-to-date: /home/nvidia/acfly_ws/install/mavlink/include/mavlink/v2.0/development/mavlink_msg_velocity_limits.hpp
[0.531s] -- Up-to-date: /home/nvidia/acfly_ws/install/mavlink/include/mavlink/v2.0/development/mavlink_msg_velocity_limits.h
[0.531s] -- Up-to-date: /home/nvidia/acfly_ws/install/mavlink/include/mavlink/v2.0/development/mavlink_msg_group_start.h
[0.531s] -- Up-to-date: /home/nvidia/acfly_ws/install/mavlink/include/mavlink/v2.0/development/mavlink_msg_set_velocity_limits.hpp
[0.531s] -- Up-to-date: /home/nvidia/acfly_ws/install/mavlink/include/mavlink/v2.0/development/mavlink_msg_global_position.hpp
[0.531s] -- Up-to-date: /home/nvidia/acfly_ws/install/mavlink/include/mavlink/v2.0/development/mavlink_msg_target_absolute.h
[0.531s] -- Up-to-date: /home/nvidia/acfly_ws/install/mavlink/include/mavlink/v2.0/development/mavlink_msg_figure_eight_execution_status.hpp
[0.531s] -- Up-to-date: /home/nvidia/acfly_ws/install/mavlink/include/mavlink/v2.0/development/testsuite.h
[0.532s] -- Up-to-date: /home/nvidia/acfly_ws/install/mavlink/include/mavlink/v2.0/development/development.hpp
[0.532s] -- Up-to-date: /home/nvidia/acfly_ws/install/mavlink/include/mavlink/v2.0/development/mavlink_msg_gnss_integrity.h
[0.532s] -- Up-to-date: /home/nvidia/acfly_ws/install/mavlink/include/mavlink/v2.0/development/mavlink_msg_airspeed.h
[0.532s] -- Up-to-date: /home/nvidia/acfly_ws/install/mavlink/include/mavlink/v2.0/development/mavlink_msg_radio_rc_channels.hpp
[0.532s] -- Up-to-date: /home/nvidia/acfly_ws/install/mavlink/include/mavlink/v2.0/development/development.h
[0.532s] -- Up-to-date: /home/nvidia/acfly_ws/install/mavlink/include/mavlink/v2.0/development/mavlink_msg_target_relative.h
[0.532s] -- Up-to-date: /home/nvidia/acfly_ws/install/mavlink/include/mavlink/v2.0/development/mavlink_msg_set_velocity_limits.h
[0.532s] -- Up-to-date: /home/nvidia/acfly_ws/install/mavlink/include/mavlink/v2.0/development/mavlink_msg_target_absolute.hpp
[0.532s] -- Up-to-date: /home/nvidia/acfly_ws/install/mavlink/include/mavlink/v2.0/development/mavlink.h
[0.532s] -- Up-to-date: /home/nvidia/acfly_ws/install/mavlink/include/mavlink/v2.0/development/mavlink_msg_figure_eight_execution_status.h
[0.533s] -- Up-to-date: /home/nvidia/acfly_ws/install/mavlink/include/mavlink/v2.0/development/version.h
[0.537s] -- Up-to-date: /home/nvidia/acfly_ws/install/mavlink/include/mavlink/v2.0/development/mavlink_msg_target_relative.hpp
[0.537s] -- Up-to-date: /home/nvidia/acfly_ws/install/mavlink/include/mavlink/v2.0/development/mavlink_msg_airspeed.hpp
[0.538s] -- Up-to-date: /home/nvidia/acfly_ws/install/mavlink/include/mavlink/v2.0/development/gtestsuite.hpp
[0.538s] -- Up-to-date: /home/nvidia/acfly_ws/install/mavlink/include/mavlink/v2.0/development/mavlink_msg_radio_rc_channels.h
[0.540s] -- Up-to-date: /home/nvidia/acfly_ws/install/mavlink/include/mavlink/v2.0/development/mavlink_msg_global_position.h
[0.545s] -- Up-to-date: /home/nvidia/acfly_ws/install/mavlink/include/mavlink/v2.0/development/mavlink_msg_group_start.hpp
[0.546s] -- Up-to-date: /home/nvidia/acfly_ws/install/mavlink/include/mavlink/v2.0/development/mavlink_msg_control_status.hpp
[0.546s] -- Up-to-date: /home/nvidia/acfly_ws/install/mavlink/include/mavlink/v2.0/development/mavlink_msg_group_end.h
[0.546s] -- Up-to-date: /home/nvidia/acfly_ws/install/mavlink/include/mavlink/v2.0/development/mavlink_msg_battery_status_v2.h
[0.546s] -- Up-to-date: /home/nvidia/acfly_ws/install/mavlink/include/mavlink/v2.0/development/mavlink_msg_battery_status_v2.hpp
[0.546s] -- Up-to-date: /home/nvidia/acfly_ws/install/mavlink/include/mavlink/v2.0/mavlink_helpers.h
[0.547s] -- Up-to-date: /home/nvidia/acfly_ws/install/mavlink/include/mavlink/v2.0/storm32
[0.547s] -- Up-to-date: /home/nvidia/acfly_ws/install/mavlink/include/mavlink/v2.0/storm32/mavlink_msg_autopilot_state_for_gimbal_device_ext.h
[0.547s] -- Up-to-date: /home/nvidia/acfly_ws/install/mavlink/include/mavlink/v2.0/storm32/mavlink_msg_mlrs_radio_link_flow_control.h
[0.547s] -- Up-to-date: /home/nvidia/acfly_ws/install/mavlink/include/mavlink/v2.0/storm32/mavlink_msg_qshot_status.h
[0.548s] -- Up-to-date: /home/nvidia/acfly_ws/install/mavlink/include/mavlink/v2.0/storm32/mavlink_msg_mlrs_radio_link_information.h
[0.549s] -- Up-to-date: /home/nvidia/acfly_ws/install/mavlink/include/mavlink/v2.0/storm32/mavlink_msg_storm32_gimbal_manager_control.hpp
[0.549s] -- Up-to-date: /home/nvidia/acfly_ws/install/mavlink/include/mavlink/v2.0/storm32/mavlink_msg_param_value_array.hpp
[0.549s] -- Up-to-date: /home/nvidia/acfly_ws/install/mavlink/include/mavlink/v2.0/storm32/mavlink_msg_storm32_gimbal_manager_control_pitchyaw.h
[0.550s] -- Up-to-date: /home/nvidia/acfly_ws/install/mavlink/include/mavlink/v2.0/storm32/mavlink_msg_mlrs_radio_link_stats.hpp
[0.550s] -- Up-to-date: /home/nvidia/acfly_ws/install/mavlink/include/mavlink/v2.0/storm32/mavlink_msg_qshot_status.hpp
[0.550s] -- Up-to-date: /home/nvidia/acfly_ws/install/mavlink/include/mavlink/v2.0/storm32/mavlink_msg_param_value_array.h
[0.551s] -- Up-to-date: /home/nvidia/acfly_ws/install/mavlink/include/mavlink/v2.0/storm32/mavlink_msg_mlrs_radio_link_flow_control.hpp
[0.551s] -- Up-to-date: /home/nvidia/acfly_ws/install/mavlink/include/mavlink/v2.0/storm32/testsuite.h
[0.551s] -- Up-to-date: /home/nvidia/acfly_ws/install/mavlink/include/mavlink/v2.0/storm32/mavlink_msg_storm32_gimbal_manager_information.hpp
[0.552s] -- Up-to-date: /home/nvidia/acfly_ws/install/mavlink/include/mavlink/v2.0/storm32/storm32.h
[0.552s] -- Up-to-date: /home/nvidia/acfly_ws/install/mavlink/include/mavlink/v2.0/storm32/mavlink_msg_storm32_gimbal_manager_status.h
[0.553s] -- Up-to-date: /home/nvidia/acfly_ws/install/mavlink/include/mavlink/v2.0/storm32/mavlink_msg_storm32_gimbal_manager_control_pitchyaw.hpp
[0.553s] -- Up-to-date: /home/nvidia/acfly_ws/install/mavlink/include/mavlink/v2.0/storm32/mavlink_msg_storm32_gimbal_manager_control.h
[0.554s] -- Up-to-date: /home/nvidia/acfly_ws/install/mavlink/include/mavlink/v2.0/storm32/mavlink_msg_storm32_gimbal_manager_correct_roll.h
[0.554s] -- Up-to-date: /home/nvidia/acfly_ws/install/mavlink/include/mavlink/v2.0/storm32/storm32.hpp
[0.554s] -- Up-to-date: /home/nvidia/acfly_ws/install/mavlink/include/mavlink/v2.0/storm32/mavlink_msg_frsky_passthrough_array.hpp
[0.555s] -- Up-to-date: /home/nvidia/acfly_ws/install/mavlink/include/mavlink/v2.0/storm32/mavlink_msg_storm32_gimbal_manager_information.h
[0.556s] -- Up-to-date: /home/nvidia/acfly_ws/install/mavlink/include/mavlink/v2.0/storm32/mavlink.h
[0.556s] -- Up-to-date: /home/nvidia/acfly_ws/install/mavlink/include/mavlink/v2.0/storm32/mavlink_msg_autopilot_state_for_gimbal_device_ext.hpp
[0.557s] -- Up-to-date: /home/nvidia/acfly_ws/install/mavlink/include/mavlink/v2.0/storm32/version.h
[0.557s] -- Up-to-date: /home/nvidia/acfly_ws/install/mavlink/include/mavlink/v2.0/storm32/mavlink_msg_mlrs_radio_link_stats.h
[0.557s] -- Up-to-date: /home/nvidia/acfly_ws/install/mavlink/include/mavlink/v2.0/storm32/gtestsuite.hpp
[0.558s] -- Up-to-date: /home/nvidia/acfly_ws/install/mavlink/include/mavlink/v2.0/storm32/mavlink_msg_mlrs_radio_link_information.hpp
[0.558s] -- Up-to-date: /home/nvidia/acfly_ws/install/mavlink/include/mavlink/v2.0/storm32/mavlink_msg_storm32_gimbal_manager_status.hpp
[0.558s] -- Up-to-date: /home/nvidia/acfly_ws/install/mavlink/include/mavlink/v2.0/storm32/mavlink_msg_storm32_gimbal_manager_correct_roll.hpp
[0.559s] -- Up-to-date: /home/nvidia/acfly_ws/install/mavlink/include/mavlink/v2.0/storm32/mavlink_msg_frsky_passthrough_array.h
[0.559s] -- Up-to-date: /home/nvidia/acfly_ws/install/mavlink/include/mavlink/v2.0/paparazzi
[0.559s] -- Up-to-date: /home/nvidia/acfly_ws/install/mavlink/include/mavlink/v2.0/paparazzi/mavlink_msg_script_count.h
[0.560s] -- Up-to-date: /home/nvidia/acfly_ws/install/mavlink/include/mavlink/v2.0/paparazzi/mavlink_msg_script_item.h
[0.560s] -- Up-to-date: /home/nvidia/acfly_ws/install/mavlink/include/mavlink/v2.0/paparazzi/mavlink_msg_script_request_list.h
[0.560s] -- Up-to-date: /home/nvidia/acfly_ws/install/mavlink/include/mavlink/v2.0/paparazzi/mavlink_msg_script_request.hpp
[0.561s] -- Up-to-date: /home/nvidia/acfly_ws/install/mavlink/include/mavlink/v2.0/paparazzi/mavlink_msg_script_count.hpp
[0.563s] -- Up-to-date: /home/nvidia/acfly_ws/install/mavlink/include/mavlink/v2.0/paparazzi/mavlink_msg_script_request.h
[0.563s] -- Up-to-date: /home/nvidia/acfly_ws/install/mavlink/include/mavlink/v2.0/paparazzi/testsuite.h
[0.565s] -- Up-to-date: /home/nvidia/acfly_ws/install/mavlink/include/mavlink/v2.0/paparazzi/mavlink.h
[0.565s] -- Up-to-date: /home/nvidia/acfly_ws/install/mavlink/include/mavlink/v2.0/paparazzi/mavlink_msg_script_current.h
[0.566s] -- Up-to-date: /home/nvidia/acfly_ws/install/mavlink/include/mavlink/v2.0/paparazzi/mavlink_msg_script_request_list.hpp
[0.567s] -- Up-to-date: /home/nvidia/acfly_ws/install/mavlink/include/mavlink/v2.0/paparazzi/version.h
[0.567s] -- Up-to-date: /home/nvidia/acfly_ws/install/mavlink/include/mavlink/v2.0/paparazzi/gtestsuite.hpp
[0.568s] -- Up-to-date: /home/nvidia/acfly_ws/install/mavlink/include/mavlink/v2.0/paparazzi/mavlink_msg_script_item.hpp
[0.568s] -- Up-to-date: /home/nvidia/acfly_ws/install/mavlink/include/mavlink/v2.0/paparazzi/paparazzi.hpp
[0.568s] -- Up-to-date: /home/nvidia/acfly_ws/install/mavlink/include/mavlink/v2.0/paparazzi/paparazzi.h
[0.570s] -- Up-to-date: /home/nvidia/acfly_ws/install/mavlink/include/mavlink/v2.0/paparazzi/mavlink_msg_script_current.hpp
[0.570s] -- Up-to-date: /home/nvidia/acfly_ws/install/mavlink/include/mavlink/v2.0/mavlink_get_info.h
[0.570s] -- Up-to-date: /home/nvidia/acfly_ws/install/mavlink/include/mavlink/v2.0/AVSSUAS
[0.571s] -- Up-to-date: /home/nvidia/acfly_ws/install/mavlink/include/mavlink/v2.0/AVSSUAS/mavlink_msg_avss_drone_imu.h
[0.572s] -- Up-to-date: /home/nvidia/acfly_ws/install/mavlink/include/mavlink/v2.0/AVSSUAS/mavlink_msg_avss_prs_sys_status.hpp
[0.572s] -- Up-to-date: /home/nvidia/acfly_ws/install/mavlink/include/mavlink/v2.0/AVSSUAS/mavlink_msg_avss_prs_sys_status.h
[0.573s] -- Up-to-date: /home/nvidia/acfly_ws/install/mavlink/include/mavlink/v2.0/AVSSUAS/mavlink_msg_avss_drone_operation_mode.hpp
[0.573s] -- Up-to-date: /home/nvidia/acfly_ws/install/mavlink/include/mavlink/v2.0/AVSSUAS/testsuite.h
[0.575s] -- Up-to-date: /home/nvidia/acfly_ws/install/mavlink/include/mavlink/v2.0/AVSSUAS/mavlink_msg_avss_drone_imu.hpp
[0.575s] -- Up-to-date: /home/nvidia/acfly_ws/install/mavlink/include/mavlink/v2.0/AVSSUAS/mavlink.h
[0.575s] -- Up-to-date: /home/nvidia/acfly_ws/install/mavlink/include/mavlink/v2.0/AVSSUAS/mavlink_msg_avss_drone_position.h
[0.576s] -- Up-to-date: /home/nvidia/acfly_ws/install/mavlink/include/mavlink/v2.0/AVSSUAS/mavlink_msg_avss_drone_operation_mode.h
[0.576s] -- Up-to-date: /home/nvidia/acfly_ws/install/mavlink/include/mavlink/v2.0/AVSSUAS/version.h
[0.577s] -- Up-to-date: /home/nvidia/acfly_ws/install/mavlink/include/mavlink/v2.0/AVSSUAS/AVSSUAS.hpp
[0.579s] -- Up-to-date: /home/nvidia/acfly_ws/install/mavlink/include/mavlink/v2.0/AVSSUAS/gtestsuite.hpp
[0.579s] -- Up-to-date: /home/nvidia/acfly_ws/install/mavlink/include/mavlink/v2.0/AVSSUAS/mavlink_msg_avss_drone_position.hpp
[0.579s] -- Up-to-date: /home/nvidia/acfly_ws/install/mavlink/include/mavlink/v2.0/AVSSUAS/AVSSUAS.h
[0.579s] -- Up-to-date: /home/nvidia/acfly_ws/install/mavlink/include/mavlink/v2.0/marsh
[0.580s] -- Up-to-date: /home/nvidia/acfly_ws/install/mavlink/include/mavlink/v2.0/marsh/marsh.hpp
[0.580s] -- Up-to-date: /home/nvidia/acfly_ws/install/mavlink/include/mavlink/v2.0/marsh/mavlink_msg_control_loading_axis.h
[0.580s] -- Up-to-date: /home/nvidia/acfly_ws/install/mavlink/include/mavlink/v2.0/marsh/mavlink_msg_motion_cue_extra.hpp
[0.580s] -- Up-to-date: /home/nvidia/acfly_ws/install/mavlink/include/mavlink/v2.0/marsh/testsuite.h
[0.580s] -- Up-to-date: /home/nvidia/acfly_ws/install/mavlink/include/mavlink/v2.0/marsh/mavlink_msg_motion_cue_extra.h
[0.581s] -- Up-to-date: /home/nvidia/acfly_ws/install/mavlink/include/mavlink/v2.0/marsh/mavlink_msg_rexroth_motion_platform.hpp
[0.581s] -- Up-to-date: /home/nvidia/acfly_ws/install/mavlink/include/mavlink/v2.0/marsh/mavlink_msg_eye_tracking_data.h
[0.581s] -- Up-to-date: /home/nvidia/acfly_ws/install/mavlink/include/mavlink/v2.0/marsh/mavlink.h
[0.581s] -- Up-to-date: /home/nvidia/acfly_ws/install/mavlink/include/mavlink/v2.0/marsh/marsh.h
[0.582s] -- Up-to-date: /home/nvidia/acfly_ws/install/mavlink/include/mavlink/v2.0/marsh/mavlink_msg_eye_tracking_data.hpp
[0.582s] -- Up-to-date: /home/nvidia/acfly_ws/install/mavlink/include/mavlink/v2.0/marsh/mavlink_msg_rexroth_motion_platform.h
[0.582s] -- Up-to-date: /home/nvidia/acfly_ws/install/mavlink/include/mavlink/v2.0/marsh/mavlink_msg_motion_platform_state.h
[0.582s] -- Up-to-date: /home/nvidia/acfly_ws/install/mavlink/include/mavlink/v2.0/marsh/version.h
[0.583s] -- Up-to-date: /home/nvidia/acfly_ws/install/mavlink/include/mavlink/v2.0/marsh/mavlink_msg_control_loading_axis.hpp
[0.583s] -- Up-to-date: /home/nvidia/acfly_ws/install/mavlink/include/mavlink/v2.0/marsh/gtestsuite.hpp
[0.583s] -- Up-to-date: /home/nvidia/acfly_ws/install/mavlink/include/mavlink/v2.0/marsh/mavlink_msg_motion_platform_state.hpp
[0.583s] -- Up-to-date: /home/nvidia/acfly_ws/install/mavlink/include/mavlink/v2.0/minimal
[0.584s] -- Up-to-date: /home/nvidia/acfly_ws/install/mavlink/include/mavlink/v2.0/minimal/mavlink_msg_protocol_version.hpp
[0.584s] -- Up-to-date: /home/nvidia/acfly_ws/install/mavlink/include/mavlink/v2.0/minimal/minimal.hpp
[0.584s] -- Up-to-date: /home/nvidia/acfly_ws/install/mavlink/include/mavlink/v2.0/minimal/mavlink_msg_heartbeat.hpp
[0.584s] -- Up-to-date: /home/nvidia/acfly_ws/install/mavlink/include/mavlink/v2.0/minimal/minimal.h
[0.584s] -- Up-to-date: /home/nvidia/acfly_ws/install/mavlink/include/mavlink/v2.0/minimal/testsuite.h
[0.585s] -- Up-to-date: /home/nvidia/acfly_ws/install/mavlink/include/mavlink/v2.0/minimal/mavlink.h
[0.585s] -- Up-to-date: /home/nvidia/acfly_ws/install/mavlink/include/mavlink/v2.0/minimal/version.h
[0.585s] -- Up-to-date: /home/nvidia/acfly_ws/install/mavlink/include/mavlink/v2.0/minimal/gtestsuite.hpp
[0.586s] -- Up-to-date: /home/nvidia/acfly_ws/install/mavlink/include/mavlink/v2.0/minimal/mavlink_msg_protocol_version.h
[0.586s] -- Up-to-date: /home/nvidia/acfly_ws/install/mavlink/include/mavlink/v2.0/minimal/mavlink_msg_heartbeat.h
[0.586s] -- Up-to-date: /home/nvidia/acfly_ws/install/mavlink/include/mavlink/v2.0/msgmap.hpp
[0.586s] -- Up-to-date: /home/nvidia/acfly_ws/install/mavlink/include/mavlink/v2.0/ualberta
[0.587s] -- Up-to-date: /home/nvidia/acfly_ws/install/mavlink/include/mavlink/v2.0/ualberta/ualberta.hpp
[0.587s] -- Up-to-date: /home/nvidia/acfly_ws/install/mavlink/include/mavlink/v2.0/ualberta/ualberta.h
[0.587s] -- Up-to-date: /home/nvidia/acfly_ws/install/mavlink/include/mavlink/v2.0/ualberta/mavlink_msg_nav_filter_bias.h
[0.587s] -- Up-to-date: /home/nvidia/acfly_ws/install/mavlink/include/mavlink/v2.0/ualberta/testsuite.h
[0.587s] -- Up-to-date: /home/nvidia/acfly_ws/install/mavlink/include/mavlink/v2.0/ualberta/mavlink_msg_radio_calibration.h
[0.589s] -- Up-to-date: /home/nvidia/acfly_ws/install/mavlink/include/mavlink/v2.0/ualberta/mavlink_msg_nav_filter_bias.hpp
[0.590s] -- Up-to-date: /home/nvidia/acfly_ws/install/mavlink/include/mavlink/v2.0/ualberta/mavlink_msg_ualberta_sys_status.h
[0.590s] -- Up-to-date: /home/nvidia/acfly_ws/install/mavlink/include/mavlink/v2.0/ualberta/mavlink.h
[0.591s] -- Up-to-date: /home/nvidia/acfly_ws/install/mavlink/include/mavlink/v2.0/ualberta/mavlink_msg_ualberta_sys_status.hpp
[0.591s] -- Up-to-date: /home/nvidia/acfly_ws/install/mavlink/include/mavlink/v2.0/ualberta/version.h
[0.591s] -- Up-to-date: /home/nvidia/acfly_ws/install/mavlink/include/mavlink/v2.0/ualberta/gtestsuite.hpp
[0.591s] -- Up-to-date: /home/nvidia/acfly_ws/install/mavlink/include/mavlink/v2.0/ualberta/mavlink_msg_radio_calibration.hpp
[0.592s] -- Up-to-date: /home/nvidia/acfly_ws/install/mavlink/include/mavlink/v2.0/loweheiser
[0.592s] -- Up-to-date: /home/nvidia/acfly_ws/install/mavlink/include/mavlink/v2.0/loweheiser/mavlink_msg_loweheiser_gov_efi.hpp
[0.592s] -- Up-to-date: /home/nvidia/acfly_ws/install/mavlink/include/mavlink/v2.0/loweheiser/testsuite.h
[0.592s] -- Up-to-date: /home/nvidia/acfly_ws/install/mavlink/include/mavlink/v2.0/loweheiser/loweheiser.hpp
[0.592s] -- Up-to-date: /home/nvidia/acfly_ws/install/mavlink/include/mavlink/v2.0/loweheiser/mavlink.h
[0.593s] -- Up-to-date: /home/nvidia/acfly_ws/install/mavlink/include/mavlink/v2.0/loweheiser/version.h
[0.593s] -- Up-to-date: /home/nvidia/acfly_ws/install/mavlink/include/mavlink/v2.0/loweheiser/mavlink_msg_loweheiser_gov_efi.h
[0.593s] -- Up-to-date: /home/nvidia/acfly_ws/install/mavlink/include/mavlink/v2.0/loweheiser/loweheiser.h
[0.593s] -- Up-to-date: /home/nvidia/acfly_ws/install/mavlink/include/mavlink/v2.0/loweheiser/gtestsuite.hpp
[0.593s] -- Up-to-date: /home/nvidia/acfly_ws/install/mavlink/include/mavlink/v2.0/message.hpp
[0.594s] -- Up-to-date: /home/nvidia/acfly_ws/install/mavlink/include/mavlink/v2.0/matrixpilot
[0.594s] -- Up-to-date: /home/nvidia/acfly_ws/install/mavlink/include/mavlink/v2.0/matrixpilot/mavlink_msg_flexifunction_command_ack.hpp
[0.594s] -- Up-to-date: /home/nvidia/acfly_ws/install/mavlink/include/mavlink/v2.0/matrixpilot/mavlink_msg_flexifunction_directory.hpp
[0.595s] -- Up-to-date: /home/nvidia/acfly_ws/install/mavlink/include/mavlink/v2.0/matrixpilot/mavlink_msg_serial_udb_extra_f6.hpp
[0.595s] -- Up-to-date: /home/nvidia/acfly_ws/install/mavlink/include/mavlink/v2.0/matrixpilot/mavlink_msg_flexifunction_read_req.hpp
[0.595s] -- Up-to-date: /home/nvidia/acfly_ws/install/mavlink/include/mavlink/v2.0/matrixpilot/mavlink_msg_flexifunction_buffer_function_ack.h
[0.595s] -- Up-to-date: /home/nvidia/acfly_ws/install/mavlink/include/mavlink/v2.0/matrixpilot/matrixpilot.h
[0.595s] -- Up-to-date: /home/nvidia/acfly_ws/install/mavlink/include/mavlink/v2.0/matrixpilot/mavlink_msg_flexifunction_directory_ack.h
[0.596s] -- Up-to-date: /home/nvidia/acfly_ws/install/mavlink/include/mavlink/v2.0/matrixpilot/mavlink_msg_flexifunction_command.h
[0.596s] -- Up-to-date: /home/nvidia/acfly_ws/install/mavlink/include/mavlink/v2.0/matrixpilot/mavlink_msg_serial_udb_extra_f6.h
[0.596s] -- Up-to-date: /home/nvidia/acfly_ws/install/mavlink/include/mavlink/v2.0/matrixpilot/mavlink_msg_flexifunction_buffer_function_ack.hpp
[0.596s] -- Up-to-date: /home/nvidia/acfly_ws/install/mavlink/include/mavlink/v2.0/matrixpilot/mavlink_msg_serial_udb_extra_f16.hpp
[0.596s] -- Up-to-date: /home/nvidia/acfly_ws/install/mavlink/include/mavlink/v2.0/matrixpilot/mavlink_msg_flexifunction_command.hpp
[0.596s] -- Up-to-date: /home/nvidia/acfly_ws/install/mavlink/include/mavlink/v2.0/matrixpilot/mavlink_msg_serial_udb_extra_f18.hpp
[0.597s] -- Up-to-date: /home/nvidia/acfly_ws/install/mavlink/include/mavlink/v2.0/matrixpilot/mavlink_msg_serial_udb_extra_f5.hpp
[0.597s] -- Up-to-date: /home/nvidia/acfly_ws/install/mavlink/include/mavlink/v2.0/matrixpilot/mavlink_msg_flexifunction_command_ack.h
[0.597s] -- Up-to-date: /home/nvidia/acfly_ws/install/mavlink/include/mavlink/v2.0/matrixpilot/mavlink_msg_flexifunction_set.hpp
[0.597s] -- Up-to-date: /home/nvidia/acfly_ws/install/mavlink/include/mavlink/v2.0/matrixpilot/mavlink_msg_serial_udb_extra_f21.h
[0.598s] -- Up-to-date: /home/nvidia/acfly_ws/install/mavlink/include/mavlink/v2.0/matrixpilot/mavlink_msg_flexifunction_set.h
[0.598s] -- Up-to-date: /home/nvidia/acfly_ws/install/mavlink/include/mavlink/v2.0/matrixpilot/mavlink_msg_serial_udb_extra_f7.hpp
[0.598s] -- Up-to-date: /home/nvidia/acfly_ws/install/mavlink/include/mavlink/v2.0/matrixpilot/mavlink_msg_serial_udb_extra_f22.hpp
[0.598s] -- Up-to-date: /home/nvidia/acfly_ws/install/mavlink/include/mavlink/v2.0/matrixpilot/mavlink_msg_serial_udb_extra_f15.h
[0.598s] -- Up-to-date: /home/nvidia/acfly_ws/install/mavlink/include/mavlink/v2.0/matrixpilot/mavlink_msg_serial_udb_extra_f8.h
[0.598s] -- Up-to-date: /home/nvidia/acfly_ws/install/mavlink/include/mavlink/v2.0/matrixpilot/mavlink_msg_serial_udb_extra_f19.h
[0.599s] -- Up-to-date: /home/nvidia/acfly_ws/install/mavlink/include/mavlink/v2.0/matrixpilot/mavlink_msg_serial_udb_extra_f14.h
[0.599s] -- Up-to-date: /home/nvidia/acfly_ws/install/mavlink/include/mavlink/v2.0/matrixpilot/mavlink_msg_serial_udb_extra_f2_b.h
[0.599s] -- Up-to-date: /home/nvidia/acfly_ws/install/mavlink/include/mavlink/v2.0/matrixpilot/testsuite.h
[0.599s] -- Up-to-date: /home/nvidia/acfly_ws/install/mavlink/include/mavlink/v2.0/matrixpilot/mavlink_msg_serial_udb_extra_f21.hpp
[0.599s] -- Up-to-date: /home/nvidia/acfly_ws/install/mavlink/include/mavlink/v2.0/matrixpilot/mavlink_msg_serial_udb_extra_f22.h
[0.599s] -- Up-to-date: /home/nvidia/acfly_ws/install/mavlink/include/mavlink/v2.0/matrixpilot/mavlink_msg_serial_udb_extra_f2_b.hpp
[0.600s] -- Up-to-date: /home/nvidia/acfly_ws/install/mavlink/include/mavlink/v2.0/matrixpilot/mavlink_msg_serial_udb_extra_f4.h
[0.600s] -- Up-to-date: /home/nvidia/acfly_ws/install/mavlink/include/mavlink/v2.0/matrixpilot/mavlink_msg_serial_udb_extra_f15.hpp
[0.600s] -- Up-to-date: /home/nvidia/acfly_ws/install/mavlink/include/mavlink/v2.0/matrixpilot/mavlink_msg_serial_udb_extra_f13.h
[0.600s] -- Up-to-date: /home/nvidia/acfly_ws/install/mavlink/include/mavlink/v2.0/matrixpilot/matrixpilot.hpp
[0.600s] -- Up-to-date: /home/nvidia/acfly_ws/install/mavlink/include/mavlink/v2.0/matrixpilot/mavlink_msg_serial_udb_extra_f7.h
[0.601s] -- Up-to-date: /home/nvidia/acfly_ws/install/mavlink/include/mavlink/v2.0/matrixpilot/mavlink_msg_flexifunction_read_req.h
[0.601s] -- Up-to-date: /home/nvidia/acfly_ws/install/mavlink/include/mavlink/v2.0/matrixpilot/mavlink_msg_flexifunction_directory_ack.hpp
[0.602s] -- Up-to-date: /home/nvidia/acfly_ws/install/mavlink/include/mavlink/v2.0/matrixpilot/mavlink_msg_serial_udb_extra_f17.hpp
[0.602s] -- Up-to-date: /home/nvidia/acfly_ws/install/mavlink/include/mavlink/v2.0/matrixpilot/mavlink_msg_serial_udb_extra_f8.hpp
[0.602s] -- Up-to-date: /home/nvidia/acfly_ws/install/mavlink/include/mavlink/v2.0/matrixpilot/mavlink_msg_serial_udb_extra_f5.h
[0.603s] -- Up-to-date: /home/nvidia/acfly_ws/install/mavlink/include/mavlink/v2.0/matrixpilot/mavlink.h
[0.603s] -- Up-to-date: /home/nvidia/acfly_ws/install/mavlink/include/mavlink/v2.0/matrixpilot/mavlink_msg_airspeeds.h
[0.603s] -- Up-to-date: /home/nvidia/acfly_ws/install/mavlink/include/mavlink/v2.0/matrixpilot/mavlink_msg_airspeeds.hpp
[0.604s] -- Up-to-date: /home/nvidia/acfly_ws/install/mavlink/include/mavlink/v2.0/matrixpilot/version.h
[0.605s] -- Up-to-date: /home/nvidia/acfly_ws/install/mavlink/include/mavlink/v2.0/matrixpilot/mavlink_msg_flexifunction_buffer_function.hpp
[0.605s] -- Up-to-date: /home/nvidia/acfly_ws/install/mavlink/include/mavlink/v2.0/matrixpilot/mavlink_msg_serial_udb_extra_f20.h
[0.605s] -- Up-to-date: /home/nvidia/acfly_ws/install/mavlink/include/mavlink/v2.0/matrixpilot/mavlink_msg_serial_udb_extra_f4.hpp
[0.605s] -- Up-to-date: /home/nvidia/acfly_ws/install/mavlink/include/mavlink/v2.0/matrixpilot/mavlink_msg_serial_udb_extra_f18.h
[0.605s] -- Up-to-date: /home/nvidia/acfly_ws/install/mavlink/include/mavlink/v2.0/matrixpilot/mavlink_msg_serial_udb_extra_f16.h
[0.605s] -- Up-to-date: /home/nvidia/acfly_ws/install/mavlink/include/mavlink/v2.0/matrixpilot/gtestsuite.hpp
[0.605s] -- Up-to-date: /home/nvidia/acfly_ws/install/mavlink/include/mavlink/v2.0/matrixpilot/mavlink_msg_serial_udb_extra_f20.hpp
[0.606s] -- Up-to-date: /home/nvidia/acfly_ws/install/mavlink/include/mavlink/v2.0/matrixpilot/mavlink_msg_altitudes.hpp
[0.606s] -- Up-to-date: /home/nvidia/acfly_ws/install/mavlink/include/mavlink/v2.0/matrixpilot/mavlink_msg_serial_udb_extra_f2_a.hpp
[0.606s] -- Up-to-date: /home/nvidia/acfly_ws/install/mavlink/include/mavlink/v2.0/matrixpilot/mavlink_msg_flexifunction_buffer_function.h
[0.606s] -- Up-to-date: /home/nvidia/acfly_ws/install/mavlink/include/mavlink/v2.0/matrixpilot/mavlink_msg_serial_udb_extra_f17.h
[0.606s] -- Up-to-date: /home/nvidia/acfly_ws/install/mavlink/include/mavlink/v2.0/matrixpilot/mavlink_msg_flexifunction_directory.h
[0.606s] -- Up-to-date: /home/nvidia/acfly_ws/install/mavlink/include/mavlink/v2.0/matrixpilot/mavlink_msg_serial_udb_extra_f14.hpp
[0.606s] -- Up-to-date: /home/nvidia/acfly_ws/install/mavlink/include/mavlink/v2.0/matrixpilot/mavlink_msg_serial_udb_extra_f19.hpp
[0.606s] -- Up-to-date: /home/nvidia/acfly_ws/install/mavlink/include/mavlink/v2.0/matrixpilot/mavlink_msg_serial_udb_extra_f13.hpp
[0.606s] -- Up-to-date: /home/nvidia/acfly_ws/install/mavlink/include/mavlink/v2.0/matrixpilot/mavlink_msg_serial_udb_extra_f2_a.h
[0.606s] -- Up-to-date: /home/nvidia/acfly_ws/install/mavlink/include/mavlink/v2.0/matrixpilot/mavlink_msg_altitudes.h
[0.607s] -- Up-to-date: /home/nvidia/acfly_ws/install/mavlink/include/mavlink/v2.0/python_array_test
[0.607s] -- Up-to-date: /home/nvidia/acfly_ws/install/mavlink/include/mavlink/v2.0/python_array_test/python_array_test.hpp
[0.607s] -- Up-to-date: /home/nvidia/acfly_ws/install/mavlink/include/mavlink/v2.0/python_array_test/mavlink_msg_array_test_3.h
[0.607s] -- Up-to-date: /home/nvidia/acfly_ws/install/mavlink/include/mavlink/v2.0/python_array_test/mavlink_msg_array_test_7.h
[0.607s] -- Up-to-date: /home/nvidia/acfly_ws/install/mavlink/include/mavlink/v2.0/python_array_test/mavlink_msg_array_test_6.h
[0.607s] -- Up-to-date: /home/nvidia/acfly_ws/install/mavlink/include/mavlink/v2.0/python_array_test/mavlink_msg_array_test_4.hpp
[0.607s] -- Up-to-date: /home/nvidia/acfly_ws/install/mavlink/include/mavlink/v2.0/python_array_test/mavlink_msg_array_test_0.hpp
[0.608s] -- Up-to-date: /home/nvidia/acfly_ws/install/mavlink/include/mavlink/v2.0/python_array_test/testsuite.h
[0.608s] -- Up-to-date: /home/nvidia/acfly_ws/install/mavlink/include/mavlink/v2.0/python_array_test/mavlink_msg_array_test_3.hpp
[0.608s] -- Up-to-date: /home/nvidia/acfly_ws/install/mavlink/include/mavlink/v2.0/python_array_test/mavlink_msg_array_test_5.h
[0.608s] -- Up-to-date: /home/nvidia/acfly_ws/install/mavlink/include/mavlink/v2.0/python_array_test/mavlink_msg_array_test_8.h
[0.608s] -- Up-to-date: /home/nvidia/acfly_ws/install/mavlink/include/mavlink/v2.0/python_array_test/mavlink_msg_array_test_1.h
[0.608s] -- Up-to-date: /home/nvidia/acfly_ws/install/mavlink/include/mavlink/v2.0/python_array_test/mavlink_msg_array_test_0.h
[0.608s] -- Up-to-date: /home/nvidia/acfly_ws/install/mavlink/include/mavlink/v2.0/python_array_test/mavlink_msg_array_test_1.hpp
[0.609s] -- Up-to-date: /home/nvidia/acfly_ws/install/mavlink/include/mavlink/v2.0/python_array_test/python_array_test.h
[0.609s] -- Up-to-date: /home/nvidia/acfly_ws/install/mavlink/include/mavlink/v2.0/python_array_test/mavlink.h
[0.609s] -- Up-to-date: /home/nvidia/acfly_ws/install/mavlink/include/mavlink/v2.0/python_array_test/mavlink_msg_array_test_7.hpp
[0.610s] -- Up-to-date: /home/nvidia/acfly_ws/install/mavlink/include/mavlink/v2.0/python_array_test/mavlink_msg_array_test_5.hpp
[0.610s] -- Up-to-date: /home/nvidia/acfly_ws/install/mavlink/include/mavlink/v2.0/python_array_test/mavlink_msg_array_test_6.hpp
[0.610s] -- Up-to-date: /home/nvidia/acfly_ws/install/mavlink/include/mavlink/v2.0/python_array_test/version.h
[0.610s] -- Up-to-date: /home/nvidia/acfly_ws/install/mavlink/include/mavlink/v2.0/python_array_test/mavlink_msg_array_test_8.hpp
[0.610s] -- Up-to-date: /home/nvidia/acfly_ws/install/mavlink/include/mavlink/v2.0/python_array_test/gtestsuite.hpp
[0.611s] -- Up-to-date: /home/nvidia/acfly_ws/install/mavlink/include/mavlink/v2.0/python_array_test/mavlink_msg_array_test_4.h
[0.611s] -- Up-to-date: /home/nvidia/acfly_ws/install/mavlink/include/mavlink/v2.0/ardupilotmega
[0.611s] -- Up-to-date: /home/nvidia/acfly_ws/install/mavlink/include/mavlink/v2.0/ardupilotmega/mavlink_msg_data96.hpp
[0.611s] -- Up-to-date: /home/nvidia/acfly_ws/install/mavlink/include/mavlink/v2.0/ardupilotmega/mavlink_msg_esc_telemetry_21_to_24.h
[0.611s] -- Up-to-date: /home/nvidia/acfly_ws/install/mavlink/include/mavlink/v2.0/ardupilotmega/mavlink_msg_esc_telemetry_5_to_8.hpp
[0.612s] -- Up-to-date: /home/nvidia/acfly_ws/install/mavlink/include/mavlink/v2.0/ardupilotmega/mavlink_msg_device_op_read.h
[0.612s] -- Up-to-date: /home/nvidia/acfly_ws/install/mavlink/include/mavlink/v2.0/ardupilotmega/mavlink_msg_obstacle_distance_3d.h
[0.612s] -- Up-to-date: /home/nvidia/acfly_ws/install/mavlink/include/mavlink/v2.0/ardupilotmega/mavlink_msg_sensor_offsets.hpp
[0.612s] -- Up-to-date: /home/nvidia/acfly_ws/install/mavlink/include/mavlink/v2.0/ardupilotmega/mavlink_msg_battery2.hpp
[0.612s] -- Up-to-date: /home/nvidia/acfly_ws/install/mavlink/include/mavlink/v2.0/ardupilotmega/mavlink_msg_gopro_get_response.hpp
[0.614s] -- Up-to-date: /home/nvidia/acfly_ws/install/mavlink/include/mavlink/v2.0/ardupilotmega/mavlink_msg_sensor_offsets.h
[0.615s] -- Up-to-date: /home/nvidia/acfly_ws/install/mavlink/include/mavlink/v2.0/ardupilotmega/mavlink_msg_camera_status.hpp
[0.615s] -- Up-to-date: /home/nvidia/acfly_ws/install/mavlink/include/mavlink/v2.0/ardupilotmega/mavlink_msg_meminfo.hpp
[0.615s] -- Up-to-date: /home/nvidia/acfly_ws/install/mavlink/include/mavlink/v2.0/ardupilotmega/mavlink_msg_device_op_read_reply.hpp
[0.615s] -- Up-to-date: /home/nvidia/acfly_ws/install/mavlink/include/mavlink/v2.0/ardupilotmega/mavlink_msg_device_op_write_reply.h
[0.615s] -- Up-to-date: /home/nvidia/acfly_ws/install/mavlink/include/mavlink/v2.0/ardupilotmega/mavlink_msg_osd_param_config.hpp
[0.615s] -- Up-to-date: /home/nvidia/acfly_ws/install/mavlink/include/mavlink/v2.0/ardupilotmega/mavlink_msg_esc_telemetry_9_to_12.h
[0.616s] -- Up-to-date: /home/nvidia/acfly_ws/install/mavlink/include/mavlink/v2.0/ardupilotmega/mavlink_msg_pid_tuning.hpp
[0.616s] -- Up-to-date: /home/nvidia/acfly_ws/install/mavlink/include/mavlink/v2.0/ardupilotmega/mavlink_msg_rpm.hpp
[0.616s] -- Up-to-date: /home/nvidia/acfly_ws/install/mavlink/include/mavlink/v2.0/ardupilotmega/mavlink_msg_gopro_get_request.hpp
[0.616s] -- Up-to-date: /home/nvidia/acfly_ws/install/mavlink/include/mavlink/v2.0/ardupilotmega/mavlink_msg_aoa_ssa.h
[0.616s] -- Up-to-date: /home/nvidia/acfly_ws/install/mavlink/include/mavlink/v2.0/ardupilotmega/mavlink_msg_esc_telemetry_5_to_8.h
[0.616s] -- Up-to-date: /home/nvidia/acfly_ws/install/mavlink/include/mavlink/v2.0/ardupilotmega/mavlink_msg_set_mag_offsets.hpp
[0.616s] -- Up-to-date: /home/nvidia/acfly_ws/install/mavlink/include/mavlink/v2.0/ardupilotmega/mavlink_msg_camera_status.h
[0.616s] -- Up-to-date: /home/nvidia/acfly_ws/install/mavlink/include/mavlink/v2.0/ardupilotmega/mavlink_msg_vision_position_delta.hpp
[0.616s] -- Up-to-date: /home/nvidia/acfly_ws/install/mavlink/include/mavlink/v2.0/ardupilotmega/mavlink_msg_esc_telemetry_13_to_16.h
[0.616s] -- Up-to-date: /home/nvidia/acfly_ws/install/mavlink/include/mavlink/v2.0/ardupilotmega/mavlink_msg_hwstatus.hpp
[0.617s] -- Up-to-date: /home/nvidia/acfly_ws/install/mavlink/include/mavlink/v2.0/ardupilotmega/mavlink_msg_osd_param_show_config.h
[0.617s] -- Up-to-date: /home/nvidia/acfly_ws/install/mavlink/include/mavlink/v2.0/ardupilotmega/mavlink_msg_esc_telemetry_25_to_28.h
[0.617s] -- Up-to-date: /home/nvidia/acfly_ws/install/mavlink/include/mavlink/v2.0/ardupilotmega/mavlink_msg_deepstall.h
[0.617s] -- Up-to-date: /home/nvidia/acfly_ws/install/mavlink/include/mavlink/v2.0/ardupilotmega/mavlink_msg_set_mag_offsets.h
[0.617s] -- Up-to-date: /home/nvidia/acfly_ws/install/mavlink/include/mavlink/v2.0/ardupilotmega/mavlink_msg_esc_telemetry_1_to_4.h
[0.617s] -- Up-to-date: /home/nvidia/acfly_ws/install/mavlink/include/mavlink/v2.0/ardupilotmega/mavlink_msg_water_depth.hpp
[0.617s] -- Up-to-date: /home/nvidia/acfly_ws/install/mavlink/include/mavlink/v2.0/ardupilotmega/mavlink_msg_osd_param_show_config_reply.h
[0.617s] -- Up-to-date: /home/nvidia/acfly_ws/install/mavlink/include/mavlink/v2.0/ardupilotmega/mavlink_msg_data16.hpp
[0.617s] -- Up-to-date: /home/nvidia/acfly_ws/install/mavlink/include/mavlink/v2.0/ardupilotmega/mavlink_msg_osd_param_config.h
[0.617s] -- Up-to-date: /home/nvidia/acfly_ws/install/mavlink/include/mavlink/v2.0/ardupilotmega/mavlink_msg_water_depth.h
[0.617s] -- Up-to-date: /home/nvidia/acfly_ws/install/mavlink/include/mavlink/v2.0/ardupilotmega/mavlink_msg_ahrs.hpp
[0.618s] -- Up-to-date: /home/nvidia/acfly_ws/install/mavlink/include/mavlink/v2.0/ardupilotmega/mavlink_msg_mag_cal_progress.hpp
[0.618s] -- Up-to-date: /home/nvidia/acfly_ws/install/mavlink/include/mavlink/v2.0/ardupilotmega/mavlink_msg_rpm.h
[0.618s] -- Up-to-date: /home/nvidia/acfly_ws/install/mavlink/include/mavlink/v2.0/ardupilotmega/mavlink_msg_mount_configure.hpp
[0.618s] -- Up-to-date: /home/nvidia/acfly_ws/install/mavlink/include/mavlink/v2.0/ardupilotmega/mavlink_msg_mount_control.hpp
[0.618s] -- Up-to-date: /home/nvidia/acfly_ws/install/mavlink/include/mavlink/v2.0/ardupilotmega/mavlink_msg_gopro_get_response.h
[0.618s] -- Up-to-date: /home/nvidia/acfly_ws/install/mavlink/include/mavlink/v2.0/ardupilotmega/mavlink_msg_secure_command.hpp
[0.618s] -- Up-to-date: /home/nvidia/acfly_ws/install/mavlink/include/mavlink/v2.0/ardupilotmega/mavlink_msg_gimbal_report.hpp
[0.618s] -- Up-to-date: /home/nvidia/acfly_ws/install/mavlink/include/mavlink/v2.0/ardupilotmega/mavlink_msg_ekf_status_report.h
[0.618s] -- Up-to-date: /home/nvidia/acfly_ws/install/mavlink/include/mavlink/v2.0/ardupilotmega/mavlink_msg_mount_control.h
[0.618s] -- Up-to-date: /home/nvidia/acfly_ws/install/mavlink/include/mavlink/v2.0/ardupilotmega/mavlink_msg_data16.h
[0.618s] -- Up-to-date: /home/nvidia/acfly_ws/install/mavlink/include/mavlink/v2.0/ardupilotmega/mavlink_msg_digicam_control.hpp
[0.619s] -- Up-to-date: /home/nvidia/acfly_ws/install/mavlink/include/mavlink/v2.0/ardupilotmega/mavlink_msg_wind.h
[0.619s] -- Up-to-date: /home/nvidia/acfly_ws/install/mavlink/include/mavlink/v2.0/ardupilotmega/mavlink_msg_hwstatus.h
[0.619s] -- Up-to-date: /home/nvidia/acfly_ws/install/mavlink/include/mavlink/v2.0/ardupilotmega/mavlink_msg_wind.hpp
[0.619s] -- Up-to-date: /home/nvidia/acfly_ws/install/mavlink/include/mavlink/v2.0/ardupilotmega/mavlink_msg_secure_command_reply.hpp
[0.619s] -- Up-to-date: /home/nvidia/acfly_ws/install/mavlink/include/mavlink/v2.0/ardupilotmega/mavlink_msg_mcu_status.h
[0.619s] -- Up-to-date: /home/nvidia/acfly_ws/install/mavlink/include/mavlink/v2.0/ardupilotmega/mavlink_msg_gimbal_torque_cmd_report.h
[0.619s] -- Up-to-date: /home/nvidia/acfly_ws/install/mavlink/include/mavlink/v2.0/ardupilotmega/mavlink_msg_limits_status.hpp
[0.619s] -- Up-to-date: /home/nvidia/acfly_ws/install/mavlink/include/mavlink/v2.0/ardupilotmega/mavlink_msg_remote_log_data_block.hpp
[0.619s] -- Up-to-date: /home/nvidia/acfly_ws/install/mavlink/include/mavlink/v2.0/ardupilotmega/mavlink_msg_autopilot_version_request.h
[0.619s] -- Up-to-date: /home/nvidia/acfly_ws/install/mavlink/include/mavlink/v2.0/ardupilotmega/mavlink_msg_ap_adc.h
[0.620s] -- Up-to-date: /home/nvidia/acfly_ws/install/mavlink/include/mavlink/v2.0/ardupilotmega/mavlink_msg_digicam_control.h
[0.620s] -- Up-to-date: /home/nvidia/acfly_ws/install/mavlink/include/mavlink/v2.0/ardupilotmega/testsuite.h
[0.620s] -- Up-to-date: /home/nvidia/acfly_ws/install/mavlink/include/mavlink/v2.0/ardupilotmega/mavlink_msg_rally_point.h
[0.620s] -- Up-to-date: /home/nvidia/acfly_ws/install/mavlink/include/mavlink/v2.0/ardupilotmega/mavlink_msg_osd_param_show_config.hpp
[0.620s] -- Up-to-date: /home/nvidia/acfly_ws/install/mavlink/include/mavlink/v2.0/ardupilotmega/mavlink_msg_led_control.hpp
[0.620s] -- Up-to-date: /home/nvidia/acfly_ws/install/mavlink/include/mavlink/v2.0/ardupilotmega/mavlink_msg_mount_status.hpp
[0.620s] -- Up-to-date: /home/nvidia/acfly_ws/install/mavlink/include/mavlink/v2.0/ardupilotmega/mavlink_msg_adap_tuning.hpp
[0.620s] -- Up-to-date: /home/nvidia/acfly_ws/install/mavlink/include/mavlink/v2.0/ardupilotmega/mavlink_msg_radio.hpp
[0.620s] -- Up-to-date: /home/nvidia/acfly_ws/install/mavlink/include/mavlink/v2.0/ardupilotmega/mavlink_msg_radio.h
[0.620s] -- Up-to-date: /home/nvidia/acfly_ws/install/mavlink/include/mavlink/v2.0/ardupilotmega/mavlink_msg_fence_fetch_point.h
[0.620s] -- Up-to-date: /home/nvidia/acfly_ws/install/mavlink/include/mavlink/v2.0/ardupilotmega/mavlink_msg_device_op_write.h
[0.621s] -- Up-to-date: /home/nvidia/acfly_ws/install/mavlink/include/mavlink/v2.0/ardupilotmega/mavlink_msg_fence_point.hpp
[0.621s] -- Up-to-date: /home/nvidia/acfly_ws/install/mavlink/include/mavlink/v2.0/ardupilotmega/mavlink_msg_ahrs3.hpp
[0.621s] -- Up-to-date: /home/nvidia/acfly_ws/install/mavlink/include/mavlink/v2.0/ardupilotmega/mavlink_msg_aoa_ssa.hpp
[0.621s] -- Up-to-date: /home/nvidia/acfly_ws/install/mavlink/include/mavlink/v2.0/ardupilotmega/mavlink_msg_rally_fetch_point.hpp
[0.621s] -- Up-to-date: /home/nvidia/acfly_ws/install/mavlink/include/mavlink/v2.0/ardupilotmega/mavlink_msg_obstacle_distance_3d.hpp
[0.621s] -- Up-to-date: /home/nvidia/acfly_ws/install/mavlink/include/mavlink/v2.0/ardupilotmega/mavlink_msg_ap_adc.hpp
[0.621s] -- Up-to-date: /home/nvidia/acfly_ws/install/mavlink/include/mavlink/v2.0/ardupilotmega/mavlink_msg_limits_status.h
[0.621s] -- Up-to-date: /home/nvidia/acfly_ws/install/mavlink/include/mavlink/v2.0/ardupilotmega/mavlink_msg_esc_telemetry_21_to_24.hpp
[0.622s] -- Up-to-date: /home/nvidia/acfly_ws/install/mavlink/include/mavlink/v2.0/ardupilotmega/mavlink_msg_simstate.h
[0.622s] -- Up-to-date: /home/nvidia/acfly_ws/install/mavlink/include/mavlink/v2.0/ardupilotmega/mavlink_msg_data32.h
[0.622s] -- Up-to-date: /home/nvidia/acfly_ws/install/mavlink/include/mavlink/v2.0/ardupilotmega/mavlink_msg_compassmot_status.hpp
[0.622s] -- Up-to-date: /home/nvidia/acfly_ws/install/mavlink/include/mavlink/v2.0/ardupilotmega/mavlink_msg_esc_telemetry_1_to_4.hpp
[0.622s] -- Up-to-date: /home/nvidia/acfly_ws/install/mavlink/include/mavlink/v2.0/ardupilotmega/mavlink_msg_adap_tuning.h
[0.622s] -- Up-to-date: /home/nvidia/acfly_ws/install/mavlink/include/mavlink/v2.0/ardupilotmega/mavlink_msg_gimbal_control.h
[0.622s] -- Up-to-date: /home/nvidia/acfly_ws/install/mavlink/include/mavlink/v2.0/ardupilotmega/mavlink_msg_device_op_write.hpp
[0.622s] -- Up-to-date: /home/nvidia/acfly_ws/install/mavlink/include/mavlink/v2.0/ardupilotmega/mavlink_msg_esc_telemetry_29_to_32.h
[0.622s] -- Up-to-date: /home/nvidia/acfly_ws/install/mavlink/include/mavlink/v2.0/ardupilotmega/mavlink_msg_device_op_write_reply.hpp
[0.622s] -- Up-to-date: /home/nvidia/acfly_ws/install/mavlink/include/mavlink/v2.0/ardupilotmega/mavlink_msg_ahrs.h
[0.623s] -- Up-to-date: /home/nvidia/acfly_ws/install/mavlink/include/mavlink/v2.0/ardupilotmega/mavlink_msg_osd_param_config_reply.h
[0.623s] -- Up-to-date: /home/nvidia/acfly_ws/install/mavlink/include/mavlink/v2.0/ardupilotmega/mavlink_msg_secure_command.h
[0.623s] -- Up-to-date: /home/nvidia/acfly_ws/install/mavlink/include/mavlink/v2.0/ardupilotmega/mavlink_msg_mcu_status.hpp
[0.623s] -- Up-to-date: /home/nvidia/acfly_ws/install/mavlink/include/mavlink/v2.0/ardupilotmega/mavlink_msg_simstate.hpp
[0.623s] -- Up-to-date: /home/nvidia/acfly_ws/install/mavlink/include/mavlink/v2.0/ardupilotmega/mavlink_msg_osd_param_show_config_reply.hpp
[0.623s] -- Up-to-date: /home/nvidia/acfly_ws/install/mavlink/include/mavlink/v2.0/ardupilotmega/mavlink_msg_gopro_get_request.h
[0.623s] -- Up-to-date: /home/nvidia/acfly_ws/install/mavlink/include/mavlink/v2.0/ardupilotmega/mavlink_msg_pid_tuning.h
[0.623s] -- Up-to-date: /home/nvidia/acfly_ws/install/mavlink/include/mavlink/v2.0/ardupilotmega/mavlink_msg_ekf_status_report.hpp
[0.623s] -- Up-to-date: /home/nvidia/acfly_ws/install/mavlink/include/mavlink/v2.0/ardupilotmega/ardupilotmega.h
[0.623s] -- Up-to-date: /home/nvidia/acfly_ws/install/mavlink/include/mavlink/v2.0/ardupilotmega/ardupilotmega.hpp
[0.623s] -- Up-to-date: /home/nvidia/acfly_ws/install/mavlink/include/mavlink/v2.0/ardupilotmega/mavlink_msg_osd_param_config_reply.hpp
[0.624s] -- Up-to-date: /home/nvidia/acfly_ws/install/mavlink/include/mavlink/v2.0/ardupilotmega/mavlink_msg_airspeed_autocal.h
[0.624s] -- Up-to-date: /home/nvidia/acfly_ws/install/mavlink/include/mavlink/v2.0/ardupilotmega/mavlink_msg_data96.h
[0.624s] -- Up-to-date: /home/nvidia/acfly_ws/install/mavlink/include/mavlink/v2.0/ardupilotmega/mavlink_msg_gopro_set_request.h
[0.624s] -- Up-to-date: /home/nvidia/acfly_ws/install/mavlink/include/mavlink/v2.0/ardupilotmega/mavlink_msg_rally_point.hpp
[0.624s] -- Up-to-date: /home/nvidia/acfly_ws/install/mavlink/include/mavlink/v2.0/ardupilotmega/mavlink_msg_mag_cal_progress.h
[0.624s] -- Up-to-date: /home/nvidia/acfly_ws/install/mavlink/include/mavlink/v2.0/ardupilotmega/mavlink_msg_esc_telemetry_29_to_32.hpp
[0.624s] -- Up-to-date: /home/nvidia/acfly_ws/install/mavlink/include/mavlink/v2.0/ardupilotmega/mavlink.h
[0.624s] -- Up-to-date: /home/nvidia/acfly_ws/install/mavlink/include/mavlink/v2.0/ardupilotmega/mavlink_msg_camera_feedback.hpp
[0.624s] -- Up-to-date: /home/nvidia/acfly_ws/install/mavlink/include/mavlink/v2.0/ardupilotmega/mavlink_msg_fence_fetch_point.hpp
[0.624s] -- Up-to-date: /home/nvidia/acfly_ws/install/mavlink/include/mavlink/v2.0/ardupilotmega/mavlink_msg_remote_log_data_block.h
[0.624s] -- Up-to-date: /home/nvidia/acfly_ws/install/mavlink/include/mavlink/v2.0/ardupilotmega/mavlink_msg_gopro_heartbeat.h
[0.625s] -- Up-to-date: /home/nvidia/acfly_ws/install/mavlink/include/mavlink/v2.0/ardupilotmega/mavlink_msg_deepstall.hpp
[0.625s] -- Up-to-date: /home/nvidia/acfly_ws/install/mavlink/include/mavlink/v2.0/ardupilotmega/mavlink_msg_data32.hpp
[0.625s] -- Up-to-date: /home/nvidia/acfly_ws/install/mavlink/include/mavlink/v2.0/ardupilotmega/mavlink_msg_mount_configure.h
[0.625s] -- Up-to-date: /home/nvidia/acfly_ws/install/mavlink/include/mavlink/v2.0/ardupilotmega/mavlink_msg_autopilot_version_request.hpp
[0.625s] -- Up-to-date: /home/nvidia/acfly_ws/install/mavlink/include/mavlink/v2.0/ardupilotmega/mavlink_msg_vision_position_delta.h
[0.625s] -- Up-to-date: /home/nvidia/acfly_ws/install/mavlink/include/mavlink/v2.0/ardupilotmega/mavlink_msg_gopro_set_response.h
[0.625s] -- Up-to-date: /home/nvidia/acfly_ws/install/mavlink/include/mavlink/v2.0/ardupilotmega/mavlink_msg_meminfo.h
[0.625s] -- Up-to-date: /home/nvidia/acfly_ws/install/mavlink/include/mavlink/v2.0/ardupilotmega/version.h
[0.625s] -- Up-to-date: /home/nvidia/acfly_ws/install/mavlink/include/mavlink/v2.0/ardupilotmega/mavlink_msg_airspeed_autocal.hpp
[0.625s] -- Up-to-date: /home/nvidia/acfly_ws/install/mavlink/include/mavlink/v2.0/ardupilotmega/mavlink_msg_ahrs2.hpp
[0.626s] -- Up-to-date: /home/nvidia/acfly_ws/install/mavlink/include/mavlink/v2.0/ardupilotmega/mavlink_msg_digicam_configure.h
[0.626s] -- Up-to-date: /home/nvidia/acfly_ws/install/mavlink/include/mavlink/v2.0/ardupilotmega/mavlink_msg_device_op_read_reply.h
[0.626s] -- Up-to-date: /home/nvidia/acfly_ws/install/mavlink/include/mavlink/v2.0/ardupilotmega/mavlink_msg_ahrs2.h
[0.626s] -- Up-to-date: /home/nvidia/acfly_ws/install/mavlink/include/mavlink/v2.0/ardupilotmega/mavlink_msg_digicam_configure.hpp
[0.626s] -- Up-to-date: /home/nvidia/acfly_ws/install/mavlink/include/mavlink/v2.0/ardupilotmega/mavlink_msg_rally_fetch_point.h
[0.626s] -- Up-to-date: /home/nvidia/acfly_ws/install/mavlink/include/mavlink/v2.0/ardupilotmega/mavlink_msg_fence_point.h
[0.626s] -- Up-to-date: /home/nvidia/acfly_ws/install/mavlink/include/mavlink/v2.0/ardupilotmega/mavlink_msg_esc_telemetry_17_to_20.hpp
[0.626s] -- Up-to-date: /home/nvidia/acfly_ws/install/mavlink/include/mavlink/v2.0/ardupilotmega/mavlink_msg_gopro_set_response.hpp
[0.626s] -- Up-to-date: /home/nvidia/acfly_ws/install/mavlink/include/mavlink/v2.0/ardupilotmega/mavlink_msg_device_op_read.hpp
[0.626s] -- Up-to-date: /home/nvidia/acfly_ws/install/mavlink/include/mavlink/v2.0/ardupilotmega/mavlink_msg_ahrs3.h
[0.626s] -- Up-to-date: /home/nvidia/acfly_ws/install/mavlink/include/mavlink/v2.0/ardupilotmega/gtestsuite.hpp
[0.627s] -- Up-to-date: /home/nvidia/acfly_ws/install/mavlink/include/mavlink/v2.0/ardupilotmega/mavlink_msg_battery2.h
[0.627s] -- Up-to-date: /home/nvidia/acfly_ws/install/mavlink/include/mavlink/v2.0/ardupilotmega/mavlink_msg_led_control.h
[0.627s] -- Up-to-date: /home/nvidia/acfly_ws/install/mavlink/include/mavlink/v2.0/ardupilotmega/mavlink_msg_esc_telemetry_25_to_28.hpp
[0.627s] -- Up-to-date: /home/nvidia/acfly_ws/install/mavlink/include/mavlink/v2.0/ardupilotmega/mavlink_msg_rangefinder.hpp
[0.627s] -- Up-to-date: /home/nvidia/acfly_ws/install/mavlink/include/mavlink/v2.0/ardupilotmega/mavlink_msg_esc_telemetry_9_to_12.hpp
[0.627s] -- Up-to-date: /home/nvidia/acfly_ws/install/mavlink/include/mavlink/v2.0/ardupilotmega/mavlink_msg_secure_command_reply.h
[0.627s] -- Up-to-date: /home/nvidia/acfly_ws/install/mavlink/include/mavlink/v2.0/ardupilotmega/mavlink_msg_gimbal_control.hpp
[0.627s] -- Up-to-date: /home/nvidia/acfly_ws/install/mavlink/include/mavlink/v2.0/ardupilotmega/mavlink_msg_gimbal_torque_cmd_report.hpp
[0.627s] -- Up-to-date: /home/nvidia/acfly_ws/install/mavlink/include/mavlink/v2.0/ardupilotmega/mavlink_msg_data64.hpp
[0.627s] -- Up-to-date: /home/nvidia/acfly_ws/install/mavlink/include/mavlink/v2.0/ardupilotmega/mavlink_msg_gimbal_report.h
[0.627s] -- Up-to-date: /home/nvidia/acfly_ws/install/mavlink/include/mavlink/v2.0/ardupilotmega/mavlink_msg_gopro_heartbeat.hpp
[0.628s] -- Up-to-date: /home/nvidia/acfly_ws/install/mavlink/include/mavlink/v2.0/ardupilotmega/mavlink_msg_remote_log_block_status.hpp
[0.628s] -- Up-to-date: /home/nvidia/acfly_ws/install/mavlink/include/mavlink/v2.0/ardupilotmega/mavlink_msg_gopro_set_request.hpp
[0.628s] -- Up-to-date: /home/nvidia/acfly_ws/install/mavlink/include/mavlink/v2.0/ardupilotmega/mavlink_msg_camera_feedback.h
[0.628s] -- Up-to-date: /home/nvidia/acfly_ws/install/mavlink/include/mavlink/v2.0/ardupilotmega/mavlink_msg_rangefinder.h
[0.628s] -- Up-to-date: /home/nvidia/acfly_ws/install/mavlink/include/mavlink/v2.0/ardupilotmega/mavlink_msg_esc_telemetry_17_to_20.h
[0.628s] -- Up-to-date: /home/nvidia/acfly_ws/install/mavlink/include/mavlink/v2.0/ardupilotmega/mavlink_msg_remote_log_block_status.h
[0.628s] -- Up-to-date: /home/nvidia/acfly_ws/install/mavlink/include/mavlink/v2.0/ardupilotmega/mavlink_msg_data64.h
[0.628s] -- Up-to-date: /home/nvidia/acfly_ws/install/mavlink/include/mavlink/v2.0/ardupilotmega/mavlink_msg_esc_telemetry_13_to_16.hpp
[0.628s] -- Up-to-date: /home/nvidia/acfly_ws/install/mavlink/include/mavlink/v2.0/ardupilotmega/mavlink_msg_compassmot_status.h
[0.628s] -- Up-to-date: /home/nvidia/acfly_ws/install/mavlink/include/mavlink/v2.0/ardupilotmega/mavlink_msg_mount_status.h
[0.629s] -- Up-to-date: /home/nvidia/acfly_ws/install/mavlink/include/mavlink/v2.0/all
[0.629s] -- Up-to-date: /home/nvidia/acfly_ws/install/mavlink/include/mavlink/v2.0/all/all.hpp
[0.629s] -- Up-to-date: /home/nvidia/acfly_ws/install/mavlink/include/mavlink/v2.0/all/testsuite.h
[0.629s] -- Up-to-date: /home/nvidia/acfly_ws/install/mavlink/include/mavlink/v2.0/all/mavlink.h
[0.629s] -- Up-to-date: /home/nvidia/acfly_ws/install/mavlink/include/mavlink/v2.0/all/version.h
[0.629s] -- Up-to-date: /home/nvidia/acfly_ws/install/mavlink/include/mavlink/v2.0/all/gtestsuite.hpp
[0.629s] -- Up-to-date: /home/nvidia/acfly_ws/install/mavlink/include/mavlink/v2.0/all/all.h
[0.629s] -- Up-to-date: /home/nvidia/acfly_ws/install/mavlink/include/mavlink/v2.0/mavlink_types.h
[0.629s] -- Up-to-date: /home/nvidia/acfly_ws/install/mavlink/include/mavlink/v2.0/acfly
[0.629s] -- Up-to-date: /home/nvidia/acfly_ws/install/mavlink/include/mavlink/v2.0/acfly/mavlink_msg_log_request_data.hpp
[0.629s] -- Up-to-date: /home/nvidia/acfly_ws/install/mavlink/include/mavlink/v2.0/acfly/mavlink_msg_camera_fov_status.hpp
[0.630s] -- Up-to-date: /home/nvidia/acfly_ws/install/mavlink/include/mavlink/v2.0/acfly/mavlink_msg_time_estimate_to_target.h
[0.630s] -- Up-to-date: /home/nvidia/acfly_ws/install/mavlink/include/mavlink/v2.0/acfly/mavlink_msg_open_drone_id_system.h
[0.630s] -- Up-to-date: /home/nvidia/acfly_ws/install/mavlink/include/mavlink/v2.0/acfly/mavlink_msg_gimbal_device_information.hpp
[0.630s] -- Up-to-date: /home/nvidia/acfly_ws/install/mavlink/include/mavlink/v2.0/acfly/mavlink_msg_cellular_status.h
[0.630s] -- Up-to-date: /home/nvidia/acfly_ws/install/mavlink/include/mavlink/v2.0/acfly/mavlink_msg_play_tune.hpp
[0.630s] -- Up-to-date: /home/nvidia/acfly_ws/install/mavlink/include/mavlink/v2.0/acfly/mavlink_msg_actuator_output_status.h
[0.630s] -- Up-to-date: /home/nvidia/acfly_ws/install/mavlink/include/mavlink/v2.0/acfly/mavlink_msg_gimbal_manager_status.h
[0.630s] -- Up-to-date: /home/nvidia/acfly_ws/install/mavlink/include/mavlink/v2.0/acfly/mavlink_msg_battery2.hpp
[0.630s] -- Up-to-date: /home/nvidia/acfly_ws/install/mavlink/include/mavlink/v2.0/acfly/mavlink_msg_rc_channels_override.h
[0.630s] -- Up-to-date: /home/nvidia/acfly_ws/install/mavlink/include/mavlink/v2.0/acfly/mavlink_msg_gimbal_manager_set_manual_control.hpp
[0.630s] -- Up-to-date: /home/nvidia/acfly_ws/install/mavlink/include/mavlink/v2.0/acfly/mavlink_msg_event.hpp
[0.631s] -- Up-to-date: /home/nvidia/acfly_ws/install/mavlink/include/mavlink/v2.0/acfly/mavlink_msg_manual_control.hpp
[0.631s] -- Up-to-date: /home/nvidia/acfly_ws/install/mavlink/include/mavlink/v2.0/acfly/mavlink_msg_command_long.hpp
[0.631s] -- Up-to-date: /home/nvidia/acfly_ws/install/mavlink/include/mavlink/v2.0/acfly/mavlink_msg_acflypossensor_info.h
[0.631s] -- Up-to-date: /home/nvidia/acfly_ws/install/mavlink/include/mavlink/v2.0/acfly/mavlink_msg_terrain_request.h
[0.631s] -- Up-to-date: /home/nvidia/acfly_ws/install/mavlink/include/mavlink/v2.0/acfly/mavlink_msg_attitude.h
[0.631s] -- Up-to-date: /home/nvidia/acfly_ws/install/mavlink/include/mavlink/v2.0/acfly/mavlink_msg_scaled_pressure.h
[0.631s] -- Up-to-date: /home/nvidia/acfly_ws/install/mavlink/include/mavlink/v2.0/acfly/mavlink_msg_cellular_status.hpp
[0.631s] -- Up-to-date: /home/nvidia/acfly_ws/install/mavlink/include/mavlink/v2.0/acfly/mavlink_msg_setup_signing.hpp
[0.631s] -- Up-to-date: /home/nvidia/acfly_ws/install/mavlink/include/mavlink/v2.0/acfly/mavlink_msg_optical_flow.h
[0.631s] -- Up-to-date: /home/nvidia/acfly_ws/install/mavlink/include/mavlink/v2.0/acfly/mavlink_msg_landing_target.h
[0.632s] -- Up-to-date: /home/nvidia/acfly_ws/install/mavlink/include/mavlink/v2.0/acfly/mavlink_msg_cellular_config.hpp
[0.632s] -- Up-to-date: /home/nvidia/acfly_ws/install/mavlink/include/mavlink/v2.0/acfly/mavlink_msg_gimbal_manager_set_pitchyaw.h
[0.632s] -- Up-to-date: /home/nvidia/acfly_ws/install/mavlink/include/mavlink/v2.0/acfly/mavlink_msg_log_erase.h
[0.632s] -- Up-to-date: /home/nvidia/acfly_ws/install/mavlink/include/mavlink/v2.0/acfly/mavlink_msg_change_operator_control.hpp
[0.632s] -- Up-to-date: /home/nvidia/acfly_ws/install/mavlink/include/mavlink/v2.0/acfly/mavlink_msg_command_cancel.hpp
[0.632s] -- Up-to-date: /home/nvidia/acfly_ws/install/mavlink/include/mavlink/v2.0/acfly/mavlink_msg_camera_status.hpp
[0.632s] -- Up-to-date: /home/nvidia/acfly_ws/install/mavlink/include/mavlink/v2.0/acfly/mavlink_msg_gps_input.h
[0.632s] -- Up-to-date: /home/nvidia/acfly_ws/install/mavlink/include/mavlink/v2.0/acfly/mavlink_msg_set_attitude_target.hpp
[0.632s] -- Up-to-date: /home/nvidia/acfly_ws/install/mavlink/include/mavlink/v2.0/acfly/mavlink_msg_local_position_ned_cov.h
[0.632s] -- Up-to-date: /home/nvidia/acfly_ws/install/mavlink/include/mavlink/v2.0/acfly/mavlink_msg_autopilot_version.hpp
[0.632s] -- Up-to-date: /home/nvidia/acfly_ws/install/mavlink/include/mavlink/v2.0/acfly/mavlink_msg_param_ext_value.hpp
[0.633s] -- Up-to-date: /home/nvidia/acfly_ws/install/mavlink/include/mavlink/v2.0/acfly/mavlink_msg_param_ext_ack.h
[0.633s] -- Up-to-date: /home/nvidia/acfly_ws/install/mavlink/include/mavlink/v2.0/acfly/mavlink_msg_hil_rc_inputs_raw.hpp
[0.633s] -- Up-to-date: /home/nvidia/acfly_ws/install/mavlink/include/mavlink/v2.0/acfly/mavlink_msg_command_int.h
[0.633s] -- Up-to-date: /home/nvidia/acfly_ws/install/mavlink/include/mavlink/v2.0/acfly/mavlink_msg_gimbal_manager_information.hpp
[0.633s] -- Up-to-date: /home/nvidia/acfly_ws/install/mavlink/include/mavlink/v2.0/acfly/mavlink_msg_terrain_request.hpp
[0.633s] -- Up-to-date: /home/nvidia/acfly_ws/install/mavlink/include/mavlink/v2.0/acfly/mavlink_msg_play_tune_v2.hpp
[0.633s] -- Up-to-date: /home/nvidia/acfly_ws/install/mavlink/include/mavlink/v2.0/acfly/mavlink_msg_gps_inject_data.h
[0.633s] -- Up-to-date: /home/nvidia/acfly_ws/install/mavlink/include/mavlink/v2.0/acfly/mavlink_msg_named_value_int.hpp
[0.633s] -- Up-to-date: /home/nvidia/acfly_ws/install/mavlink/include/mavlink/v2.0/acfly/mavlink_msg_rc_channels_raw.h
[0.633s] -- Up-to-date: /home/nvidia/acfly_ws/install/mavlink/include/mavlink/v2.0/acfly/mavlink_msg_auth_key.hpp
[0.634s] -- Up-to-date: /home/nvidia/acfly_ws/install/mavlink/include/mavlink/v2.0/acfly/mavlink_msg_camera_image_captured.hpp
[0.634s] -- Up-to-date: /home/nvidia/acfly_ws/install/mavlink/include/mavlink/v2.0/acfly/mavlink_msg_camera_trigger.h
[0.634s] -- Up-to-date: /home/nvidia/acfly_ws/install/mavlink/include/mavlink/v2.0/acfly/mavlink_msg_mission_ack.hpp
[0.634s] -- Up-to-date: /home/nvidia/acfly_ws/install/mavlink/include/mavlink/v2.0/acfly/mavlink_msg_param_ext_request_read.h
[0.634s] -- Up-to-date: /home/nvidia/acfly_ws/install/mavlink/include/mavlink/v2.0/acfly/mavlink_msg_param_request_read.h
[0.634s] -- Up-to-date: /home/nvidia/acfly_ws/install/mavlink/include/mavlink/v2.0/acfly/mavlink_msg_local_position_ned_system_global_offset.hpp
[0.634s] -- Up-to-date: /home/nvidia/acfly_ws/install/mavlink/include/mavlink/v2.0/acfly/mavlink_msg_open_drone_id_self_id.hpp
[0.634s] -- Up-to-date: /home/nvidia/acfly_ws/install/mavlink/include/mavlink/v2.0/acfly/mavlink_msg_data_transmission_handshake.h
[0.634s] -- Up-to-date: /home/nvidia/acfly_ws/install/mavlink/include/mavlink/v2.0/acfly/mavlink_msg_set_gps_global_origin.h
[0.634s] -- Up-to-date: /home/nvidia/acfly_ws/install/mavlink/include/mavlink/v2.0/acfly/mavlink_msg_serial_control.hpp
[0.634s] -- Up-to-date: /home/nvidia/acfly_ws/install/mavlink/include/mavlink/v2.0/acfly/mavlink_msg_v2_extension.h
[0.635s] -- Up-to-date: /home/nvidia/acfly_ws/install/mavlink/include/mavlink/v2.0/acfly/mavlink_msg_camera_status.h
[0.635s] -- Up-to-date: /home/nvidia/acfly_ws/install/mavlink/include/mavlink/v2.0/acfly/mavlink_msg_statustext.h
[0.635s] -- Up-to-date: /home/nvidia/acfly_ws/install/mavlink/include/mavlink/v2.0/acfly/mavlink_msg_camera_capture_status.h
[0.635s] -- Up-to-date: /home/nvidia/acfly_ws/install/mavlink/include/mavlink/v2.0/acfly/mavlink_msg_extended_sys_state.h
[0.635s] -- Up-to-date: /home/nvidia/acfly_ws/install/mavlink/include/mavlink/v2.0/acfly/mavlink_msg_param_ext_set.h
[0.635s] -- Up-to-date: /home/nvidia/acfly_ws/install/mavlink/include/mavlink/v2.0/acfly/mavlink_msg_play_tune.h
[0.635s] -- Up-to-date: /home/nvidia/acfly_ws/install/mavlink/include/mavlink/v2.0/acfly/mavlink_msg_debug_float_array.hpp
[0.635s] -- Up-to-date: /home/nvidia/acfly_ws/install/mavlink/include/mavlink/v2.0/acfly/mavlink_msg_mission_request.h
[0.635s] -- Up-to-date: /home/nvidia/acfly_ws/install/mavlink/include/mavlink/v2.0/acfly/mavlink_msg_mount_orientation.h
[0.635s] -- Up-to-date: /home/nvidia/acfly_ws/install/mavlink/include/mavlink/v2.0/acfly/mavlink_msg_hil_optical_flow.h
[0.635s] -- Up-to-date: /home/nvidia/acfly_ws/install/mavlink/include/mavlink/v2.0/acfly/mavlink_msg_open_drone_id_location.h
[0.636s] -- Up-to-date: /home/nvidia/acfly_ws/install/mavlink/include/mavlink/v2.0/acfly/mavlink_msg_scaled_pressure3.hpp
[0.636s] -- Up-to-date: /home/nvidia/acfly_ws/install/mavlink/include/mavlink/v2.0/acfly/mavlink_msg_hil_gps.hpp
[0.636s] -- Up-to-date: /home/nvidia/acfly_ws/install/mavlink/include/mavlink/v2.0/acfly/mavlink_msg_uavcan_node_info.hpp
[0.636s] -- Up-to-date: /home/nvidia/acfly_ws/install/mavlink/include/mavlink/v2.0/acfly/mavlink_msg_high_latency.hpp
[0.636s] -- Up-to-date: /home/nvidia/acfly_ws/install/mavlink/include/mavlink/v2.0/acfly/mavlink_msg_mission_request_int.h
[0.636s] -- Up-to-date: /home/nvidia/acfly_ws/install/mavlink/include/mavlink/v2.0/acfly/mavlink_msg_v2_extension.hpp
[0.636s] -- Up-to-date: /home/nvidia/acfly_ws/install/mavlink/include/mavlink/v2.0/acfly/mavlink_msg_extended_sys_state.hpp
[0.636s] -- Up-to-date: /home/nvidia/acfly_ws/install/mavlink/include/mavlink/v2.0/acfly/mavlink_msg_control_system_state.hpp
[0.636s] -- Up-to-date: /home/nvidia/acfly_ws/install/mavlink/include/mavlink/v2.0/acfly/mavlink_msg_actuator_control_target.h
[0.636s] -- Up-to-date: /home/nvidia/acfly_ws/install/mavlink/include/mavlink/v2.0/acfly/mavlink_msg_component_information.h
[0.636s] -- Up-to-date: /home/nvidia/acfly_ws/install/mavlink/include/mavlink/v2.0/acfly/mavlink_msg_smart_battery_info.hpp
[0.637s] -- Up-to-date: /home/nvidia/acfly_ws/install/mavlink/include/mavlink/v2.0/acfly/mavlink_msg_autopilot_state_for_gimbal_device.h
[0.637s] -- Up-to-date: /home/nvidia/acfly_ws/install/mavlink/include/mavlink/v2.0/acfly/mavlink_msg_mission_request.hpp
[0.637s] -- Up-to-date: /home/nvidia/acfly_ws/install/mavlink/include/mavlink/v2.0/acfly/mavlink_msg_acflyhtl_imu_update.h
[0.637s] -- Up-to-date: /home/nvidia/acfly_ws/install/mavlink/include/mavlink/v2.0/acfly/mavlink_msg_set_home_position.hpp
[0.637s] -- Up-to-date: /home/nvidia/acfly_ws/install/mavlink/include/mavlink/v2.0/acfly/mavlink_msg_sim_state.h
[0.637s] -- Up-to-date: /home/nvidia/acfly_ws/install/mavlink/include/mavlink/v2.0/acfly/mavlink_msg_time_estimate_to_target.hpp
[0.637s] -- Up-to-date: /home/nvidia/acfly_ws/install/mavlink/include/mavlink/v2.0/acfly/mavlink_msg_param_ext_value.h
[0.637s] -- Up-to-date: /home/nvidia/acfly_ws/install/mavlink/include/mavlink/v2.0/acfly/mavlink_msg_auth_key.h
[0.637s] -- Up-to-date: /home/nvidia/acfly_ws/install/mavlink/include/mavlink/v2.0/acfly/mavlink_msg_message_interval.h
[0.637s] -- Up-to-date: /home/nvidia/acfly_ws/install/mavlink/include/mavlink/v2.0/acfly/mavlink_msg_onboard_computer_status.h
[0.638s] -- Up-to-date: /home/nvidia/acfly_ws/install/mavlink/include/mavlink/v2.0/acfly/mavlink_msg_gimbal_device_set_attitude.h
[0.638s] -- Up-to-date: /home/nvidia/acfly_ws/install/mavlink/include/mavlink/v2.0/acfly/mavlink_msg_raw_pressure.h
[0.638s] -- Up-to-date: /home/nvidia/acfly_ws/install/mavlink/include/mavlink/v2.0/acfly/mavlink_msg_set_actuator_control_target.hpp
[0.638s] -- Up-to-date: /home/nvidia/acfly_ws/install/mavlink/include/mavlink/v2.0/acfly/mavlink_msg_isbd_link_status.hpp
[0.638s] -- Up-to-date: /home/nvidia/acfly_ws/install/mavlink/include/mavlink/v2.0/acfly/mavlink_msg_log_request_list.hpp
[0.638s] -- Up-to-date: /home/nvidia/acfly_ws/install/mavlink/include/mavlink/v2.0/acfly/mavlink_msg_adsb_vehicle.hpp
[0.638s] -- Up-to-date: /home/nvidia/acfly_ws/install/mavlink/include/mavlink/v2.0/acfly/mavlink_msg_vibration.h
[0.638s] -- Up-to-date: /home/nvidia/acfly_ws/install/mavlink/include/mavlink/v2.0/acfly/mavlink_msg_set_home_position.h
[0.638s] -- Up-to-date: /home/nvidia/acfly_ws/install/mavlink/include/mavlink/v2.0/acfly/mavlink_msg_terrain_check.h
[0.638s] -- Up-to-date: /home/nvidia/acfly_ws/install/mavlink/include/mavlink/v2.0/acfly/mavlink_msg_hil_sensor.h
[0.638s] -- Up-to-date: /home/nvidia/acfly_ws/install/mavlink/include/mavlink/v2.0/acfly/mavlink_msg_link_node_status.hpp
[0.639s] -- Up-to-date: /home/nvidia/acfly_ws/install/mavlink/include/mavlink/v2.0/acfly/mavlink_msg_open_drone_id_basic_id.hpp
[0.639s] -- Up-to-date: /home/nvidia/acfly_ws/install/mavlink/include/mavlink/v2.0/acfly/mavlink_msg_terrain_data.h
[0.639s] -- Up-to-date: /home/nvidia/acfly_ws/install/mavlink/include/mavlink/v2.0/acfly/mavlink_msg_hil_state.h
[0.639s] -- Up-to-date: /home/nvidia/acfly_ws/install/mavlink/include/mavlink/v2.0/acfly/mavlink_msg_serial_control.h
[0.639s] -- Up-to-date: /home/nvidia/acfly_ws/install/mavlink/include/mavlink/v2.0/acfly/mavlink_msg_hil_controls.h
[0.639s] -- Up-to-date: /home/nvidia/acfly_ws/install/mavlink/include/mavlink/v2.0/acfly/mavlink_msg_odometry.h
[0.639s] -- Up-to-date: /home/nvidia/acfly_ws/install/mavlink/include/mavlink/v2.0/acfly/mavlink_msg_flight_information.h
[0.639s] -- Up-to-date: /home/nvidia/acfly_ws/install/mavlink/include/mavlink/v2.0/acfly/mavlink_msg_request_event.hpp
[0.639s] -- Up-to-date: /home/nvidia/acfly_ws/install/mavlink/include/mavlink/v2.0/acfly/mavlink_msg_radio_status.hpp
[0.639s] -- Up-to-date: /home/nvidia/acfly_ws/install/mavlink/include/mavlink/v2.0/acfly/mavlink_msg_data_transmission_handshake.hpp
[0.639s] -- Up-to-date: /home/nvidia/acfly_ws/install/mavlink/include/mavlink/v2.0/acfly/mavlink_msg_optical_flow_rad.h
[0.640s] -- Up-to-date: /home/nvidia/acfly_ws/install/mavlink/include/mavlink/v2.0/acfly/mavlink_msg_hil_actuator_controls.hpp
[0.640s] -- Up-to-date: /home/nvidia/acfly_ws/install/mavlink/include/mavlink/v2.0/acfly/mavlink_msg_fence_status.h
[0.640s] -- Up-to-date: /home/nvidia/acfly_ws/install/mavlink/include/mavlink/v2.0/acfly/mavlink_msg_gps2_raw.hpp
[0.640s] -- Up-to-date: /home/nvidia/acfly_ws/install/mavlink/include/mavlink/v2.0/acfly/mavlink_msg_terrain_check.hpp
[0.640s] -- Up-to-date: /home/nvidia/acfly_ws/install/mavlink/include/mavlink/v2.0/acfly/mavlink_msg_global_position_int.h
[0.640s] -- Up-to-date: /home/nvidia/acfly_ws/install/mavlink/include/mavlink/v2.0/acfly/mavlink_msg_param_ext_request_list.h
[0.640s] -- Up-to-date: /home/nvidia/acfly_ws/install/mavlink/include/mavlink/v2.0/acfly/mavlink_msg_log_entry.hpp
[0.640s] -- Up-to-date: /home/nvidia/acfly_ws/install/mavlink/include/mavlink/v2.0/acfly/mavlink_msg_collision.hpp
[0.640s] -- Up-to-date: /home/nvidia/acfly_ws/install/mavlink/include/mavlink/v2.0/acfly/mavlink_msg_ais_vessel.hpp
[0.640s] -- Up-to-date: /home/nvidia/acfly_ws/install/mavlink/include/mavlink/v2.0/acfly/mavlink_msg_global_position_int.hpp
[0.640s] -- Up-to-date: /home/nvidia/acfly_ws/install/mavlink/include/mavlink/v2.0/acfly/mavlink_msg_camera_information.hpp
[0.641s] -- Up-to-date: /home/nvidia/acfly_ws/install/mavlink/include/mavlink/v2.0/acfly/mavlink_msg_gps_rtcm_data.h
[0.641s] -- Up-to-date: /home/nvidia/acfly_ws/install/mavlink/include/mavlink/v2.0/acfly/mavlink_msg_log_erase.hpp
[0.641s] -- Up-to-date: /home/nvidia/acfly_ws/install/mavlink/include/mavlink/v2.0/acfly/mavlink_msg_trajectory_representation_waypoints.hpp
[0.641s] -- Up-to-date: /home/nvidia/acfly_ws/install/mavlink/include/mavlink/v2.0/acfly/mavlink_msg_gps_rtk.hpp
[0.641s] -- Up-to-date: /home/nvidia/acfly_ws/install/mavlink/include/mavlink/v2.0/acfly/mavlink_msg_wifi_config_ap.hpp
[0.641s] -- Up-to-date: /home/nvidia/acfly_ws/install/mavlink/include/mavlink/v2.0/acfly/mavlink_msg_camera_settings.h
[0.641s] -- Up-to-date: /home/nvidia/acfly_ws/install/mavlink/include/mavlink/v2.0/acfly/mavlink_msg_home_position.h
[0.641s] -- Up-to-date: /home/nvidia/acfly_ws/install/mavlink/include/mavlink/v2.0/acfly/mavlink_msg_system_time.h
[0.641s] -- Up-to-date: /home/nvidia/acfly_ws/install/mavlink/include/mavlink/v2.0/acfly/mavlink_msg_power_status.hpp
[0.642s] -- Up-to-date: /home/nvidia/acfly_ws/install/mavlink/include/mavlink/v2.0/acfly/mavlink_msg_scaled_imu.hpp
[0.642s] -- Up-to-date: /home/nvidia/acfly_ws/install/mavlink/include/mavlink/v2.0/acfly/mavlink_msg_follow_target.hpp
[0.642s] -- Up-to-date: /home/nvidia/acfly_ws/install/mavlink/include/mavlink/v2.0/acfly/mavlink_msg_param_request_list.hpp
[0.642s] -- Up-to-date: /home/nvidia/acfly_ws/install/mavlink/include/mavlink/v2.0/acfly/mavlink_msg_open_drone_id_authentication.h
[0.642s] -- Up-to-date: /home/nvidia/acfly_ws/install/mavlink/include/mavlink/v2.0/acfly/mavlink_msg_open_drone_id_authentication.hpp
[0.642s] -- Up-to-date: /home/nvidia/acfly_ws/install/mavlink/include/mavlink/v2.0/acfly/mavlink_msg_command_long.h
[0.642s] -- Up-to-date: /home/nvidia/acfly_ws/install/mavlink/include/mavlink/v2.0/acfly/mavlink_msg_vfr_hud.h
[0.642s] -- Up-to-date: /home/nvidia/acfly_ws/install/mavlink/include/mavlink/v2.0/acfly/acfly.hpp
[0.642s] -- Up-to-date: /home/nvidia/acfly_ws/install/mavlink/include/mavlink/v2.0/acfly/mavlink_msg_camera_capture_status.hpp
[0.642s] -- Up-to-date: /home/nvidia/acfly_ws/install/mavlink/include/mavlink/v2.0/acfly/mavlink_msg_raw_imu.hpp
[0.642s] -- Up-to-date: /home/nvidia/acfly_ws/install/mavlink/include/mavlink/v2.0/acfly/mavlink_msg_attitude_target.hpp
[0.643s] -- Up-to-date: /home/nvidia/acfly_ws/install/mavlink/include/mavlink/v2.0/acfly/mavlink_msg_gimbal_manager_set_manual_control.h
[0.643s] -- Up-to-date: /home/nvidia/acfly_ws/install/mavlink/include/mavlink/v2.0/acfly/mavlink_msg_param_map_rc.h
[0.643s] -- Up-to-date: /home/nvidia/acfly_ws/install/mavlink/include/mavlink/v2.0/acfly/mavlink_msg_video_stream_status.hpp
[0.643s] -- Up-to-date: /home/nvidia/acfly_ws/install/mavlink/include/mavlink/v2.0/acfly/mavlink_msg_gps_input.hpp
[0.643s] -- Up-to-date: /home/nvidia/acfly_ws/install/mavlink/include/mavlink/v2.0/acfly/mavlink_msg_esc_status.h
[0.643s] -- Up-to-date: /home/nvidia/acfly_ws/install/mavlink/include/mavlink/v2.0/acfly/mavlink_msg_hil_controls.hpp
[0.643s] -- Up-to-date: /home/nvidia/acfly_ws/install/mavlink/include/mavlink/v2.0/acfly/mavlink_msg_mission_set_current.h
[0.643s] -- Up-to-date: /home/nvidia/acfly_ws/install/mavlink/include/mavlink/v2.0/acfly/mavlink_msg_param_value.h
[0.643s] -- Up-to-date: /home/nvidia/acfly_ws/install/mavlink/include/mavlink/v2.0/acfly/mavlink_msg_mission_ack.h
[0.643s] -- Up-to-date: /home/nvidia/acfly_ws/install/mavlink/include/mavlink/v2.0/acfly/mavlink_msg_data_stream.h
[0.644s] -- Up-to-date: /home/nvidia/acfly_ws/install/mavlink/include/mavlink/v2.0/acfly/mavlink_msg_gps_raw_int.hpp
[0.644s] -- Up-to-date: /home/nvidia/acfly_ws/install/mavlink/include/mavlink/v2.0/acfly/mavlink_msg_raw_rpm.h
[0.644s] -- Up-to-date: /home/nvidia/acfly_ws/install/mavlink/include/mavlink/v2.0/acfly/mavlink_msg_rc_channels_scaled.h
[0.644s] -- Up-to-date: /home/nvidia/acfly_ws/install/mavlink/include/mavlink/v2.0/acfly/mavlink_msg_winch_status.h
[0.644s] -- Up-to-date: /home/nvidia/acfly_ws/install/mavlink/include/mavlink/v2.0/acfly/mavlink_msg_open_drone_id_message_pack.h
[0.644s] -- Up-to-date: /home/nvidia/acfly_ws/install/mavlink/include/mavlink/v2.0/acfly/mavlink_msg_remote_log_data_block.hpp
[0.644s] -- Up-to-date: /home/nvidia/acfly_ws/install/mavlink/include/mavlink/v2.0/acfly/mavlink_msg_gps_global_origin.hpp
[0.644s] -- Up-to-date: /home/nvidia/acfly_ws/install/mavlink/include/mavlink/v2.0/acfly/mavlink_msg_gps_status.hpp
[0.644s] -- Up-to-date: /home/nvidia/acfly_ws/install/mavlink/include/mavlink/v2.0/acfly/mavlink_msg_adsb_vehicle.h
[0.644s] -- Up-to-date: /home/nvidia/acfly_ws/install/mavlink/include/mavlink/v2.0/acfly/mavlink_msg_button_change.hpp
[0.644s] -- Up-to-date: /home/nvidia/acfly_ws/install/mavlink/include/mavlink/v2.0/acfly/mavlink_msg_param_request_list.h
[0.644s] -- Up-to-date: /home/nvidia/acfly_ws/install/mavlink/include/mavlink/v2.0/acfly/mavlink_msg_named_value_float.hpp
[0.645s] -- Up-to-date: /home/nvidia/acfly_ws/install/mavlink/include/mavlink/v2.0/acfly/mavlink_msg_gps_status.h
[0.645s] -- Up-to-date: /home/nvidia/acfly_ws/install/mavlink/include/mavlink/v2.0/acfly/mavlink_msg_autopilot_version_request.h
[0.645s] -- Up-to-date: /home/nvidia/acfly_ws/install/mavlink/include/mavlink/v2.0/acfly/mavlink_msg_flight_information.hpp
[0.645s] -- Up-to-date: /home/nvidia/acfly_ws/install/mavlink/include/mavlink/v2.0/acfly/mavlink_msg_attitude_quaternion.hpp
[0.645s] -- Up-to-date: /home/nvidia/acfly_ws/install/mavlink/include/mavlink/v2.0/acfly/mavlink_msg_global_vision_position_estimate.hpp
[0.645s] -- Up-to-date: /home/nvidia/acfly_ws/install/mavlink/include/mavlink/v2.0/acfly/mavlink_msg_param_set.h
[0.645s] -- Up-to-date: /home/nvidia/acfly_ws/install/mavlink/include/mavlink/v2.0/acfly/mavlink_msg_debug.h
[0.645s] -- Up-to-date: /home/nvidia/acfly_ws/install/mavlink/include/mavlink/v2.0/acfly/mavlink_msg_gimbal_manager_status.hpp
[0.645s] -- Up-to-date: /home/nvidia/acfly_ws/install/mavlink/include/mavlink/v2.0/acfly/mavlink_msg_param_ext_ack.hpp
[0.646s] -- Up-to-date: /home/nvidia/acfly_ws/install/mavlink/include/mavlink/v2.0/acfly/mavlink_msg_change_operator_control_ack.h
[0.646s] -- Up-to-date: /home/nvidia/acfly_ws/install/mavlink/include/mavlink/v2.0/acfly/mavlink_msg_position_target_local_ned.h
[0.646s] -- Up-to-date: /home/nvidia/acfly_ws/install/mavlink/include/mavlink/v2.0/acfly/mavlink_msg_optical_flow_rad.hpp
[0.646s] -- Up-to-date: /home/nvidia/acfly_ws/install/mavlink/include/mavlink/v2.0/acfly/mavlink_msg_mission_item.hpp
[0.646s] -- Up-to-date: /home/nvidia/acfly_ws/install/mavlink/include/mavlink/v2.0/acfly/testsuite.h
[0.646s] -- Up-to-date: /home/nvidia/acfly_ws/install/mavlink/include/mavlink/v2.0/acfly/mavlink_msg_rally_point.h
[0.646s] -- Up-to-date: /home/nvidia/acfly_ws/install/mavlink/include/mavlink/v2.0/acfly/mavlink_msg_param_set.hpp
[0.646s] -- Up-to-date: /home/nvidia/acfly_ws/install/mavlink/include/mavlink/v2.0/acfly/mavlink_msg_rc_channels_raw.hpp
[0.646s] -- Up-to-date: /home/nvidia/acfly_ws/install/mavlink/include/mavlink/v2.0/acfly/mavlink_msg_camera_fov_status.h
[0.646s] -- Up-to-date: /home/nvidia/acfly_ws/install/mavlink/include/mavlink/v2.0/acfly/mavlink_msg_camera_settings.hpp
[0.646s] -- Up-to-date: /home/nvidia/acfly_ws/install/mavlink/include/mavlink/v2.0/acfly/mavlink_msg_acfly_regeisterpossensor.h
[0.647s] -- Up-to-date: /home/nvidia/acfly_ws/install/mavlink/include/mavlink/v2.0/acfly/mavlink_msg_led_control.hpp
[0.647s] -- Up-to-date: /home/nvidia/acfly_ws/install/mavlink/include/mavlink/v2.0/acfly/mavlink_msg_set_actuator_control_target.h
[0.647s] -- Up-to-date: /home/nvidia/acfly_ws/install/mavlink/include/mavlink/v2.0/acfly/mavlink_msg_orbit_execution_status.hpp
[0.647s] -- Up-to-date: /home/nvidia/acfly_ws/install/mavlink/include/mavlink/v2.0/acfly/mavlink_msg_system_time.hpp
[0.647s] -- Up-to-date: /home/nvidia/acfly_ws/install/mavlink/include/mavlink/v2.0/acfly/mavlink_msg_log_request_end.hpp
[0.647s] -- Up-to-date: /home/nvidia/acfly_ws/install/mavlink/include/mavlink/v2.0/acfly/mavlink_msg_control_system_state.h
[0.647s] -- Up-to-date: /home/nvidia/acfly_ws/install/mavlink/include/mavlink/v2.0/acfly/mavlink_msg_mission_set_current.hpp
[0.647s] -- Up-to-date: /home/nvidia/acfly_ws/install/mavlink/include/mavlink/v2.0/acfly/mavlink_msg_hil_gps.h
[0.647s] -- Up-to-date: /home/nvidia/acfly_ws/install/mavlink/include/mavlink/v2.0/acfly/mavlink_msg_acflyhtl_imu_update.hpp
[0.647s] -- Up-to-date: /home/nvidia/acfly_ws/install/mavlink/include/mavlink/v2.0/acfly/mavlink_msg_manual_setpoint.hpp
[0.647s] -- Up-to-date: /home/nvidia/acfly_ws/install/mavlink/include/mavlink/v2.0/acfly/mavlink_msg_estimator_status.hpp
[0.648s] -- Up-to-date: /home/nvidia/acfly_ws/install/mavlink/include/mavlink/v2.0/acfly/mavlink_msg_acflyhtl_imu_register.hpp
[0.648s] -- Up-to-date: /home/nvidia/acfly_ws/install/mavlink/include/mavlink/v2.0/acfly/mavlink_msg_position_target_global_int.hpp
[0.648s] -- Up-to-date: /home/nvidia/acfly_ws/install/mavlink/include/mavlink/v2.0/acfly/mavlink_msg_distance_sensor.hpp
[0.648s] -- Up-to-date: /home/nvidia/acfly_ws/install/mavlink/include/mavlink/v2.0/acfly/mavlink_msg_component_extension43.hpp
[0.648s] -- Up-to-date: /home/nvidia/acfly_ws/install/mavlink/include/mavlink/v2.0/acfly/mavlink_msg_global_position_int_cov.h
[0.648s] -- Up-to-date: /home/nvidia/acfly_ws/install/mavlink/include/mavlink/v2.0/acfly/mavlink_msg_manual_setpoint.h
[0.648s] -- Up-to-date: /home/nvidia/acfly_ws/install/mavlink/include/mavlink/v2.0/acfly/mavlink_msg_play_tune_v2.h
[0.648s] -- Up-to-date: /home/nvidia/acfly_ws/install/mavlink/include/mavlink/v2.0/acfly/mavlink_msg_trajectory_representation_bezier.hpp
[0.648s] -- Up-to-date: /home/nvidia/acfly_ws/install/mavlink/include/mavlink/v2.0/acfly/mavlink_msg_battery_status_acfly.h
[0.648s] -- Up-to-date: /home/nvidia/acfly_ws/install/mavlink/include/mavlink/v2.0/acfly/mavlink_msg_vision_speed_estimate.hpp
[0.648s] -- Up-to-date: /home/nvidia/acfly_ws/install/mavlink/include/mavlink/v2.0/acfly/mavlink_msg_scaled_pressure2.h
[0.649s] -- Up-to-date: /home/nvidia/acfly_ws/install/mavlink/include/mavlink/v2.0/acfly/mavlink_msg_open_drone_id_operator_id.hpp
[0.649s] -- Up-to-date: /home/nvidia/acfly_ws/install/mavlink/include/mavlink/v2.0/acfly/mavlink_msg_named_value_float.h
[0.649s] -- Up-to-date: /home/nvidia/acfly_ws/install/mavlink/include/mavlink/v2.0/acfly/mavlink_msg_ahrs3.hpp
[0.649s] -- Up-to-date: /home/nvidia/acfly_ws/install/mavlink/include/mavlink/v2.0/acfly/mavlink_msg_follow_target.h
[0.649s] -- Up-to-date: /home/nvidia/acfly_ws/install/mavlink/include/mavlink/v2.0/acfly/mavlink_msg_mission_item_reached.h
[0.649s] -- Up-to-date: /home/nvidia/acfly_ws/install/mavlink/include/mavlink/v2.0/acfly/mavlink_msg_highres_imu.hpp
[0.649s] -- Up-to-date: /home/nvidia/acfly_ws/install/mavlink/include/mavlink/v2.0/acfly/mavlink_msg_rally_fetch_point.hpp
[0.649s] -- Up-to-date: /home/nvidia/acfly_ws/install/mavlink/include/mavlink/v2.0/acfly/mavlink_msg_data_stream.hpp
[0.649s] -- Up-to-date: /home/nvidia/acfly_ws/install/mavlink/include/mavlink/v2.0/acfly/mavlink_msg_vision_speed_estimate.h
[0.649s] -- Up-to-date: /home/nvidia/acfly_ws/install/mavlink/include/mavlink/v2.0/acfly/mavlink_msg_timesync.hpp
[0.649s] -- Up-to-date: /home/nvidia/acfly_ws/install/mavlink/include/mavlink/v2.0/acfly/mavlink_msg_log_request_list.h
[0.650s] -- Up-to-date: /home/nvidia/acfly_ws/install/mavlink/include/mavlink/v2.0/acfly/mavlink_msg_tunnel.hpp
[0.650s] -- Up-to-date: /home/nvidia/acfly_ws/install/mavlink/include/mavlink/v2.0/acfly/mavlink_msg_acfly_updatepossensor.h
[0.650s] -- Up-to-date: /home/nvidia/acfly_ws/install/mavlink/include/mavlink/v2.0/acfly/mavlink_msg_component_information.hpp
[0.650s] -- Up-to-date: /home/nvidia/acfly_ws/install/mavlink/include/mavlink/v2.0/acfly/mavlink_msg_open_drone_id_operator_id.h
[0.650s] -- Up-to-date: /home/nvidia/acfly_ws/install/mavlink/include/mavlink/v2.0/acfly/mavlink_msg_vision_position_estimate.h
[0.650s] -- Up-to-date: /home/nvidia/acfly_ws/install/mavlink/include/mavlink/v2.0/acfly/mavlink_msg_highres_imu.h
[0.650s] -- Up-to-date: /home/nvidia/acfly_ws/install/mavlink/include/mavlink/v2.0/acfly/mavlink_msg_rc_channels.hpp
[0.650s] -- Up-to-date: /home/nvidia/acfly_ws/install/mavlink/include/mavlink/v2.0/acfly/mavlink_msg_manual_control.h
[0.650s] -- Up-to-date: /home/nvidia/acfly_ws/install/mavlink/include/mavlink/v2.0/acfly/mavlink_msg_estimator_status.h
[0.650s] -- Up-to-date: /home/nvidia/acfly_ws/install/mavlink/include/mavlink/v2.0/acfly/mavlink_msg_set_mode.hpp
[0.650s] -- Up-to-date: /home/nvidia/acfly_ws/install/mavlink/include/mavlink/v2.0/acfly/mavlink_msg_debug_float_array.h
[0.651s] -- Up-to-date: /home/nvidia/acfly_ws/install/mavlink/include/mavlink/v2.0/acfly/mavlink_msg_landing_target.hpp
[0.651s] -- Up-to-date: /home/nvidia/acfly_ws/install/mavlink/include/mavlink/v2.0/acfly/mavlink_msg_gps_rtcm_data.hpp
[0.651s] -- Up-to-date: /home/nvidia/acfly_ws/install/mavlink/include/mavlink/v2.0/acfly/mavlink_msg_att_pos_mocap.hpp
[0.651s] -- Up-to-date: /home/nvidia/acfly_ws/install/mavlink/include/mavlink/v2.0/acfly/mavlink_msg_open_drone_id_self_id.h
[0.651s] -- Up-to-date: /home/nvidia/acfly_ws/install/mavlink/include/mavlink/v2.0/acfly/mavlink_msg_uavcan_node_info.h
[0.651s] -- Up-to-date: /home/nvidia/acfly_ws/install/mavlink/include/mavlink/v2.0/acfly/mavlink_msg_vicon_position_estimate.hpp
[0.651s] -- Up-to-date: /home/nvidia/acfly_ws/install/mavlink/include/mavlink/v2.0/acfly/mavlink_msg_local_position_ned.hpp
[0.651s] -- Up-to-date: /home/nvidia/acfly_ws/install/mavlink/include/mavlink/v2.0/acfly/mavlink_msg_camera_tracking_image_status.hpp
[0.651s] -- Up-to-date: /home/nvidia/acfly_ws/install/mavlink/include/mavlink/v2.0/acfly/mavlink_msg_isbd_link_status.h
[0.651s] -- Up-to-date: /home/nvidia/acfly_ws/install/mavlink/include/mavlink/v2.0/acfly/mavlink_msg_acflyhtl_imu_register.h
[0.651s] -- Up-to-date: /home/nvidia/acfly_ws/install/mavlink/include/mavlink/v2.0/acfly/mavlink_msg_hil_rc_inputs_raw.h
[0.652s] -- Up-to-date: /home/nvidia/acfly_ws/install/mavlink/include/mavlink/v2.0/acfly/mavlink_msg_actuator_output_status.hpp
[0.652s] -- Up-to-date: /home/nvidia/acfly_ws/install/mavlink/include/mavlink/v2.0/acfly/mavlink_msg_mission_item.h
[0.652s] -- Up-to-date: /home/nvidia/acfly_ws/install/mavlink/include/mavlink/v2.0/acfly/mavlink_msg_debug_vect.h
[0.652s] -- Up-to-date: /home/nvidia/acfly_ws/install/mavlink/include/mavlink/v2.0/acfly/mavlink_msg_attitude_quaternion.h
[0.652s] -- Up-to-date: /home/nvidia/acfly_ws/install/mavlink/include/mavlink/v2.0/acfly/mavlink_msg_compassmot_status.hpp
[0.652s] -- Up-to-date: /home/nvidia/acfly_ws/install/mavlink/include/mavlink/v2.0/acfly/mavlink_msg_hil_optical_flow.hpp
[0.652s] -- Up-to-date: /home/nvidia/acfly_ws/install/mavlink/include/mavlink/v2.0/acfly/mavlink_msg_change_operator_control.h
[0.652s] -- Up-to-date: /home/nvidia/acfly_ws/install/mavlink/include/mavlink/v2.0/acfly/mavlink_msg_open_drone_id_system.hpp
[0.652s] -- Up-to-date: /home/nvidia/acfly_ws/install/mavlink/include/mavlink/v2.0/acfly/mavlink_msg_esc_info.hpp
[0.652s] -- Up-to-date: /home/nvidia/acfly_ws/install/mavlink/include/mavlink/v2.0/acfly/mavlink_msg_change_operator_control_ack.hpp
[0.652s] -- Up-to-date: /home/nvidia/acfly_ws/install/mavlink/include/mavlink/v2.0/acfly/mavlink_msg_safety_allowed_area.hpp
[0.653s] -- Up-to-date: /home/nvidia/acfly_ws/install/mavlink/include/mavlink/v2.0/acfly/mavlink_msg_wifi_config_ap.h
[0.653s] -- Up-to-date: /home/nvidia/acfly_ws/install/mavlink/include/mavlink/v2.0/acfly/mavlink_msg_logging_data.hpp
[0.653s] -- Up-to-date: /home/nvidia/acfly_ws/install/mavlink/include/mavlink/v2.0/acfly/mavlink_msg_mission_item_int.hpp
[0.653s] -- Up-to-date: /home/nvidia/acfly_ws/install/mavlink/include/mavlink/v2.0/acfly/mavlink_msg_request_event.h
[0.653s] -- Up-to-date: /home/nvidia/acfly_ws/install/mavlink/include/mavlink/v2.0/acfly/mavlink_msg_radio_status.h
[0.653s] -- Up-to-date: /home/nvidia/acfly_ws/install/mavlink/include/mavlink/v2.0/acfly/mavlink_msg_sim_state.hpp
[0.653s] -- Up-to-date: /home/nvidia/acfly_ws/install/mavlink/include/mavlink/v2.0/acfly/mavlink_msg_ais_vessel.h
[0.653s] -- Up-to-date: /home/nvidia/acfly_ws/install/mavlink/include/mavlink/v2.0/acfly/mavlink_msg_mission_request_list.h
[0.653s] -- Up-to-date: /home/nvidia/acfly_ws/install/mavlink/include/mavlink/v2.0/acfly/mavlink_msg_gps2_rtk.h
[0.653s] -- Up-to-date: /home/nvidia/acfly_ws/install/mavlink/include/mavlink/v2.0/acfly/mavlink_msg_hil_actuator_controls.h
[0.653s] -- Up-to-date: /home/nvidia/acfly_ws/install/mavlink/include/mavlink/v2.0/acfly/mavlink_msg_set_mode.h
[0.654s] -- Up-to-date: /home/nvidia/acfly_ws/install/mavlink/include/mavlink/v2.0/acfly/mavlink_msg_rc_channels_scaled.hpp
[0.654s] -- Up-to-date: /home/nvidia/acfly_ws/install/mavlink/include/mavlink/v2.0/acfly/mavlink_msg_debug.hpp
[0.654s] -- Up-to-date: /home/nvidia/acfly_ws/install/mavlink/include/mavlink/v2.0/acfly/mavlink_msg_attitude_quaternion_cov.hpp
[0.654s] -- Up-to-date: /home/nvidia/acfly_ws/install/mavlink/include/mavlink/v2.0/acfly/mavlink_msg_request_data_stream.hpp
[0.654s] -- Up-to-date: /home/nvidia/acfly_ws/install/mavlink/include/mavlink/v2.0/acfly/mavlink_msg_servo_output_raw.hpp
[0.654s] -- Up-to-date: /home/nvidia/acfly_ws/install/mavlink/include/mavlink/v2.0/acfly/mavlink_msg_param_ext_request_list.hpp
[0.654s] -- Up-to-date: /home/nvidia/acfly_ws/install/mavlink/include/mavlink/v2.0/acfly/mavlink_msg_open_drone_id_basic_id.h
[0.654s] -- Up-to-date: /home/nvidia/acfly_ws/install/mavlink/include/mavlink/v2.0/acfly/mavlink_msg_event.h
[0.654s] -- Up-to-date: /home/nvidia/acfly_ws/install/mavlink/include/mavlink/v2.0/acfly/mavlink_msg_gimbal_device_information.h
[0.654s] -- Up-to-date: /home/nvidia/acfly_ws/install/mavlink/include/mavlink/v2.0/acfly/mavlink_msg_scaled_imu.h
[0.654s] -- Up-to-date: /home/nvidia/acfly_ws/install/mavlink/include/mavlink/v2.0/acfly/mavlink_msg_response_event_error.hpp
[0.655s] -- Up-to-date: /home/nvidia/acfly_ws/install/mavlink/include/mavlink/v2.0/acfly/mavlink_msg_hil_state.hpp
[0.655s] -- Up-to-date: /home/nvidia/acfly_ws/install/mavlink/include/mavlink/v2.0/acfly/mavlink_msg_storage_information.hpp
[0.655s] -- Up-to-date: /home/nvidia/acfly_ws/install/mavlink/include/mavlink/v2.0/acfly/mavlink_msg_gps2_raw.h
[0.655s] -- Up-to-date: /home/nvidia/acfly_ws/install/mavlink/include/mavlink/v2.0/acfly/mavlink_msg_autopilot_state_for_gimbal_device.hpp
[0.655s] -- Up-to-date: /home/nvidia/acfly_ws/install/mavlink/include/mavlink/v2.0/acfly/mavlink_msg_param_map_rc.hpp
[0.655s] -- Up-to-date: /home/nvidia/acfly_ws/install/mavlink/include/mavlink/v2.0/acfly/mavlink_msg_response_event_error.h
[0.655s] -- Up-to-date: /home/nvidia/acfly_ws/install/mavlink/include/mavlink/v2.0/acfly/mavlink_msg_battery_status.h
[0.655s] -- Up-to-date: /home/nvidia/acfly_ws/install/mavlink/include/mavlink/v2.0/acfly/mavlink_msg_mission_write_partial_list.h
[0.655s] -- Up-to-date: /home/nvidia/acfly_ws/install/mavlink/include/mavlink/v2.0/acfly/mavlink_msg_resource_request.h
[0.655s] -- Up-to-date: /home/nvidia/acfly_ws/install/mavlink/include/mavlink/v2.0/acfly/mavlink_msg_mission_count.hpp
[0.655s] -- Up-to-date: /home/nvidia/acfly_ws/install/mavlink/include/mavlink/v2.0/acfly/mavlink_msg_home_position.hpp
[0.656s] -- Up-to-date: /home/nvidia/acfly_ws/install/mavlink/include/mavlink/v2.0/acfly/mavlink_msg_camera_tracking_geo_status.hpp
[0.656s] -- Up-to-date: /home/nvidia/acfly_ws/install/mavlink/include/mavlink/v2.0/acfly/mavlink_msg_vibration.hpp
[0.656s] -- Up-to-date: /home/nvidia/acfly_ws/install/mavlink/include/mavlink/v2.0/acfly/mavlink_msg_param_ext_set.hpp
[0.656s] -- Up-to-date: /home/nvidia/acfly_ws/install/mavlink/include/mavlink/v2.0/acfly/mavlink_msg_mission_write_partial_list.hpp
[0.656s] -- Up-to-date: /home/nvidia/acfly_ws/install/mavlink/include/mavlink/v2.0/acfly/mavlink_msg_named_value_int.h
[0.656s] -- Up-to-date: /home/nvidia/acfly_ws/install/mavlink/include/mavlink/v2.0/acfly/mavlink_msg_att_pos_mocap.h
[0.656s] -- Up-to-date: /home/nvidia/acfly_ws/install/mavlink/include/mavlink/v2.0/acfly/mavlink_msg_video_stream_information.h
[0.656s] -- Up-to-date: /home/nvidia/acfly_ws/install/mavlink/include/mavlink/v2.0/acfly/mavlink_msg_gps_raw_int.h
[0.656s] -- Up-to-date: /home/nvidia/acfly_ws/install/mavlink/include/mavlink/v2.0/acfly/mavlink_msg_mission_current.h
[0.656s] -- Up-to-date: /home/nvidia/acfly_ws/install/mavlink/include/mavlink/v2.0/acfly/mavlink_msg_wind_cov.hpp
[0.656s] -- Up-to-date: /home/nvidia/acfly_ws/install/mavlink/include/mavlink/v2.0/acfly/mavlink_msg_mission_current.hpp
[0.657s] -- Up-to-date: /home/nvidia/acfly_ws/install/mavlink/include/mavlink/v2.0/acfly/mavlink_msg_scaled_imu2.hpp
[0.657s] -- Up-to-date: /home/nvidia/acfly_ws/install/mavlink/include/mavlink/v2.0/acfly/mavlink_msg_encapsulated_data.h
[0.657s] -- Up-to-date: /home/nvidia/acfly_ws/install/mavlink/include/mavlink/v2.0/acfly/mavlink_msg_ping.h
[0.657s] -- Up-to-date: /home/nvidia/acfly_ws/install/mavlink/include/mavlink/v2.0/acfly/mavlink_msg_logging_data_acked.h
[0.657s] -- Up-to-date: /home/nvidia/acfly_ws/install/mavlink/include/mavlink/v2.0/acfly/mavlink_msg_scaled_pressure3.h
[0.657s] -- Up-to-date: /home/nvidia/acfly_ws/install/mavlink/include/mavlink/v2.0/acfly/mavlink_msg_uavcan_node_status.h
[0.657s] -- Up-to-date: /home/nvidia/acfly_ws/install/mavlink/include/mavlink/v2.0/acfly/mavlink_msg_acfly_updatepossensor.hpp
[0.657s] -- Up-to-date: /home/nvidia/acfly_ws/install/mavlink/include/mavlink/v2.0/acfly/mavlink_msg_obstacle_distance.hpp
[0.657s] -- Up-to-date: /home/nvidia/acfly_ws/install/mavlink/include/mavlink/v2.0/acfly/mavlink_msg_gimbal_device_attitude_status.h
[0.657s] -- Up-to-date: /home/nvidia/acfly_ws/install/mavlink/include/mavlink/v2.0/acfly/mavlink_msg_safety_set_allowed_area.hpp
[0.657s] -- Up-to-date: /home/nvidia/acfly_ws/install/mavlink/include/mavlink/v2.0/acfly/mavlink_msg_vfr_hud.hpp
[0.658s] -- Up-to-date: /home/nvidia/acfly_ws/install/mavlink/include/mavlink/v2.0/acfly/mavlink_msg_camera_trigger.hpp
[0.658s] -- Up-to-date: /home/nvidia/acfly_ws/install/mavlink/include/mavlink/v2.0/acfly/mavlink_msg_rc_channels.h
[0.658s] -- Up-to-date: /home/nvidia/acfly_ws/install/mavlink/include/mavlink/v2.0/acfly/mavlink_msg_gimbal_manager_information.h
[0.658s] -- Up-to-date: /home/nvidia/acfly_ws/install/mavlink/include/mavlink/v2.0/acfly/mavlink_msg_log_entry.h
[0.658s] -- Up-to-date: /home/nvidia/acfly_ws/install/mavlink/include/mavlink/v2.0/acfly/mavlink_msg_raw_imu.h
[0.658s] -- Up-to-date: /home/nvidia/acfly_ws/install/mavlink/include/mavlink/v2.0/acfly/mavlink_msg_scaled_pressure.hpp
[0.658s] -- Up-to-date: /home/nvidia/acfly_ws/install/mavlink/include/mavlink/v2.0/acfly/mavlink_msg_wind_cov.h
[0.658s] -- Up-to-date: /home/nvidia/acfly_ws/install/mavlink/include/mavlink/v2.0/acfly/mavlink_msg_servo_output_raw.h
[0.658s] -- Up-to-date: /home/nvidia/acfly_ws/install/mavlink/include/mavlink/v2.0/acfly/mavlink_msg_gimbal_manager_set_pitchyaw.hpp
[0.658s] -- Up-to-date: /home/nvidia/acfly_ws/install/mavlink/include/mavlink/v2.0/acfly/mavlink_msg_orbit_execution_status.h
[0.658s] -- Up-to-date: /home/nvidia/acfly_ws/install/mavlink/include/mavlink/v2.0/acfly/mavlink_msg_memory_vect.hpp
[0.659s] -- Up-to-date: /home/nvidia/acfly_ws/install/mavlink/include/mavlink/v2.0/acfly/mavlink_msg_logging_ack.hpp
[0.659s] -- Up-to-date: /home/nvidia/acfly_ws/install/mavlink/include/mavlink/v2.0/acfly/mavlink_msg_cellular_config.h
[0.659s] -- Up-to-date: /home/nvidia/acfly_ws/install/mavlink/include/mavlink/v2.0/acfly/mavlink_msg_hil_state_quaternion.hpp
[0.659s] -- Up-to-date: /home/nvidia/acfly_ws/install/mavlink/include/mavlink/v2.0/acfly/mavlink_msg_rally_point.hpp
[0.659s] -- Up-to-date: /home/nvidia/acfly_ws/install/mavlink/include/mavlink/v2.0/acfly/mavlink_msg_supported_tunes.hpp
[0.659s] -- Up-to-date: /home/nvidia/acfly_ws/install/mavlink/include/mavlink/v2.0/acfly/mavlink_msg_acflypossensor_info.hpp
[0.659s] -- Up-to-date: /home/nvidia/acfly_ws/install/mavlink/include/mavlink/v2.0/acfly/mavlink_msg_video_stream_status.h
[0.659s] -- Up-to-date: /home/nvidia/acfly_ws/install/mavlink/include/mavlink/v2.0/acfly/mavlink_msg_scaled_imu3.h
[0.659s] -- Up-to-date: /home/nvidia/acfly_ws/install/mavlink/include/mavlink/v2.0/acfly/mavlink_msg_command_cancel.h
[0.659s] -- Up-to-date: /home/nvidia/acfly_ws/install/mavlink/include/mavlink/v2.0/acfly/mavlink_msg_log_request_end.h
[0.659s] -- Up-to-date: /home/nvidia/acfly_ws/install/mavlink/include/mavlink/v2.0/acfly/mavlink_msg_message_interval.hpp
[0.660s] -- Up-to-date: /home/nvidia/acfly_ws/install/mavlink/include/mavlink/v2.0/acfly/mavlink.h
[0.660s] -- Up-to-date: /home/nvidia/acfly_ws/install/mavlink/include/mavlink/v2.0/acfly/mavlink_msg_camera_feedback.hpp
[0.660s] -- Up-to-date: /home/nvidia/acfly_ws/install/mavlink/include/mavlink/v2.0/acfly/mavlink_msg_hil_sensor.hpp
[0.660s] -- Up-to-date: /home/nvidia/acfly_ws/install/mavlink/include/mavlink/v2.0/acfly/mavlink_msg_odometry.hpp
[0.660s] -- Up-to-date: /home/nvidia/acfly_ws/install/mavlink/include/mavlink/v2.0/acfly/mavlink_msg_mission_request_int.hpp
[0.660s] -- Up-to-date: /home/nvidia/acfly_ws/install/mavlink/include/mavlink/v2.0/acfly/mavlink_msg_logging_data.h
[0.660s] -- Up-to-date: /home/nvidia/acfly_ws/install/mavlink/include/mavlink/v2.0/acfly/mavlink_msg_global_position_int_cov.hpp
[0.660s] -- Up-to-date: /home/nvidia/acfly_ws/install/mavlink/include/mavlink/v2.0/acfly/mavlink_msg_supported_tunes.h
[0.660s] -- Up-to-date: /home/nvidia/acfly_ws/install/mavlink/include/mavlink/v2.0/acfly/mavlink_msg_high_latency2.hpp
[0.660s] -- Up-to-date: /home/nvidia/acfly_ws/install/mavlink/include/mavlink/v2.0/acfly/mavlink_msg_set_attitude_target.h
[0.660s] -- Up-to-date: /home/nvidia/acfly_ws/install/mavlink/include/mavlink/v2.0/acfly/mavlink_msg_set_position_target_global_int.h
[0.661s] -- Up-to-date: /home/nvidia/acfly_ws/install/mavlink/include/mavlink/v2.0/acfly/mavlink_msg_gimbal_device_set_attitude.hpp
[0.661s] -- Up-to-date: /home/nvidia/acfly_ws/install/mavlink/include/mavlink/v2.0/acfly/mavlink_msg_battery_status.hpp
[0.661s] -- Up-to-date: /home/nvidia/acfly_ws/install/mavlink/include/mavlink/v2.0/acfly/mavlink_msg_attitude.hpp
[0.661s] -- Up-to-date: /home/nvidia/acfly_ws/install/mavlink/include/mavlink/v2.0/acfly/mavlink_msg_wheel_distance.hpp
[0.661s] -- Up-to-date: /home/nvidia/acfly_ws/install/mavlink/include/mavlink/v2.0/acfly/mavlink_msg_utm_global_position.hpp
[0.661s] -- Up-to-date: /home/nvidia/acfly_ws/install/mavlink/include/mavlink/v2.0/acfly/mavlink_msg_mission_request_partial_list.h
[0.661s] -- Up-to-date: /home/nvidia/acfly_ws/install/mavlink/include/mavlink/v2.0/acfly/mavlink_msg_rc_channels_override.hpp
[0.661s] -- Up-to-date: /home/nvidia/acfly_ws/install/mavlink/include/mavlink/v2.0/acfly/mavlink_msg_local_position_ned_system_global_offset.h
[0.661s] -- Up-to-date: /home/nvidia/acfly_ws/install/mavlink/include/mavlink/v2.0/acfly/mavlink_msg_open_drone_id_location.hpp
[0.661s] -- Up-to-date: /home/nvidia/acfly_ws/install/mavlink/include/mavlink/v2.0/acfly/mavlink_msg_file_transfer_protocol.hpp
[0.661s] -- Up-to-date: /home/nvidia/acfly_ws/install/mavlink/include/mavlink/v2.0/acfly/mavlink_msg_local_position_ned_cov.hpp
[0.662s] -- Up-to-date: /home/nvidia/acfly_ws/install/mavlink/include/mavlink/v2.0/acfly/mavlink_msg_remote_log_data_block.h
[0.662s] -- Up-to-date: /home/nvidia/acfly_ws/install/mavlink/include/mavlink/v2.0/acfly/mavlink_msg_logging_ack.h
[0.662s] -- Up-to-date: /home/nvidia/acfly_ws/install/mavlink/include/mavlink/v2.0/acfly/mavlink_msg_timesync.h
[0.662s] -- Up-to-date: /home/nvidia/acfly_ws/install/mavlink/include/mavlink/v2.0/acfly/mavlink_msg_local_position_ned.h
[0.662s] -- Up-to-date: /home/nvidia/acfly_ws/install/mavlink/include/mavlink/v2.0/acfly/mavlink_msg_link_node_status.h
[0.662s] -- Up-to-date: /home/nvidia/acfly_ws/install/mavlink/include/mavlink/v2.0/acfly/mavlink_msg_camera_image_captured.h
[0.662s] -- Up-to-date: /home/nvidia/acfly_ws/install/mavlink/include/mavlink/v2.0/acfly/acfly.h
[0.662s] -- Up-to-date: /home/nvidia/acfly_ws/install/mavlink/include/mavlink/v2.0/acfly/mavlink_msg_mag_cal_report.h
[0.662s] -- Up-to-date: /home/nvidia/acfly_ws/install/mavlink/include/mavlink/v2.0/acfly/mavlink_msg_obstacle_distance.h
[0.662s] -- Up-to-date: /home/nvidia/acfly_ws/install/mavlink/include/mavlink/v2.0/acfly/mavlink_msg_attitude_quaternion_cov.h
[0.662s] -- Up-to-date: /home/nvidia/acfly_ws/install/mavlink/include/mavlink/v2.0/acfly/mavlink_msg_raw_pressure.hpp
[0.662s] -- Up-to-date: /home/nvidia/acfly_ws/install/mavlink/include/mavlink/v2.0/acfly/mavlink_msg_scaled_imu2.h
[0.663s] -- Up-to-date: /home/nvidia/acfly_ws/install/mavlink/include/mavlink/v2.0/acfly/mavlink_msg_tunnel.h
[0.663s] -- Up-to-date: /home/nvidia/acfly_ws/install/mavlink/include/mavlink/v2.0/acfly/mavlink_msg_camera_tracking_image_status.h
[0.663s] -- Up-to-date: /home/nvidia/acfly_ws/install/mavlink/include/mavlink/v2.0/acfly/mavlink_msg_autopilot_version_request.hpp
[0.663s] -- Up-to-date: /home/nvidia/acfly_ws/install/mavlink/include/mavlink/v2.0/acfly/mavlink_msg_current_event_sequence.h
[0.663s] -- Up-to-date: /home/nvidia/acfly_ws/install/mavlink/include/mavlink/v2.0/acfly/mavlink_msg_param_ext_request_read.hpp
[0.663s] -- Up-to-date: /home/nvidia/acfly_ws/install/mavlink/include/mavlink/v2.0/acfly/mavlink_msg_onboard_computer_status.hpp
[0.663s] -- Up-to-date: /home/nvidia/acfly_ws/install/mavlink/include/mavlink/v2.0/acfly/mavlink_msg_log_request_data.h
[0.663s] -- Up-to-date: /home/nvidia/acfly_ws/install/mavlink/include/mavlink/v2.0/acfly/mavlink_msg_resource_request.hpp
[0.663s] -- Up-to-date: /home/nvidia/acfly_ws/install/mavlink/include/mavlink/v2.0/acfly/mavlink_msg_log_data.h
[0.663s] -- Up-to-date: /home/nvidia/acfly_ws/install/mavlink/include/mavlink/v2.0/acfly/mavlink_msg_set_position_target_global_int.hpp
[0.664s] -- Up-to-date: /home/nvidia/acfly_ws/install/mavlink/include/mavlink/v2.0/acfly/mavlink_msg_command_int.hpp
[0.664s] -- Up-to-date: /home/nvidia/acfly_ws/install/mavlink/include/mavlink/v2.0/acfly/mavlink_msg_generator_status.h
[0.664s] -- Up-to-date: /home/nvidia/acfly_ws/install/mavlink/include/mavlink/v2.0/acfly/mavlink_msg_actuator_control_target.hpp
[0.664s] -- Up-to-date: /home/nvidia/acfly_ws/install/mavlink/include/mavlink/v2.0/acfly/mavlink_msg_statustext.hpp
[0.664s] -- Up-to-date: /home/nvidia/acfly_ws/install/mavlink/include/mavlink/v2.0/acfly/mavlink_msg_position_target_local_ned.hpp
[0.664s] -- Up-to-date: /home/nvidia/acfly_ws/install/mavlink/include/mavlink/v2.0/acfly/version.h
[0.664s] -- Up-to-date: /home/nvidia/acfly_ws/install/mavlink/include/mavlink/v2.0/acfly/mavlink_msg_acflyhtl_pwmchans_fb.hpp
[0.664s] -- Up-to-date: /home/nvidia/acfly_ws/install/mavlink/include/mavlink/v2.0/acfly/mavlink_msg_hygrometer_sensor.hpp
[0.664s] -- Up-to-date: /home/nvidia/acfly_ws/install/mavlink/include/mavlink/v2.0/acfly/mavlink_msg_component_extension43.h
[0.664s] -- Up-to-date: /home/nvidia/acfly_ws/install/mavlink/include/mavlink/v2.0/acfly/mavlink_msg_ahrs2.hpp
[0.664s] -- Up-to-date: /home/nvidia/acfly_ws/install/mavlink/include/mavlink/v2.0/acfly/mavlink_msg_battery_status_acfly.hpp
[0.664s] -- Up-to-date: /home/nvidia/acfly_ws/install/mavlink/include/mavlink/v2.0/acfly/mavlink_msg_uavcan_node_status.hpp
[0.665s] -- Up-to-date: /home/nvidia/acfly_ws/install/mavlink/include/mavlink/v2.0/acfly/mavlink_msg_gps_rtk.h
[0.665s] -- Up-to-date: /home/nvidia/acfly_ws/install/mavlink/include/mavlink/v2.0/acfly/mavlink_msg_camera_information.h
[0.665s] -- Up-to-date: /home/nvidia/acfly_ws/install/mavlink/include/mavlink/v2.0/acfly/mavlink_msg_gps_global_origin.h
[0.665s] -- Up-to-date: /home/nvidia/acfly_ws/install/mavlink/include/mavlink/v2.0/acfly/mavlink_msg_ahrs2.h
[0.665s] -- Up-to-date: /home/nvidia/acfly_ws/install/mavlink/include/mavlink/v2.0/acfly/mavlink_msg_esc_info.h
[0.666s] -- Up-to-date: /home/nvidia/acfly_ws/install/mavlink/include/mavlink/v2.0/acfly/mavlink_msg_mission_clear_all.h
[0.666s] -- Up-to-date: /home/nvidia/acfly_ws/install/mavlink/include/mavlink/v2.0/acfly/mavlink_msg_nav_controller_output.hpp
[0.666s] -- Up-to-date: /home/nvidia/acfly_ws/install/mavlink/include/mavlink/v2.0/acfly/mavlink_msg_mission_item_int.h
[0.666s] -- Up-to-date: /home/nvidia/acfly_ws/install/mavlink/include/mavlink/v2.0/acfly/mavlink_msg_set_position_target_local_ned.h
[0.666s] -- Up-to-date: /home/nvidia/acfly_ws/install/mavlink/include/mavlink/v2.0/acfly/mavlink_msg_distance_sensor.h
[0.666s] -- Up-to-date: /home/nvidia/acfly_ws/install/mavlink/include/mavlink/v2.0/acfly/mavlink_msg_command_ack.h
[0.666s] -- Up-to-date: /home/nvidia/acfly_ws/install/mavlink/include/mavlink/v2.0/acfly/mavlink_msg_setup_signing.h
[0.666s] -- Up-to-date: /home/nvidia/acfly_ws/install/mavlink/include/mavlink/v2.0/acfly/mavlink_msg_rally_fetch_point.h
[0.666s] -- Up-to-date: /home/nvidia/acfly_ws/install/mavlink/include/mavlink/v2.0/acfly/mavlink_msg_mission_request_list.hpp
[0.667s] -- Up-to-date: /home/nvidia/acfly_ws/install/mavlink/include/mavlink/v2.0/acfly/mavlink_msg_acflyhtl_pwmchans_fb.h
[0.667s] -- Up-to-date: /home/nvidia/acfly_ws/install/mavlink/include/mavlink/v2.0/acfly/mavlink_msg_request_data_stream.h
[0.667s] -- Up-to-date: /home/nvidia/acfly_ws/install/mavlink/include/mavlink/v2.0/acfly/mavlink_msg_sys_status.hpp
[0.667s] -- Up-to-date: /home/nvidia/acfly_ws/install/mavlink/include/mavlink/v2.0/acfly/mavlink_msg_ahrs3.h
[0.667s] -- Up-to-date: /home/nvidia/acfly_ws/install/mavlink/include/mavlink/v2.0/acfly/mavlink_msg_log_data.hpp
[0.667s] -- Up-to-date: /home/nvidia/acfly_ws/install/mavlink/include/mavlink/v2.0/acfly/gtestsuite.hpp
[0.667s] -- Up-to-date: /home/nvidia/acfly_ws/install/mavlink/include/mavlink/v2.0/acfly/mavlink_msg_battery2.h
[0.667s] -- Up-to-date: /home/nvidia/acfly_ws/install/mavlink/include/mavlink/v2.0/acfly/mavlink_msg_safety_set_allowed_area.h
[0.667s] -- Up-to-date: /home/nvidia/acfly_ws/install/mavlink/include/mavlink/v2.0/acfly/mavlink_msg_mission_request_partial_list.hpp
[0.667s] -- Up-to-date: /home/nvidia/acfly_ws/install/mavlink/include/mavlink/v2.0/acfly/mavlink_msg_open_drone_id_message_pack.hpp
[0.668s] -- Up-to-date: /home/nvidia/acfly_ws/install/mavlink/include/mavlink/v2.0/acfly/mavlink_msg_hygrometer_sensor.h
[0.668s] -- Up-to-date: /home/nvidia/acfly_ws/install/mavlink/include/mavlink/v2.0/acfly/mavlink_msg_hil_state_quaternion.h
[0.668s] -- Up-to-date: /home/nvidia/acfly_ws/install/mavlink/include/mavlink/v2.0/acfly/mavlink_msg_mission_clear_all.hpp
[0.668s] -- Up-to-date: /home/nvidia/acfly_ws/install/mavlink/include/mavlink/v2.0/acfly/mavlink_msg_scaled_pressure2.hpp
[0.668s] -- Up-to-date: /home/nvidia/acfly_ws/install/mavlink/include/mavlink/v2.0/acfly/mavlink_msg_led_control.h
[0.668s] -- Up-to-date: /home/nvidia/acfly_ws/install/mavlink/include/mavlink/v2.0/acfly/mavlink_msg_global_vision_position_estimate.h
[0.668s] -- Up-to-date: /home/nvidia/acfly_ws/install/mavlink/include/mavlink/v2.0/acfly/mavlink_msg_winch_status.hpp
[0.668s] -- Up-to-date: /home/nvidia/acfly_ws/install/mavlink/include/mavlink/v2.0/acfly/mavlink_msg_gps2_rtk.hpp
[0.668s] -- Up-to-date: /home/nvidia/acfly_ws/install/mavlink/include/mavlink/v2.0/acfly/mavlink_msg_current_event_sequence.hpp
[0.668s] -- Up-to-date: /home/nvidia/acfly_ws/install/mavlink/include/mavlink/v2.0/acfly/mavlink_msg_file_transfer_protocol.h
[0.668s] -- Up-to-date: /home/nvidia/acfly_ws/install/mavlink/include/mavlink/v2.0/acfly/mavlink_msg_safety_allowed_area.h
[0.669s] -- Up-to-date: /home/nvidia/acfly_ws/install/mavlink/include/mavlink/v2.0/acfly/mavlink_msg_sys_status.h
[0.669s] -- Up-to-date: /home/nvidia/acfly_ws/install/mavlink/include/mavlink/v2.0/acfly/mavlink_msg_debug_vect.hpp
[0.669s] -- Up-to-date: /home/nvidia/acfly_ws/install/mavlink/include/mavlink/v2.0/acfly/mavlink_msg_set_gps_global_origin.hpp
[0.669s] -- Up-to-date: /home/nvidia/acfly_ws/install/mavlink/include/mavlink/v2.0/acfly/mavlink_msg_high_latency2.h
[0.669s] -- Up-to-date: /home/nvidia/acfly_ws/install/mavlink/include/mavlink/v2.0/acfly/mavlink_msg_param_request_read.hpp
[0.669s] -- Up-to-date: /home/nvidia/acfly_ws/install/mavlink/include/mavlink/v2.0/acfly/mavlink_msg_efi_status.h
[0.669s] -- Up-to-date: /home/nvidia/acfly_ws/install/mavlink/include/mavlink/v2.0/acfly/mavlink_msg_ping.hpp
[0.669s] -- Up-to-date: /home/nvidia/acfly_ws/install/mavlink/include/mavlink/v2.0/acfly/mavlink_msg_altitude.h
[0.669s] -- Up-to-date: /home/nvidia/acfly_ws/install/mavlink/include/mavlink/v2.0/acfly/mavlink_msg_smart_battery_info.h
[0.669s] -- Up-to-date: /home/nvidia/acfly_ws/install/mavlink/include/mavlink/v2.0/acfly/mavlink_msg_trajectory_representation_bezier.h
[0.669s] -- Up-to-date: /home/nvidia/acfly_ws/install/mavlink/include/mavlink/v2.0/acfly/mavlink_msg_trajectory_representation_waypoints.h
[0.670s] -- Up-to-date: /home/nvidia/acfly_ws/install/mavlink/include/mavlink/v2.0/acfly/mavlink_msg_fence_status.hpp
[0.670s] -- Up-to-date: /home/nvidia/acfly_ws/install/mavlink/include/mavlink/v2.0/acfly/mavlink_msg_terrain_report.hpp
[0.670s] -- Up-to-date: /home/nvidia/acfly_ws/install/mavlink/include/mavlink/v2.0/acfly/mavlink_msg_gimbal_manager_set_attitude.hpp
[0.670s] -- Up-to-date: /home/nvidia/acfly_ws/install/mavlink/include/mavlink/v2.0/acfly/mavlink_msg_gimbal_device_attitude_status.hpp
[0.670s] -- Up-to-date: /home/nvidia/acfly_ws/install/mavlink/include/mavlink/v2.0/acfly/mavlink_msg_raw_rpm.hpp
[0.670s] -- Up-to-date: /home/nvidia/acfly_ws/install/mavlink/include/mavlink/v2.0/acfly/mavlink_msg_collision.h
[0.670s] -- Up-to-date: /home/nvidia/acfly_ws/install/mavlink/include/mavlink/v2.0/acfly/mavlink_msg_logging_data_acked.hpp
[0.670s] -- Up-to-date: /home/nvidia/acfly_ws/install/mavlink/include/mavlink/v2.0/acfly/mavlink_msg_esc_status.hpp
[0.670s] -- Up-to-date: /home/nvidia/acfly_ws/install/mavlink/include/mavlink/v2.0/acfly/mavlink_msg_high_latency.h
[0.670s] -- Up-to-date: /home/nvidia/acfly_ws/install/mavlink/include/mavlink/v2.0/acfly/mavlink_msg_optical_flow.hpp
[0.670s] -- Up-to-date: /home/nvidia/acfly_ws/install/mavlink/include/mavlink/v2.0/acfly/mavlink_msg_scaled_imu3.hpp
[0.671s] -- Up-to-date: /home/nvidia/acfly_ws/install/mavlink/include/mavlink/v2.0/acfly/mavlink_msg_video_stream_information.hpp
[0.671s] -- Up-to-date: /home/nvidia/acfly_ws/install/mavlink/include/mavlink/v2.0/acfly/mavlink_msg_nav_controller_output.h
[0.671s] -- Up-to-date: /home/nvidia/acfly_ws/install/mavlink/include/mavlink/v2.0/acfly/mavlink_msg_set_position_target_local_ned.hpp
[0.671s] -- Up-to-date: /home/nvidia/acfly_ws/install/mavlink/include/mavlink/v2.0/acfly/mavlink_msg_mission_item_reached.hpp
[0.671s] -- Up-to-date: /home/nvidia/acfly_ws/install/mavlink/include/mavlink/v2.0/acfly/mavlink_msg_utm_global_position.h
[0.671s] -- Up-to-date: /home/nvidia/acfly_ws/install/mavlink/include/mavlink/v2.0/acfly/mavlink_msg_generator_status.hpp
[0.671s] -- Up-to-date: /home/nvidia/acfly_ws/install/mavlink/include/mavlink/v2.0/acfly/mavlink_msg_vicon_position_estimate.h
[0.671s] -- Up-to-date: /home/nvidia/acfly_ws/install/mavlink/include/mavlink/v2.0/acfly/mavlink_msg_remote_log_block_status.hpp
[0.671s] -- Up-to-date: /home/nvidia/acfly_ws/install/mavlink/include/mavlink/v2.0/acfly/mavlink_msg_altitude.hpp
[0.671s] -- Up-to-date: /home/nvidia/acfly_ws/install/mavlink/include/mavlink/v2.0/acfly/mavlink_msg_terrain_report.h
[0.672s] -- Up-to-date: /home/nvidia/acfly_ws/install/mavlink/include/mavlink/v2.0/acfly/mavlink_msg_mag_cal_report.hpp
[0.672s] -- Up-to-date: /home/nvidia/acfly_ws/install/mavlink/include/mavlink/v2.0/acfly/mavlink_msg_storage_information.h
[0.672s] -- Up-to-date: /home/nvidia/acfly_ws/install/mavlink/include/mavlink/v2.0/acfly/mavlink_msg_memory_vect.h
[0.672s] -- Up-to-date: /home/nvidia/acfly_ws/install/mavlink/include/mavlink/v2.0/acfly/mavlink_msg_power_status.h
[0.672s] -- Up-to-date: /home/nvidia/acfly_ws/install/mavlink/include/mavlink/v2.0/acfly/mavlink_msg_button_change.h
[0.672s] -- Up-to-date: /home/nvidia/acfly_ws/install/mavlink/include/mavlink/v2.0/acfly/mavlink_msg_gps_inject_data.hpp
[0.672s] -- Up-to-date: /home/nvidia/acfly_ws/install/mavlink/include/mavlink/v2.0/acfly/mavlink_msg_camera_feedback.h
[0.672s] -- Up-to-date: /home/nvidia/acfly_ws/install/mavlink/include/mavlink/v2.0/acfly/mavlink_msg_camera_tracking_geo_status.h
[0.672s] -- Up-to-date: /home/nvidia/acfly_ws/install/mavlink/include/mavlink/v2.0/acfly/mavlink_msg_encapsulated_data.hpp
[0.672s] -- Up-to-date: /home/nvidia/acfly_ws/install/mavlink/include/mavlink/v2.0/acfly/mavlink_msg_command_ack.hpp
[0.672s] -- Up-to-date: /home/nvidia/acfly_ws/install/mavlink/include/mavlink/v2.0/acfly/mavlink_msg_acfly_regeisterpossensor.hpp
[0.672s] -- Up-to-date: /home/nvidia/acfly_ws/install/mavlink/include/mavlink/v2.0/acfly/mavlink_msg_efi_status.hpp
[0.673s] -- Up-to-date: /home/nvidia/acfly_ws/install/mavlink/include/mavlink/v2.0/acfly/mavlink_msg_vision_position_estimate.hpp
[0.673s] -- Up-to-date: /home/nvidia/acfly_ws/install/mavlink/include/mavlink/v2.0/acfly/mavlink_msg_mount_orientation.hpp
[0.673s] -- Up-to-date: /home/nvidia/acfly_ws/install/mavlink/include/mavlink/v2.0/acfly/mavlink_msg_remote_log_block_status.h
[0.673s] -- Up-to-date: /home/nvidia/acfly_ws/install/mavlink/include/mavlink/v2.0/acfly/mavlink_msg_autopilot_version.h
[0.673s] -- Up-to-date: /home/nvidia/acfly_ws/install/mavlink/include/mavlink/v2.0/acfly/mavlink_msg_attitude_target.h
[0.673s] -- Up-to-date: /home/nvidia/acfly_ws/install/mavlink/include/mavlink/v2.0/acfly/mavlink_msg_position_target_global_int.h
[0.673s] -- Up-to-date: /home/nvidia/acfly_ws/install/mavlink/include/mavlink/v2.0/acfly/mavlink_msg_compassmot_status.h
[0.673s] -- Up-to-date: /home/nvidia/acfly_ws/install/mavlink/include/mavlink/v2.0/acfly/mavlink_msg_param_value.hpp
[0.673s] -- Up-to-date: /home/nvidia/acfly_ws/install/mavlink/include/mavlink/v2.0/acfly/mavlink_msg_mission_count.h
[0.673s] -- Up-to-date: /home/nvidia/acfly_ws/install/mavlink/include/mavlink/v2.0/acfly/mavlink_msg_gimbal_manager_set_attitude.h
[0.674s] -- Up-to-date: /home/nvidia/acfly_ws/install/mavlink/include/mavlink/v2.0/acfly/mavlink_msg_wheel_distance.h
[0.674s] -- Up-to-date: /home/nvidia/acfly_ws/install/mavlink/include/mavlink/v2.0/acfly/mavlink_msg_terrain_data.hpp
[0.674s] -- Up-to-date: /home/nvidia/acfly_ws/install/mavlink/include/mavlink/v2.0/cubepilot
[0.674s] -- Up-to-date: /home/nvidia/acfly_ws/install/mavlink/include/mavlink/v2.0/cubepilot/mavlink_msg_cubepilot_raw_rc.hpp
[0.674s] -- Up-to-date: /home/nvidia/acfly_ws/install/mavlink/include/mavlink/v2.0/cubepilot/mavlink_msg_cubepilot_firmware_update_resp.h
[0.674s] -- Up-to-date: /home/nvidia/acfly_ws/install/mavlink/include/mavlink/v2.0/cubepilot/mavlink_msg_herelink_video_stream_information.hpp
[0.674s] -- Up-to-date: /home/nvidia/acfly_ws/install/mavlink/include/mavlink/v2.0/cubepilot/cubepilot.hpp
[0.674s] -- Up-to-date: /home/nvidia/acfly_ws/install/mavlink/include/mavlink/v2.0/cubepilot/mavlink_msg_cubepilot_raw_rc.h
[0.674s] -- Up-to-date: /home/nvidia/acfly_ws/install/mavlink/include/mavlink/v2.0/cubepilot/mavlink_msg_cubepilot_firmware_update_start.hpp
[0.674s] -- Up-to-date: /home/nvidia/acfly_ws/install/mavlink/include/mavlink/v2.0/cubepilot/testsuite.h
[0.674s] -- Up-to-date: /home/nvidia/acfly_ws/install/mavlink/include/mavlink/v2.0/cubepilot/mavlink_msg_herelink_video_stream_information.h
[0.675s] -- Up-to-date: /home/nvidia/acfly_ws/install/mavlink/include/mavlink/v2.0/cubepilot/mavlink_msg_herelink_telem.h
[0.675s] -- Up-to-date: /home/nvidia/acfly_ws/install/mavlink/include/mavlink/v2.0/cubepilot/mavlink.h
[0.675s] -- Up-to-date: /home/nvidia/acfly_ws/install/mavlink/include/mavlink/v2.0/cubepilot/mavlink_msg_herelink_telem.hpp
[0.675s] -- Up-to-date: /home/nvidia/acfly_ws/install/mavlink/include/mavlink/v2.0/cubepilot/mavlink_msg_cubepilot_firmware_update_resp.hpp
[0.675s] -- Up-to-date: /home/nvidia/acfly_ws/install/mavlink/include/mavlink/v2.0/cubepilot/version.h
[0.675s] -- Up-to-date: /home/nvidia/acfly_ws/install/mavlink/include/mavlink/v2.0/cubepilot/gtestsuite.hpp
[0.675s] -- Up-to-date: /home/nvidia/acfly_ws/install/mavlink/include/mavlink/v2.0/cubepilot/cubepilot.h
[0.675s] -- Up-to-date: /home/nvidia/acfly_ws/install/mavlink/include/mavlink/v2.0/cubepilot/mavlink_msg_cubepilot_firmware_update_start.h
[0.675s] -- Up-to-date: /home/nvidia/acfly_ws/install/mavlink/include/mavlink/v2.0/checksum.h
[0.675s] -- Up-to-date: /home/nvidia/acfly_ws/install/mavlink/include/mavlink/v2.0/icarous
[0.675s] -- Up-to-date: /home/nvidia/acfly_ws/install/mavlink/include/mavlink/v2.0/icarous/mavlink_msg_icarous_kinematic_bands.hpp
[0.676s] -- Up-to-date: /home/nvidia/acfly_ws/install/mavlink/include/mavlink/v2.0/icarous/icarous.hpp
[0.676s] -- Up-to-date: /home/nvidia/acfly_ws/install/mavlink/include/mavlink/v2.0/icarous/testsuite.h
[0.676s] -- Up-to-date: /home/nvidia/acfly_ws/install/mavlink/include/mavlink/v2.0/icarous/mavlink_msg_icarous_heartbeat.h
[0.676s] -- Up-to-date: /home/nvidia/acfly_ws/install/mavlink/include/mavlink/v2.0/icarous/mavlink.h
[0.676s] -- Up-to-date: /home/nvidia/acfly_ws/install/mavlink/include/mavlink/v2.0/icarous/icarous.h
[0.676s] -- Up-to-date: /home/nvidia/acfly_ws/install/mavlink/include/mavlink/v2.0/icarous/version.h
[0.676s] -- Up-to-date: /home/nvidia/acfly_ws/install/mavlink/include/mavlink/v2.0/icarous/mavlink_msg_icarous_heartbeat.hpp
[0.676s] -- Up-to-date: /home/nvidia/acfly_ws/install/mavlink/include/mavlink/v2.0/icarous/gtestsuite.hpp
[0.676s] -- Up-to-date: /home/nvidia/acfly_ws/install/mavlink/include/mavlink/v2.0/icarous/mavlink_msg_icarous_kinematic_bands.h
[0.676s] -- Up-to-date: /home/nvidia/acfly_ws/install/mavlink/include/mavlink/v2.0/standard
[0.676s] -- Up-to-date: /home/nvidia/acfly_ws/install/mavlink/include/mavlink/v2.0/standard/mavlink_msg_autopilot_version.hpp
[0.677s] -- Up-to-date: /home/nvidia/acfly_ws/install/mavlink/include/mavlink/v2.0/standard/testsuite.h
[0.677s] -- Up-to-date: /home/nvidia/acfly_ws/install/mavlink/include/mavlink/v2.0/standard/mavlink.h
[0.677s] -- Up-to-date: /home/nvidia/acfly_ws/install/mavlink/include/mavlink/v2.0/standard/version.h
[0.677s] -- Up-to-date: /home/nvidia/acfly_ws/install/mavlink/include/mavlink/v2.0/standard/standard.h
[0.677s] -- Up-to-date: /home/nvidia/acfly_ws/install/mavlink/include/mavlink/v2.0/standard/gtestsuite.hpp
[0.677s] -- Up-to-date: /home/nvidia/acfly_ws/install/mavlink/include/mavlink/v2.0/standard/standard.hpp
[0.677s] -- Up-to-date: /home/nvidia/acfly_ws/install/mavlink/include/mavlink/v2.0/standard/mavlink_msg_autopilot_version.h
[0.677s] -- Up-to-date: /home/nvidia/acfly_ws/install/mavlink/include/mavlink/v2.0/csAirLink
[0.677s] -- Up-to-date: /home/nvidia/acfly_ws/install/mavlink/include/mavlink/v2.0/csAirLink/csAirLink.h
[0.677s] -- Up-to-date: /home/nvidia/acfly_ws/install/mavlink/include/mavlink/v2.0/csAirLink/csAirLink.hpp
[0.677s] -- Up-to-date: /home/nvidia/acfly_ws/install/mavlink/include/mavlink/v2.0/csAirLink/testsuite.h
[0.678s] -- Up-to-date: /home/nvidia/acfly_ws/install/mavlink/include/mavlink/v2.0/csAirLink/mavlink_msg_airlink_auth_response.h
[0.678s] -- Up-to-date: /home/nvidia/acfly_ws/install/mavlink/include/mavlink/v2.0/csAirLink/mavlink_msg_airlink_auth_response.hpp
[0.678s] -- Up-to-date: /home/nvidia/acfly_ws/install/mavlink/include/mavlink/v2.0/csAirLink/mavlink.h
[0.678s] -- Up-to-date: /home/nvidia/acfly_ws/install/mavlink/include/mavlink/v2.0/csAirLink/mavlink_msg_airlink_auth.hpp
[0.678s] -- Up-to-date: /home/nvidia/acfly_ws/install/mavlink/include/mavlink/v2.0/csAirLink/version.h
[0.678s] -- Up-to-date: /home/nvidia/acfly_ws/install/mavlink/include/mavlink/v2.0/csAirLink/mavlink_msg_airlink_auth.h
[0.678s] -- Up-to-date: /home/nvidia/acfly_ws/install/mavlink/include/mavlink/v2.0/csAirLink/gtestsuite.hpp
[0.678s] -- Up-to-date: /home/nvidia/acfly_ws/install/mavlink/include/mavlink/v2.0/commonACFly
[0.678s] -- Up-to-date: /home/nvidia/acfly_ws/install/mavlink/include/mavlink/v2.0/commonACFly/mavlink_msg_protocol_version.hpp
[0.678s] -- Up-to-date: /home/nvidia/acfly_ws/install/mavlink/include/mavlink/v2.0/commonACFly/mavlink_msg_heartbeat.hpp
[0.678s] -- Up-to-date: /home/nvidia/acfly_ws/install/mavlink/include/mavlink/v2.0/commonACFly/testsuite.h
[0.679s] -- Up-to-date: /home/nvidia/acfly_ws/install/mavlink/include/mavlink/v2.0/commonACFly/commonACFly.h
[0.679s] -- Up-to-date: /home/nvidia/acfly_ws/install/mavlink/include/mavlink/v2.0/commonACFly/mavlink.h
[0.679s] -- Up-to-date: /home/nvidia/acfly_ws/install/mavlink/include/mavlink/v2.0/commonACFly/commonACFly.hpp
[0.679s] -- Up-to-date: /home/nvidia/acfly_ws/install/mavlink/include/mavlink/v2.0/commonACFly/version.h
[0.679s] -- Up-to-date: /home/nvidia/acfly_ws/install/mavlink/include/mavlink/v2.0/commonACFly/gtestsuite.hpp
[0.679s] -- Up-to-date: /home/nvidia/acfly_ws/install/mavlink/include/mavlink/v2.0/commonACFly/mavlink_msg_protocol_version.h
[0.679s] -- Up-to-date: /home/nvidia/acfly_ws/install/mavlink/include/mavlink/v2.0/commonACFly/mavlink_msg_heartbeat.h
[0.679s] -- Up-to-date: /home/nvidia/acfly_ws/install/mavlink/include/mavlink/v2.0/mavlink_sha256.h
[0.679s] -- Up-to-date: /home/nvidia/acfly_ws/install/mavlink/include/mavlink/v2.0/protocol.h
[0.679s] -- Up-to-date: /home/nvidia/acfly_ws/install/mavlink/include/mavlink/v1.0
[0.679s] -- Up-to-date: /home/nvidia/acfly_ws/install/mavlink/include/mavlink/v1.0/mavlink_conversions.h
[0.680s] -- Up-to-date: /home/nvidia/acfly_ws/install/mavlink/include/mavlink/v1.0/common
[0.680s] -- Up-to-date: /home/nvidia/acfly_ws/install/mavlink/include/mavlink/v1.0/common/mavlink_msg_rc_channels_override.h
[0.680s] -- Up-to-date: /home/nvidia/acfly_ws/install/mavlink/include/mavlink/v1.0/common/mavlink_msg_terrain_request.h
[0.680s] -- Up-to-date: /home/nvidia/acfly_ws/install/mavlink/include/mavlink/v1.0/common/mavlink_msg_attitude.h
[0.680s] -- Up-to-date: /home/nvidia/acfly_ws/install/mavlink/include/mavlink/v1.0/common/mavlink_msg_scaled_pressure.h
[0.680s] -- Up-to-date: /home/nvidia/acfly_ws/install/mavlink/include/mavlink/v1.0/common/mavlink_msg_optical_flow.h
[0.680s] -- Up-to-date: /home/nvidia/acfly_ws/install/mavlink/include/mavlink/v1.0/common/mavlink_msg_landing_target.h
[0.680s] -- Up-to-date: /home/nvidia/acfly_ws/install/mavlink/include/mavlink/v1.0/common/mavlink_msg_log_erase.h
[0.680s] -- Up-to-date: /home/nvidia/acfly_ws/install/mavlink/include/mavlink/v1.0/common/mavlink_msg_gps_input.h
[0.680s] -- Up-to-date: /home/nvidia/acfly_ws/install/mavlink/include/mavlink/v1.0/common/mavlink_msg_local_position_ned_cov.h
[0.680s] -- Up-to-date: /home/nvidia/acfly_ws/install/mavlink/include/mavlink/v1.0/common/mavlink_msg_command_int.h
[0.681s] -- Up-to-date: /home/nvidia/acfly_ws/install/mavlink/include/mavlink/v1.0/common/mavlink_msg_gps_inject_data.h
[0.681s] -- Up-to-date: /home/nvidia/acfly_ws/install/mavlink/include/mavlink/v1.0/common/mavlink_msg_rc_channels_raw.h
[0.681s] -- Up-to-date: /home/nvidia/acfly_ws/install/mavlink/include/mavlink/v1.0/common/mavlink_msg_camera_trigger.h
[0.681s] -- Up-to-date: /home/nvidia/acfly_ws/install/mavlink/include/mavlink/v1.0/common/mavlink_msg_param_request_read.h
[0.681s] -- Up-to-date: /home/nvidia/acfly_ws/install/mavlink/include/mavlink/v1.0/common/mavlink_msg_data_transmission_handshake.h
[0.681s] -- Up-to-date: /home/nvidia/acfly_ws/install/mavlink/include/mavlink/v1.0/common/mavlink_msg_set_gps_global_origin.h
[0.681s] -- Up-to-date: /home/nvidia/acfly_ws/install/mavlink/include/mavlink/v1.0/common/mavlink_msg_v2_extension.h
[0.681s] -- Up-to-date: /home/nvidia/acfly_ws/install/mavlink/include/mavlink/v1.0/common/mavlink_msg_statustext.h
[0.681s] -- Up-to-date: /home/nvidia/acfly_ws/install/mavlink/include/mavlink/v1.0/common/mavlink_msg_extended_sys_state.h
[0.681s] -- Up-to-date: /home/nvidia/acfly_ws/install/mavlink/include/mavlink/v1.0/common/mavlink_msg_mission_request.h
[0.681s] -- Up-to-date: /home/nvidia/acfly_ws/install/mavlink/include/mavlink/v1.0/common/mavlink_msg_hil_optical_flow.h
[0.682s] -- Up-to-date: /home/nvidia/acfly_ws/install/mavlink/include/mavlink/v1.0/common/mavlink_msg_mission_request_int.h
[0.682s] -- Up-to-date: /home/nvidia/acfly_ws/install/mavlink/include/mavlink/v1.0/common/mavlink_msg_actuator_control_target.h
[0.682s] -- Up-to-date: /home/nvidia/acfly_ws/install/mavlink/include/mavlink/v1.0/common/mavlink_msg_sim_state.h
[0.682s] -- Up-to-date: /home/nvidia/acfly_ws/install/mavlink/include/mavlink/v1.0/common/mavlink_msg_auth_key.h
[0.682s] -- Up-to-date: /home/nvidia/acfly_ws/install/mavlink/include/mavlink/v1.0/common/mavlink_msg_message_interval.h
[0.682s] -- Up-to-date: /home/nvidia/acfly_ws/install/mavlink/include/mavlink/v1.0/common/mavlink_msg_raw_pressure.h
[0.682s] -- Up-to-date: /home/nvidia/acfly_ws/install/mavlink/include/mavlink/v1.0/common/mavlink_msg_vibration.h
[0.682s] -- Up-to-date: /home/nvidia/acfly_ws/install/mavlink/include/mavlink/v1.0/common/mavlink_msg_set_home_position.h
[0.682s] -- Up-to-date: /home/nvidia/acfly_ws/install/mavlink/include/mavlink/v1.0/common/mavlink_msg_terrain_check.h
[0.682s] -- Up-to-date: /home/nvidia/acfly_ws/install/mavlink/include/mavlink/v1.0/common/mavlink_msg_hil_sensor.h
[0.682s] -- Up-to-date: /home/nvidia/acfly_ws/install/mavlink/include/mavlink/v1.0/common/mavlink_msg_terrain_data.h
[0.683s] -- Up-to-date: /home/nvidia/acfly_ws/install/mavlink/include/mavlink/v1.0/common/mavlink_msg_hil_state.h
[0.683s] -- Up-to-date: /home/nvidia/acfly_ws/install/mavlink/include/mavlink/v1.0/common/mavlink_msg_serial_control.h
[0.683s] -- Up-to-date: /home/nvidia/acfly_ws/install/mavlink/include/mavlink/v1.0/common/mavlink_msg_hil_controls.h
[0.683s] -- Up-to-date: /home/nvidia/acfly_ws/install/mavlink/include/mavlink/v1.0/common/mavlink_msg_optical_flow_rad.h
[0.683s] -- Up-to-date: /home/nvidia/acfly_ws/install/mavlink/include/mavlink/v1.0/common/mavlink_msg_fence_status.h
[0.683s] -- Up-to-date: /home/nvidia/acfly_ws/install/mavlink/include/mavlink/v1.0/common/mavlink_msg_global_position_int.h
[0.683s] -- Up-to-date: /home/nvidia/acfly_ws/install/mavlink/include/mavlink/v1.0/common/mavlink_msg_gps_rtcm_data.h
[0.683s] -- Up-to-date: /home/nvidia/acfly_ws/install/mavlink/include/mavlink/v1.0/common/mavlink_msg_home_position.h
[0.683s] -- Up-to-date: /home/nvidia/acfly_ws/install/mavlink/include/mavlink/v1.0/common/mavlink_msg_system_time.h
[0.683s] -- Up-to-date: /home/nvidia/acfly_ws/install/mavlink/include/mavlink/v1.0/common/mavlink_msg_command_long.h
[0.683s] -- Up-to-date: /home/nvidia/acfly_ws/install/mavlink/include/mavlink/v1.0/common/mavlink_msg_vfr_hud.h
[0.684s] -- Up-to-date: /home/nvidia/acfly_ws/install/mavlink/include/mavlink/v1.0/common/mavlink_msg_param_map_rc.h
[0.684s] -- Up-to-date: /home/nvidia/acfly_ws/install/mavlink/include/mavlink/v1.0/common/mavlink_msg_mission_set_current.h
[0.684s] -- Up-to-date: /home/nvidia/acfly_ws/install/mavlink/include/mavlink/v1.0/common/mavlink_msg_param_value.h
[0.684s] -- Up-to-date: /home/nvidia/acfly_ws/install/mavlink/include/mavlink/v1.0/common/mavlink_msg_mission_ack.h
[0.684s] -- Up-to-date: /home/nvidia/acfly_ws/install/mavlink/include/mavlink/v1.0/common/mavlink_msg_data_stream.h
[0.684s] -- Up-to-date: /home/nvidia/acfly_ws/install/mavlink/include/mavlink/v1.0/common/mavlink_msg_rc_channels_scaled.h
[0.684s] -- Up-to-date: /home/nvidia/acfly_ws/install/mavlink/include/mavlink/v1.0/common/mavlink_msg_adsb_vehicle.h
[0.684s] -- Up-to-date: /home/nvidia/acfly_ws/install/mavlink/include/mavlink/v1.0/common/mavlink_msg_param_request_list.h
[0.684s] -- Up-to-date: /home/nvidia/acfly_ws/install/mavlink/include/mavlink/v1.0/common/mavlink_msg_gps_status.h
[0.684s] -- Up-to-date: /home/nvidia/acfly_ws/install/mavlink/include/mavlink/v1.0/common/mavlink_msg_param_set.h
[0.684s] -- Up-to-date: /home/nvidia/acfly_ws/install/mavlink/include/mavlink/v1.0/common/mavlink_msg_debug.h
[0.685s] -- Up-to-date: /home/nvidia/acfly_ws/install/mavlink/include/mavlink/v1.0/common/mavlink_msg_change_operator_control_ack.h
[0.685s] -- Up-to-date: /home/nvidia/acfly_ws/install/mavlink/include/mavlink/v1.0/common/mavlink_msg_position_target_local_ned.h
[0.685s] -- Up-to-date: /home/nvidia/acfly_ws/install/mavlink/include/mavlink/v1.0/common/testsuite.h
[0.685s] -- Up-to-date: /home/nvidia/acfly_ws/install/mavlink/include/mavlink/v1.0/common/mavlink_msg_set_actuator_control_target.h
[0.685s] -- Up-to-date: /home/nvidia/acfly_ws/install/mavlink/include/mavlink/v1.0/common/mavlink_msg_control_system_state.h
[0.685s] -- Up-to-date: /home/nvidia/acfly_ws/install/mavlink/include/mavlink/v1.0/common/mavlink_msg_hil_gps.h
[0.685s] -- Up-to-date: /home/nvidia/acfly_ws/install/mavlink/include/mavlink/v1.0/common/mavlink_msg_global_position_int_cov.h
[0.685s] -- Up-to-date: /home/nvidia/acfly_ws/install/mavlink/include/mavlink/v1.0/common/mavlink_msg_manual_setpoint.h
[0.686s] -- Up-to-date: /home/nvidia/acfly_ws/install/mavlink/include/mavlink/v1.0/common/mavlink_msg_scaled_pressure2.h
[0.686s] -- Up-to-date: /home/nvidia/acfly_ws/install/mavlink/include/mavlink/v1.0/common/mavlink_msg_named_value_float.h
[0.686s] -- Up-to-date: /home/nvidia/acfly_ws/install/mavlink/include/mavlink/v1.0/common/mavlink_msg_follow_target.h
[0.686s] -- Up-to-date: /home/nvidia/acfly_ws/install/mavlink/include/mavlink/v1.0/common/mavlink_msg_mission_item_reached.h
[0.686s] -- Up-to-date: /home/nvidia/acfly_ws/install/mavlink/include/mavlink/v1.0/common/mavlink_msg_vision_speed_estimate.h
[0.686s] -- Up-to-date: /home/nvidia/acfly_ws/install/mavlink/include/mavlink/v1.0/common/mavlink_msg_log_request_list.h
[0.686s] -- Up-to-date: /home/nvidia/acfly_ws/install/mavlink/include/mavlink/v1.0/common/mavlink_msg_vision_position_estimate.h
[0.686s] -- Up-to-date: /home/nvidia/acfly_ws/install/mavlink/include/mavlink/v1.0/common/mavlink_msg_highres_imu.h
[0.686s] -- Up-to-date: /home/nvidia/acfly_ws/install/mavlink/include/mavlink/v1.0/common/mavlink_msg_manual_control.h
[0.686s] -- Up-to-date: /home/nvidia/acfly_ws/install/mavlink/include/mavlink/v1.0/common/mavlink_msg_estimator_status.h
[0.686s] -- Up-to-date: /home/nvidia/acfly_ws/install/mavlink/include/mavlink/v1.0/common/mavlink_msg_hil_rc_inputs_raw.h
[0.687s] -- Up-to-date: /home/nvidia/acfly_ws/install/mavlink/include/mavlink/v1.0/common/mavlink_msg_mission_item.h
[0.687s] -- Up-to-date: /home/nvidia/acfly_ws/install/mavlink/include/mavlink/v1.0/common/mavlink_msg_debug_vect.h
[0.687s] -- Up-to-date: /home/nvidia/acfly_ws/install/mavlink/include/mavlink/v1.0/common/mavlink_msg_attitude_quaternion.h
[0.687s] -- Up-to-date: /home/nvidia/acfly_ws/install/mavlink/include/mavlink/v1.0/common/mavlink_msg_change_operator_control.h
[0.687s] -- Up-to-date: /home/nvidia/acfly_ws/install/mavlink/include/mavlink/v1.0/common/mavlink_msg_radio_status.h
[0.687s] -- Up-to-date: /home/nvidia/acfly_ws/install/mavlink/include/mavlink/v1.0/common/mavlink_msg_mission_request_list.h
[0.687s] -- Up-to-date: /home/nvidia/acfly_ws/install/mavlink/include/mavlink/v1.0/common/mavlink_msg_gps2_rtk.h
[0.687s] -- Up-to-date: /home/nvidia/acfly_ws/install/mavlink/include/mavlink/v1.0/common/mavlink_msg_hil_actuator_controls.h
[0.687s] -- Up-to-date: /home/nvidia/acfly_ws/install/mavlink/include/mavlink/v1.0/common/mavlink_msg_set_mode.h
[0.687s] -- Up-to-date: /home/nvidia/acfly_ws/install/mavlink/include/mavlink/v1.0/common/mavlink_msg_scaled_imu.h
[0.687s] -- Up-to-date: /home/nvidia/acfly_ws/install/mavlink/include/mavlink/v1.0/common/mavlink_msg_gps2_raw.h
[0.688s] -- Up-to-date: /home/nvidia/acfly_ws/install/mavlink/include/mavlink/v1.0/common/mavlink_msg_battery_status.h
[0.688s] -- Up-to-date: /home/nvidia/acfly_ws/install/mavlink/include/mavlink/v1.0/common/mavlink_msg_mission_write_partial_list.h
[0.688s] -- Up-to-date: /home/nvidia/acfly_ws/install/mavlink/include/mavlink/v1.0/common/mavlink_msg_resource_request.h
[0.688s] -- Up-to-date: /home/nvidia/acfly_ws/install/mavlink/include/mavlink/v1.0/common/mavlink_msg_named_value_int.h
[0.688s] -- Up-to-date: /home/nvidia/acfly_ws/install/mavlink/include/mavlink/v1.0/common/mavlink_msg_att_pos_mocap.h
[0.688s] -- Up-to-date: /home/nvidia/acfly_ws/install/mavlink/include/mavlink/v1.0/common/mavlink_msg_gps_raw_int.h
[0.688s] -- Up-to-date: /home/nvidia/acfly_ws/install/mavlink/include/mavlink/v1.0/common/mavlink_msg_mission_current.h
[0.688s] -- Up-to-date: /home/nvidia/acfly_ws/install/mavlink/include/mavlink/v1.0/common/mavlink_msg_encapsulated_data.h
[0.688s] -- Up-to-date: /home/nvidia/acfly_ws/install/mavlink/include/mavlink/v1.0/common/mavlink_msg_ping.h
[0.688s] -- Up-to-date: /home/nvidia/acfly_ws/install/mavlink/include/mavlink/v1.0/common/mavlink_msg_scaled_pressure3.h
[0.688s] -- Up-to-date: /home/nvidia/acfly_ws/install/mavlink/include/mavlink/v1.0/common/mavlink_msg_rc_channels.h
[0.689s] -- Up-to-date: /home/nvidia/acfly_ws/install/mavlink/include/mavlink/v1.0/common/mavlink_msg_log_entry.h
[0.689s] -- Up-to-date: /home/nvidia/acfly_ws/install/mavlink/include/mavlink/v1.0/common/mavlink_msg_raw_imu.h
[0.689s] -- Up-to-date: /home/nvidia/acfly_ws/install/mavlink/include/mavlink/v1.0/common/mavlink_msg_wind_cov.h
[0.689s] -- Up-to-date: /home/nvidia/acfly_ws/install/mavlink/include/mavlink/v1.0/common/mavlink_msg_servo_output_raw.h
[0.689s] -- Up-to-date: /home/nvidia/acfly_ws/install/mavlink/include/mavlink/v1.0/common/mavlink_msg_scaled_imu3.h
[0.689s] -- Up-to-date: /home/nvidia/acfly_ws/install/mavlink/include/mavlink/v1.0/common/mavlink_msg_command_cancel.h
[0.689s] -- Up-to-date: /home/nvidia/acfly_ws/install/mavlink/include/mavlink/v1.0/common/mavlink_msg_log_request_end.h
[0.689s] -- Up-to-date: /home/nvidia/acfly_ws/install/mavlink/include/mavlink/v1.0/common/mavlink.h
[0.689s] -- Up-to-date: /home/nvidia/acfly_ws/install/mavlink/include/mavlink/v1.0/common/mavlink_msg_set_attitude_target.h
[0.690s] -- Up-to-date: /home/nvidia/acfly_ws/install/mavlink/include/mavlink/v1.0/common/mavlink_msg_set_position_target_global_int.h
[0.690s] -- Up-to-date: /home/nvidia/acfly_ws/install/mavlink/include/mavlink/v1.0/common/mavlink_msg_mission_request_partial_list.h
[0.690s] -- Up-to-date: /home/nvidia/acfly_ws/install/mavlink/include/mavlink/v1.0/common/common.h
[0.690s] -- Up-to-date: /home/nvidia/acfly_ws/install/mavlink/include/mavlink/v1.0/common/mavlink_msg_local_position_ned_system_global_offset.h
[0.690s] -- Up-to-date: /home/nvidia/acfly_ws/install/mavlink/include/mavlink/v1.0/common/mavlink_msg_timesync.h
[0.690s] -- Up-to-date: /home/nvidia/acfly_ws/install/mavlink/include/mavlink/v1.0/common/mavlink_msg_local_position_ned.h
[0.690s] -- Up-to-date: /home/nvidia/acfly_ws/install/mavlink/include/mavlink/v1.0/common/mavlink_msg_link_node_status.h
[0.690s] -- Up-to-date: /home/nvidia/acfly_ws/install/mavlink/include/mavlink/v1.0/common/mavlink_msg_mag_cal_report.h
[0.690s] -- Up-to-date: /home/nvidia/acfly_ws/install/mavlink/include/mavlink/v1.0/common/mavlink_msg_attitude_quaternion_cov.h
[0.690s] -- Up-to-date: /home/nvidia/acfly_ws/install/mavlink/include/mavlink/v1.0/common/mavlink_msg_scaled_imu2.h
[0.690s] -- Up-to-date: /home/nvidia/acfly_ws/install/mavlink/include/mavlink/v1.0/common/mavlink_msg_log_request_data.h
[0.691s] -- Up-to-date: /home/nvidia/acfly_ws/install/mavlink/include/mavlink/v1.0/common/mavlink_msg_log_data.h
[0.691s] -- Up-to-date: /home/nvidia/acfly_ws/install/mavlink/include/mavlink/v1.0/common/version.h
[0.691s] -- Up-to-date: /home/nvidia/acfly_ws/install/mavlink/include/mavlink/v1.0/common/mavlink_msg_gps_rtk.h
[0.691s] -- Up-to-date: /home/nvidia/acfly_ws/install/mavlink/include/mavlink/v1.0/common/mavlink_msg_gps_global_origin.h
[0.691s] -- Up-to-date: /home/nvidia/acfly_ws/install/mavlink/include/mavlink/v1.0/common/mavlink_msg_mission_clear_all.h
[0.691s] -- Up-to-date: /home/nvidia/acfly_ws/install/mavlink/include/mavlink/v1.0/common/mavlink_msg_mission_item_int.h
[0.691s] -- Up-to-date: /home/nvidia/acfly_ws/install/mavlink/include/mavlink/v1.0/common/mavlink_msg_set_position_target_local_ned.h
[0.691s] -- Up-to-date: /home/nvidia/acfly_ws/install/mavlink/include/mavlink/v1.0/common/mavlink_msg_distance_sensor.h
[0.691s] -- Up-to-date: /home/nvidia/acfly_ws/install/mavlink/include/mavlink/v1.0/common/mavlink_msg_command_ack.h
[0.691s] -- Up-to-date: /home/nvidia/acfly_ws/install/mavlink/include/mavlink/v1.0/common/mavlink_msg_request_data_stream.h
[0.691s] -- Up-to-date: /home/nvidia/acfly_ws/install/mavlink/include/mavlink/v1.0/common/mavlink_msg_safety_set_allowed_area.h
[0.692s] -- Up-to-date: /home/nvidia/acfly_ws/install/mavlink/include/mavlink/v1.0/common/mavlink_msg_hil_state_quaternion.h
[0.692s] -- Up-to-date: /home/nvidia/acfly_ws/install/mavlink/include/mavlink/v1.0/common/mavlink_msg_global_vision_position_estimate.h
[0.692s] -- Up-to-date: /home/nvidia/acfly_ws/install/mavlink/include/mavlink/v1.0/common/mavlink_msg_file_transfer_protocol.h
[0.692s] -- Up-to-date: /home/nvidia/acfly_ws/install/mavlink/include/mavlink/v1.0/common/mavlink_msg_safety_allowed_area.h
[0.692s] -- Up-to-date: /home/nvidia/acfly_ws/install/mavlink/include/mavlink/v1.0/common/mavlink_msg_sys_status.h
[0.692s] -- Up-to-date: /home/nvidia/acfly_ws/install/mavlink/include/mavlink/v1.0/common/mavlink_msg_high_latency2.h
[0.692s] -- Up-to-date: /home/nvidia/acfly_ws/install/mavlink/include/mavlink/v1.0/common/mavlink_msg_efi_status.h
[0.692s] -- Up-to-date: /home/nvidia/acfly_ws/install/mavlink/include/mavlink/v1.0/common/mavlink_msg_altitude.h
[0.692s] -- Up-to-date: /home/nvidia/acfly_ws/install/mavlink/include/mavlink/v1.0/common/mavlink_msg_collision.h
[0.692s] -- Up-to-date: /home/nvidia/acfly_ws/install/mavlink/include/mavlink/v1.0/common/mavlink_msg_high_latency.h
[0.693s] -- Up-to-date: /home/nvidia/acfly_ws/install/mavlink/include/mavlink/v1.0/common/mavlink_msg_nav_controller_output.h
[0.693s] -- Up-to-date: /home/nvidia/acfly_ws/install/mavlink/include/mavlink/v1.0/common/mavlink_msg_vicon_position_estimate.h
[0.693s] -- Up-to-date: /home/nvidia/acfly_ws/install/mavlink/include/mavlink/v1.0/common/mavlink_msg_terrain_report.h
[0.693s] -- Up-to-date: /home/nvidia/acfly_ws/install/mavlink/include/mavlink/v1.0/common/mavlink_msg_memory_vect.h
[0.693s] -- Up-to-date: /home/nvidia/acfly_ws/install/mavlink/include/mavlink/v1.0/common/mavlink_msg_power_status.h
[0.693s] -- Up-to-date: /home/nvidia/acfly_ws/install/mavlink/include/mavlink/v1.0/common/mavlink_msg_attitude_target.h
[0.693s] -- Up-to-date: /home/nvidia/acfly_ws/install/mavlink/include/mavlink/v1.0/common/mavlink_msg_position_target_global_int.h
[0.693s] -- Up-to-date: /home/nvidia/acfly_ws/install/mavlink/include/mavlink/v1.0/common/mavlink_msg_mission_count.h
[0.693s] -- Up-to-date: /home/nvidia/acfly_ws/install/mavlink/include/mavlink/v1.0/test
[0.693s] -- Up-to-date: /home/nvidia/acfly_ws/install/mavlink/include/mavlink/v1.0/test/testsuite.h
[0.694s] -- Up-to-date: /home/nvidia/acfly_ws/install/mavlink/include/mavlink/v1.0/test/test.h
[0.694s] -- Up-to-date: /home/nvidia/acfly_ws/install/mavlink/include/mavlink/v1.0/test/mavlink.h
[0.694s] -- Up-to-date: /home/nvidia/acfly_ws/install/mavlink/include/mavlink/v1.0/test/version.h
[0.694s] -- Up-to-date: /home/nvidia/acfly_ws/install/mavlink/include/mavlink/v1.0/uAvionix
[0.694s] -- Up-to-date: /home/nvidia/acfly_ws/install/mavlink/include/mavlink/v1.0/uAvionix/uAvionix.h
[0.694s] -- Up-to-date: /home/nvidia/acfly_ws/install/mavlink/include/mavlink/v1.0/uAvionix/testsuite.h
[0.694s] -- Up-to-date: /home/nvidia/acfly_ws/install/mavlink/include/mavlink/v1.0/uAvionix/mavlink.h
[0.694s] -- Up-to-date: /home/nvidia/acfly_ws/install/mavlink/include/mavlink/v1.0/uAvionix/version.h
[0.694s] -- Up-to-date: /home/nvidia/acfly_ws/install/mavlink/include/mavlink/v1.0/ASLUAV
[0.694s] -- Up-to-date: /home/nvidia/acfly_ws/install/mavlink/include/mavlink/v1.0/ASLUAV/mavlink_msg_command_int_stamped.h
[0.694s] -- Up-to-date: /home/nvidia/acfly_ws/install/mavlink/include/mavlink/v1.0/ASLUAV/ASLUAV.h
[0.695s] -- Up-to-date: /home/nvidia/acfly_ws/install/mavlink/include/mavlink/v1.0/ASLUAV/testsuite.h
[0.695s] -- Up-to-date: /home/nvidia/acfly_ws/install/mavlink/include/mavlink/v1.0/ASLUAV/mavlink_msg_command_long_stamped.h
[0.695s] -- Up-to-date: /home/nvidia/acfly_ws/install/mavlink/include/mavlink/v1.0/ASLUAV/mavlink.h
[0.695s] -- Up-to-date: /home/nvidia/acfly_ws/install/mavlink/include/mavlink/v1.0/ASLUAV/version.h
[0.695s] -- Up-to-date: /home/nvidia/acfly_ws/install/mavlink/include/mavlink/v1.0/development
[0.695s] -- Up-to-date: /home/nvidia/acfly_ws/install/mavlink/include/mavlink/v1.0/development/testsuite.h
[0.695s] -- Up-to-date: /home/nvidia/acfly_ws/install/mavlink/include/mavlink/v1.0/development/development.h
[0.695s] -- Up-to-date: /home/nvidia/acfly_ws/install/mavlink/include/mavlink/v1.0/development/mavlink.h
[0.695s] -- Up-to-date: /home/nvidia/acfly_ws/install/mavlink/include/mavlink/v1.0/development/version.h
[0.695s] -- Up-to-date: /home/nvidia/acfly_ws/install/mavlink/include/mavlink/v1.0/mavlink_helpers.h
[0.695s] -- Up-to-date: /home/nvidia/acfly_ws/install/mavlink/include/mavlink/v1.0/storm32
[0.696s] -- Up-to-date: /home/nvidia/acfly_ws/install/mavlink/include/mavlink/v1.0/storm32/testsuite.h
[0.696s] -- Up-to-date: /home/nvidia/acfly_ws/install/mavlink/include/mavlink/v1.0/storm32/storm32.h
[0.696s] -- Up-to-date: /home/nvidia/acfly_ws/install/mavlink/include/mavlink/v1.0/storm32/mavlink.h
[0.696s] -- Up-to-date: /home/nvidia/acfly_ws/install/mavlink/include/mavlink/v1.0/storm32/version.h
[0.696s] -- Up-to-date: /home/nvidia/acfly_ws/install/mavlink/include/mavlink/v1.0/paparazzi
[0.696s] -- Up-to-date: /home/nvidia/acfly_ws/install/mavlink/include/mavlink/v1.0/paparazzi/mavlink_msg_script_count.h
[0.696s] -- Up-to-date: /home/nvidia/acfly_ws/install/mavlink/include/mavlink/v1.0/paparazzi/mavlink_msg_script_item.h
[0.696s] -- Up-to-date: /home/nvidia/acfly_ws/install/mavlink/include/mavlink/v1.0/paparazzi/mavlink_msg_script_request_list.h
[0.696s] -- Up-to-date: /home/nvidia/acfly_ws/install/mavlink/include/mavlink/v1.0/paparazzi/mavlink_msg_script_request.h
[0.696s] -- Up-to-date: /home/nvidia/acfly_ws/install/mavlink/include/mavlink/v1.0/paparazzi/testsuite.h
[0.696s] -- Up-to-date: /home/nvidia/acfly_ws/install/mavlink/include/mavlink/v1.0/paparazzi/mavlink.h
[0.697s] -- Up-to-date: /home/nvidia/acfly_ws/install/mavlink/include/mavlink/v1.0/paparazzi/mavlink_msg_script_current.h
[0.697s] -- Up-to-date: /home/nvidia/acfly_ws/install/mavlink/include/mavlink/v1.0/paparazzi/version.h
[0.697s] -- Up-to-date: /home/nvidia/acfly_ws/install/mavlink/include/mavlink/v1.0/paparazzi/paparazzi.h
[0.697s] -- Up-to-date: /home/nvidia/acfly_ws/install/mavlink/include/mavlink/v1.0/AVSSUAS
[0.697s] -- Up-to-date: /home/nvidia/acfly_ws/install/mavlink/include/mavlink/v1.0/AVSSUAS/testsuite.h
[0.697s] -- Up-to-date: /home/nvidia/acfly_ws/install/mavlink/include/mavlink/v1.0/AVSSUAS/mavlink.h
[0.697s] -- Up-to-date: /home/nvidia/acfly_ws/install/mavlink/include/mavlink/v1.0/AVSSUAS/version.h
[0.697s] -- Up-to-date: /home/nvidia/acfly_ws/install/mavlink/include/mavlink/v1.0/AVSSUAS/AVSSUAS.h
[0.697s] -- Up-to-date: /home/nvidia/acfly_ws/install/mavlink/include/mavlink/v1.0/marsh
[0.697s] -- Up-to-date: /home/nvidia/acfly_ws/install/mavlink/include/mavlink/v1.0/marsh/testsuite.h
[0.698s] -- Up-to-date: /home/nvidia/acfly_ws/install/mavlink/include/mavlink/v1.0/marsh/mavlink.h
[0.698s] -- Up-to-date: /home/nvidia/acfly_ws/install/mavlink/include/mavlink/v1.0/marsh/marsh.h
[0.698s] -- Up-to-date: /home/nvidia/acfly_ws/install/mavlink/include/mavlink/v1.0/marsh/version.h
[0.698s] -- Up-to-date: /home/nvidia/acfly_ws/install/mavlink/include/mavlink/v1.0/minimal
[0.698s] -- Up-to-date: /home/nvidia/acfly_ws/install/mavlink/include/mavlink/v1.0/minimal/minimal.h
[0.698s] -- Up-to-date: /home/nvidia/acfly_ws/install/mavlink/include/mavlink/v1.0/minimal/testsuite.h
[0.698s] -- Up-to-date: /home/nvidia/acfly_ws/install/mavlink/include/mavlink/v1.0/minimal/mavlink.h
[0.698s] -- Up-to-date: /home/nvidia/acfly_ws/install/mavlink/include/mavlink/v1.0/minimal/version.h
[0.698s] -- Up-to-date: /home/nvidia/acfly_ws/install/mavlink/include/mavlink/v1.0/minimal/mavlink_msg_heartbeat.h
[0.698s] -- Up-to-date: /home/nvidia/acfly_ws/install/mavlink/include/mavlink/v1.0/ualberta
[0.698s] -- Up-to-date: /home/nvidia/acfly_ws/install/mavlink/include/mavlink/v1.0/ualberta/ualberta.h
[0.699s] -- Up-to-date: /home/nvidia/acfly_ws/install/mavlink/include/mavlink/v1.0/ualberta/mavlink_msg_nav_filter_bias.h
[0.699s] -- Up-to-date: /home/nvidia/acfly_ws/install/mavlink/include/mavlink/v1.0/ualberta/testsuite.h
[0.699s] -- Up-to-date: /home/nvidia/acfly_ws/install/mavlink/include/mavlink/v1.0/ualberta/mavlink_msg_radio_calibration.h
[0.699s] -- Up-to-date: /home/nvidia/acfly_ws/install/mavlink/include/mavlink/v1.0/ualberta/mavlink_msg_ualberta_sys_status.h
[0.699s] -- Up-to-date: /home/nvidia/acfly_ws/install/mavlink/include/mavlink/v1.0/ualberta/mavlink.h
[0.699s] -- Up-to-date: /home/nvidia/acfly_ws/install/mavlink/include/mavlink/v1.0/ualberta/version.h
[0.699s] -- Up-to-date: /home/nvidia/acfly_ws/install/mavlink/include/mavlink/v1.0/loweheiser
[0.699s] -- Up-to-date: /home/nvidia/acfly_ws/install/mavlink/include/mavlink/v1.0/loweheiser/testsuite.h
[0.699s] -- Up-to-date: /home/nvidia/acfly_ws/install/mavlink/include/mavlink/v1.0/loweheiser/mavlink.h
[0.699s] -- Up-to-date: /home/nvidia/acfly_ws/install/mavlink/include/mavlink/v1.0/loweheiser/version.h
[0.699s] -- Up-to-date: /home/nvidia/acfly_ws/install/mavlink/include/mavlink/v1.0/loweheiser/loweheiser.h
[0.699s] -- Up-to-date: /home/nvidia/acfly_ws/install/mavlink/include/mavlink/v1.0/matrixpilot
[0.700s] -- Up-to-date: /home/nvidia/acfly_ws/install/mavlink/include/mavlink/v1.0/matrixpilot/mavlink_msg_flexifunction_buffer_function_ack.h
[0.700s] -- Up-to-date: /home/nvidia/acfly_ws/install/mavlink/include/mavlink/v1.0/matrixpilot/matrixpilot.h
[0.700s] -- Up-to-date: /home/nvidia/acfly_ws/install/mavlink/include/mavlink/v1.0/matrixpilot/mavlink_msg_flexifunction_directory_ack.h
[0.700s] -- Up-to-date: /home/nvidia/acfly_ws/install/mavlink/include/mavlink/v1.0/matrixpilot/mavlink_msg_flexifunction_command.h
[0.700s] -- Up-to-date: /home/nvidia/acfly_ws/install/mavlink/include/mavlink/v1.0/matrixpilot/mavlink_msg_serial_udb_extra_f6.h
[0.700s] -- Up-to-date: /home/nvidia/acfly_ws/install/mavlink/include/mavlink/v1.0/matrixpilot/mavlink_msg_flexifunction_command_ack.h
[0.700s] -- Up-to-date: /home/nvidia/acfly_ws/install/mavlink/include/mavlink/v1.0/matrixpilot/mavlink_msg_serial_udb_extra_f21.h
[0.700s] -- Up-to-date: /home/nvidia/acfly_ws/install/mavlink/include/mavlink/v1.0/matrixpilot/mavlink_msg_flexifunction_set.h
[0.700s] -- Up-to-date: /home/nvidia/acfly_ws/install/mavlink/include/mavlink/v1.0/matrixpilot/mavlink_msg_serial_udb_extra_f15.h
[0.700s] -- Up-to-date: /home/nvidia/acfly_ws/install/mavlink/include/mavlink/v1.0/matrixpilot/mavlink_msg_serial_udb_extra_f8.h
[0.701s] -- Up-to-date: /home/nvidia/acfly_ws/install/mavlink/include/mavlink/v1.0/matrixpilot/mavlink_msg_serial_udb_extra_f19.h
[0.701s] -- Up-to-date: /home/nvidia/acfly_ws/install/mavlink/include/mavlink/v1.0/matrixpilot/mavlink_msg_serial_udb_extra_f14.h
[0.701s] -- Up-to-date: /home/nvidia/acfly_ws/install/mavlink/include/mavlink/v1.0/matrixpilot/mavlink_msg_serial_udb_extra_f2_b.h
[0.701s] -- Up-to-date: /home/nvidia/acfly_ws/install/mavlink/include/mavlink/v1.0/matrixpilot/testsuite.h
[0.701s] -- Up-to-date: /home/nvidia/acfly_ws/install/mavlink/include/mavlink/v1.0/matrixpilot/mavlink_msg_serial_udb_extra_f22.h
[0.701s] -- Up-to-date: /home/nvidia/acfly_ws/install/mavlink/include/mavlink/v1.0/matrixpilot/mavlink_msg_serial_udb_extra_f4.h
[0.701s] -- Up-to-date: /home/nvidia/acfly_ws/install/mavlink/include/mavlink/v1.0/matrixpilot/mavlink_msg_serial_udb_extra_f13.h
[0.701s] -- Up-to-date: /home/nvidia/acfly_ws/install/mavlink/include/mavlink/v1.0/matrixpilot/mavlink_msg_serial_udb_extra_f7.h
[0.701s] -- Up-to-date: /home/nvidia/acfly_ws/install/mavlink/include/mavlink/v1.0/matrixpilot/mavlink_msg_flexifunction_read_req.h
[0.701s] -- Up-to-date: /home/nvidia/acfly_ws/install/mavlink/include/mavlink/v1.0/matrixpilot/mavlink_msg_serial_udb_extra_f5.h
[0.701s] -- Up-to-date: /home/nvidia/acfly_ws/install/mavlink/include/mavlink/v1.0/matrixpilot/mavlink.h
[0.702s] -- Up-to-date: /home/nvidia/acfly_ws/install/mavlink/include/mavlink/v1.0/matrixpilot/mavlink_msg_airspeeds.h
[0.702s] -- Up-to-date: /home/nvidia/acfly_ws/install/mavlink/include/mavlink/v1.0/matrixpilot/version.h
[0.702s] -- Up-to-date: /home/nvidia/acfly_ws/install/mavlink/include/mavlink/v1.0/matrixpilot/mavlink_msg_serial_udb_extra_f20.h
[0.702s] -- Up-to-date: /home/nvidia/acfly_ws/install/mavlink/include/mavlink/v1.0/matrixpilot/mavlink_msg_serial_udb_extra_f18.h
[0.702s] -- Up-to-date: /home/nvidia/acfly_ws/install/mavlink/include/mavlink/v1.0/matrixpilot/mavlink_msg_serial_udb_extra_f16.h
[0.702s] -- Up-to-date: /home/nvidia/acfly_ws/install/mavlink/include/mavlink/v1.0/matrixpilot/mavlink_msg_flexifunction_buffer_function.h
[0.702s] -- Up-to-date: /home/nvidia/acfly_ws/install/mavlink/include/mavlink/v1.0/matrixpilot/mavlink_msg_serial_udb_extra_f17.h
[0.702s] -- Up-to-date: /home/nvidia/acfly_ws/install/mavlink/include/mavlink/v1.0/matrixpilot/mavlink_msg_flexifunction_directory.h
[0.702s] -- Up-to-date: /home/nvidia/acfly_ws/install/mavlink/include/mavlink/v1.0/matrixpilot/mavlink_msg_serial_udb_extra_f2_a.h
[0.702s] -- Up-to-date: /home/nvidia/acfly_ws/install/mavlink/include/mavlink/v1.0/matrixpilot/mavlink_msg_altitudes.h
[0.702s] -- Up-to-date: /home/nvidia/acfly_ws/install/mavlink/include/mavlink/v1.0/python_array_test
[0.703s] -- Up-to-date: /home/nvidia/acfly_ws/install/mavlink/include/mavlink/v1.0/python_array_test/testsuite.h
[0.703s] -- Up-to-date: /home/nvidia/acfly_ws/install/mavlink/include/mavlink/v1.0/python_array_test/python_array_test.h
[0.703s] -- Up-to-date: /home/nvidia/acfly_ws/install/mavlink/include/mavlink/v1.0/python_array_test/mavlink.h
[0.703s] -- Up-to-date: /home/nvidia/acfly_ws/install/mavlink/include/mavlink/v1.0/python_array_test/version.h
[0.703s] -- Up-to-date: /home/nvidia/acfly_ws/install/mavlink/include/mavlink/v1.0/ardupilotmega
[0.703s] -- Up-to-date: /home/nvidia/acfly_ws/install/mavlink/include/mavlink/v1.0/ardupilotmega/mavlink_msg_sensor_offsets.h
[0.703s] -- Up-to-date: /home/nvidia/acfly_ws/install/mavlink/include/mavlink/v1.0/ardupilotmega/mavlink_msg_camera_status.h
[0.703s] -- Up-to-date: /home/nvidia/acfly_ws/install/mavlink/include/mavlink/v1.0/ardupilotmega/mavlink_msg_deepstall.h
[0.703s] -- Up-to-date: /home/nvidia/acfly_ws/install/mavlink/include/mavlink/v1.0/ardupilotmega/mavlink_msg_set_mag_offsets.h
[0.703s] -- Up-to-date: /home/nvidia/acfly_ws/install/mavlink/include/mavlink/v1.0/ardupilotmega/mavlink_msg_rpm.h
[0.703s] -- Up-to-date: /home/nvidia/acfly_ws/install/mavlink/include/mavlink/v1.0/ardupilotmega/mavlink_msg_gopro_get_response.h
[0.704s] -- Up-to-date: /home/nvidia/acfly_ws/install/mavlink/include/mavlink/v1.0/ardupilotmega/mavlink_msg_ekf_status_report.h
[0.704s] -- Up-to-date: /home/nvidia/acfly_ws/install/mavlink/include/mavlink/v1.0/ardupilotmega/mavlink_msg_mount_control.h
[0.704s] -- Up-to-date: /home/nvidia/acfly_ws/install/mavlink/include/mavlink/v1.0/ardupilotmega/mavlink_msg_data16.h
[0.704s] -- Up-to-date: /home/nvidia/acfly_ws/install/mavlink/include/mavlink/v1.0/ardupilotmega/mavlink_msg_wind.h
[0.704s] -- Up-to-date: /home/nvidia/acfly_ws/install/mavlink/include/mavlink/v1.0/ardupilotmega/mavlink_msg_hwstatus.h
[0.704s] -- Up-to-date: /home/nvidia/acfly_ws/install/mavlink/include/mavlink/v1.0/ardupilotmega/mavlink_msg_gimbal_torque_cmd_report.h
[0.704s] -- Up-to-date: /home/nvidia/acfly_ws/install/mavlink/include/mavlink/v1.0/ardupilotmega/mavlink_msg_autopilot_version_request.h
[0.704s] -- Up-to-date: /home/nvidia/acfly_ws/install/mavlink/include/mavlink/v1.0/ardupilotmega/mavlink_msg_ap_adc.h
[0.704s] -- Up-to-date: /home/nvidia/acfly_ws/install/mavlink/include/mavlink/v1.0/ardupilotmega/mavlink_msg_digicam_control.h
[0.705s] -- Up-to-date: /home/nvidia/acfly_ws/install/mavlink/include/mavlink/v1.0/ardupilotmega/testsuite.h
[0.705s] -- Up-to-date: /home/nvidia/acfly_ws/install/mavlink/include/mavlink/v1.0/ardupilotmega/mavlink_msg_rally_point.h
[0.705s] -- Up-to-date: /home/nvidia/acfly_ws/install/mavlink/include/mavlink/v1.0/ardupilotmega/mavlink_msg_radio.h
[0.705s] -- Up-to-date: /home/nvidia/acfly_ws/install/mavlink/include/mavlink/v1.0/ardupilotmega/mavlink_msg_fence_fetch_point.h
[0.705s] -- Up-to-date: /home/nvidia/acfly_ws/install/mavlink/include/mavlink/v1.0/ardupilotmega/mavlink_msg_limits_status.h
[0.705s] -- Up-to-date: /home/nvidia/acfly_ws/install/mavlink/include/mavlink/v1.0/ardupilotmega/mavlink_msg_simstate.h
[0.705s] -- Up-to-date: /home/nvidia/acfly_ws/install/mavlink/include/mavlink/v1.0/ardupilotmega/mavlink_msg_data32.h
[0.705s] -- Up-to-date: /home/nvidia/acfly_ws/install/mavlink/include/mavlink/v1.0/ardupilotmega/mavlink_msg_gimbal_control.h
[0.705s] -- Up-to-date: /home/nvidia/acfly_ws/install/mavlink/include/mavlink/v1.0/ardupilotmega/mavlink_msg_ahrs.h
[0.705s] -- Up-to-date: /home/nvidia/acfly_ws/install/mavlink/include/mavlink/v1.0/ardupilotmega/mavlink_msg_gopro_get_request.h
[0.705s] -- Up-to-date: /home/nvidia/acfly_ws/install/mavlink/include/mavlink/v1.0/ardupilotmega/mavlink_msg_pid_tuning.h
[0.706s] -- Up-to-date: /home/nvidia/acfly_ws/install/mavlink/include/mavlink/v1.0/ardupilotmega/ardupilotmega.h
[0.706s] -- Up-to-date: /home/nvidia/acfly_ws/install/mavlink/include/mavlink/v1.0/ardupilotmega/mavlink_msg_airspeed_autocal.h
[0.706s] -- Up-to-date: /home/nvidia/acfly_ws/install/mavlink/include/mavlink/v1.0/ardupilotmega/mavlink_msg_data96.h
[0.706s] -- Up-to-date: /home/nvidia/acfly_ws/install/mavlink/include/mavlink/v1.0/ardupilotmega/mavlink_msg_gopro_set_request.h
[0.706s] -- Up-to-date: /home/nvidia/acfly_ws/install/mavlink/include/mavlink/v1.0/ardupilotmega/mavlink_msg_mag_cal_progress.h
[0.706s] -- Up-to-date: /home/nvidia/acfly_ws/install/mavlink/include/mavlink/v1.0/ardupilotmega/mavlink.h
[0.706s] -- Up-to-date: /home/nvidia/acfly_ws/install/mavlink/include/mavlink/v1.0/ardupilotmega/mavlink_msg_remote_log_data_block.h
[0.706s] -- Up-to-date: /home/nvidia/acfly_ws/install/mavlink/include/mavlink/v1.0/ardupilotmega/mavlink_msg_gopro_heartbeat.h
[0.706s] -- Up-to-date: /home/nvidia/acfly_ws/install/mavlink/include/mavlink/v1.0/ardupilotmega/mavlink_msg_mount_configure.h
[0.706s] -- Up-to-date: /home/nvidia/acfly_ws/install/mavlink/include/mavlink/v1.0/ardupilotmega/mavlink_msg_gopro_set_response.h
[0.707s] -- Up-to-date: /home/nvidia/acfly_ws/install/mavlink/include/mavlink/v1.0/ardupilotmega/mavlink_msg_meminfo.h
[0.707s] -- Up-to-date: /home/nvidia/acfly_ws/install/mavlink/include/mavlink/v1.0/ardupilotmega/version.h
[0.707s] -- Up-to-date: /home/nvidia/acfly_ws/install/mavlink/include/mavlink/v1.0/ardupilotmega/mavlink_msg_digicam_configure.h
[0.707s] -- Up-to-date: /home/nvidia/acfly_ws/install/mavlink/include/mavlink/v1.0/ardupilotmega/mavlink_msg_ahrs2.h
[0.707s] -- Up-to-date: /home/nvidia/acfly_ws/install/mavlink/include/mavlink/v1.0/ardupilotmega/mavlink_msg_rally_fetch_point.h
[0.707s] -- Up-to-date: /home/nvidia/acfly_ws/install/mavlink/include/mavlink/v1.0/ardupilotmega/mavlink_msg_fence_point.h
[0.707s] -- Up-to-date: /home/nvidia/acfly_ws/install/mavlink/include/mavlink/v1.0/ardupilotmega/mavlink_msg_ahrs3.h
[0.707s] -- Up-to-date: /home/nvidia/acfly_ws/install/mavlink/include/mavlink/v1.0/ardupilotmega/mavlink_msg_battery2.h
[0.707s] -- Up-to-date: /home/nvidia/acfly_ws/install/mavlink/include/mavlink/v1.0/ardupilotmega/mavlink_msg_led_control.h
[0.707s] -- Up-to-date: /home/nvidia/acfly_ws/install/mavlink/include/mavlink/v1.0/ardupilotmega/mavlink_msg_gimbal_report.h
[0.707s] -- Up-to-date: /home/nvidia/acfly_ws/install/mavlink/include/mavlink/v1.0/ardupilotmega/mavlink_msg_camera_feedback.h
[0.707s] -- Up-to-date: /home/nvidia/acfly_ws/install/mavlink/include/mavlink/v1.0/ardupilotmega/mavlink_msg_rangefinder.h
[0.708s] -- Up-to-date: /home/nvidia/acfly_ws/install/mavlink/include/mavlink/v1.0/ardupilotmega/mavlink_msg_remote_log_block_status.h
[0.708s] -- Up-to-date: /home/nvidia/acfly_ws/install/mavlink/include/mavlink/v1.0/ardupilotmega/mavlink_msg_data64.h
[0.708s] -- Up-to-date: /home/nvidia/acfly_ws/install/mavlink/include/mavlink/v1.0/ardupilotmega/mavlink_msg_compassmot_status.h
[0.708s] -- Up-to-date: /home/nvidia/acfly_ws/install/mavlink/include/mavlink/v1.0/ardupilotmega/mavlink_msg_mount_status.h
[0.708s] -- Up-to-date: /home/nvidia/acfly_ws/install/mavlink/include/mavlink/v1.0/all
[0.708s] -- Up-to-date: /home/nvidia/acfly_ws/install/mavlink/include/mavlink/v1.0/all/testsuite.h
[0.708s] -- Up-to-date: /home/nvidia/acfly_ws/install/mavlink/include/mavlink/v1.0/all/mavlink.h
[0.708s] -- Up-to-date: /home/nvidia/acfly_ws/install/mavlink/include/mavlink/v1.0/all/version.h
[0.708s] -- Up-to-date: /home/nvidia/acfly_ws/install/mavlink/include/mavlink/v1.0/all/all.h
[0.709s] -- Up-to-date: /home/nvidia/acfly_ws/install/mavlink/include/mavlink/v1.0/mavlink_types.h
[0.709s] -- Up-to-date: /home/nvidia/acfly_ws/install/mavlink/include/mavlink/v1.0/acfly
[0.709s] -- Up-to-date: /home/nvidia/acfly_ws/install/mavlink/include/mavlink/v1.0/acfly/mavlink_msg_rc_channels_override.h
[0.709s] -- Up-to-date: /home/nvidia/acfly_ws/install/mavlink/include/mavlink/v1.0/acfly/mavlink_msg_acflypossensor_info.h
[0.709s] -- Up-to-date: /home/nvidia/acfly_ws/install/mavlink/include/mavlink/v1.0/acfly/mavlink_msg_terrain_request.h
[0.709s] -- Up-to-date: /home/nvidia/acfly_ws/install/mavlink/include/mavlink/v1.0/acfly/mavlink_msg_attitude.h
[0.709s] -- Up-to-date: /home/nvidia/acfly_ws/install/mavlink/include/mavlink/v1.0/acfly/mavlink_msg_scaled_pressure.h
[0.709s] -- Up-to-date: /home/nvidia/acfly_ws/install/mavlink/include/mavlink/v1.0/acfly/mavlink_msg_optical_flow.h
[0.709s] -- Up-to-date: /home/nvidia/acfly_ws/install/mavlink/include/mavlink/v1.0/acfly/mavlink_msg_landing_target.h
[0.709s] -- Up-to-date: /home/nvidia/acfly_ws/install/mavlink/include/mavlink/v1.0/acfly/mavlink_msg_log_erase.h
[0.709s] -- Up-to-date: /home/nvidia/acfly_ws/install/mavlink/include/mavlink/v1.0/acfly/mavlink_msg_gps_input.h
[0.710s] -- Up-to-date: /home/nvidia/acfly_ws/install/mavlink/include/mavlink/v1.0/acfly/mavlink_msg_local_position_ned_cov.h
[0.710s] -- Up-to-date: /home/nvidia/acfly_ws/install/mavlink/include/mavlink/v1.0/acfly/mavlink_msg_command_int.h
[0.710s] -- Up-to-date: /home/nvidia/acfly_ws/install/mavlink/include/mavlink/v1.0/acfly/mavlink_msg_gps_inject_data.h
[0.710s] -- Up-to-date: /home/nvidia/acfly_ws/install/mavlink/include/mavlink/v1.0/acfly/mavlink_msg_rc_channels_raw.h
[0.710s] -- Up-to-date: /home/nvidia/acfly_ws/install/mavlink/include/mavlink/v1.0/acfly/mavlink_msg_camera_trigger.h
[0.710s] -- Up-to-date: /home/nvidia/acfly_ws/install/mavlink/include/mavlink/v1.0/acfly/mavlink_msg_param_request_read.h
[0.710s] -- Up-to-date: /home/nvidia/acfly_ws/install/mavlink/include/mavlink/v1.0/acfly/mavlink_msg_data_transmission_handshake.h
[0.710s] -- Up-to-date: /home/nvidia/acfly_ws/install/mavlink/include/mavlink/v1.0/acfly/mavlink_msg_set_gps_global_origin.h
[0.710s] -- Up-to-date: /home/nvidia/acfly_ws/install/mavlink/include/mavlink/v1.0/acfly/mavlink_msg_v2_extension.h
[0.710s] -- Up-to-date: /home/nvidia/acfly_ws/install/mavlink/include/mavlink/v1.0/acfly/mavlink_msg_camera_status.h
[0.710s] -- Up-to-date: /home/nvidia/acfly_ws/install/mavlink/include/mavlink/v1.0/acfly/mavlink_msg_statustext.h
[0.711s] -- Up-to-date: /home/nvidia/acfly_ws/install/mavlink/include/mavlink/v1.0/acfly/mavlink_msg_extended_sys_state.h
[0.711s] -- Up-to-date: /home/nvidia/acfly_ws/install/mavlink/include/mavlink/v1.0/acfly/mavlink_msg_mission_request.h
[0.711s] -- Up-to-date: /home/nvidia/acfly_ws/install/mavlink/include/mavlink/v1.0/acfly/mavlink_msg_hil_optical_flow.h
[0.711s] -- Up-to-date: /home/nvidia/acfly_ws/install/mavlink/include/mavlink/v1.0/acfly/mavlink_msg_mission_request_int.h
[0.711s] -- Up-to-date: /home/nvidia/acfly_ws/install/mavlink/include/mavlink/v1.0/acfly/mavlink_msg_actuator_control_target.h
[0.711s] -- Up-to-date: /home/nvidia/acfly_ws/install/mavlink/include/mavlink/v1.0/acfly/mavlink_msg_acflyhtl_imu_update.h
[0.711s] -- Up-to-date: /home/nvidia/acfly_ws/install/mavlink/include/mavlink/v1.0/acfly/mavlink_msg_sim_state.h
[0.711s] -- Up-to-date: /home/nvidia/acfly_ws/install/mavlink/include/mavlink/v1.0/acfly/mavlink_msg_auth_key.h
[0.711s] -- Up-to-date: /home/nvidia/acfly_ws/install/mavlink/include/mavlink/v1.0/acfly/mavlink_msg_message_interval.h
[0.711s] -- Up-to-date: /home/nvidia/acfly_ws/install/mavlink/include/mavlink/v1.0/acfly/mavlink_msg_raw_pressure.h
[0.711s] -- Up-to-date: /home/nvidia/acfly_ws/install/mavlink/include/mavlink/v1.0/acfly/mavlink_msg_vibration.h
[0.712s] -- Up-to-date: /home/nvidia/acfly_ws/install/mavlink/include/mavlink/v1.0/acfly/mavlink_msg_set_home_position.h
[0.712s] -- Up-to-date: /home/nvidia/acfly_ws/install/mavlink/include/mavlink/v1.0/acfly/mavlink_msg_terrain_check.h
[0.712s] -- Up-to-date: /home/nvidia/acfly_ws/install/mavlink/include/mavlink/v1.0/acfly/mavlink_msg_hil_sensor.h
[0.712s] -- Up-to-date: /home/nvidia/acfly_ws/install/mavlink/include/mavlink/v1.0/acfly/mavlink_msg_terrain_data.h
[0.712s] -- Up-to-date: /home/nvidia/acfly_ws/install/mavlink/include/mavlink/v1.0/acfly/mavlink_msg_hil_state.h
[0.712s] -- Up-to-date: /home/nvidia/acfly_ws/install/mavlink/include/mavlink/v1.0/acfly/mavlink_msg_serial_control.h
[0.712s] -- Up-to-date: /home/nvidia/acfly_ws/install/mavlink/include/mavlink/v1.0/acfly/mavlink_msg_hil_controls.h
[0.712s] -- Up-to-date: /home/nvidia/acfly_ws/install/mavlink/include/mavlink/v1.0/acfly/mavlink_msg_optical_flow_rad.h
[0.712s] -- Up-to-date: /home/nvidia/acfly_ws/install/mavlink/include/mavlink/v1.0/acfly/mavlink_msg_fence_status.h
[0.712s] -- Up-to-date: /home/nvidia/acfly_ws/install/mavlink/include/mavlink/v1.0/acfly/mavlink_msg_global_position_int.h
[0.712s] -- Up-to-date: /home/nvidia/acfly_ws/install/mavlink/include/mavlink/v1.0/acfly/mavlink_msg_gps_rtcm_data.h
[0.713s] -- Up-to-date: /home/nvidia/acfly_ws/install/mavlink/include/mavlink/v1.0/acfly/mavlink_msg_home_position.h
[0.713s] -- Up-to-date: /home/nvidia/acfly_ws/install/mavlink/include/mavlink/v1.0/acfly/mavlink_msg_system_time.h
[0.713s] -- Up-to-date: /home/nvidia/acfly_ws/install/mavlink/include/mavlink/v1.0/acfly/mavlink_msg_command_long.h
[0.713s] -- Up-to-date: /home/nvidia/acfly_ws/install/mavlink/include/mavlink/v1.0/acfly/mavlink_msg_vfr_hud.h
[0.713s] -- Up-to-date: /home/nvidia/acfly_ws/install/mavlink/include/mavlink/v1.0/acfly/mavlink_msg_param_map_rc.h
[0.713s] -- Up-to-date: /home/nvidia/acfly_ws/install/mavlink/include/mavlink/v1.0/acfly/mavlink_msg_mission_set_current.h
[0.713s] -- Up-to-date: /home/nvidia/acfly_ws/install/mavlink/include/mavlink/v1.0/acfly/mavlink_msg_param_value.h
[0.713s] -- Up-to-date: /home/nvidia/acfly_ws/install/mavlink/include/mavlink/v1.0/acfly/mavlink_msg_mission_ack.h
[0.713s] -- Up-to-date: /home/nvidia/acfly_ws/install/mavlink/include/mavlink/v1.0/acfly/mavlink_msg_data_stream.h
[0.713s] -- Up-to-date: /home/nvidia/acfly_ws/install/mavlink/include/mavlink/v1.0/acfly/mavlink_msg_rc_channels_scaled.h
[0.713s] -- Up-to-date: /home/nvidia/acfly_ws/install/mavlink/include/mavlink/v1.0/acfly/mavlink_msg_adsb_vehicle.h
[0.714s] -- Up-to-date: /home/nvidia/acfly_ws/install/mavlink/include/mavlink/v1.0/acfly/mavlink_msg_param_request_list.h
[0.714s] -- Up-to-date: /home/nvidia/acfly_ws/install/mavlink/include/mavlink/v1.0/acfly/mavlink_msg_gps_status.h
[0.714s] -- Up-to-date: /home/nvidia/acfly_ws/install/mavlink/include/mavlink/v1.0/acfly/mavlink_msg_autopilot_version_request.h
[0.714s] -- Up-to-date: /home/nvidia/acfly_ws/install/mavlink/include/mavlink/v1.0/acfly/mavlink_msg_param_set.h
[0.714s] -- Up-to-date: /home/nvidia/acfly_ws/install/mavlink/include/mavlink/v1.0/acfly/mavlink_msg_debug.h
[0.714s] -- Up-to-date: /home/nvidia/acfly_ws/install/mavlink/include/mavlink/v1.0/acfly/mavlink_msg_change_operator_control_ack.h
[0.714s] -- Up-to-date: /home/nvidia/acfly_ws/install/mavlink/include/mavlink/v1.0/acfly/mavlink_msg_position_target_local_ned.h
[0.714s] -- Up-to-date: /home/nvidia/acfly_ws/install/mavlink/include/mavlink/v1.0/acfly/testsuite.h
[0.714s] -- Up-to-date: /home/nvidia/acfly_ws/install/mavlink/include/mavlink/v1.0/acfly/mavlink_msg_rally_point.h
[0.714s] -- Up-to-date: /home/nvidia/acfly_ws/install/mavlink/include/mavlink/v1.0/acfly/mavlink_msg_acfly_regeisterpossensor.h
[0.714s] -- Up-to-date: /home/nvidia/acfly_ws/install/mavlink/include/mavlink/v1.0/acfly/mavlink_msg_set_actuator_control_target.h
[0.715s] -- Up-to-date: /home/nvidia/acfly_ws/install/mavlink/include/mavlink/v1.0/acfly/mavlink_msg_control_system_state.h
[0.715s] -- Up-to-date: /home/nvidia/acfly_ws/install/mavlink/include/mavlink/v1.0/acfly/mavlink_msg_hil_gps.h
[0.715s] -- Up-to-date: /home/nvidia/acfly_ws/install/mavlink/include/mavlink/v1.0/acfly/mavlink_msg_global_position_int_cov.h
[0.715s] -- Up-to-date: /home/nvidia/acfly_ws/install/mavlink/include/mavlink/v1.0/acfly/mavlink_msg_manual_setpoint.h
[0.715s] -- Up-to-date: /home/nvidia/acfly_ws/install/mavlink/include/mavlink/v1.0/acfly/mavlink_msg_scaled_pressure2.h
[0.715s] -- Up-to-date: /home/nvidia/acfly_ws/install/mavlink/include/mavlink/v1.0/acfly/mavlink_msg_named_value_float.h
[0.715s] -- Up-to-date: /home/nvidia/acfly_ws/install/mavlink/include/mavlink/v1.0/acfly/mavlink_msg_follow_target.h
[0.715s] -- Up-to-date: /home/nvidia/acfly_ws/install/mavlink/include/mavlink/v1.0/acfly/mavlink_msg_mission_item_reached.h
[0.715s] -- Up-to-date: /home/nvidia/acfly_ws/install/mavlink/include/mavlink/v1.0/acfly/mavlink_msg_vision_speed_estimate.h
[0.715s] -- Up-to-date: /home/nvidia/acfly_ws/install/mavlink/include/mavlink/v1.0/acfly/mavlink_msg_log_request_list.h
[0.715s] -- Up-to-date: /home/nvidia/acfly_ws/install/mavlink/include/mavlink/v1.0/acfly/mavlink_msg_acfly_updatepossensor.h
[0.716s] -- Up-to-date: /home/nvidia/acfly_ws/install/mavlink/include/mavlink/v1.0/acfly/mavlink_msg_vision_position_estimate.h
[0.716s] -- Up-to-date: /home/nvidia/acfly_ws/install/mavlink/include/mavlink/v1.0/acfly/mavlink_msg_highres_imu.h
[0.716s] -- Up-to-date: /home/nvidia/acfly_ws/install/mavlink/include/mavlink/v1.0/acfly/mavlink_msg_manual_control.h
[0.716s] -- Up-to-date: /home/nvidia/acfly_ws/install/mavlink/include/mavlink/v1.0/acfly/mavlink_msg_estimator_status.h
[0.716s] -- Up-to-date: /home/nvidia/acfly_ws/install/mavlink/include/mavlink/v1.0/acfly/mavlink_msg_acflyhtl_imu_register.h
[0.716s] -- Up-to-date: /home/nvidia/acfly_ws/install/mavlink/include/mavlink/v1.0/acfly/mavlink_msg_hil_rc_inputs_raw.h
[0.716s] -- Up-to-date: /home/nvidia/acfly_ws/install/mavlink/include/mavlink/v1.0/acfly/mavlink_msg_mission_item.h
[0.716s] -- Up-to-date: /home/nvidia/acfly_ws/install/mavlink/include/mavlink/v1.0/acfly/mavlink_msg_debug_vect.h
[0.716s] -- Up-to-date: /home/nvidia/acfly_ws/install/mavlink/include/mavlink/v1.0/acfly/mavlink_msg_attitude_quaternion.h
[0.716s] -- Up-to-date: /home/nvidia/acfly_ws/install/mavlink/include/mavlink/v1.0/acfly/mavlink_msg_change_operator_control.h
[0.716s] -- Up-to-date: /home/nvidia/acfly_ws/install/mavlink/include/mavlink/v1.0/acfly/mavlink_msg_radio_status.h
[0.717s] -- Up-to-date: /home/nvidia/acfly_ws/install/mavlink/include/mavlink/v1.0/acfly/mavlink_msg_mission_request_list.h
[0.717s] -- Up-to-date: /home/nvidia/acfly_ws/install/mavlink/include/mavlink/v1.0/acfly/mavlink_msg_gps2_rtk.h
[0.717s] -- Up-to-date: /home/nvidia/acfly_ws/install/mavlink/include/mavlink/v1.0/acfly/mavlink_msg_hil_actuator_controls.h
[0.717s] -- Up-to-date: /home/nvidia/acfly_ws/install/mavlink/include/mavlink/v1.0/acfly/mavlink_msg_set_mode.h
[0.717s] -- Up-to-date: /home/nvidia/acfly_ws/install/mavlink/include/mavlink/v1.0/acfly/mavlink_msg_scaled_imu.h
[0.717s] -- Up-to-date: /home/nvidia/acfly_ws/install/mavlink/include/mavlink/v1.0/acfly/mavlink_msg_gps2_raw.h
[0.717s] -- Up-to-date: /home/nvidia/acfly_ws/install/mavlink/include/mavlink/v1.0/acfly/mavlink_msg_battery_status.h
[0.717s] -- Up-to-date: /home/nvidia/acfly_ws/install/mavlink/include/mavlink/v1.0/acfly/mavlink_msg_mission_write_partial_list.h
[0.717s] -- Up-to-date: /home/nvidia/acfly_ws/install/mavlink/include/mavlink/v1.0/acfly/mavlink_msg_resource_request.h
[0.717s] -- Up-to-date: /home/nvidia/acfly_ws/install/mavlink/include/mavlink/v1.0/acfly/mavlink_msg_named_value_int.h
[0.717s] -- Up-to-date: /home/nvidia/acfly_ws/install/mavlink/include/mavlink/v1.0/acfly/mavlink_msg_att_pos_mocap.h
[0.718s] -- Up-to-date: /home/nvidia/acfly_ws/install/mavlink/include/mavlink/v1.0/acfly/mavlink_msg_gps_raw_int.h
[0.718s] -- Up-to-date: /home/nvidia/acfly_ws/install/mavlink/include/mavlink/v1.0/acfly/mavlink_msg_mission_current.h
[0.718s] -- Up-to-date: /home/nvidia/acfly_ws/install/mavlink/include/mavlink/v1.0/acfly/mavlink_msg_encapsulated_data.h
[0.718s] -- Up-to-date: /home/nvidia/acfly_ws/install/mavlink/include/mavlink/v1.0/acfly/mavlink_msg_ping.h
[0.718s] -- Up-to-date: /home/nvidia/acfly_ws/install/mavlink/include/mavlink/v1.0/acfly/mavlink_msg_scaled_pressure3.h
[0.718s] -- Up-to-date: /home/nvidia/acfly_ws/install/mavlink/include/mavlink/v1.0/acfly/mavlink_msg_rc_channels.h
[0.718s] -- Up-to-date: /home/nvidia/acfly_ws/install/mavlink/include/mavlink/v1.0/acfly/mavlink_msg_log_entry.h
[0.718s] -- Up-to-date: /home/nvidia/acfly_ws/install/mavlink/include/mavlink/v1.0/acfly/mavlink_msg_raw_imu.h
[0.718s] -- Up-to-date: /home/nvidia/acfly_ws/install/mavlink/include/mavlink/v1.0/acfly/mavlink_msg_wind_cov.h
[0.718s] -- Up-to-date: /home/nvidia/acfly_ws/install/mavlink/include/mavlink/v1.0/acfly/mavlink_msg_servo_output_raw.h
[0.718s] -- Up-to-date: /home/nvidia/acfly_ws/install/mavlink/include/mavlink/v1.0/acfly/mavlink_msg_scaled_imu3.h
[0.719s] -- Up-to-date: /home/nvidia/acfly_ws/install/mavlink/include/mavlink/v1.0/acfly/mavlink_msg_command_cancel.h
[0.719s] -- Up-to-date: /home/nvidia/acfly_ws/install/mavlink/include/mavlink/v1.0/acfly/mavlink_msg_log_request_end.h
[0.719s] -- Up-to-date: /home/nvidia/acfly_ws/install/mavlink/include/mavlink/v1.0/acfly/mavlink.h
[0.719s] -- Up-to-date: /home/nvidia/acfly_ws/install/mavlink/include/mavlink/v1.0/acfly/mavlink_msg_set_attitude_target.h
[0.719s] -- Up-to-date: /home/nvidia/acfly_ws/install/mavlink/include/mavlink/v1.0/acfly/mavlink_msg_set_position_target_global_int.h
[0.719s] -- Up-to-date: /home/nvidia/acfly_ws/install/mavlink/include/mavlink/v1.0/acfly/mavlink_msg_mission_request_partial_list.h
[0.719s] -- Up-to-date: /home/nvidia/acfly_ws/install/mavlink/include/mavlink/v1.0/acfly/mavlink_msg_local_position_ned_system_global_offset.h
[0.719s] -- Up-to-date: /home/nvidia/acfly_ws/install/mavlink/include/mavlink/v1.0/acfly/mavlink_msg_remote_log_data_block.h
[0.719s] -- Up-to-date: /home/nvidia/acfly_ws/install/mavlink/include/mavlink/v1.0/acfly/mavlink_msg_timesync.h
[0.719s] -- Up-to-date: /home/nvidia/acfly_ws/install/mavlink/include/mavlink/v1.0/acfly/mavlink_msg_local_position_ned.h
[0.720s] -- Up-to-date: /home/nvidia/acfly_ws/install/mavlink/include/mavlink/v1.0/acfly/mavlink_msg_link_node_status.h
[0.720s] -- Up-to-date: /home/nvidia/acfly_ws/install/mavlink/include/mavlink/v1.0/acfly/acfly.h
[0.720s] -- Up-to-date: /home/nvidia/acfly_ws/install/mavlink/include/mavlink/v1.0/acfly/mavlink_msg_mag_cal_report.h
[0.720s] -- Up-to-date: /home/nvidia/acfly_ws/install/mavlink/include/mavlink/v1.0/acfly/mavlink_msg_attitude_quaternion_cov.h
[0.720s] -- Up-to-date: /home/nvidia/acfly_ws/install/mavlink/include/mavlink/v1.0/acfly/mavlink_msg_scaled_imu2.h
[0.721s] -- Up-to-date: /home/nvidia/acfly_ws/install/mavlink/include/mavlink/v1.0/acfly/mavlink_msg_log_request_data.h
[0.721s] -- Up-to-date: /home/nvidia/acfly_ws/install/mavlink/include/mavlink/v1.0/acfly/mavlink_msg_log_data.h
[0.721s] -- Up-to-date: /home/nvidia/acfly_ws/install/mavlink/include/mavlink/v1.0/acfly/version.h
[0.721s] -- Up-to-date: /home/nvidia/acfly_ws/install/mavlink/include/mavlink/v1.0/acfly/mavlink_msg_gps_rtk.h
[0.721s] -- Up-to-date: /home/nvidia/acfly_ws/install/mavlink/include/mavlink/v1.0/acfly/mavlink_msg_gps_global_origin.h
[0.721s] -- Up-to-date: /home/nvidia/acfly_ws/install/mavlink/include/mavlink/v1.0/acfly/mavlink_msg_ahrs2.h
[0.722s] -- Up-to-date: /home/nvidia/acfly_ws/install/mavlink/include/mavlink/v1.0/acfly/mavlink_msg_mission_clear_all.h
[0.722s] -- Up-to-date: /home/nvidia/acfly_ws/install/mavlink/include/mavlink/v1.0/acfly/mavlink_msg_mission_item_int.h
[0.722s] -- Up-to-date: /home/nvidia/acfly_ws/install/mavlink/include/mavlink/v1.0/acfly/mavlink_msg_set_position_target_local_ned.h
[0.722s] -- Up-to-date: /home/nvidia/acfly_ws/install/mavlink/include/mavlink/v1.0/acfly/mavlink_msg_distance_sensor.h
[0.722s] -- Up-to-date: /home/nvidia/acfly_ws/install/mavlink/include/mavlink/v1.0/acfly/mavlink_msg_command_ack.h
[0.722s] -- Up-to-date: /home/nvidia/acfly_ws/install/mavlink/include/mavlink/v1.0/acfly/mavlink_msg_rally_fetch_point.h
[0.722s] -- Up-to-date: /home/nvidia/acfly_ws/install/mavlink/include/mavlink/v1.0/acfly/mavlink_msg_acflyhtl_pwmchans_fb.h
[0.722s] -- Up-to-date: /home/nvidia/acfly_ws/install/mavlink/include/mavlink/v1.0/acfly/mavlink_msg_request_data_stream.h
[0.722s] -- Up-to-date: /home/nvidia/acfly_ws/install/mavlink/include/mavlink/v1.0/acfly/mavlink_msg_ahrs3.h
[0.722s] -- Up-to-date: /home/nvidia/acfly_ws/install/mavlink/include/mavlink/v1.0/acfly/mavlink_msg_battery2.h
[0.722s] -- Up-to-date: /home/nvidia/acfly_ws/install/mavlink/include/mavlink/v1.0/acfly/mavlink_msg_safety_set_allowed_area.h
[0.723s] -- Up-to-date: /home/nvidia/acfly_ws/install/mavlink/include/mavlink/v1.0/acfly/mavlink_msg_hil_state_quaternion.h
[0.723s] -- Up-to-date: /home/nvidia/acfly_ws/install/mavlink/include/mavlink/v1.0/acfly/mavlink_msg_led_control.h
[0.723s] -- Up-to-date: /home/nvidia/acfly_ws/install/mavlink/include/mavlink/v1.0/acfly/mavlink_msg_global_vision_position_estimate.h
[0.723s] -- Up-to-date: /home/nvidia/acfly_ws/install/mavlink/include/mavlink/v1.0/acfly/mavlink_msg_file_transfer_protocol.h
[0.723s] -- Up-to-date: /home/nvidia/acfly_ws/install/mavlink/include/mavlink/v1.0/acfly/mavlink_msg_safety_allowed_area.h
[0.723s] -- Up-to-date: /home/nvidia/acfly_ws/install/mavlink/include/mavlink/v1.0/acfly/mavlink_msg_sys_status.h
[0.723s] -- Up-to-date: /home/nvidia/acfly_ws/install/mavlink/include/mavlink/v1.0/acfly/mavlink_msg_high_latency2.h
[0.723s] -- Up-to-date: /home/nvidia/acfly_ws/install/mavlink/include/mavlink/v1.0/acfly/mavlink_msg_efi_status.h
[0.723s] -- Up-to-date: /home/nvidia/acfly_ws/install/mavlink/include/mavlink/v1.0/acfly/mavlink_msg_altitude.h
[0.723s] -- Up-to-date: /home/nvidia/acfly_ws/install/mavlink/include/mavlink/v1.0/acfly/mavlink_msg_collision.h
[0.723s] -- Up-to-date: /home/nvidia/acfly_ws/install/mavlink/include/mavlink/v1.0/acfly/mavlink_msg_high_latency.h
[0.724s] -- Up-to-date: /home/nvidia/acfly_ws/install/mavlink/include/mavlink/v1.0/acfly/mavlink_msg_nav_controller_output.h
[0.724s] -- Up-to-date: /home/nvidia/acfly_ws/install/mavlink/include/mavlink/v1.0/acfly/mavlink_msg_vicon_position_estimate.h
[0.724s] -- Up-to-date: /home/nvidia/acfly_ws/install/mavlink/include/mavlink/v1.0/acfly/mavlink_msg_terrain_report.h
[0.724s] -- Up-to-date: /home/nvidia/acfly_ws/install/mavlink/include/mavlink/v1.0/acfly/mavlink_msg_memory_vect.h
[0.724s] -- Up-to-date: /home/nvidia/acfly_ws/install/mavlink/include/mavlink/v1.0/acfly/mavlink_msg_power_status.h
[0.724s] -- Up-to-date: /home/nvidia/acfly_ws/install/mavlink/include/mavlink/v1.0/acfly/mavlink_msg_camera_feedback.h
[0.724s] -- Up-to-date: /home/nvidia/acfly_ws/install/mavlink/include/mavlink/v1.0/acfly/mavlink_msg_remote_log_block_status.h
[0.724s] -- Up-to-date: /home/nvidia/acfly_ws/install/mavlink/include/mavlink/v1.0/acfly/mavlink_msg_autopilot_version.h
[0.724s] -- Up-to-date: /home/nvidia/acfly_ws/install/mavlink/include/mavlink/v1.0/acfly/mavlink_msg_attitude_target.h
[0.724s] -- Up-to-date: /home/nvidia/acfly_ws/install/mavlink/include/mavlink/v1.0/acfly/mavlink_msg_position_target_global_int.h
[0.724s] -- Up-to-date: /home/nvidia/acfly_ws/install/mavlink/include/mavlink/v1.0/acfly/mavlink_msg_compassmot_status.h
[0.725s] -- Up-to-date: /home/nvidia/acfly_ws/install/mavlink/include/mavlink/v1.0/acfly/mavlink_msg_mission_count.h
[0.725s] -- Up-to-date: /home/nvidia/acfly_ws/install/mavlink/include/mavlink/v1.0/cubepilot
[0.725s] -- Up-to-date: /home/nvidia/acfly_ws/install/mavlink/include/mavlink/v1.0/cubepilot/testsuite.h
[0.725s] -- Up-to-date: /home/nvidia/acfly_ws/install/mavlink/include/mavlink/v1.0/cubepilot/mavlink.h
[0.725s] -- Up-to-date: /home/nvidia/acfly_ws/install/mavlink/include/mavlink/v1.0/cubepilot/version.h
[0.725s] -- Up-to-date: /home/nvidia/acfly_ws/install/mavlink/include/mavlink/v1.0/cubepilot/cubepilot.h
[0.725s] -- Up-to-date: /home/nvidia/acfly_ws/install/mavlink/include/mavlink/v1.0/checksum.h
[0.725s] -- Up-to-date: /home/nvidia/acfly_ws/install/mavlink/include/mavlink/v1.0/icarous
[0.725s] -- Up-to-date: /home/nvidia/acfly_ws/install/mavlink/include/mavlink/v1.0/icarous/testsuite.h
[0.726s] -- Up-to-date: /home/nvidia/acfly_ws/install/mavlink/include/mavlink/v1.0/icarous/mavlink.h
[0.726s] -- Up-to-date: /home/nvidia/acfly_ws/install/mavlink/include/mavlink/v1.0/icarous/icarous.h
[0.726s] -- Up-to-date: /home/nvidia/acfly_ws/install/mavlink/include/mavlink/v1.0/icarous/version.h
[0.726s] -- Up-to-date: /home/nvidia/acfly_ws/install/mavlink/include/mavlink/v1.0/standard
[0.726s] -- Up-to-date: /home/nvidia/acfly_ws/install/mavlink/include/mavlink/v1.0/standard/testsuite.h
[0.726s] -- Up-to-date: /home/nvidia/acfly_ws/install/mavlink/include/mavlink/v1.0/standard/mavlink.h
[0.726s] -- Up-to-date: /home/nvidia/acfly_ws/install/mavlink/include/mavlink/v1.0/standard/version.h
[0.726s] -- Up-to-date: /home/nvidia/acfly_ws/install/mavlink/include/mavlink/v1.0/standard/standard.h
[0.726s] -- Up-to-date: /home/nvidia/acfly_ws/install/mavlink/include/mavlink/v1.0/standard/mavlink_msg_autopilot_version.h
[0.726s] -- Up-to-date: /home/nvidia/acfly_ws/install/mavlink/include/mavlink/v1.0/csAirLink
[0.726s] -- Up-to-date: /home/nvidia/acfly_ws/install/mavlink/include/mavlink/v1.0/csAirLink/csAirLink.h
[0.726s] -- Up-to-date: /home/nvidia/acfly_ws/install/mavlink/include/mavlink/v1.0/csAirLink/testsuite.h
[0.727s] -- Up-to-date: /home/nvidia/acfly_ws/install/mavlink/include/mavlink/v1.0/csAirLink/mavlink.h
[0.727s] -- Up-to-date: /home/nvidia/acfly_ws/install/mavlink/include/mavlink/v1.0/csAirLink/version.h
[0.727s] -- Up-to-date: /home/nvidia/acfly_ws/install/mavlink/include/mavlink/v1.0/commonACFly
[0.727s] -- Up-to-date: /home/nvidia/acfly_ws/install/mavlink/include/mavlink/v1.0/commonACFly/testsuite.h
[0.727s] -- Up-to-date: /home/nvidia/acfly_ws/install/mavlink/include/mavlink/v1.0/commonACFly/commonACFly.h
[0.727s] -- Up-to-date: /home/nvidia/acfly_ws/install/mavlink/include/mavlink/v1.0/commonACFly/mavlink.h
[0.727s] -- Up-to-date: /home/nvidia/acfly_ws/install/mavlink/include/mavlink/v1.0/commonACFly/version.h
[0.727s] -- Up-to-date: /home/nvidia/acfly_ws/install/mavlink/include/mavlink/v1.0/commonACFly/mavlink_msg_heartbeat.h
[0.727s] -- Up-to-date: /home/nvidia/acfly_ws/install/mavlink/include/mavlink/v1.0/protocol.h
[0.727s] -- Up-to-date: /home/nvidia/acfly_ws/install/mavlink/share/mavlink/cmake/mavlink-config.cmake
[0.728s] -- Up-to-date: /home/nvidia/acfly_ws/install/mavlink/lib/pkgconfig/mavlink.pc
[0.728s] -- Up-to-date: /home/nvidia/acfly_ws/install/mavlink/share/mavlink/COPYING.txt
[0.728s] -- Up-to-date: /home/nvidia/acfly_ws/install/mavlink/share/mavlink/package.xml
[0.728s] Invoked command in '/home/nvidia/acfly_ws/build/mavlink' returned '0': CMAKE_PREFIX_PATH=${CMAKE_PREFIX_PATH}:/home/nvidia/ws_orbbec/install/gemini_vision:/opt/ros/humble /usr/bin/cmake --install /home/nvidia/acfly_ws/build/mavlink
