[0.067s] Invoking command in '/home/nvidia/acfly_ws/build/mavlink': CMAKE_PREFIX_PATH=${CMAKE_PREFIX_PATH}:/home/nvidia/ws_orbbec/install/gemini_vision:/opt/ros/humble /usr/bin/cmake --build /home/nvidia/acfly_ws/build/mavlink -- -j8 -l8
[0.171s] [  2%] Built target ASLUAV.xml-v1.0
[0.228s] [  7%] Built target ardupilotmega.xml-v1.0
[0.228s] [  7%] Built target all.xml-v1.0
[0.229s] [ 10%] Built target acfly.xml-v1.0
[0.232s] [ 13%] Built target AVSSUAS.xml-v1.0
[0.257s] [ 15%] Built target commonACFly.xml-v1.0
[0.285s] [ 18%] Built target common.xml-v1.0
[0.290s] [ 21%] Built target cubepilot.xml-v1.0
[0.322s] [ 23%] Built target development.xml-v1.0
[0.344s] [ 28%] Built target csAirLink.xml-v1.0
[0.344s] [ 28%] Built target icarous.xml-v1.0
[0.365s] [ 31%] Built target matrixpilot.xml-v1.0
[0.373s] [ 34%] Built target loweheiser.xml-v1.0
[0.385s] [ 36%] Built target marsh.xml-v1.0
[0.409s] [ 39%] Built target paparazzi.xml-v1.0
[0.455s] [ 42%] Built target standard.xml-v1.0
[0.473s] [ 44%] Built target uAvionix.xml-v1.0
[0.474s] [ 47%] Built target ualberta.xml-v1.0
[0.502s] [ 50%] Built target storm32.xml-v1.0
[0.519s] [ 55%] Built target ASLUAV.xml-v2.0
[0.522s] [ 55%] Built target AVSSUAS.xml-v2.0
[0.588s] [ 57%] Built target acfly.xml-v2.0
[0.611s] [ 60%] Built target all.xml-v2.0
[0.666s] [ 63%] Built target ualberta.xml-v2.0
[0.679s] [ 65%] Built target csAirLink.xml-v2.0
[0.681s] [ 68%] Built target commonACFly.xml-v2.0
[0.685s] [ 71%] Built target ardupilotmega.xml-v2.0
[0.880s] [ 73%] Built target cubepilot.xml-v2.0
[0.898s] [ 76%] Built target icarous.xml-v2.0
[0.902s] [ 78%] Built target development.xml-v2.0
[0.947s] [ 81%] Built target loweheiser.xml-v2.0
[0.966s] [ 84%] Built target marsh.xml-v2.0
[0.975s] [ 86%] Built target matrixpilot.xml-v2.0
[0.992s] [ 89%] Built target paparazzi.xml-v2.0
[1.050s] [ 92%] Built target standard.xml-v2.0
[1.113s] [ 94%] Built target uAvionix.xml-v2.0
[1.119s] [ 97%] Built target storm32.xml-v2.0
[1.172s] [100%] Built target common.xml-v2.0
[1.197s] Invoked command in '/home/nvidia/acfly_ws/build/mavlink' returned '0': CMAKE_PREFIX_PATH=${CMAKE_PREFIX_PATH}:/home/nvidia/ws_orbbec/install/gemini_vision:/opt/ros/humble /usr/bin/cmake --build /home/nvidia/acfly_ws/build/mavlink -- -j8 -l8
[1.241s] Invoking command in '/home/nvidia/acfly_ws/build/mavlink': CMAKE_PREFIX_PATH=${CMAKE_PREFIX_PATH}:/home/nvidia/ws_orbbec/install/gemini_vision:/opt/ros/humble /usr/bin/cmake --install /home/nvidia/acfly_ws/build/mavlink
[1.256s] -- Install configuration: ""
[1.256s] -- Up-to-date: /home/nvidia/acfly_ws/install/mavlink/include/mavlink/config.h
[1.256s] -- Up-to-date: /home/nvidia/acfly_ws/install/mavlink/include/mavlink
[1.257s] -- Up-to-date: /home/nvidia/acfly_ws/install/mavlink/include/mavlink/v2.0
[1.257s] -- Up-to-date: /home/nvidia/acfly_ws/install/mavlink/include/mavlink/v2.0/mavlink_conversions.h
[1.257s] -- Up-to-date: /home/nvidia/acfly_ws/install/mavlink/include/mavlink/v2.0/common
[1.258s] -- Up-to-date: /home/nvidia/acfly_ws/install/mavlink/include/mavlink/v2.0/common/mavlink_msg_log_request_data.hpp
[1.258s] -- Up-to-date: /home/nvidia/acfly_ws/install/mavlink/include/mavlink/v2.0/common/mavlink_msg_camera_fov_status.hpp
[1.258s] -- Up-to-date: /home/nvidia/acfly_ws/install/mavlink/include/mavlink/v2.0/common/mavlink_msg_time_estimate_to_target.h
[1.259s] -- Up-to-date: /home/nvidia/acfly_ws/install/mavlink/include/mavlink/v2.0/common/mavlink_msg_open_drone_id_system.h
[1.259s] -- Up-to-date: /home/nvidia/acfly_ws/install/mavlink/include/mavlink/v2.0/common/mavlink_msg_gimbal_device_information.hpp
[1.259s] -- Up-to-date: /home/nvidia/acfly_ws/install/mavlink/include/mavlink/v2.0/common/mavlink_msg_cellular_status.h
[1.260s] -- Up-to-date: /home/nvidia/acfly_ws/install/mavlink/include/mavlink/v2.0/common/mavlink_msg_play_tune.hpp
[1.260s] -- Up-to-date: /home/nvidia/acfly_ws/install/mavlink/include/mavlink/v2.0/common/mavlink_msg_actuator_output_status.h
[1.261s] -- Up-to-date: /home/nvidia/acfly_ws/install/mavlink/include/mavlink/v2.0/common/mavlink_msg_gimbal_manager_status.h
[1.261s] -- Up-to-date: /home/nvidia/acfly_ws/install/mavlink/include/mavlink/v2.0/common/mavlink_msg_rc_channels_override.h
[1.262s] -- Up-to-date: /home/nvidia/acfly_ws/install/mavlink/include/mavlink/v2.0/common/mavlink_msg_gimbal_manager_set_manual_control.hpp
[1.262s] -- Up-to-date: /home/nvidia/acfly_ws/install/mavlink/include/mavlink/v2.0/common/mavlink_msg_can_frame.h
[1.262s] -- Up-to-date: /home/nvidia/acfly_ws/install/mavlink/include/mavlink/v2.0/common/mavlink_msg_event.hpp
[1.263s] -- Up-to-date: /home/nvidia/acfly_ws/install/mavlink/include/mavlink/v2.0/common/mavlink_msg_manual_control.hpp
[1.263s] -- Up-to-date: /home/nvidia/acfly_ws/install/mavlink/include/mavlink/v2.0/common/mavlink_msg_command_long.hpp
[1.264s] -- Up-to-date: /home/nvidia/acfly_ws/install/mavlink/include/mavlink/v2.0/common/mavlink_msg_terrain_request.h
[1.264s] -- Up-to-date: /home/nvidia/acfly_ws/install/mavlink/include/mavlink/v2.0/common/mavlink_msg_attitude.h
[1.265s] -- Up-to-date: /home/nvidia/acfly_ws/install/mavlink/include/mavlink/v2.0/common/mavlink_msg_scaled_pressure.h
[1.266s] -- Up-to-date: /home/nvidia/acfly_ws/install/mavlink/include/mavlink/v2.0/common/mavlink_msg_cellular_status.hpp
[1.266s] -- Up-to-date: /home/nvidia/acfly_ws/install/mavlink/include/mavlink/v2.0/common/mavlink_msg_setup_signing.hpp
[1.266s] -- Up-to-date: /home/nvidia/acfly_ws/install/mavlink/include/mavlink/v2.0/common/mavlink_msg_optical_flow.h
[1.267s] -- Up-to-date: /home/nvidia/acfly_ws/install/mavlink/include/mavlink/v2.0/common/mavlink_msg_landing_target.h
[1.267s] -- Up-to-date: /home/nvidia/acfly_ws/install/mavlink/include/mavlink/v2.0/common/mavlink_msg_cellular_config.hpp
[1.267s] -- Up-to-date: /home/nvidia/acfly_ws/install/mavlink/include/mavlink/v2.0/common/mavlink_msg_gimbal_manager_set_pitchyaw.h
[1.268s] -- Up-to-date: /home/nvidia/acfly_ws/install/mavlink/include/mavlink/v2.0/common/mavlink_msg_log_erase.h
[1.268s] -- Up-to-date: /home/nvidia/acfly_ws/install/mavlink/include/mavlink/v2.0/common/mavlink_msg_change_operator_control.hpp
[1.269s] -- Up-to-date: /home/nvidia/acfly_ws/install/mavlink/include/mavlink/v2.0/common/mavlink_msg_component_information_basic.hpp
[1.269s] -- Up-to-date: /home/nvidia/acfly_ws/install/mavlink/include/mavlink/v2.0/common/mavlink_msg_command_cancel.hpp
[1.269s] -- Up-to-date: /home/nvidia/acfly_ws/install/mavlink/include/mavlink/v2.0/common/mavlink_msg_gps_input.h
[1.270s] -- Up-to-date: /home/nvidia/acfly_ws/install/mavlink/include/mavlink/v2.0/common/mavlink_msg_set_attitude_target.hpp
[1.270s] -- Up-to-date: /home/nvidia/acfly_ws/install/mavlink/include/mavlink/v2.0/common/mavlink_msg_local_position_ned_cov.h
[1.271s] -- Up-to-date: /home/nvidia/acfly_ws/install/mavlink/include/mavlink/v2.0/common/mavlink_msg_param_ext_value.hpp
[1.271s] -- Up-to-date: /home/nvidia/acfly_ws/install/mavlink/include/mavlink/v2.0/common/mavlink_msg_param_ext_ack.h
[1.271s] -- Up-to-date: /home/nvidia/acfly_ws/install/mavlink/include/mavlink/v2.0/common/mavlink_msg_hil_rc_inputs_raw.hpp
[1.272s] -- Up-to-date: /home/nvidia/acfly_ws/install/mavlink/include/mavlink/v2.0/common/mavlink_msg_command_int.h
[1.272s] -- Up-to-date: /home/nvidia/acfly_ws/install/mavlink/include/mavlink/v2.0/common/mavlink_msg_gimbal_manager_information.hpp
[1.272s] -- Up-to-date: /home/nvidia/acfly_ws/install/mavlink/include/mavlink/v2.0/common/mavlink_msg_terrain_request.hpp
[1.273s] -- Up-to-date: /home/nvidia/acfly_ws/install/mavlink/include/mavlink/v2.0/common/mavlink_msg_play_tune_v2.hpp
[1.273s] -- Up-to-date: /home/nvidia/acfly_ws/install/mavlink/include/mavlink/v2.0/common/mavlink_msg_gps_inject_data.h
[1.273s] -- Up-to-date: /home/nvidia/acfly_ws/install/mavlink/include/mavlink/v2.0/common/mavlink_msg_named_value_int.hpp
[1.274s] -- Up-to-date: /home/nvidia/acfly_ws/install/mavlink/include/mavlink/v2.0/common/mavlink_msg_rc_channels_raw.h
[1.274s] -- Up-to-date: /home/nvidia/acfly_ws/install/mavlink/include/mavlink/v2.0/common/mavlink_msg_auth_key.hpp
[1.275s] -- Up-to-date: /home/nvidia/acfly_ws/install/mavlink/include/mavlink/v2.0/common/mavlink_msg_camera_image_captured.hpp
[1.275s] -- Up-to-date: /home/nvidia/acfly_ws/install/mavlink/include/mavlink/v2.0/common/mavlink_msg_camera_trigger.h
[1.275s] -- Up-to-date: /home/nvidia/acfly_ws/install/mavlink/include/mavlink/v2.0/common/mavlink_msg_mission_ack.hpp
[1.276s] -- Up-to-date: /home/nvidia/acfly_ws/install/mavlink/include/mavlink/v2.0/common/mavlink_msg_param_ext_request_read.h
[1.276s] -- Up-to-date: /home/nvidia/acfly_ws/install/mavlink/include/mavlink/v2.0/common/mavlink_msg_param_request_read.h
[1.277s] -- Up-to-date: /home/nvidia/acfly_ws/install/mavlink/include/mavlink/v2.0/common/mavlink_msg_local_position_ned_system_global_offset.hpp
[1.277s] -- Up-to-date: /home/nvidia/acfly_ws/install/mavlink/include/mavlink/v2.0/common/mavlink_msg_open_drone_id_self_id.hpp
[1.277s] -- Up-to-date: /home/nvidia/acfly_ws/install/mavlink/include/mavlink/v2.0/common/mavlink_msg_data_transmission_handshake.h
[1.278s] -- Up-to-date: /home/nvidia/acfly_ws/install/mavlink/include/mavlink/v2.0/common/mavlink_msg_set_gps_global_origin.h
[1.278s] -- Up-to-date: /home/nvidia/acfly_ws/install/mavlink/include/mavlink/v2.0/common/mavlink_msg_serial_control.hpp
[1.278s] -- Up-to-date: /home/nvidia/acfly_ws/install/mavlink/include/mavlink/v2.0/common/mavlink_msg_v2_extension.h
[1.279s] -- Up-to-date: /home/nvidia/acfly_ws/install/mavlink/include/mavlink/v2.0/common/mavlink_msg_statustext.h
[1.279s] -- Up-to-date: /home/nvidia/acfly_ws/install/mavlink/include/mavlink/v2.0/common/mavlink_msg_camera_capture_status.h
[1.279s] -- Up-to-date: /home/nvidia/acfly_ws/install/mavlink/include/mavlink/v2.0/common/mavlink_msg_extended_sys_state.h
[1.279s] -- Up-to-date: /home/nvidia/acfly_ws/install/mavlink/include/mavlink/v2.0/common/mavlink_msg_param_ext_set.h
[1.280s] -- Up-to-date: /home/nvidia/acfly_ws/install/mavlink/include/mavlink/v2.0/common/mavlink_msg_play_tune.h
[1.280s] -- Up-to-date: /home/nvidia/acfly_ws/install/mavlink/include/mavlink/v2.0/common/mavlink_msg_debug_float_array.hpp
[1.280s] -- Up-to-date: /home/nvidia/acfly_ws/install/mavlink/include/mavlink/v2.0/common/mavlink_msg_mission_request.h
[1.281s] -- Up-to-date: /home/nvidia/acfly_ws/install/mavlink/include/mavlink/v2.0/common/mavlink_msg_mount_orientation.h
[1.281s] -- Up-to-date: /home/nvidia/acfly_ws/install/mavlink/include/mavlink/v2.0/common/mavlink_msg_hil_optical_flow.h
[1.281s] -- Up-to-date: /home/nvidia/acfly_ws/install/mavlink/include/mavlink/v2.0/common/mavlink_msg_open_drone_id_location.h
[1.281s] -- Up-to-date: /home/nvidia/acfly_ws/install/mavlink/include/mavlink/v2.0/common/mavlink_msg_scaled_pressure3.hpp
[1.281s] -- Up-to-date: /home/nvidia/acfly_ws/install/mavlink/include/mavlink/v2.0/common/mavlink_msg_hil_gps.hpp
[1.281s] -- Up-to-date: /home/nvidia/acfly_ws/install/mavlink/include/mavlink/v2.0/common/mavlink_msg_uavcan_node_info.hpp
[1.281s] -- Up-to-date: /home/nvidia/acfly_ws/install/mavlink/include/mavlink/v2.0/common/mavlink_msg_high_latency.hpp
[1.281s] -- Up-to-date: /home/nvidia/acfly_ws/install/mavlink/include/mavlink/v2.0/common/mavlink_msg_mission_request_int.h
[1.282s] -- Up-to-date: /home/nvidia/acfly_ws/install/mavlink/include/mavlink/v2.0/common/mavlink_msg_v2_extension.hpp
[1.282s] -- Up-to-date: /home/nvidia/acfly_ws/install/mavlink/include/mavlink/v2.0/common/mavlink_msg_extended_sys_state.hpp
[1.282s] -- Up-to-date: /home/nvidia/acfly_ws/install/mavlink/include/mavlink/v2.0/common/mavlink_msg_control_system_state.hpp
[1.282s] -- Up-to-date: /home/nvidia/acfly_ws/install/mavlink/include/mavlink/v2.0/common/mavlink_msg_actuator_control_target.h
[1.282s] -- Up-to-date: /home/nvidia/acfly_ws/install/mavlink/include/mavlink/v2.0/common/mavlink_msg_component_information.h
[1.282s] -- Up-to-date: /home/nvidia/acfly_ws/install/mavlink/include/mavlink/v2.0/common/mavlink_msg_smart_battery_info.hpp
[1.282s] -- Up-to-date: /home/nvidia/acfly_ws/install/mavlink/include/mavlink/v2.0/common/mavlink_msg_autopilot_state_for_gimbal_device.h
[1.282s] -- Up-to-date: /home/nvidia/acfly_ws/install/mavlink/include/mavlink/v2.0/common/mavlink_msg_mission_request.hpp
[1.283s] -- Up-to-date: /home/nvidia/acfly_ws/install/mavlink/include/mavlink/v2.0/common/mavlink_msg_set_home_position.hpp
[1.283s] -- Up-to-date: /home/nvidia/acfly_ws/install/mavlink/include/mavlink/v2.0/common/mavlink_msg_sim_state.h
[1.283s] -- Up-to-date: /home/nvidia/acfly_ws/install/mavlink/include/mavlink/v2.0/common/mavlink_msg_time_estimate_to_target.hpp
[1.284s] -- Up-to-date: /home/nvidia/acfly_ws/install/mavlink/include/mavlink/v2.0/common/mavlink_msg_param_ext_value.h
[1.284s] -- Up-to-date: /home/nvidia/acfly_ws/install/mavlink/include/mavlink/v2.0/common/mavlink_msg_battery_info.hpp
[1.284s] -- Up-to-date: /home/nvidia/acfly_ws/install/mavlink/include/mavlink/v2.0/common/mavlink_msg_auth_key.h
[1.284s] -- Up-to-date: /home/nvidia/acfly_ws/install/mavlink/include/mavlink/v2.0/common/mavlink_msg_message_interval.h
[1.285s] -- Up-to-date: /home/nvidia/acfly_ws/install/mavlink/include/mavlink/v2.0/common/mavlink_msg_onboard_computer_status.h
[1.294s] -- Up-to-date: /home/nvidia/acfly_ws/install/mavlink/include/mavlink/v2.0/common/mavlink_msg_gimbal_device_set_attitude.h
[1.294s] -- Up-to-date: /home/nvidia/acfly_ws/install/mavlink/include/mavlink/v2.0/common/mavlink_msg_camera_thermal_range.h
[1.295s] -- Up-to-date: /home/nvidia/acfly_ws/install/mavlink/include/mavlink/v2.0/common/common.hpp
[1.295s] -- Up-to-date: /home/nvidia/acfly_ws/install/mavlink/include/mavlink/v2.0/common/mavlink_msg_can_filter_modify.hpp
[1.296s] -- Up-to-date: /home/nvidia/acfly_ws/install/mavlink/include/mavlink/v2.0/common/mavlink_msg_raw_pressure.h
[1.296s] -- Up-to-date: /home/nvidia/acfly_ws/install/mavlink/include/mavlink/v2.0/common/mavlink_msg_set_actuator_control_target.hpp
[1.296s] -- Up-to-date: /home/nvidia/acfly_ws/install/mavlink/include/mavlink/v2.0/common/mavlink_msg_isbd_link_status.hpp
[1.297s] -- Up-to-date: /home/nvidia/acfly_ws/install/mavlink/include/mavlink/v2.0/common/mavlink_msg_log_request_list.hpp
[1.297s] -- Up-to-date: /home/nvidia/acfly_ws/install/mavlink/include/mavlink/v2.0/common/mavlink_msg_adsb_vehicle.hpp
[1.297s] -- Up-to-date: /home/nvidia/acfly_ws/install/mavlink/include/mavlink/v2.0/common/mavlink_msg_vibration.h
[1.298s] -- Up-to-date: /home/nvidia/acfly_ws/install/mavlink/include/mavlink/v2.0/common/mavlink_msg_set_home_position.h
[1.298s] -- Up-to-date: /home/nvidia/acfly_ws/install/mavlink/include/mavlink/v2.0/common/mavlink_msg_terrain_check.h
[1.299s] -- Up-to-date: /home/nvidia/acfly_ws/install/mavlink/include/mavlink/v2.0/common/mavlink_msg_hil_sensor.h
[1.299s] -- Up-to-date: /home/nvidia/acfly_ws/install/mavlink/include/mavlink/v2.0/common/mavlink_msg_link_node_status.hpp
[1.300s] -- Up-to-date: /home/nvidia/acfly_ws/install/mavlink/include/mavlink/v2.0/common/mavlink_msg_open_drone_id_basic_id.hpp
[1.301s] -- Up-to-date: /home/nvidia/acfly_ws/install/mavlink/include/mavlink/v2.0/common/mavlink_msg_terrain_data.h
[1.301s] -- Up-to-date: /home/nvidia/acfly_ws/install/mavlink/include/mavlink/v2.0/common/mavlink_msg_hil_state.h
[1.302s] -- Up-to-date: /home/nvidia/acfly_ws/install/mavlink/include/mavlink/v2.0/common/mavlink_msg_open_drone_id_arm_status.h
[1.302s] -- Up-to-date: /home/nvidia/acfly_ws/install/mavlink/include/mavlink/v2.0/common/mavlink_msg_serial_control.h
[1.302s] -- Up-to-date: /home/nvidia/acfly_ws/install/mavlink/include/mavlink/v2.0/common/mavlink_msg_hil_controls.h
[1.302s] -- Up-to-date: /home/nvidia/acfly_ws/install/mavlink/include/mavlink/v2.0/common/mavlink_msg_odometry.h
[1.302s] -- Up-to-date: /home/nvidia/acfly_ws/install/mavlink/include/mavlink/v2.0/common/mavlink_msg_flight_information.h
[1.303s] -- Up-to-date: /home/nvidia/acfly_ws/install/mavlink/include/mavlink/v2.0/common/mavlink_msg_request_event.hpp
[1.303s] -- Up-to-date: /home/nvidia/acfly_ws/install/mavlink/include/mavlink/v2.0/common/mavlink_msg_radio_status.hpp
[1.304s] -- Up-to-date: /home/nvidia/acfly_ws/install/mavlink/include/mavlink/v2.0/common/mavlink_msg_data_transmission_handshake.hpp
[1.304s] -- Up-to-date: /home/nvidia/acfly_ws/install/mavlink/include/mavlink/v2.0/common/mavlink_msg_optical_flow_rad.h
[1.304s] -- Up-to-date: /home/nvidia/acfly_ws/install/mavlink/include/mavlink/v2.0/common/mavlink_msg_hil_actuator_controls.hpp
[1.304s] -- Up-to-date: /home/nvidia/acfly_ws/install/mavlink/include/mavlink/v2.0/common/mavlink_msg_fence_status.h
[1.304s] -- Up-to-date: /home/nvidia/acfly_ws/install/mavlink/include/mavlink/v2.0/common/mavlink_msg_gps2_raw.hpp
[1.304s] -- Up-to-date: /home/nvidia/acfly_ws/install/mavlink/include/mavlink/v2.0/common/mavlink_msg_terrain_check.hpp
[1.305s] -- Up-to-date: /home/nvidia/acfly_ws/install/mavlink/include/mavlink/v2.0/common/mavlink_msg_global_position_int.h
[1.305s] -- Up-to-date: /home/nvidia/acfly_ws/install/mavlink/include/mavlink/v2.0/common/mavlink_msg_param_ext_request_list.h
[1.305s] -- Up-to-date: /home/nvidia/acfly_ws/install/mavlink/include/mavlink/v2.0/common/mavlink_msg_log_entry.hpp
[1.306s] -- Up-to-date: /home/nvidia/acfly_ws/install/mavlink/include/mavlink/v2.0/common/mavlink_msg_collision.hpp
[1.306s] -- Up-to-date: /home/nvidia/acfly_ws/install/mavlink/include/mavlink/v2.0/common/mavlink_msg_ais_vessel.hpp
[1.307s] -- Up-to-date: /home/nvidia/acfly_ws/install/mavlink/include/mavlink/v2.0/common/mavlink_msg_global_position_int.hpp
[1.307s] -- Up-to-date: /home/nvidia/acfly_ws/install/mavlink/include/mavlink/v2.0/common/mavlink_msg_camera_information.hpp
[1.307s] -- Up-to-date: /home/nvidia/acfly_ws/install/mavlink/include/mavlink/v2.0/common/mavlink_msg_gps_rtcm_data.h
[1.308s] -- Up-to-date: /home/nvidia/acfly_ws/install/mavlink/include/mavlink/v2.0/common/mavlink_msg_log_erase.hpp
[1.308s] -- Up-to-date: /home/nvidia/acfly_ws/install/mavlink/include/mavlink/v2.0/common/mavlink_msg_trajectory_representation_waypoints.hpp
[1.308s] -- Up-to-date: /home/nvidia/acfly_ws/install/mavlink/include/mavlink/v2.0/common/mavlink_msg_gps_rtk.hpp
[1.308s] -- Up-to-date: /home/nvidia/acfly_ws/install/mavlink/include/mavlink/v2.0/common/mavlink_msg_wifi_config_ap.hpp
[1.309s] -- Up-to-date: /home/nvidia/acfly_ws/install/mavlink/include/mavlink/v2.0/common/mavlink_msg_camera_settings.h
[1.309s] -- Up-to-date: /home/nvidia/acfly_ws/install/mavlink/include/mavlink/v2.0/common/mavlink_msg_home_position.h
[1.310s] -- Up-to-date: /home/nvidia/acfly_ws/install/mavlink/include/mavlink/v2.0/common/mavlink_msg_system_time.h
[1.310s] -- Up-to-date: /home/nvidia/acfly_ws/install/mavlink/include/mavlink/v2.0/common/mavlink_msg_power_status.hpp
[1.310s] -- Up-to-date: /home/nvidia/acfly_ws/install/mavlink/include/mavlink/v2.0/common/mavlink_msg_scaled_imu.hpp
[1.311s] -- Up-to-date: /home/nvidia/acfly_ws/install/mavlink/include/mavlink/v2.0/common/mavlink_msg_follow_target.hpp
[1.311s] -- Up-to-date: /home/nvidia/acfly_ws/install/mavlink/include/mavlink/v2.0/common/mavlink_msg_param_request_list.hpp
[1.311s] -- Up-to-date: /home/nvidia/acfly_ws/install/mavlink/include/mavlink/v2.0/common/mavlink_msg_open_drone_id_authentication.h
[1.311s] -- Up-to-date: /home/nvidia/acfly_ws/install/mavlink/include/mavlink/v2.0/common/mavlink_msg_open_drone_id_authentication.hpp
[1.312s] -- Up-to-date: /home/nvidia/acfly_ws/install/mavlink/include/mavlink/v2.0/common/mavlink_msg_command_long.h
[1.312s] -- Up-to-date: /home/nvidia/acfly_ws/install/mavlink/include/mavlink/v2.0/common/mavlink_msg_vfr_hud.h
[1.312s] -- Up-to-date: /home/nvidia/acfly_ws/install/mavlink/include/mavlink/v2.0/common/mavlink_msg_camera_capture_status.hpp
[1.312s] -- Up-to-date: /home/nvidia/acfly_ws/install/mavlink/include/mavlink/v2.0/common/mavlink_msg_raw_imu.hpp
[1.313s] -- Up-to-date: /home/nvidia/acfly_ws/install/mavlink/include/mavlink/v2.0/common/mavlink_msg_can_frame.hpp
[1.313s] -- Up-to-date: /home/nvidia/acfly_ws/install/mavlink/include/mavlink/v2.0/common/mavlink_msg_available_modes.hpp
[1.313s] -- Up-to-date: /home/nvidia/acfly_ws/install/mavlink/include/mavlink/v2.0/common/mavlink_msg_attitude_target.hpp
[1.313s] -- Up-to-date: /home/nvidia/acfly_ws/install/mavlink/include/mavlink/v2.0/common/mavlink_msg_gimbal_manager_set_manual_control.h
[1.313s] -- Up-to-date: /home/nvidia/acfly_ws/install/mavlink/include/mavlink/v2.0/common/mavlink_msg_param_map_rc.h
[1.313s] -- Up-to-date: /home/nvidia/acfly_ws/install/mavlink/include/mavlink/v2.0/common/mavlink_msg_video_stream_status.hpp
[1.313s] -- Up-to-date: /home/nvidia/acfly_ws/install/mavlink/include/mavlink/v2.0/common/mavlink_msg_open_drone_id_arm_status.hpp
[1.313s] -- Up-to-date: /home/nvidia/acfly_ws/install/mavlink/include/mavlink/v2.0/common/mavlink_msg_illuminator_status.hpp
[1.313s] -- Up-to-date: /home/nvidia/acfly_ws/install/mavlink/include/mavlink/v2.0/common/mavlink_msg_gps_input.hpp
[1.314s] -- Up-to-date: /home/nvidia/acfly_ws/install/mavlink/include/mavlink/v2.0/common/mavlink_msg_esc_status.h
[1.314s] -- Up-to-date: /home/nvidia/acfly_ws/install/mavlink/include/mavlink/v2.0/common/mavlink_msg_hil_controls.hpp
[1.314s] -- Up-to-date: /home/nvidia/acfly_ws/install/mavlink/include/mavlink/v2.0/common/mavlink_msg_mission_set_current.h
[1.314s] -- Up-to-date: /home/nvidia/acfly_ws/install/mavlink/include/mavlink/v2.0/common/mavlink_msg_param_value.h
[1.314s] -- Up-to-date: /home/nvidia/acfly_ws/install/mavlink/include/mavlink/v2.0/common/mavlink_msg_mission_ack.h
[1.314s] -- Up-to-date: /home/nvidia/acfly_ws/install/mavlink/include/mavlink/v2.0/common/mavlink_msg_data_stream.h
[1.314s] -- Up-to-date: /home/nvidia/acfly_ws/install/mavlink/include/mavlink/v2.0/common/mavlink_msg_gps_raw_int.hpp
[1.314s] -- Up-to-date: /home/nvidia/acfly_ws/install/mavlink/include/mavlink/v2.0/common/mavlink_msg_raw_rpm.h
[1.314s] -- Up-to-date: /home/nvidia/acfly_ws/install/mavlink/include/mavlink/v2.0/common/mavlink_msg_rc_channels_scaled.h
[1.315s] -- Up-to-date: /home/nvidia/acfly_ws/install/mavlink/include/mavlink/v2.0/common/mavlink_msg_winch_status.h
[1.316s] -- Up-to-date: /home/nvidia/acfly_ws/install/mavlink/include/mavlink/v2.0/common/mavlink_msg_open_drone_id_message_pack.h
[1.316s] -- Up-to-date: /home/nvidia/acfly_ws/install/mavlink/include/mavlink/v2.0/common/mavlink_msg_gps_global_origin.hpp
[1.316s] -- Up-to-date: /home/nvidia/acfly_ws/install/mavlink/include/mavlink/v2.0/common/mavlink_msg_gps_status.hpp
[1.316s] -- Up-to-date: /home/nvidia/acfly_ws/install/mavlink/include/mavlink/v2.0/common/mavlink_msg_adsb_vehicle.h
[1.317s] -- Up-to-date: /home/nvidia/acfly_ws/install/mavlink/include/mavlink/v2.0/common/mavlink_msg_button_change.hpp
[1.317s] -- Up-to-date: /home/nvidia/acfly_ws/install/mavlink/include/mavlink/v2.0/common/mavlink_msg_param_request_list.h
[1.317s] -- Up-to-date: /home/nvidia/acfly_ws/install/mavlink/include/mavlink/v2.0/common/mavlink_msg_camera_thermal_range.hpp
[1.317s] -- Up-to-date: /home/nvidia/acfly_ws/install/mavlink/include/mavlink/v2.0/common/mavlink_msg_named_value_float.hpp
[1.317s] -- Up-to-date: /home/nvidia/acfly_ws/install/mavlink/include/mavlink/v2.0/common/mavlink_msg_gps_status.h
[1.318s] -- Up-to-date: /home/nvidia/acfly_ws/install/mavlink/include/mavlink/v2.0/common/mavlink_msg_flight_information.hpp
[1.318s] -- Up-to-date: /home/nvidia/acfly_ws/install/mavlink/include/mavlink/v2.0/common/mavlink_msg_attitude_quaternion.hpp
[1.318s] -- Up-to-date: /home/nvidia/acfly_ws/install/mavlink/include/mavlink/v2.0/common/mavlink_msg_global_vision_position_estimate.hpp
[1.318s] -- Up-to-date: /home/nvidia/acfly_ws/install/mavlink/include/mavlink/v2.0/common/mavlink_msg_param_set.h
[1.318s] -- Up-to-date: /home/nvidia/acfly_ws/install/mavlink/include/mavlink/v2.0/common/mavlink_msg_debug.h
[1.319s] -- Up-to-date: /home/nvidia/acfly_ws/install/mavlink/include/mavlink/v2.0/common/mavlink_msg_gimbal_manager_status.hpp
[1.319s] -- Up-to-date: /home/nvidia/acfly_ws/install/mavlink/include/mavlink/v2.0/common/mavlink_msg_param_ext_ack.hpp
[1.319s] -- Up-to-date: /home/nvidia/acfly_ws/install/mavlink/include/mavlink/v2.0/common/mavlink_msg_change_operator_control_ack.h
[1.319s] -- Up-to-date: /home/nvidia/acfly_ws/install/mavlink/include/mavlink/v2.0/common/mavlink_msg_current_mode.hpp
[1.320s] -- Up-to-date: /home/nvidia/acfly_ws/install/mavlink/include/mavlink/v2.0/common/mavlink_msg_position_target_local_ned.h
[1.320s] -- Up-to-date: /home/nvidia/acfly_ws/install/mavlink/include/mavlink/v2.0/common/mavlink_msg_optical_flow_rad.hpp
[1.320s] -- Up-to-date: /home/nvidia/acfly_ws/install/mavlink/include/mavlink/v2.0/common/mavlink_msg_available_modes.h
[1.320s] -- Up-to-date: /home/nvidia/acfly_ws/install/mavlink/include/mavlink/v2.0/common/mavlink_msg_mission_item.hpp
[1.320s] -- Up-to-date: /home/nvidia/acfly_ws/install/mavlink/include/mavlink/v2.0/common/mavlink_msg_canfd_frame.h
[1.321s] -- Up-to-date: /home/nvidia/acfly_ws/install/mavlink/include/mavlink/v2.0/common/testsuite.h
[1.321s] -- Up-to-date: /home/nvidia/acfly_ws/install/mavlink/include/mavlink/v2.0/common/mavlink_msg_param_set.hpp
[1.321s] -- Up-to-date: /home/nvidia/acfly_ws/install/mavlink/include/mavlink/v2.0/common/mavlink_msg_rc_channels_raw.hpp
[1.321s] -- Up-to-date: /home/nvidia/acfly_ws/install/mavlink/include/mavlink/v2.0/common/mavlink_msg_camera_fov_status.h
[1.322s] -- Up-to-date: /home/nvidia/acfly_ws/install/mavlink/include/mavlink/v2.0/common/mavlink_msg_camera_settings.hpp
[1.322s] -- Up-to-date: /home/nvidia/acfly_ws/install/mavlink/include/mavlink/v2.0/common/mavlink_msg_set_actuator_control_target.h
[1.322s] -- Up-to-date: /home/nvidia/acfly_ws/install/mavlink/include/mavlink/v2.0/common/mavlink_msg_orbit_execution_status.hpp
[1.322s] -- Up-to-date: /home/nvidia/acfly_ws/install/mavlink/include/mavlink/v2.0/common/mavlink_msg_system_time.hpp
[1.322s] -- Up-to-date: /home/nvidia/acfly_ws/install/mavlink/include/mavlink/v2.0/common/mavlink_msg_fuel_status.hpp
[1.322s] -- Up-to-date: /home/nvidia/acfly_ws/install/mavlink/include/mavlink/v2.0/common/mavlink_msg_log_request_end.hpp
[1.322s] -- Up-to-date: /home/nvidia/acfly_ws/install/mavlink/include/mavlink/v2.0/common/mavlink_msg_control_system_state.h
[1.323s] -- Up-to-date: /home/nvidia/acfly_ws/install/mavlink/include/mavlink/v2.0/common/mavlink_msg_mission_set_current.hpp
[1.323s] -- Up-to-date: /home/nvidia/acfly_ws/install/mavlink/include/mavlink/v2.0/common/mavlink_msg_hil_gps.h
[1.323s] -- Up-to-date: /home/nvidia/acfly_ws/install/mavlink/include/mavlink/v2.0/common/mavlink_msg_can_filter_modify.h
[1.323s] -- Up-to-date: /home/nvidia/acfly_ws/install/mavlink/include/mavlink/v2.0/common/mavlink_msg_manual_setpoint.hpp
[1.323s] -- Up-to-date: /home/nvidia/acfly_ws/install/mavlink/include/mavlink/v2.0/common/mavlink_msg_estimator_status.hpp
[1.324s] -- Up-to-date: /home/nvidia/acfly_ws/install/mavlink/include/mavlink/v2.0/common/mavlink_msg_position_target_global_int.hpp
[1.324s] -- Up-to-date: /home/nvidia/acfly_ws/install/mavlink/include/mavlink/v2.0/common/mavlink_msg_distance_sensor.hpp
[1.324s] -- Up-to-date: /home/nvidia/acfly_ws/install/mavlink/include/mavlink/v2.0/common/mavlink_msg_global_position_int_cov.h
[1.324s] -- Up-to-date: /home/nvidia/acfly_ws/install/mavlink/include/mavlink/v2.0/common/mavlink_msg_manual_setpoint.h
[1.325s] -- Up-to-date: /home/nvidia/acfly_ws/install/mavlink/include/mavlink/v2.0/common/mavlink_msg_play_tune_v2.h
[1.325s] -- Up-to-date: /home/nvidia/acfly_ws/install/mavlink/include/mavlink/v2.0/common/mavlink_msg_trajectory_representation_bezier.hpp
[1.325s] -- Up-to-date: /home/nvidia/acfly_ws/install/mavlink/include/mavlink/v2.0/common/mavlink_msg_vision_speed_estimate.hpp
[1.326s] -- Up-to-date: /home/nvidia/acfly_ws/install/mavlink/include/mavlink/v2.0/common/mavlink_msg_scaled_pressure2.h
[1.326s] -- Up-to-date: /home/nvidia/acfly_ws/install/mavlink/include/mavlink/v2.0/common/mavlink_msg_open_drone_id_operator_id.hpp
[1.326s] -- Up-to-date: /home/nvidia/acfly_ws/install/mavlink/include/mavlink/v2.0/common/mavlink_msg_named_value_float.h
[1.326s] -- Up-to-date: /home/nvidia/acfly_ws/install/mavlink/include/mavlink/v2.0/common/mavlink_msg_follow_target.h
[1.326s] -- Up-to-date: /home/nvidia/acfly_ws/install/mavlink/include/mavlink/v2.0/common/mavlink_msg_mission_item_reached.h
[1.327s] -- Up-to-date: /home/nvidia/acfly_ws/install/mavlink/include/mavlink/v2.0/common/mavlink_msg_highres_imu.hpp
[1.327s] -- Up-to-date: /home/nvidia/acfly_ws/install/mavlink/include/mavlink/v2.0/common/mavlink_msg_data_stream.hpp
[1.328s] -- Up-to-date: /home/nvidia/acfly_ws/install/mavlink/include/mavlink/v2.0/common/mavlink_msg_vision_speed_estimate.h
[1.329s] -- Up-to-date: /home/nvidia/acfly_ws/install/mavlink/include/mavlink/v2.0/common/mavlink_msg_timesync.hpp
[1.329s] -- Up-to-date: /home/nvidia/acfly_ws/install/mavlink/include/mavlink/v2.0/common/mavlink_msg_log_request_list.h
[1.330s] -- Up-to-date: /home/nvidia/acfly_ws/install/mavlink/include/mavlink/v2.0/common/mavlink_msg_tunnel.hpp
[1.330s] -- Up-to-date: /home/nvidia/acfly_ws/install/mavlink/include/mavlink/v2.0/common/mavlink_msg_open_drone_id_system_update.hpp
[1.330s] -- Up-to-date: /home/nvidia/acfly_ws/install/mavlink/include/mavlink/v2.0/common/mavlink_msg_component_information.hpp
[1.330s] -- Up-to-date: /home/nvidia/acfly_ws/install/mavlink/include/mavlink/v2.0/common/mavlink_msg_open_drone_id_operator_id.h
[1.330s] -- Up-to-date: /home/nvidia/acfly_ws/install/mavlink/include/mavlink/v2.0/common/mavlink_msg_vision_position_estimate.h
[1.340s] -- Up-to-date: /home/nvidia/acfly_ws/install/mavlink/include/mavlink/v2.0/common/mavlink_msg_highres_imu.h
[1.341s] -- Up-to-date: /home/nvidia/acfly_ws/install/mavlink/include/mavlink/v2.0/common/mavlink_msg_rc_channels.hpp
[1.341s] -- Up-to-date: /home/nvidia/acfly_ws/install/mavlink/include/mavlink/v2.0/common/mavlink_msg_manual_control.h
[1.341s] -- Up-to-date: /home/nvidia/acfly_ws/install/mavlink/include/mavlink/v2.0/common/mavlink_msg_estimator_status.h
[1.341s] -- Up-to-date: /home/nvidia/acfly_ws/install/mavlink/include/mavlink/v2.0/common/mavlink_msg_set_mode.hpp
[1.341s] -- Up-to-date: /home/nvidia/acfly_ws/install/mavlink/include/mavlink/v2.0/common/mavlink_msg_debug_float_array.h
[1.341s] -- Up-to-date: /home/nvidia/acfly_ws/install/mavlink/include/mavlink/v2.0/common/mavlink_msg_landing_target.hpp
[1.341s] -- Up-to-date: /home/nvidia/acfly_ws/install/mavlink/include/mavlink/v2.0/common/mavlink_msg_gps_rtcm_data.hpp
[1.341s] -- Up-to-date: /home/nvidia/acfly_ws/install/mavlink/include/mavlink/v2.0/common/mavlink_msg_att_pos_mocap.hpp
[1.342s] -- Up-to-date: /home/nvidia/acfly_ws/install/mavlink/include/mavlink/v2.0/common/mavlink_msg_open_drone_id_self_id.h
[1.342s] -- Up-to-date: /home/nvidia/acfly_ws/install/mavlink/include/mavlink/v2.0/common/mavlink_msg_uavcan_node_info.h
[1.342s] -- Up-to-date: /home/nvidia/acfly_ws/install/mavlink/include/mavlink/v2.0/common/mavlink_msg_vicon_position_estimate.hpp
[1.342s] -- Up-to-date: /home/nvidia/acfly_ws/install/mavlink/include/mavlink/v2.0/common/mavlink_msg_local_position_ned.hpp
[1.342s] -- Up-to-date: /home/nvidia/acfly_ws/install/mavlink/include/mavlink/v2.0/common/mavlink_msg_camera_tracking_image_status.hpp
[1.342s] -- Up-to-date: /home/nvidia/acfly_ws/install/mavlink/include/mavlink/v2.0/common/mavlink_msg_isbd_link_status.h
[1.342s] -- Up-to-date: /home/nvidia/acfly_ws/install/mavlink/include/mavlink/v2.0/common/mavlink_msg_illuminator_status.h
[1.342s] -- Up-to-date: /home/nvidia/acfly_ws/install/mavlink/include/mavlink/v2.0/common/mavlink_msg_hil_rc_inputs_raw.h
[1.342s] -- Up-to-date: /home/nvidia/acfly_ws/install/mavlink/include/mavlink/v2.0/common/mavlink_msg_actuator_output_status.hpp
[1.342s] -- Up-to-date: /home/nvidia/acfly_ws/install/mavlink/include/mavlink/v2.0/common/mavlink_msg_mission_item.h
[1.343s] -- Up-to-date: /home/nvidia/acfly_ws/install/mavlink/include/mavlink/v2.0/common/mavlink_msg_debug_vect.h
[1.343s] -- Up-to-date: /home/nvidia/acfly_ws/install/mavlink/include/mavlink/v2.0/common/mavlink_msg_attitude_quaternion.h
[1.343s] -- Up-to-date: /home/nvidia/acfly_ws/install/mavlink/include/mavlink/v2.0/common/mavlink_msg_hil_optical_flow.hpp
[1.343s] -- Up-to-date: /home/nvidia/acfly_ws/install/mavlink/include/mavlink/v2.0/common/mavlink_msg_change_operator_control.h
[1.343s] -- Up-to-date: /home/nvidia/acfly_ws/install/mavlink/include/mavlink/v2.0/common/mavlink_msg_open_drone_id_system.hpp
[1.343s] -- Up-to-date: /home/nvidia/acfly_ws/install/mavlink/include/mavlink/v2.0/common/mavlink_msg_esc_info.hpp
[1.343s] -- Up-to-date: /home/nvidia/acfly_ws/install/mavlink/include/mavlink/v2.0/common/mavlink_msg_change_operator_control_ack.hpp
[1.343s] -- Up-to-date: /home/nvidia/acfly_ws/install/mavlink/include/mavlink/v2.0/common/mavlink_msg_safety_allowed_area.hpp
[1.343s] -- Up-to-date: /home/nvidia/acfly_ws/install/mavlink/include/mavlink/v2.0/common/mavlink_msg_wifi_config_ap.h
[1.350s] -- Up-to-date: /home/nvidia/acfly_ws/install/mavlink/include/mavlink/v2.0/common/mavlink_msg_logging_data.hpp
[1.350s] -- Up-to-date: /home/nvidia/acfly_ws/install/mavlink/include/mavlink/v2.0/common/mavlink_msg_mission_item_int.hpp
[1.350s] -- Up-to-date: /home/nvidia/acfly_ws/install/mavlink/include/mavlink/v2.0/common/mavlink_msg_request_event.h
[1.350s] -- Up-to-date: /home/nvidia/acfly_ws/install/mavlink/include/mavlink/v2.0/common/mavlink_msg_radio_status.h
[1.351s] -- Up-to-date: /home/nvidia/acfly_ws/install/mavlink/include/mavlink/v2.0/common/mavlink_msg_sim_state.hpp
[1.351s] -- Up-to-date: /home/nvidia/acfly_ws/install/mavlink/include/mavlink/v2.0/common/mavlink_msg_ais_vessel.h
[1.351s] -- Up-to-date: /home/nvidia/acfly_ws/install/mavlink/include/mavlink/v2.0/common/mavlink_msg_mission_request_list.h
[1.351s] -- Up-to-date: /home/nvidia/acfly_ws/install/mavlink/include/mavlink/v2.0/common/mavlink_msg_gps2_rtk.h
[1.351s] -- Up-to-date: /home/nvidia/acfly_ws/install/mavlink/include/mavlink/v2.0/common/mavlink_msg_hil_actuator_controls.h
[1.351s] -- Up-to-date: /home/nvidia/acfly_ws/install/mavlink/include/mavlink/v2.0/common/mavlink_msg_set_mode.h
[1.351s] -- Up-to-date: /home/nvidia/acfly_ws/install/mavlink/include/mavlink/v2.0/common/mavlink_msg_rc_channels_scaled.hpp
[1.351s] -- Up-to-date: /home/nvidia/acfly_ws/install/mavlink/include/mavlink/v2.0/common/mavlink_msg_debug.hpp
[1.351s] -- Up-to-date: /home/nvidia/acfly_ws/install/mavlink/include/mavlink/v2.0/common/mavlink_msg_attitude_quaternion_cov.hpp
[1.351s] -- Up-to-date: /home/nvidia/acfly_ws/install/mavlink/include/mavlink/v2.0/common/mavlink_msg_request_data_stream.hpp
[1.352s] -- Up-to-date: /home/nvidia/acfly_ws/install/mavlink/include/mavlink/v2.0/common/mavlink_msg_servo_output_raw.hpp
[1.352s] -- Up-to-date: /home/nvidia/acfly_ws/install/mavlink/include/mavlink/v2.0/common/mavlink_msg_param_ext_request_list.hpp
[1.352s] -- Up-to-date: /home/nvidia/acfly_ws/install/mavlink/include/mavlink/v2.0/common/mavlink_msg_open_drone_id_basic_id.h
[1.352s] -- Up-to-date: /home/nvidia/acfly_ws/install/mavlink/include/mavlink/v2.0/common/mavlink_msg_event.h
[1.352s] -- Up-to-date: /home/nvidia/acfly_ws/install/mavlink/include/mavlink/v2.0/common/mavlink_msg_gimbal_device_information.h
[1.352s] -- Up-to-date: /home/nvidia/acfly_ws/install/mavlink/include/mavlink/v2.0/common/mavlink_msg_scaled_imu.h
[1.352s] -- Up-to-date: /home/nvidia/acfly_ws/install/mavlink/include/mavlink/v2.0/common/mavlink_msg_response_event_error.hpp
[1.352s] -- Up-to-date: /home/nvidia/acfly_ws/install/mavlink/include/mavlink/v2.0/common/mavlink_msg_hil_state.hpp
[1.352s] -- Up-to-date: /home/nvidia/acfly_ws/install/mavlink/include/mavlink/v2.0/common/mavlink_msg_storage_information.hpp
[1.352s] -- Up-to-date: /home/nvidia/acfly_ws/install/mavlink/include/mavlink/v2.0/common/mavlink_msg_gps2_raw.h
[1.353s] -- Up-to-date: /home/nvidia/acfly_ws/install/mavlink/include/mavlink/v2.0/common/mavlink_msg_autopilot_state_for_gimbal_device.hpp
[1.353s] -- Up-to-date: /home/nvidia/acfly_ws/install/mavlink/include/mavlink/v2.0/common/mavlink_msg_param_map_rc.hpp
[1.353s] -- Up-to-date: /home/nvidia/acfly_ws/install/mavlink/include/mavlink/v2.0/common/mavlink_msg_response_event_error.h
[1.353s] -- Up-to-date: /home/nvidia/acfly_ws/install/mavlink/include/mavlink/v2.0/common/mavlink_msg_battery_status.h
[1.353s] -- Up-to-date: /home/nvidia/acfly_ws/install/mavlink/include/mavlink/v2.0/common/mavlink_msg_mission_write_partial_list.h
[1.353s] -- Up-to-date: /home/nvidia/acfly_ws/install/mavlink/include/mavlink/v2.0/common/mavlink_msg_resource_request.h
[1.353s] -- Up-to-date: /home/nvidia/acfly_ws/install/mavlink/include/mavlink/v2.0/common/mavlink_msg_mission_count.hpp
[1.353s] -- Up-to-date: /home/nvidia/acfly_ws/install/mavlink/include/mavlink/v2.0/common/mavlink_msg_home_position.hpp
[1.353s] -- Up-to-date: /home/nvidia/acfly_ws/install/mavlink/include/mavlink/v2.0/common/mavlink_msg_camera_tracking_geo_status.hpp
[1.353s] -- Up-to-date: /home/nvidia/acfly_ws/install/mavlink/include/mavlink/v2.0/common/mavlink_msg_vibration.hpp
[1.354s] -- Up-to-date: /home/nvidia/acfly_ws/install/mavlink/include/mavlink/v2.0/common/mavlink_msg_param_ext_set.hpp
[1.354s] -- Up-to-date: /home/nvidia/acfly_ws/install/mavlink/include/mavlink/v2.0/common/mavlink_msg_mission_write_partial_list.hpp
[1.354s] -- Up-to-date: /home/nvidia/acfly_ws/install/mavlink/include/mavlink/v2.0/common/mavlink_msg_named_value_int.h
[1.354s] -- Up-to-date: /home/nvidia/acfly_ws/install/mavlink/include/mavlink/v2.0/common/mavlink_msg_att_pos_mocap.h
[1.354s] -- Up-to-date: /home/nvidia/acfly_ws/install/mavlink/include/mavlink/v2.0/common/mavlink_msg_video_stream_information.h
[1.354s] -- Up-to-date: /home/nvidia/acfly_ws/install/mavlink/include/mavlink/v2.0/common/mavlink_msg_gps_raw_int.h
[1.354s] -- Up-to-date: /home/nvidia/acfly_ws/install/mavlink/include/mavlink/v2.0/common/mavlink_msg_mission_current.h
[1.354s] -- Up-to-date: /home/nvidia/acfly_ws/install/mavlink/include/mavlink/v2.0/common/mavlink_msg_wind_cov.hpp
[1.354s] -- Up-to-date: /home/nvidia/acfly_ws/install/mavlink/include/mavlink/v2.0/common/mavlink_msg_mission_current.hpp
[1.354s] -- Up-to-date: /home/nvidia/acfly_ws/install/mavlink/include/mavlink/v2.0/common/mavlink_msg_scaled_imu2.hpp
[1.354s] -- Up-to-date: /home/nvidia/acfly_ws/install/mavlink/include/mavlink/v2.0/common/mavlink_msg_encapsulated_data.h
[1.355s] -- Up-to-date: /home/nvidia/acfly_ws/install/mavlink/include/mavlink/v2.0/common/mavlink_msg_ping.h
[1.355s] -- Up-to-date: /home/nvidia/acfly_ws/install/mavlink/include/mavlink/v2.0/common/mavlink_msg_logging_data_acked.h
[1.355s] -- Up-to-date: /home/nvidia/acfly_ws/install/mavlink/include/mavlink/v2.0/common/mavlink_msg_scaled_pressure3.h
[1.355s] -- Up-to-date: /home/nvidia/acfly_ws/install/mavlink/include/mavlink/v2.0/common/mavlink_msg_canfd_frame.hpp
[1.355s] -- Up-to-date: /home/nvidia/acfly_ws/install/mavlink/include/mavlink/v2.0/common/mavlink_msg_uavcan_node_status.h
[1.355s] -- Up-to-date: /home/nvidia/acfly_ws/install/mavlink/include/mavlink/v2.0/common/mavlink_msg_obstacle_distance.hpp
[1.355s] -- Up-to-date: /home/nvidia/acfly_ws/install/mavlink/include/mavlink/v2.0/common/mavlink_msg_gimbal_device_attitude_status.h
[1.355s] -- Up-to-date: /home/nvidia/acfly_ws/install/mavlink/include/mavlink/v2.0/common/mavlink_msg_safety_set_allowed_area.hpp
[1.355s] -- Up-to-date: /home/nvidia/acfly_ws/install/mavlink/include/mavlink/v2.0/common/mavlink_msg_vfr_hud.hpp
[1.355s] -- Up-to-date: /home/nvidia/acfly_ws/install/mavlink/include/mavlink/v2.0/common/mavlink_msg_camera_trigger.hpp
[1.356s] -- Up-to-date: /home/nvidia/acfly_ws/install/mavlink/include/mavlink/v2.0/common/mavlink_msg_rc_channels.h
[1.356s] -- Up-to-date: /home/nvidia/acfly_ws/install/mavlink/include/mavlink/v2.0/common/mavlink_msg_gimbal_manager_information.h
[1.356s] -- Up-to-date: /home/nvidia/acfly_ws/install/mavlink/include/mavlink/v2.0/common/mavlink_msg_log_entry.h
[1.356s] -- Up-to-date: /home/nvidia/acfly_ws/install/mavlink/include/mavlink/v2.0/common/mavlink_msg_battery_info.h
[1.356s] -- Up-to-date: /home/nvidia/acfly_ws/install/mavlink/include/mavlink/v2.0/common/mavlink_msg_raw_imu.h
[1.356s] -- Up-to-date: /home/nvidia/acfly_ws/install/mavlink/include/mavlink/v2.0/common/mavlink_msg_scaled_pressure.hpp
[1.356s] -- Up-to-date: /home/nvidia/acfly_ws/install/mavlink/include/mavlink/v2.0/common/mavlink_msg_wind_cov.h
[1.356s] -- Up-to-date: /home/nvidia/acfly_ws/install/mavlink/include/mavlink/v2.0/common/mavlink_msg_servo_output_raw.h
[1.356s] -- Up-to-date: /home/nvidia/acfly_ws/install/mavlink/include/mavlink/v2.0/common/mavlink_msg_gimbal_manager_set_pitchyaw.hpp
[1.356s] -- Up-to-date: /home/nvidia/acfly_ws/install/mavlink/include/mavlink/v2.0/common/mavlink_msg_orbit_execution_status.h
[1.357s] -- Up-to-date: /home/nvidia/acfly_ws/install/mavlink/include/mavlink/v2.0/common/mavlink_msg_memory_vect.hpp
[1.357s] -- Up-to-date: /home/nvidia/acfly_ws/install/mavlink/include/mavlink/v2.0/common/mavlink_msg_logging_ack.hpp
[1.357s] -- Up-to-date: /home/nvidia/acfly_ws/install/mavlink/include/mavlink/v2.0/common/mavlink_msg_cellular_config.h
[1.357s] -- Up-to-date: /home/nvidia/acfly_ws/install/mavlink/include/mavlink/v2.0/common/mavlink_msg_hil_state_quaternion.hpp
[1.357s] -- Up-to-date: /home/nvidia/acfly_ws/install/mavlink/include/mavlink/v2.0/common/mavlink_msg_supported_tunes.hpp
[1.357s] -- Up-to-date: /home/nvidia/acfly_ws/install/mavlink/include/mavlink/v2.0/common/mavlink_msg_video_stream_status.h
[1.357s] -- Up-to-date: /home/nvidia/acfly_ws/install/mavlink/include/mavlink/v2.0/common/mavlink_msg_scaled_imu3.h
[1.357s] -- Up-to-date: /home/nvidia/acfly_ws/install/mavlink/include/mavlink/v2.0/common/mavlink_msg_command_cancel.h
[1.357s] -- Up-to-date: /home/nvidia/acfly_ws/install/mavlink/include/mavlink/v2.0/common/mavlink_msg_log_request_end.h
[1.357s] -- Up-to-date: /home/nvidia/acfly_ws/install/mavlink/include/mavlink/v2.0/common/mavlink_msg_message_interval.hpp
[1.358s] -- Up-to-date: /home/nvidia/acfly_ws/install/mavlink/include/mavlink/v2.0/common/mavlink.h
[1.358s] -- Up-to-date: /home/nvidia/acfly_ws/install/mavlink/include/mavlink/v2.0/common/mavlink_msg_hil_sensor.hpp
[1.358s] -- Up-to-date: /home/nvidia/acfly_ws/install/mavlink/include/mavlink/v2.0/common/mavlink_msg_odometry.hpp
[1.358s] -- Up-to-date: /home/nvidia/acfly_ws/install/mavlink/include/mavlink/v2.0/common/mavlink_msg_mission_request_int.hpp
[1.358s] -- Up-to-date: /home/nvidia/acfly_ws/install/mavlink/include/mavlink/v2.0/common/mavlink_msg_logging_data.h
[1.358s] -- Up-to-date: /home/nvidia/acfly_ws/install/mavlink/include/mavlink/v2.0/common/mavlink_msg_global_position_int_cov.hpp
[1.358s] -- Up-to-date: /home/nvidia/acfly_ws/install/mavlink/include/mavlink/v2.0/common/mavlink_msg_supported_tunes.h
[1.358s] -- Up-to-date: /home/nvidia/acfly_ws/install/mavlink/include/mavlink/v2.0/common/mavlink_msg_open_drone_id_system_update.h
[1.358s] -- Up-to-date: /home/nvidia/acfly_ws/install/mavlink/include/mavlink/v2.0/common/mavlink_msg_high_latency2.hpp
[1.358s] -- Up-to-date: /home/nvidia/acfly_ws/install/mavlink/include/mavlink/v2.0/common/mavlink_msg_set_attitude_target.h
[1.358s] -- Up-to-date: /home/nvidia/acfly_ws/install/mavlink/include/mavlink/v2.0/common/mavlink_msg_set_position_target_global_int.h
[1.359s] -- Up-to-date: /home/nvidia/acfly_ws/install/mavlink/include/mavlink/v2.0/common/mavlink_msg_gimbal_device_set_attitude.hpp
[1.359s] -- Up-to-date: /home/nvidia/acfly_ws/install/mavlink/include/mavlink/v2.0/common/mavlink_msg_battery_status.hpp
[1.359s] -- Up-to-date: /home/nvidia/acfly_ws/install/mavlink/include/mavlink/v2.0/common/mavlink_msg_attitude.hpp
[1.359s] -- Up-to-date: /home/nvidia/acfly_ws/install/mavlink/include/mavlink/v2.0/common/mavlink_msg_wheel_distance.hpp
[1.359s] -- Up-to-date: /home/nvidia/acfly_ws/install/mavlink/include/mavlink/v2.0/common/mavlink_msg_utm_global_position.hpp
[1.359s] -- Up-to-date: /home/nvidia/acfly_ws/install/mavlink/include/mavlink/v2.0/common/mavlink_msg_mission_request_partial_list.h
[1.359s] -- Up-to-date: /home/nvidia/acfly_ws/install/mavlink/include/mavlink/v2.0/common/mavlink_msg_rc_channels_override.hpp
[1.359s] -- Up-to-date: /home/nvidia/acfly_ws/install/mavlink/include/mavlink/v2.0/common/common.h
[1.359s] -- Up-to-date: /home/nvidia/acfly_ws/install/mavlink/include/mavlink/v2.0/common/mavlink_msg_local_position_ned_system_global_offset.h
[1.365s] -- Up-to-date: /home/nvidia/acfly_ws/install/mavlink/include/mavlink/v2.0/common/mavlink_msg_open_drone_id_location.hpp
[1.365s] -- Up-to-date: /home/nvidia/acfly_ws/install/mavlink/include/mavlink/v2.0/common/mavlink_msg_file_transfer_protocol.hpp
[1.366s] -- Up-to-date: /home/nvidia/acfly_ws/install/mavlink/include/mavlink/v2.0/common/mavlink_msg_local_position_ned_cov.hpp
[1.366s] -- Up-to-date: /home/nvidia/acfly_ws/install/mavlink/include/mavlink/v2.0/common/mavlink_msg_logging_ack.h
[1.366s] -- Up-to-date: /home/nvidia/acfly_ws/install/mavlink/include/mavlink/v2.0/common/mavlink_msg_timesync.h
[1.366s] -- Up-to-date: /home/nvidia/acfly_ws/install/mavlink/include/mavlink/v2.0/common/mavlink_msg_local_position_ned.h
[1.366s] -- Up-to-date: /home/nvidia/acfly_ws/install/mavlink/include/mavlink/v2.0/common/mavlink_msg_link_node_status.h
[1.366s] -- Up-to-date: /home/nvidia/acfly_ws/install/mavlink/include/mavlink/v2.0/common/mavlink_msg_camera_image_captured.h
[1.366s] -- Up-to-date: /home/nvidia/acfly_ws/install/mavlink/include/mavlink/v2.0/common/mavlink_msg_mag_cal_report.h
[1.366s] -- Up-to-date: /home/nvidia/acfly_ws/install/mavlink/include/mavlink/v2.0/common/mavlink_msg_obstacle_distance.h
[1.366s] -- Up-to-date: /home/nvidia/acfly_ws/install/mavlink/include/mavlink/v2.0/common/mavlink_msg_attitude_quaternion_cov.h
[1.367s] -- Up-to-date: /home/nvidia/acfly_ws/install/mavlink/include/mavlink/v2.0/common/mavlink_msg_raw_pressure.hpp
[1.367s] -- Up-to-date: /home/nvidia/acfly_ws/install/mavlink/include/mavlink/v2.0/common/mavlink_msg_scaled_imu2.h
[1.367s] -- Up-to-date: /home/nvidia/acfly_ws/install/mavlink/include/mavlink/v2.0/common/mavlink_msg_tunnel.h
[1.367s] -- Up-to-date: /home/nvidia/acfly_ws/install/mavlink/include/mavlink/v2.0/common/mavlink_msg_camera_tracking_image_status.h
[1.367s] -- Up-to-date: /home/nvidia/acfly_ws/install/mavlink/include/mavlink/v2.0/common/mavlink_msg_current_event_sequence.h
[1.367s] -- Up-to-date: /home/nvidia/acfly_ws/install/mavlink/include/mavlink/v2.0/common/mavlink_msg_param_ext_request_read.hpp
[1.367s] -- Up-to-date: /home/nvidia/acfly_ws/install/mavlink/include/mavlink/v2.0/common/mavlink_msg_onboard_computer_status.hpp
[1.367s] -- Up-to-date: /home/nvidia/acfly_ws/install/mavlink/include/mavlink/v2.0/common/mavlink_msg_log_request_data.h
[1.367s] -- Up-to-date: /home/nvidia/acfly_ws/install/mavlink/include/mavlink/v2.0/common/mavlink_msg_resource_request.hpp
[1.368s] -- Up-to-date: /home/nvidia/acfly_ws/install/mavlink/include/mavlink/v2.0/common/mavlink_msg_log_data.h
[1.371s] -- Up-to-date: /home/nvidia/acfly_ws/install/mavlink/include/mavlink/v2.0/common/mavlink_msg_set_position_target_global_int.hpp
[1.376s] -- Up-to-date: /home/nvidia/acfly_ws/install/mavlink/include/mavlink/v2.0/common/mavlink_msg_command_int.hpp
[1.376s] -- Up-to-date: /home/nvidia/acfly_ws/install/mavlink/include/mavlink/v2.0/common/mavlink_msg_generator_status.h
[1.376s] -- Up-to-date: /home/nvidia/acfly_ws/install/mavlink/include/mavlink/v2.0/common/mavlink_msg_actuator_control_target.hpp
[1.376s] -- Up-to-date: /home/nvidia/acfly_ws/install/mavlink/include/mavlink/v2.0/common/mavlink_msg_statustext.hpp
[1.376s] -- Up-to-date: /home/nvidia/acfly_ws/install/mavlink/include/mavlink/v2.0/common/mavlink_msg_position_target_local_ned.hpp
[1.377s] -- Up-to-date: /home/nvidia/acfly_ws/install/mavlink/include/mavlink/v2.0/common/version.h
[1.377s] -- Up-to-date: /home/nvidia/acfly_ws/install/mavlink/include/mavlink/v2.0/common/mavlink_msg_hygrometer_sensor.hpp
[1.377s] -- Up-to-date: /home/nvidia/acfly_ws/install/mavlink/include/mavlink/v2.0/common/mavlink_msg_uavcan_node_status.hpp
[1.377s] -- Up-to-date: /home/nvidia/acfly_ws/install/mavlink/include/mavlink/v2.0/common/mavlink_msg_available_modes_monitor.hpp
[1.377s] -- Up-to-date: /home/nvidia/acfly_ws/install/mavlink/include/mavlink/v2.0/common/mavlink_msg_gps_rtk.h
[1.377s] -- Up-to-date: /home/nvidia/acfly_ws/install/mavlink/include/mavlink/v2.0/common/mavlink_msg_camera_information.h
[1.377s] -- Up-to-date: /home/nvidia/acfly_ws/install/mavlink/include/mavlink/v2.0/common/mavlink_msg_gps_global_origin.h
[1.377s] -- Up-to-date: /home/nvidia/acfly_ws/install/mavlink/include/mavlink/v2.0/common/mavlink_msg_esc_info.h
[1.377s] -- Up-to-date: /home/nvidia/acfly_ws/install/mavlink/include/mavlink/v2.0/common/mavlink_msg_component_metadata.hpp
[1.378s] -- Up-to-date: /home/nvidia/acfly_ws/install/mavlink/include/mavlink/v2.0/common/mavlink_msg_mission_clear_all.h
[1.378s] -- Up-to-date: /home/nvidia/acfly_ws/install/mavlink/include/mavlink/v2.0/common/mavlink_msg_nav_controller_output.hpp
[1.378s] -- Up-to-date: /home/nvidia/acfly_ws/install/mavlink/include/mavlink/v2.0/common/mavlink_msg_current_mode.h
[1.378s] -- Up-to-date: /home/nvidia/acfly_ws/install/mavlink/include/mavlink/v2.0/common/mavlink_msg_mission_item_int.h
[1.378s] -- Up-to-date: /home/nvidia/acfly_ws/install/mavlink/include/mavlink/v2.0/common/mavlink_msg_set_position_target_local_ned.h
[1.378s] -- Up-to-date: /home/nvidia/acfly_ws/install/mavlink/include/mavlink/v2.0/common/mavlink_msg_distance_sensor.h
[1.378s] -- Up-to-date: /home/nvidia/acfly_ws/install/mavlink/include/mavlink/v2.0/common/mavlink_msg_component_metadata.h
[1.378s] -- Up-to-date: /home/nvidia/acfly_ws/install/mavlink/include/mavlink/v2.0/common/mavlink_msg_command_ack.h
[1.378s] -- Up-to-date: /home/nvidia/acfly_ws/install/mavlink/include/mavlink/v2.0/common/mavlink_msg_setup_signing.h
[1.379s] -- Up-to-date: /home/nvidia/acfly_ws/install/mavlink/include/mavlink/v2.0/common/mavlink_msg_mission_request_list.hpp
[1.379s] -- Up-to-date: /home/nvidia/acfly_ws/install/mavlink/include/mavlink/v2.0/common/mavlink_msg_request_data_stream.h
[1.379s] -- Up-to-date: /home/nvidia/acfly_ws/install/mavlink/include/mavlink/v2.0/common/mavlink_msg_sys_status.hpp
[1.379s] -- Up-to-date: /home/nvidia/acfly_ws/install/mavlink/include/mavlink/v2.0/common/mavlink_msg_log_data.hpp
[1.379s] -- Up-to-date: /home/nvidia/acfly_ws/install/mavlink/include/mavlink/v2.0/common/gtestsuite.hpp
[1.379s] -- Up-to-date: /home/nvidia/acfly_ws/install/mavlink/include/mavlink/v2.0/common/mavlink_msg_safety_set_allowed_area.h
[1.379s] -- Up-to-date: /home/nvidia/acfly_ws/install/mavlink/include/mavlink/v2.0/common/mavlink_msg_mission_request_partial_list.hpp
[1.379s] -- Up-to-date: /home/nvidia/acfly_ws/install/mavlink/include/mavlink/v2.0/common/mavlink_msg_open_drone_id_message_pack.hpp
[1.379s] -- Up-to-date: /home/nvidia/acfly_ws/install/mavlink/include/mavlink/v2.0/common/mavlink_msg_hygrometer_sensor.h
[1.379s] -- Up-to-date: /home/nvidia/acfly_ws/install/mavlink/include/mavlink/v2.0/common/mavlink_msg_hil_state_quaternion.h
[1.380s] -- Up-to-date: /home/nvidia/acfly_ws/install/mavlink/include/mavlink/v2.0/common/mavlink_msg_mission_clear_all.hpp
[1.380s] -- Up-to-date: /home/nvidia/acfly_ws/install/mavlink/include/mavlink/v2.0/common/mavlink_msg_scaled_pressure2.hpp
[1.380s] -- Up-to-date: /home/nvidia/acfly_ws/install/mavlink/include/mavlink/v2.0/common/mavlink_msg_global_vision_position_estimate.h
[1.380s] -- Up-to-date: /home/nvidia/acfly_ws/install/mavlink/include/mavlink/v2.0/common/mavlink_msg_winch_status.hpp
[1.380s] -- Up-to-date: /home/nvidia/acfly_ws/install/mavlink/include/mavlink/v2.0/common/mavlink_msg_gps2_rtk.hpp
[1.380s] -- Up-to-date: /home/nvidia/acfly_ws/install/mavlink/include/mavlink/v2.0/common/mavlink_msg_current_event_sequence.hpp
[1.380s] -- Up-to-date: /home/nvidia/acfly_ws/install/mavlink/include/mavlink/v2.0/common/mavlink_msg_file_transfer_protocol.h
[1.380s] -- Up-to-date: /home/nvidia/acfly_ws/install/mavlink/include/mavlink/v2.0/common/mavlink_msg_safety_allowed_area.h
[1.380s] -- Up-to-date: /home/nvidia/acfly_ws/install/mavlink/include/mavlink/v2.0/common/mavlink_msg_sys_status.h
[1.381s] -- Up-to-date: /home/nvidia/acfly_ws/install/mavlink/include/mavlink/v2.0/common/mavlink_msg_debug_vect.hpp
[1.381s] -- Up-to-date: /home/nvidia/acfly_ws/install/mavlink/include/mavlink/v2.0/common/mavlink_msg_set_gps_global_origin.hpp
[1.381s] -- Up-to-date: /home/nvidia/acfly_ws/install/mavlink/include/mavlink/v2.0/common/mavlink_msg_high_latency2.h
[1.381s] -- Up-to-date: /home/nvidia/acfly_ws/install/mavlink/include/mavlink/v2.0/common/mavlink_msg_param_request_read.hpp
[1.381s] -- Up-to-date: /home/nvidia/acfly_ws/install/mavlink/include/mavlink/v2.0/common/mavlink_msg_efi_status.h
[1.381s] -- Up-to-date: /home/nvidia/acfly_ws/install/mavlink/include/mavlink/v2.0/common/mavlink_msg_ping.hpp
[1.381s] -- Up-to-date: /home/nvidia/acfly_ws/install/mavlink/include/mavlink/v2.0/common/mavlink_msg_altitude.h
[1.381s] -- Up-to-date: /home/nvidia/acfly_ws/install/mavlink/include/mavlink/v2.0/common/mavlink_msg_smart_battery_info.h
[1.381s] -- Up-to-date: /home/nvidia/acfly_ws/install/mavlink/include/mavlink/v2.0/common/mavlink_msg_trajectory_representation_bezier.h
[1.382s] -- Up-to-date: /home/nvidia/acfly_ws/install/mavlink/include/mavlink/v2.0/common/mavlink_msg_trajectory_representation_waypoints.h
[1.382s] -- Up-to-date: /home/nvidia/acfly_ws/install/mavlink/include/mavlink/v2.0/common/mavlink_msg_fence_status.hpp
[1.382s] -- Up-to-date: /home/nvidia/acfly_ws/install/mavlink/include/mavlink/v2.0/common/mavlink_msg_terrain_report.hpp
[1.382s] -- Up-to-date: /home/nvidia/acfly_ws/install/mavlink/include/mavlink/v2.0/common/mavlink_msg_gimbal_manager_set_attitude.hpp
[1.382s] -- Up-to-date: /home/nvidia/acfly_ws/install/mavlink/include/mavlink/v2.0/common/mavlink_msg_gimbal_device_attitude_status.hpp
[1.382s] -- Up-to-date: /home/nvidia/acfly_ws/install/mavlink/include/mavlink/v2.0/common/mavlink_msg_raw_rpm.hpp
[1.382s] -- Up-to-date: /home/nvidia/acfly_ws/install/mavlink/include/mavlink/v2.0/common/mavlink_msg_collision.h
[1.382s] -- Up-to-date: /home/nvidia/acfly_ws/install/mavlink/include/mavlink/v2.0/common/mavlink_msg_logging_data_acked.hpp
[1.382s] -- Up-to-date: /home/nvidia/acfly_ws/install/mavlink/include/mavlink/v2.0/common/mavlink_msg_esc_status.hpp
[1.382s] -- Up-to-date: /home/nvidia/acfly_ws/install/mavlink/include/mavlink/v2.0/common/mavlink_msg_high_latency.h
[1.383s] -- Up-to-date: /home/nvidia/acfly_ws/install/mavlink/include/mavlink/v2.0/common/mavlink_msg_optical_flow.hpp
[1.383s] -- Up-to-date: /home/nvidia/acfly_ws/install/mavlink/include/mavlink/v2.0/common/mavlink_msg_scaled_imu3.hpp
[1.383s] -- Up-to-date: /home/nvidia/acfly_ws/install/mavlink/include/mavlink/v2.0/common/mavlink_msg_video_stream_information.hpp
[1.383s] -- Up-to-date: /home/nvidia/acfly_ws/install/mavlink/include/mavlink/v2.0/common/mavlink_msg_nav_controller_output.h
[1.383s] -- Up-to-date: /home/nvidia/acfly_ws/install/mavlink/include/mavlink/v2.0/common/mavlink_msg_set_position_target_local_ned.hpp
[1.383s] -- Up-to-date: /home/nvidia/acfly_ws/install/mavlink/include/mavlink/v2.0/common/mavlink_msg_mission_item_reached.hpp
[1.383s] -- Up-to-date: /home/nvidia/acfly_ws/install/mavlink/include/mavlink/v2.0/common/mavlink_msg_utm_global_position.h
[1.383s] -- Up-to-date: /home/nvidia/acfly_ws/install/mavlink/include/mavlink/v2.0/common/mavlink_msg_generator_status.hpp
[1.383s] -- Up-to-date: /home/nvidia/acfly_ws/install/mavlink/include/mavlink/v2.0/common/mavlink_msg_vicon_position_estimate.h
[1.383s] -- Up-to-date: /home/nvidia/acfly_ws/install/mavlink/include/mavlink/v2.0/common/mavlink_msg_altitude.hpp
[1.383s] -- Up-to-date: /home/nvidia/acfly_ws/install/mavlink/include/mavlink/v2.0/common/mavlink_msg_fuel_status.h
[1.384s] -- Up-to-date: /home/nvidia/acfly_ws/install/mavlink/include/mavlink/v2.0/common/mavlink_msg_terrain_report.h
[1.384s] -- Up-to-date: /home/nvidia/acfly_ws/install/mavlink/include/mavlink/v2.0/common/mavlink_msg_mag_cal_report.hpp
[1.384s] -- Up-to-date: /home/nvidia/acfly_ws/install/mavlink/include/mavlink/v2.0/common/mavlink_msg_storage_information.h
[1.384s] -- Up-to-date: /home/nvidia/acfly_ws/install/mavlink/include/mavlink/v2.0/common/mavlink_msg_memory_vect.h
[1.384s] -- Up-to-date: /home/nvidia/acfly_ws/install/mavlink/include/mavlink/v2.0/common/mavlink_msg_power_status.h
[1.384s] -- Up-to-date: /home/nvidia/acfly_ws/install/mavlink/include/mavlink/v2.0/common/mavlink_msg_button_change.h
[1.384s] -- Up-to-date: /home/nvidia/acfly_ws/install/mavlink/include/mavlink/v2.0/common/mavlink_msg_gps_inject_data.hpp
[1.384s] -- Up-to-date: /home/nvidia/acfly_ws/install/mavlink/include/mavlink/v2.0/common/mavlink_msg_available_modes_monitor.h
[1.384s] -- Up-to-date: /home/nvidia/acfly_ws/install/mavlink/include/mavlink/v2.0/common/mavlink_msg_camera_tracking_geo_status.h
[1.384s] -- Up-to-date: /home/nvidia/acfly_ws/install/mavlink/include/mavlink/v2.0/common/mavlink_msg_encapsulated_data.hpp
[1.385s] -- Up-to-date: /home/nvidia/acfly_ws/install/mavlink/include/mavlink/v2.0/common/mavlink_msg_command_ack.hpp
[1.385s] -- Up-to-date: /home/nvidia/acfly_ws/install/mavlink/include/mavlink/v2.0/common/mavlink_msg_efi_status.hpp
[1.385s] -- Up-to-date: /home/nvidia/acfly_ws/install/mavlink/include/mavlink/v2.0/common/mavlink_msg_vision_position_estimate.hpp
[1.385s] -- Up-to-date: /home/nvidia/acfly_ws/install/mavlink/include/mavlink/v2.0/common/mavlink_msg_mount_orientation.hpp
[1.385s] -- Up-to-date: /home/nvidia/acfly_ws/install/mavlink/include/mavlink/v2.0/common/mavlink_msg_attitude_target.h
[1.385s] -- Up-to-date: /home/nvidia/acfly_ws/install/mavlink/include/mavlink/v2.0/common/mavlink_msg_position_target_global_int.h
[1.387s] -- Up-to-date: /home/nvidia/acfly_ws/install/mavlink/include/mavlink/v2.0/common/mavlink_msg_param_value.hpp
[1.388s] -- Up-to-date: /home/nvidia/acfly_ws/install/mavlink/include/mavlink/v2.0/common/mavlink_msg_component_information_basic.h
[1.388s] -- Up-to-date: /home/nvidia/acfly_ws/install/mavlink/include/mavlink/v2.0/common/mavlink_msg_mission_count.h
[1.388s] -- Up-to-date: /home/nvidia/acfly_ws/install/mavlink/include/mavlink/v2.0/common/mavlink_msg_gimbal_manager_set_attitude.h
[1.388s] -- Up-to-date: /home/nvidia/acfly_ws/install/mavlink/include/mavlink/v2.0/common/mavlink_msg_wheel_distance.h
[1.388s] -- Up-to-date: /home/nvidia/acfly_ws/install/mavlink/include/mavlink/v2.0/common/mavlink_msg_terrain_data.hpp
[1.388s] -- Up-to-date: /home/nvidia/acfly_ws/install/mavlink/include/mavlink/v2.0/test
[1.388s] -- Up-to-date: /home/nvidia/acfly_ws/install/mavlink/include/mavlink/v2.0/test/test.hpp
[1.388s] -- Up-to-date: /home/nvidia/acfly_ws/install/mavlink/include/mavlink/v2.0/test/mavlink_msg_test_types.hpp
[1.389s] -- Up-to-date: /home/nvidia/acfly_ws/install/mavlink/include/mavlink/v2.0/test/mavlink_msg_test_types.h
[1.389s] -- Up-to-date: /home/nvidia/acfly_ws/install/mavlink/include/mavlink/v2.0/test/testsuite.h
[1.389s] -- Up-to-date: /home/nvidia/acfly_ws/install/mavlink/include/mavlink/v2.0/test/test.h
[1.389s] -- Up-to-date: /home/nvidia/acfly_ws/install/mavlink/include/mavlink/v2.0/test/mavlink.h
[1.389s] -- Up-to-date: /home/nvidia/acfly_ws/install/mavlink/include/mavlink/v2.0/test/version.h
[1.389s] -- Up-to-date: /home/nvidia/acfly_ws/install/mavlink/include/mavlink/v2.0/test/gtestsuite.hpp
[1.389s] -- Up-to-date: /home/nvidia/acfly_ws/install/mavlink/include/mavlink/v2.0/uAvionix
[1.389s] -- Up-to-date: /home/nvidia/acfly_ws/install/mavlink/include/mavlink/v2.0/uAvionix/mavlink_msg_uavionix_adsb_out_dynamic.h
[1.389s] -- Up-to-date: /home/nvidia/acfly_ws/install/mavlink/include/mavlink/v2.0/uAvionix/mavlink_msg_uavionix_adsb_out_dynamic.hpp
[1.390s] -- Up-to-date: /home/nvidia/acfly_ws/install/mavlink/include/mavlink/v2.0/uAvionix/mavlink_msg_uavionix_adsb_out_cfg_flightid.hpp
[1.390s] -- Up-to-date: /home/nvidia/acfly_ws/install/mavlink/include/mavlink/v2.0/uAvionix/uAvionix.hpp
[1.390s] -- Up-to-date: /home/nvidia/acfly_ws/install/mavlink/include/mavlink/v2.0/uAvionix/uAvionix.h
[1.390s] -- Up-to-date: /home/nvidia/acfly_ws/install/mavlink/include/mavlink/v2.0/uAvionix/testsuite.h
[1.390s] -- Up-to-date: /home/nvidia/acfly_ws/install/mavlink/include/mavlink/v2.0/uAvionix/mavlink_msg_uavionix_adsb_get.h
[1.390s] -- Up-to-date: /home/nvidia/acfly_ws/install/mavlink/include/mavlink/v2.0/uAvionix/mavlink_msg_uavionix_adsb_out_status.h
[1.390s] -- Up-to-date: /home/nvidia/acfly_ws/install/mavlink/include/mavlink/v2.0/uAvionix/mavlink_msg_uavionix_adsb_out_cfg_registration.h
[1.390s] -- Up-to-date: /home/nvidia/acfly_ws/install/mavlink/include/mavlink/v2.0/uAvionix/mavlink_msg_uavionix_adsb_out_cfg_flightid.h
[1.390s] -- Up-to-date: /home/nvidia/acfly_ws/install/mavlink/include/mavlink/v2.0/uAvionix/mavlink_msg_uavionix_adsb_transceiver_health_report.hpp
[1.393s] -- Up-to-date: /home/nvidia/acfly_ws/install/mavlink/include/mavlink/v2.0/uAvionix/mavlink_msg_uavionix_adsb_out_cfg_registration.hpp
[1.394s] -- Up-to-date: /home/nvidia/acfly_ws/install/mavlink/include/mavlink/v2.0/uAvionix/mavlink.h
[1.394s] -- Up-to-date: /home/nvidia/acfly_ws/install/mavlink/include/mavlink/v2.0/uAvionix/mavlink_msg_uavionix_adsb_transceiver_health_report.h
[1.395s] -- Up-to-date: /home/nvidia/acfly_ws/install/mavlink/include/mavlink/v2.0/uAvionix/mavlink_msg_uavionix_adsb_out_cfg.hpp
[1.396s] -- Up-to-date: /home/nvidia/acfly_ws/install/mavlink/include/mavlink/v2.0/uAvionix/mavlink_msg_uavionix_adsb_out_cfg.h
[1.399s] -- Up-to-date: /home/nvidia/acfly_ws/install/mavlink/include/mavlink/v2.0/uAvionix/version.h
[1.400s] -- Up-to-date: /home/nvidia/acfly_ws/install/mavlink/include/mavlink/v2.0/uAvionix/mavlink_msg_uavionix_adsb_out_control.h
[1.401s] -- Up-to-date: /home/nvidia/acfly_ws/install/mavlink/include/mavlink/v2.0/uAvionix/gtestsuite.hpp
[1.401s] -- Up-to-date: /home/nvidia/acfly_ws/install/mavlink/include/mavlink/v2.0/uAvionix/mavlink_msg_uavionix_adsb_out_status.hpp
[1.402s] -- Up-to-date: /home/nvidia/acfly_ws/install/mavlink/include/mavlink/v2.0/uAvionix/mavlink_msg_uavionix_adsb_get.hpp
[1.403s] -- Up-to-date: /home/nvidia/acfly_ws/install/mavlink/include/mavlink/v2.0/uAvionix/mavlink_msg_uavionix_adsb_out_control.hpp
[1.403s] -- Up-to-date: /home/nvidia/acfly_ws/install/mavlink/include/mavlink/v2.0/ASLUAV
[1.403s] -- Up-to-date: /home/nvidia/acfly_ws/install/mavlink/include/mavlink/v2.0/ASLUAV/mavlink_msg_asl_obctrl.hpp
[1.403s] -- Up-to-date: /home/nvidia/acfly_ws/install/mavlink/include/mavlink/v2.0/ASLUAV/mavlink_msg_sens_mppt.hpp
[1.404s] -- Up-to-date: /home/nvidia/acfly_ws/install/mavlink/include/mavlink/v2.0/ASLUAV/mavlink_msg_aslctrl_debug.h
[1.404s] -- Up-to-date: /home/nvidia/acfly_ws/install/mavlink/include/mavlink/v2.0/ASLUAV/mavlink_msg_ekf_ext.hpp
[1.404s] -- Up-to-date: /home/nvidia/acfly_ws/install/mavlink/include/mavlink/v2.0/ASLUAV/mavlink_msg_command_int_stamped.h
[1.404s] -- Up-to-date: /home/nvidia/acfly_ws/install/mavlink/include/mavlink/v2.0/ASLUAV/mavlink_msg_aslctrl_data.hpp
[1.405s] -- Up-to-date: /home/nvidia/acfly_ws/install/mavlink/include/mavlink/v2.0/ASLUAV/mavlink_msg_asl_obctrl.h
[1.405s] -- Up-to-date: /home/nvidia/acfly_ws/install/mavlink/include/mavlink/v2.0/ASLUAV/mavlink_msg_sens_power.h
[1.406s] -- Up-to-date: /home/nvidia/acfly_ws/install/mavlink/include/mavlink/v2.0/ASLUAV/ASLUAV.h
[1.406s] -- Up-to-date: /home/nvidia/acfly_ws/install/mavlink/include/mavlink/v2.0/ASLUAV/mavlink_msg_satcom_link_status.hpp
[1.406s] -- Up-to-date: /home/nvidia/acfly_ws/install/mavlink/include/mavlink/v2.0/ASLUAV/mavlink_msg_gsm_link_status.h
[1.406s] -- Up-to-date: /home/nvidia/acfly_ws/install/mavlink/include/mavlink/v2.0/ASLUAV/mavlink_msg_sens_power_board.h
[1.407s] -- Up-to-date: /home/nvidia/acfly_ws/install/mavlink/include/mavlink/v2.0/ASLUAV/mavlink_msg_fw_soaring_data.hpp
[1.407s] -- Up-to-date: /home/nvidia/acfly_ws/install/mavlink/include/mavlink/v2.0/ASLUAV/mavlink_msg_command_int_stamped.hpp
[1.407s] -- Up-to-date: /home/nvidia/acfly_ws/install/mavlink/include/mavlink/v2.0/ASLUAV/testsuite.h
[1.408s] -- Up-to-date: /home/nvidia/acfly_ws/install/mavlink/include/mavlink/v2.0/ASLUAV/mavlink_msg_sensorpod_status.h
[1.408s] -- Up-to-date: /home/nvidia/acfly_ws/install/mavlink/include/mavlink/v2.0/ASLUAV/mavlink_msg_asluav_status.h
[1.408s] -- Up-to-date: /home/nvidia/acfly_ws/install/mavlink/include/mavlink/v2.0/ASLUAV/mavlink_msg_ekf_ext.h
[1.408s] -- Up-to-date: /home/nvidia/acfly_ws/install/mavlink/include/mavlink/v2.0/ASLUAV/mavlink_msg_fw_soaring_data.h
[1.409s] -- Up-to-date: /home/nvidia/acfly_ws/install/mavlink/include/mavlink/v2.0/ASLUAV/mavlink_msg_sens_mppt.h
[1.409s] -- Up-to-date: /home/nvidia/acfly_ws/install/mavlink/include/mavlink/v2.0/ASLUAV/mavlink_msg_sensorpod_status.hpp
[1.409s] -- Up-to-date: /home/nvidia/acfly_ws/install/mavlink/include/mavlink/v2.0/ASLUAV/mavlink_msg_sensor_airflow_angles.hpp
[1.409s] -- Up-to-date: /home/nvidia/acfly_ws/install/mavlink/include/mavlink/v2.0/ASLUAV/mavlink_msg_sens_batmon.h
[1.410s] -- Up-to-date: /home/nvidia/acfly_ws/install/mavlink/include/mavlink/v2.0/ASLUAV/mavlink_msg_command_long_stamped.h
[1.410s] -- Up-to-date: /home/nvidia/acfly_ws/install/mavlink/include/mavlink/v2.0/ASLUAV/mavlink_msg_aslctrl_data.h
[1.410s] -- Up-to-date: /home/nvidia/acfly_ws/install/mavlink/include/mavlink/v2.0/ASLUAV/mavlink_msg_sensor_airflow_angles.h
[1.410s] -- Up-to-date: /home/nvidia/acfly_ws/install/mavlink/include/mavlink/v2.0/ASLUAV/mavlink_msg_command_long_stamped.hpp
[1.411s] -- Up-to-date: /home/nvidia/acfly_ws/install/mavlink/include/mavlink/v2.0/ASLUAV/mavlink_msg_sens_batmon.hpp
[1.411s] -- Up-to-date: /home/nvidia/acfly_ws/install/mavlink/include/mavlink/v2.0/ASLUAV/mavlink.h
[1.411s] -- Up-to-date: /home/nvidia/acfly_ws/install/mavlink/include/mavlink/v2.0/ASLUAV/mavlink_msg_sens_atmos.h
[1.412s] -- Up-to-date: /home/nvidia/acfly_ws/install/mavlink/include/mavlink/v2.0/ASLUAV/mavlink_msg_gsm_link_status.hpp
[1.413s] -- Up-to-date: /home/nvidia/acfly_ws/install/mavlink/include/mavlink/v2.0/ASLUAV/version.h
[1.413s] -- Up-to-date: /home/nvidia/acfly_ws/install/mavlink/include/mavlink/v2.0/ASLUAV/mavlink_msg_sens_power.hpp
[1.413s] -- Up-to-date: /home/nvidia/acfly_ws/install/mavlink/include/mavlink/v2.0/ASLUAV/gtestsuite.hpp
[1.413s] -- Up-to-date: /home/nvidia/acfly_ws/install/mavlink/include/mavlink/v2.0/ASLUAV/mavlink_msg_sens_power_board.hpp
[1.414s] -- Up-to-date: /home/nvidia/acfly_ws/install/mavlink/include/mavlink/v2.0/ASLUAV/mavlink_msg_sens_atmos.hpp
[1.414s] -- Up-to-date: /home/nvidia/acfly_ws/install/mavlink/include/mavlink/v2.0/ASLUAV/mavlink_msg_satcom_link_status.h
[1.414s] -- Up-to-date: /home/nvidia/acfly_ws/install/mavlink/include/mavlink/v2.0/ASLUAV/ASLUAV.hpp
[1.414s] -- Up-to-date: /home/nvidia/acfly_ws/install/mavlink/include/mavlink/v2.0/ASLUAV/mavlink_msg_aslctrl_debug.hpp
[1.414s] -- Up-to-date: /home/nvidia/acfly_ws/install/mavlink/include/mavlink/v2.0/ASLUAV/mavlink_msg_asluav_status.hpp
[1.415s] -- Up-to-date: /home/nvidia/acfly_ws/install/mavlink/include/mavlink/v2.0/development
[1.415s] -- Up-to-date: /home/nvidia/acfly_ws/install/mavlink/include/mavlink/v2.0/development/mavlink_msg_group_end.hpp
[1.415s] -- Up-to-date: /home/nvidia/acfly_ws/install/mavlink/include/mavlink/v2.0/development/mavlink_msg_control_status.h
[1.415s] -- Up-to-date: /home/nvidia/acfly_ws/install/mavlink/include/mavlink/v2.0/development/mavlink_msg_gnss_integrity.hpp
[1.415s] -- Up-to-date: /home/nvidia/acfly_ws/install/mavlink/include/mavlink/v2.0/development/mavlink_msg_velocity_limits.hpp
[1.415s] -- Up-to-date: /home/nvidia/acfly_ws/install/mavlink/include/mavlink/v2.0/development/mavlink_msg_velocity_limits.h
[1.416s] -- Up-to-date: /home/nvidia/acfly_ws/install/mavlink/include/mavlink/v2.0/development/mavlink_msg_group_start.h
[1.416s] -- Up-to-date: /home/nvidia/acfly_ws/install/mavlink/include/mavlink/v2.0/development/mavlink_msg_set_velocity_limits.hpp
[1.416s] -- Up-to-date: /home/nvidia/acfly_ws/install/mavlink/include/mavlink/v2.0/development/mavlink_msg_global_position.hpp
[1.417s] -- Up-to-date: /home/nvidia/acfly_ws/install/mavlink/include/mavlink/v2.0/development/mavlink_msg_target_absolute.h
[1.418s] -- Up-to-date: /home/nvidia/acfly_ws/install/mavlink/include/mavlink/v2.0/development/mavlink_msg_figure_eight_execution_status.hpp
[1.419s] -- Up-to-date: /home/nvidia/acfly_ws/install/mavlink/include/mavlink/v2.0/development/testsuite.h
[1.419s] -- Up-to-date: /home/nvidia/acfly_ws/install/mavlink/include/mavlink/v2.0/development/development.hpp
[1.419s] -- Up-to-date: /home/nvidia/acfly_ws/install/mavlink/include/mavlink/v2.0/development/mavlink_msg_gnss_integrity.h
[1.420s] -- Up-to-date: /home/nvidia/acfly_ws/install/mavlink/include/mavlink/v2.0/development/mavlink_msg_airspeed.h
[1.420s] -- Up-to-date: /home/nvidia/acfly_ws/install/mavlink/include/mavlink/v2.0/development/mavlink_msg_radio_rc_channels.hpp
[1.421s] -- Up-to-date: /home/nvidia/acfly_ws/install/mavlink/include/mavlink/v2.0/development/development.h
[1.422s] -- Up-to-date: /home/nvidia/acfly_ws/install/mavlink/include/mavlink/v2.0/development/mavlink_msg_target_relative.h
[1.422s] -- Up-to-date: /home/nvidia/acfly_ws/install/mavlink/include/mavlink/v2.0/development/mavlink_msg_set_velocity_limits.h
[1.423s] -- Up-to-date: /home/nvidia/acfly_ws/install/mavlink/include/mavlink/v2.0/development/mavlink_msg_target_absolute.hpp
[1.423s] -- Up-to-date: /home/nvidia/acfly_ws/install/mavlink/include/mavlink/v2.0/development/mavlink.h
[1.424s] -- Up-to-date: /home/nvidia/acfly_ws/install/mavlink/include/mavlink/v2.0/development/mavlink_msg_figure_eight_execution_status.h
[1.425s] -- Up-to-date: /home/nvidia/acfly_ws/install/mavlink/include/mavlink/v2.0/development/version.h
[1.425s] -- Up-to-date: /home/nvidia/acfly_ws/install/mavlink/include/mavlink/v2.0/development/mavlink_msg_target_relative.hpp
[1.426s] -- Up-to-date: /home/nvidia/acfly_ws/install/mavlink/include/mavlink/v2.0/development/mavlink_msg_airspeed.hpp
[1.426s] -- Up-to-date: /home/nvidia/acfly_ws/install/mavlink/include/mavlink/v2.0/development/gtestsuite.hpp
[1.426s] -- Up-to-date: /home/nvidia/acfly_ws/install/mavlink/include/mavlink/v2.0/development/mavlink_msg_radio_rc_channels.h
[1.426s] -- Up-to-date: /home/nvidia/acfly_ws/install/mavlink/include/mavlink/v2.0/development/mavlink_msg_global_position.h
[1.427s] -- Up-to-date: /home/nvidia/acfly_ws/install/mavlink/include/mavlink/v2.0/development/mavlink_msg_group_start.hpp
[1.427s] -- Up-to-date: /home/nvidia/acfly_ws/install/mavlink/include/mavlink/v2.0/development/mavlink_msg_control_status.hpp
[1.427s] -- Up-to-date: /home/nvidia/acfly_ws/install/mavlink/include/mavlink/v2.0/development/mavlink_msg_group_end.h
[1.428s] -- Up-to-date: /home/nvidia/acfly_ws/install/mavlink/include/mavlink/v2.0/development/mavlink_msg_battery_status_v2.h
[1.428s] -- Up-to-date: /home/nvidia/acfly_ws/install/mavlink/include/mavlink/v2.0/development/mavlink_msg_battery_status_v2.hpp
[1.429s] -- Up-to-date: /home/nvidia/acfly_ws/install/mavlink/include/mavlink/v2.0/mavlink_helpers.h
[1.429s] -- Up-to-date: /home/nvidia/acfly_ws/install/mavlink/include/mavlink/v2.0/storm32
[1.429s] -- Up-to-date: /home/nvidia/acfly_ws/install/mavlink/include/mavlink/v2.0/storm32/mavlink_msg_autopilot_state_for_gimbal_device_ext.h
[1.429s] -- Up-to-date: /home/nvidia/acfly_ws/install/mavlink/include/mavlink/v2.0/storm32/mavlink_msg_mlrs_radio_link_flow_control.h
[1.429s] -- Up-to-date: /home/nvidia/acfly_ws/install/mavlink/include/mavlink/v2.0/storm32/mavlink_msg_qshot_status.h
[1.430s] -- Up-to-date: /home/nvidia/acfly_ws/install/mavlink/include/mavlink/v2.0/storm32/mavlink_msg_mlrs_radio_link_information.h
[1.430s] -- Up-to-date: /home/nvidia/acfly_ws/install/mavlink/include/mavlink/v2.0/storm32/mavlink_msg_storm32_gimbal_manager_control.hpp
[1.431s] -- Up-to-date: /home/nvidia/acfly_ws/install/mavlink/include/mavlink/v2.0/storm32/mavlink_msg_param_value_array.hpp
[1.431s] -- Up-to-date: /home/nvidia/acfly_ws/install/mavlink/include/mavlink/v2.0/storm32/mavlink_msg_storm32_gimbal_manager_control_pitchyaw.h
[1.432s] -- Up-to-date: /home/nvidia/acfly_ws/install/mavlink/include/mavlink/v2.0/storm32/mavlink_msg_mlrs_radio_link_stats.hpp
[1.432s] -- Up-to-date: /home/nvidia/acfly_ws/install/mavlink/include/mavlink/v2.0/storm32/mavlink_msg_qshot_status.hpp
[1.432s] -- Up-to-date: /home/nvidia/acfly_ws/install/mavlink/include/mavlink/v2.0/storm32/mavlink_msg_param_value_array.h
[1.432s] -- Up-to-date: /home/nvidia/acfly_ws/install/mavlink/include/mavlink/v2.0/storm32/mavlink_msg_mlrs_radio_link_flow_control.hpp
[1.432s] -- Up-to-date: /home/nvidia/acfly_ws/install/mavlink/include/mavlink/v2.0/storm32/testsuite.h
[1.432s] -- Up-to-date: /home/nvidia/acfly_ws/install/mavlink/include/mavlink/v2.0/storm32/mavlink_msg_storm32_gimbal_manager_information.hpp
[1.435s] -- Up-to-date: /home/nvidia/acfly_ws/install/mavlink/include/mavlink/v2.0/storm32/storm32.h
[1.436s] -- Up-to-date: /home/nvidia/acfly_ws/install/mavlink/include/mavlink/v2.0/storm32/mavlink_msg_storm32_gimbal_manager_status.h
[1.437s] -- Up-to-date: /home/nvidia/acfly_ws/install/mavlink/include/mavlink/v2.0/storm32/mavlink_msg_storm32_gimbal_manager_control_pitchyaw.hpp
[1.439s] -- Up-to-date: /home/nvidia/acfly_ws/install/mavlink/include/mavlink/v2.0/storm32/mavlink_msg_storm32_gimbal_manager_control.h
[1.439s] -- Up-to-date: /home/nvidia/acfly_ws/install/mavlink/include/mavlink/v2.0/storm32/mavlink_msg_storm32_gimbal_manager_correct_roll.h
[1.439s] -- Up-to-date: /home/nvidia/acfly_ws/install/mavlink/include/mavlink/v2.0/storm32/storm32.hpp
[1.439s] -- Up-to-date: /home/nvidia/acfly_ws/install/mavlink/include/mavlink/v2.0/storm32/mavlink_msg_frsky_passthrough_array.hpp
[1.440s] -- Up-to-date: /home/nvidia/acfly_ws/install/mavlink/include/mavlink/v2.0/storm32/mavlink_msg_storm32_gimbal_manager_information.h
[1.440s] -- Up-to-date: /home/nvidia/acfly_ws/install/mavlink/include/mavlink/v2.0/storm32/mavlink.h
[1.440s] -- Up-to-date: /home/nvidia/acfly_ws/install/mavlink/include/mavlink/v2.0/storm32/mavlink_msg_autopilot_state_for_gimbal_device_ext.hpp
[1.440s] -- Up-to-date: /home/nvidia/acfly_ws/install/mavlink/include/mavlink/v2.0/storm32/version.h
[1.440s] -- Up-to-date: /home/nvidia/acfly_ws/install/mavlink/include/mavlink/v2.0/storm32/mavlink_msg_mlrs_radio_link_stats.h
[1.440s] -- Up-to-date: /home/nvidia/acfly_ws/install/mavlink/include/mavlink/v2.0/storm32/gtestsuite.hpp
[1.440s] -- Up-to-date: /home/nvidia/acfly_ws/install/mavlink/include/mavlink/v2.0/storm32/mavlink_msg_mlrs_radio_link_information.hpp
[1.441s] -- Up-to-date: /home/nvidia/acfly_ws/install/mavlink/include/mavlink/v2.0/storm32/mavlink_msg_storm32_gimbal_manager_status.hpp
[1.441s] -- Up-to-date: /home/nvidia/acfly_ws/install/mavlink/include/mavlink/v2.0/storm32/mavlink_msg_storm32_gimbal_manager_correct_roll.hpp
[1.441s] -- Up-to-date: /home/nvidia/acfly_ws/install/mavlink/include/mavlink/v2.0/storm32/mavlink_msg_frsky_passthrough_array.h
[1.441s] -- Up-to-date: /home/nvidia/acfly_ws/install/mavlink/include/mavlink/v2.0/paparazzi
[1.441s] -- Up-to-date: /home/nvidia/acfly_ws/install/mavlink/include/mavlink/v2.0/paparazzi/mavlink_msg_script_count.h
[1.441s] -- Up-to-date: /home/nvidia/acfly_ws/install/mavlink/include/mavlink/v2.0/paparazzi/mavlink_msg_script_item.h
[1.442s] -- Up-to-date: /home/nvidia/acfly_ws/install/mavlink/include/mavlink/v2.0/paparazzi/mavlink_msg_script_request_list.h
[1.442s] -- Up-to-date: /home/nvidia/acfly_ws/install/mavlink/include/mavlink/v2.0/paparazzi/mavlink_msg_script_request.hpp
[1.442s] -- Up-to-date: /home/nvidia/acfly_ws/install/mavlink/include/mavlink/v2.0/paparazzi/mavlink_msg_script_count.hpp
[1.442s] -- Up-to-date: /home/nvidia/acfly_ws/install/mavlink/include/mavlink/v2.0/paparazzi/mavlink_msg_script_request.h
[1.443s] -- Up-to-date: /home/nvidia/acfly_ws/install/mavlink/include/mavlink/v2.0/paparazzi/testsuite.h
[1.443s] -- Up-to-date: /home/nvidia/acfly_ws/install/mavlink/include/mavlink/v2.0/paparazzi/mavlink.h
[1.445s] -- Up-to-date: /home/nvidia/acfly_ws/install/mavlink/include/mavlink/v2.0/paparazzi/mavlink_msg_script_current.h
[1.445s] -- Up-to-date: /home/nvidia/acfly_ws/install/mavlink/include/mavlink/v2.0/paparazzi/mavlink_msg_script_request_list.hpp
[1.446s] -- Up-to-date: /home/nvidia/acfly_ws/install/mavlink/include/mavlink/v2.0/paparazzi/version.h
[1.446s] -- Up-to-date: /home/nvidia/acfly_ws/install/mavlink/include/mavlink/v2.0/paparazzi/gtestsuite.hpp
[1.446s] -- Up-to-date: /home/nvidia/acfly_ws/install/mavlink/include/mavlink/v2.0/paparazzi/mavlink_msg_script_item.hpp
[1.446s] -- Up-to-date: /home/nvidia/acfly_ws/install/mavlink/include/mavlink/v2.0/paparazzi/paparazzi.hpp
[1.446s] -- Up-to-date: /home/nvidia/acfly_ws/install/mavlink/include/mavlink/v2.0/paparazzi/paparazzi.h
[1.446s] -- Up-to-date: /home/nvidia/acfly_ws/install/mavlink/include/mavlink/v2.0/paparazzi/mavlink_msg_script_current.hpp
[1.447s] -- Up-to-date: /home/nvidia/acfly_ws/install/mavlink/include/mavlink/v2.0/mavlink_get_info.h
[1.447s] -- Up-to-date: /home/nvidia/acfly_ws/install/mavlink/include/mavlink/v2.0/AVSSUAS
[1.448s] -- Up-to-date: /home/nvidia/acfly_ws/install/mavlink/include/mavlink/v2.0/AVSSUAS/mavlink_msg_avss_drone_imu.h
[1.450s] -- Up-to-date: /home/nvidia/acfly_ws/install/mavlink/include/mavlink/v2.0/AVSSUAS/mavlink_msg_avss_prs_sys_status.hpp
[1.450s] -- Up-to-date: /home/nvidia/acfly_ws/install/mavlink/include/mavlink/v2.0/AVSSUAS/mavlink_msg_avss_prs_sys_status.h
[1.450s] -- Up-to-date: /home/nvidia/acfly_ws/install/mavlink/include/mavlink/v2.0/AVSSUAS/mavlink_msg_avss_drone_operation_mode.hpp
[1.451s] -- Up-to-date: /home/nvidia/acfly_ws/install/mavlink/include/mavlink/v2.0/AVSSUAS/testsuite.h
[1.453s] -- Up-to-date: /home/nvidia/acfly_ws/install/mavlink/include/mavlink/v2.0/AVSSUAS/mavlink_msg_avss_drone_imu.hpp
[1.455s] -- Up-to-date: /home/nvidia/acfly_ws/install/mavlink/include/mavlink/v2.0/AVSSUAS/mavlink.h
[1.455s] -- Up-to-date: /home/nvidia/acfly_ws/install/mavlink/include/mavlink/v2.0/AVSSUAS/mavlink_msg_avss_drone_position.h
[1.456s] -- Up-to-date: /home/nvidia/acfly_ws/install/mavlink/include/mavlink/v2.0/AVSSUAS/mavlink_msg_avss_drone_operation_mode.h
[1.456s] -- Up-to-date: /home/nvidia/acfly_ws/install/mavlink/include/mavlink/v2.0/AVSSUAS/version.h
[1.457s] -- Up-to-date: /home/nvidia/acfly_ws/install/mavlink/include/mavlink/v2.0/AVSSUAS/AVSSUAS.hpp
[1.457s] -- Up-to-date: /home/nvidia/acfly_ws/install/mavlink/include/mavlink/v2.0/AVSSUAS/gtestsuite.hpp
[1.457s] -- Up-to-date: /home/nvidia/acfly_ws/install/mavlink/include/mavlink/v2.0/AVSSUAS/mavlink_msg_avss_drone_position.hpp
[1.458s] -- Up-to-date: /home/nvidia/acfly_ws/install/mavlink/include/mavlink/v2.0/AVSSUAS/AVSSUAS.h
[1.459s] -- Up-to-date: /home/nvidia/acfly_ws/install/mavlink/include/mavlink/v2.0/marsh
[1.460s] -- Up-to-date: /home/nvidia/acfly_ws/install/mavlink/include/mavlink/v2.0/marsh/marsh.hpp
[1.460s] -- Up-to-date: /home/nvidia/acfly_ws/install/mavlink/include/mavlink/v2.0/marsh/mavlink_msg_control_loading_axis.h
[1.460s] -- Up-to-date: /home/nvidia/acfly_ws/install/mavlink/include/mavlink/v2.0/marsh/mavlink_msg_motion_cue_extra.hpp
[1.461s] -- Up-to-date: /home/nvidia/acfly_ws/install/mavlink/include/mavlink/v2.0/marsh/testsuite.h
[1.461s] -- Up-to-date: /home/nvidia/acfly_ws/install/mavlink/include/mavlink/v2.0/marsh/mavlink_msg_motion_cue_extra.h
[1.461s] -- Up-to-date: /home/nvidia/acfly_ws/install/mavlink/include/mavlink/v2.0/marsh/mavlink_msg_rexroth_motion_platform.hpp
[1.461s] -- Up-to-date: /home/nvidia/acfly_ws/install/mavlink/include/mavlink/v2.0/marsh/mavlink_msg_eye_tracking_data.h
[1.461s] -- Up-to-date: /home/nvidia/acfly_ws/install/mavlink/include/mavlink/v2.0/marsh/mavlink.h
[1.462s] -- Up-to-date: /home/nvidia/acfly_ws/install/mavlink/include/mavlink/v2.0/marsh/marsh.h
[1.462s] -- Up-to-date: /home/nvidia/acfly_ws/install/mavlink/include/mavlink/v2.0/marsh/mavlink_msg_eye_tracking_data.hpp
[1.462s] -- Up-to-date: /home/nvidia/acfly_ws/install/mavlink/include/mavlink/v2.0/marsh/mavlink_msg_rexroth_motion_platform.h
[1.462s] -- Up-to-date: /home/nvidia/acfly_ws/install/mavlink/include/mavlink/v2.0/marsh/mavlink_msg_motion_platform_state.h
[1.462s] -- Up-to-date: /home/nvidia/acfly_ws/install/mavlink/include/mavlink/v2.0/marsh/version.h
[1.463s] -- Up-to-date: /home/nvidia/acfly_ws/install/mavlink/include/mavlink/v2.0/marsh/mavlink_msg_control_loading_axis.hpp
[1.463s] -- Up-to-date: /home/nvidia/acfly_ws/install/mavlink/include/mavlink/v2.0/marsh/gtestsuite.hpp
[1.463s] -- Up-to-date: /home/nvidia/acfly_ws/install/mavlink/include/mavlink/v2.0/marsh/mavlink_msg_motion_platform_state.hpp
[1.463s] -- Up-to-date: /home/nvidia/acfly_ws/install/mavlink/include/mavlink/v2.0/minimal
[1.463s] -- Up-to-date: /home/nvidia/acfly_ws/install/mavlink/include/mavlink/v2.0/minimal/mavlink_msg_protocol_version.hpp
[1.463s] -- Up-to-date: /home/nvidia/acfly_ws/install/mavlink/include/mavlink/v2.0/minimal/minimal.hpp
[1.464s] -- Up-to-date: /home/nvidia/acfly_ws/install/mavlink/include/mavlink/v2.0/minimal/mavlink_msg_heartbeat.hpp
[1.464s] -- Up-to-date: /home/nvidia/acfly_ws/install/mavlink/include/mavlink/v2.0/minimal/minimal.h
[1.464s] -- Up-to-date: /home/nvidia/acfly_ws/install/mavlink/include/mavlink/v2.0/minimal/testsuite.h
[1.464s] -- Up-to-date: /home/nvidia/acfly_ws/install/mavlink/include/mavlink/v2.0/minimal/mavlink.h
[1.464s] -- Up-to-date: /home/nvidia/acfly_ws/install/mavlink/include/mavlink/v2.0/minimal/version.h
[1.465s] -- Up-to-date: /home/nvidia/acfly_ws/install/mavlink/include/mavlink/v2.0/minimal/gtestsuite.hpp
[1.465s] -- Up-to-date: /home/nvidia/acfly_ws/install/mavlink/include/mavlink/v2.0/minimal/mavlink_msg_protocol_version.h
[1.465s] -- Up-to-date: /home/nvidia/acfly_ws/install/mavlink/include/mavlink/v2.0/minimal/mavlink_msg_heartbeat.h
[1.465s] -- Up-to-date: /home/nvidia/acfly_ws/install/mavlink/include/mavlink/v2.0/msgmap.hpp
[1.465s] -- Up-to-date: /home/nvidia/acfly_ws/install/mavlink/include/mavlink/v2.0/ualberta
[1.465s] -- Up-to-date: /home/nvidia/acfly_ws/install/mavlink/include/mavlink/v2.0/ualberta/ualberta.hpp
[1.466s] -- Up-to-date: /home/nvidia/acfly_ws/install/mavlink/include/mavlink/v2.0/ualberta/ualberta.h
[1.466s] -- Up-to-date: /home/nvidia/acfly_ws/install/mavlink/include/mavlink/v2.0/ualberta/mavlink_msg_nav_filter_bias.h
[1.467s] -- Up-to-date: /home/nvidia/acfly_ws/install/mavlink/include/mavlink/v2.0/ualberta/testsuite.h
[1.467s] -- Up-to-date: /home/nvidia/acfly_ws/install/mavlink/include/mavlink/v2.0/ualberta/mavlink_msg_radio_calibration.h
[1.467s] -- Up-to-date: /home/nvidia/acfly_ws/install/mavlink/include/mavlink/v2.0/ualberta/mavlink_msg_nav_filter_bias.hpp
[1.468s] -- Up-to-date: /home/nvidia/acfly_ws/install/mavlink/include/mavlink/v2.0/ualberta/mavlink_msg_ualberta_sys_status.h
[1.468s] -- Up-to-date: /home/nvidia/acfly_ws/install/mavlink/include/mavlink/v2.0/ualberta/mavlink.h
[1.468s] -- Up-to-date: /home/nvidia/acfly_ws/install/mavlink/include/mavlink/v2.0/ualberta/mavlink_msg_ualberta_sys_status.hpp
[1.469s] -- Up-to-date: /home/nvidia/acfly_ws/install/mavlink/include/mavlink/v2.0/ualberta/version.h
[1.469s] -- Up-to-date: /home/nvidia/acfly_ws/install/mavlink/include/mavlink/v2.0/ualberta/gtestsuite.hpp
[1.469s] -- Up-to-date: /home/nvidia/acfly_ws/install/mavlink/include/mavlink/v2.0/ualberta/mavlink_msg_radio_calibration.hpp
[1.470s] -- Up-to-date: /home/nvidia/acfly_ws/install/mavlink/include/mavlink/v2.0/loweheiser
[1.470s] -- Up-to-date: /home/nvidia/acfly_ws/install/mavlink/include/mavlink/v2.0/loweheiser/mavlink_msg_loweheiser_gov_efi.hpp
[1.470s] -- Up-to-date: /home/nvidia/acfly_ws/install/mavlink/include/mavlink/v2.0/loweheiser/testsuite.h
[1.470s] -- Up-to-date: /home/nvidia/acfly_ws/install/mavlink/include/mavlink/v2.0/loweheiser/loweheiser.hpp
[1.471s] -- Up-to-date: /home/nvidia/acfly_ws/install/mavlink/include/mavlink/v2.0/loweheiser/mavlink.h
[1.471s] -- Up-to-date: /home/nvidia/acfly_ws/install/mavlink/include/mavlink/v2.0/loweheiser/version.h
[1.471s] -- Up-to-date: /home/nvidia/acfly_ws/install/mavlink/include/mavlink/v2.0/loweheiser/mavlink_msg_loweheiser_gov_efi.h
[1.472s] -- Up-to-date: /home/nvidia/acfly_ws/install/mavlink/include/mavlink/v2.0/loweheiser/loweheiser.h
[1.472s] -- Up-to-date: /home/nvidia/acfly_ws/install/mavlink/include/mavlink/v2.0/loweheiser/gtestsuite.hpp
[1.472s] -- Up-to-date: /home/nvidia/acfly_ws/install/mavlink/include/mavlink/v2.0/message.hpp
[1.473s] -- Up-to-date: /home/nvidia/acfly_ws/install/mavlink/include/mavlink/v2.0/matrixpilot
[1.473s] -- Up-to-date: /home/nvidia/acfly_ws/install/mavlink/include/mavlink/v2.0/matrixpilot/mavlink_msg_flexifunction_command_ack.hpp
[1.473s] -- Up-to-date: /home/nvidia/acfly_ws/install/mavlink/include/mavlink/v2.0/matrixpilot/mavlink_msg_flexifunction_directory.hpp
[1.473s] -- Up-to-date: /home/nvidia/acfly_ws/install/mavlink/include/mavlink/v2.0/matrixpilot/mavlink_msg_serial_udb_extra_f6.hpp
[1.473s] -- Up-to-date: /home/nvidia/acfly_ws/install/mavlink/include/mavlink/v2.0/matrixpilot/mavlink_msg_flexifunction_read_req.hpp
[1.474s] -- Up-to-date: /home/nvidia/acfly_ws/install/mavlink/include/mavlink/v2.0/matrixpilot/mavlink_msg_flexifunction_buffer_function_ack.h
[1.474s] -- Up-to-date: /home/nvidia/acfly_ws/install/mavlink/include/mavlink/v2.0/matrixpilot/matrixpilot.h
[1.474s] -- Up-to-date: /home/nvidia/acfly_ws/install/mavlink/include/mavlink/v2.0/matrixpilot/mavlink_msg_flexifunction_directory_ack.h
[1.474s] -- Up-to-date: /home/nvidia/acfly_ws/install/mavlink/include/mavlink/v2.0/matrixpilot/mavlink_msg_flexifunction_command.h
[1.474s] -- Up-to-date: /home/nvidia/acfly_ws/install/mavlink/include/mavlink/v2.0/matrixpilot/mavlink_msg_serial_udb_extra_f6.h
[1.475s] -- Up-to-date: /home/nvidia/acfly_ws/install/mavlink/include/mavlink/v2.0/matrixpilot/mavlink_msg_flexifunction_buffer_function_ack.hpp
[1.475s] -- Up-to-date: /home/nvidia/acfly_ws/install/mavlink/include/mavlink/v2.0/matrixpilot/mavlink_msg_serial_udb_extra_f16.hpp
[1.475s] -- Up-to-date: /home/nvidia/acfly_ws/install/mavlink/include/mavlink/v2.0/matrixpilot/mavlink_msg_flexifunction_command.hpp
[1.475s] -- Up-to-date: /home/nvidia/acfly_ws/install/mavlink/include/mavlink/v2.0/matrixpilot/mavlink_msg_serial_udb_extra_f18.hpp
[1.476s] -- Up-to-date: /home/nvidia/acfly_ws/install/mavlink/include/mavlink/v2.0/matrixpilot/mavlink_msg_serial_udb_extra_f5.hpp
[1.476s] -- Up-to-date: /home/nvidia/acfly_ws/install/mavlink/include/mavlink/v2.0/matrixpilot/mavlink_msg_flexifunction_command_ack.h
[1.476s] -- Up-to-date: /home/nvidia/acfly_ws/install/mavlink/include/mavlink/v2.0/matrixpilot/mavlink_msg_flexifunction_set.hpp
[1.476s] -- Up-to-date: /home/nvidia/acfly_ws/install/mavlink/include/mavlink/v2.0/matrixpilot/mavlink_msg_serial_udb_extra_f21.h
[1.477s] -- Up-to-date: /home/nvidia/acfly_ws/install/mavlink/include/mavlink/v2.0/matrixpilot/mavlink_msg_flexifunction_set.h
[1.477s] -- Up-to-date: /home/nvidia/acfly_ws/install/mavlink/include/mavlink/v2.0/matrixpilot/mavlink_msg_serial_udb_extra_f7.hpp
[1.477s] -- Up-to-date: /home/nvidia/acfly_ws/install/mavlink/include/mavlink/v2.0/matrixpilot/mavlink_msg_serial_udb_extra_f22.hpp
[1.478s] -- Up-to-date: /home/nvidia/acfly_ws/install/mavlink/include/mavlink/v2.0/matrixpilot/mavlink_msg_serial_udb_extra_f15.h
[1.478s] -- Up-to-date: /home/nvidia/acfly_ws/install/mavlink/include/mavlink/v2.0/matrixpilot/mavlink_msg_serial_udb_extra_f8.h
[1.478s] -- Up-to-date: /home/nvidia/acfly_ws/install/mavlink/include/mavlink/v2.0/matrixpilot/mavlink_msg_serial_udb_extra_f19.h
[1.478s] -- Up-to-date: /home/nvidia/acfly_ws/install/mavlink/include/mavlink/v2.0/matrixpilot/mavlink_msg_serial_udb_extra_f14.h
[1.478s] -- Up-to-date: /home/nvidia/acfly_ws/install/mavlink/include/mavlink/v2.0/matrixpilot/mavlink_msg_serial_udb_extra_f2_b.h
[1.478s] -- Up-to-date: /home/nvidia/acfly_ws/install/mavlink/include/mavlink/v2.0/matrixpilot/testsuite.h
[1.478s] -- Up-to-date: /home/nvidia/acfly_ws/install/mavlink/include/mavlink/v2.0/matrixpilot/mavlink_msg_serial_udb_extra_f21.hpp
[1.479s] -- Up-to-date: /home/nvidia/acfly_ws/install/mavlink/include/mavlink/v2.0/matrixpilot/mavlink_msg_serial_udb_extra_f22.h
[1.479s] -- Up-to-date: /home/nvidia/acfly_ws/install/mavlink/include/mavlink/v2.0/matrixpilot/mavlink_msg_serial_udb_extra_f2_b.hpp
[1.479s] -- Up-to-date: /home/nvidia/acfly_ws/install/mavlink/include/mavlink/v2.0/matrixpilot/mavlink_msg_serial_udb_extra_f4.h
[1.479s] -- Up-to-date: /home/nvidia/acfly_ws/install/mavlink/include/mavlink/v2.0/matrixpilot/mavlink_msg_serial_udb_extra_f15.hpp
[1.479s] -- Up-to-date: /home/nvidia/acfly_ws/install/mavlink/include/mavlink/v2.0/matrixpilot/mavlink_msg_serial_udb_extra_f13.h
[1.479s] -- Up-to-date: /home/nvidia/acfly_ws/install/mavlink/include/mavlink/v2.0/matrixpilot/matrixpilot.hpp
[1.480s] -- Up-to-date: /home/nvidia/acfly_ws/install/mavlink/include/mavlink/v2.0/matrixpilot/mavlink_msg_serial_udb_extra_f7.h
[1.480s] -- Up-to-date: /home/nvidia/acfly_ws/install/mavlink/include/mavlink/v2.0/matrixpilot/mavlink_msg_flexifunction_read_req.h
[1.480s] -- Up-to-date: /home/nvidia/acfly_ws/install/mavlink/include/mavlink/v2.0/matrixpilot/mavlink_msg_flexifunction_directory_ack.hpp
[1.480s] -- Up-to-date: /home/nvidia/acfly_ws/install/mavlink/include/mavlink/v2.0/matrixpilot/mavlink_msg_serial_udb_extra_f17.hpp
[1.480s] -- Up-to-date: /home/nvidia/acfly_ws/install/mavlink/include/mavlink/v2.0/matrixpilot/mavlink_msg_serial_udb_extra_f8.hpp
[1.480s] -- Up-to-date: /home/nvidia/acfly_ws/install/mavlink/include/mavlink/v2.0/matrixpilot/mavlink_msg_serial_udb_extra_f5.h
[1.480s] -- Up-to-date: /home/nvidia/acfly_ws/install/mavlink/include/mavlink/v2.0/matrixpilot/mavlink.h
[1.481s] -- Up-to-date: /home/nvidia/acfly_ws/install/mavlink/include/mavlink/v2.0/matrixpilot/mavlink_msg_airspeeds.h
[1.481s] -- Up-to-date: /home/nvidia/acfly_ws/install/mavlink/include/mavlink/v2.0/matrixpilot/mavlink_msg_airspeeds.hpp
[1.481s] -- Up-to-date: /home/nvidia/acfly_ws/install/mavlink/include/mavlink/v2.0/matrixpilot/version.h
[1.481s] -- Up-to-date: /home/nvidia/acfly_ws/install/mavlink/include/mavlink/v2.0/matrixpilot/mavlink_msg_flexifunction_buffer_function.hpp
[1.481s] -- Up-to-date: /home/nvidia/acfly_ws/install/mavlink/include/mavlink/v2.0/matrixpilot/mavlink_msg_serial_udb_extra_f20.h
[1.481s] -- Up-to-date: /home/nvidia/acfly_ws/install/mavlink/include/mavlink/v2.0/matrixpilot/mavlink_msg_serial_udb_extra_f4.hpp
[1.482s] -- Up-to-date: /home/nvidia/acfly_ws/install/mavlink/include/mavlink/v2.0/matrixpilot/mavlink_msg_serial_udb_extra_f18.h
[1.482s] -- Up-to-date: /home/nvidia/acfly_ws/install/mavlink/include/mavlink/v2.0/matrixpilot/mavlink_msg_serial_udb_extra_f16.h
[1.482s] -- Up-to-date: /home/nvidia/acfly_ws/install/mavlink/include/mavlink/v2.0/matrixpilot/gtestsuite.hpp
[1.482s] -- Up-to-date: /home/nvidia/acfly_ws/install/mavlink/include/mavlink/v2.0/matrixpilot/mavlink_msg_serial_udb_extra_f20.hpp
[1.482s] -- Up-to-date: /home/nvidia/acfly_ws/install/mavlink/include/mavlink/v2.0/matrixpilot/mavlink_msg_altitudes.hpp
[1.482s] -- Up-to-date: /home/nvidia/acfly_ws/install/mavlink/include/mavlink/v2.0/matrixpilot/mavlink_msg_serial_udb_extra_f2_a.hpp
[1.483s] -- Up-to-date: /home/nvidia/acfly_ws/install/mavlink/include/mavlink/v2.0/matrixpilot/mavlink_msg_flexifunction_buffer_function.h
[1.483s] -- Up-to-date: /home/nvidia/acfly_ws/install/mavlink/include/mavlink/v2.0/matrixpilot/mavlink_msg_serial_udb_extra_f17.h
[1.483s] -- Up-to-date: /home/nvidia/acfly_ws/install/mavlink/include/mavlink/v2.0/matrixpilot/mavlink_msg_flexifunction_directory.h
[1.483s] -- Up-to-date: /home/nvidia/acfly_ws/install/mavlink/include/mavlink/v2.0/matrixpilot/mavlink_msg_serial_udb_extra_f14.hpp
[1.483s] -- Up-to-date: /home/nvidia/acfly_ws/install/mavlink/include/mavlink/v2.0/matrixpilot/mavlink_msg_serial_udb_extra_f19.hpp
[1.483s] -- Up-to-date: /home/nvidia/acfly_ws/install/mavlink/include/mavlink/v2.0/matrixpilot/mavlink_msg_serial_udb_extra_f13.hpp
[1.484s] -- Up-to-date: /home/nvidia/acfly_ws/install/mavlink/include/mavlink/v2.0/matrixpilot/mavlink_msg_serial_udb_extra_f2_a.h
[1.484s] -- Up-to-date: /home/nvidia/acfly_ws/install/mavlink/include/mavlink/v2.0/matrixpilot/mavlink_msg_altitudes.h
[1.485s] -- Up-to-date: /home/nvidia/acfly_ws/install/mavlink/include/mavlink/v2.0/python_array_test
[1.485s] -- Up-to-date: /home/nvidia/acfly_ws/install/mavlink/include/mavlink/v2.0/python_array_test/python_array_test.hpp
[1.485s] -- Up-to-date: /home/nvidia/acfly_ws/install/mavlink/include/mavlink/v2.0/python_array_test/mavlink_msg_array_test_3.h
[1.486s] -- Up-to-date: /home/nvidia/acfly_ws/install/mavlink/include/mavlink/v2.0/python_array_test/mavlink_msg_array_test_7.h
[1.487s] -- Up-to-date: /home/nvidia/acfly_ws/install/mavlink/include/mavlink/v2.0/python_array_test/mavlink_msg_array_test_6.h
[1.488s] -- Up-to-date: /home/nvidia/acfly_ws/install/mavlink/include/mavlink/v2.0/python_array_test/mavlink_msg_array_test_4.hpp
[1.489s] -- Up-to-date: /home/nvidia/acfly_ws/install/mavlink/include/mavlink/v2.0/python_array_test/mavlink_msg_array_test_0.hpp
[1.489s] -- Up-to-date: /home/nvidia/acfly_ws/install/mavlink/include/mavlink/v2.0/python_array_test/testsuite.h
[1.490s] -- Up-to-date: /home/nvidia/acfly_ws/install/mavlink/include/mavlink/v2.0/python_array_test/mavlink_msg_array_test_3.hpp
[1.490s] -- Up-to-date: /home/nvidia/acfly_ws/install/mavlink/include/mavlink/v2.0/python_array_test/mavlink_msg_array_test_5.h
[1.491s] -- Up-to-date: /home/nvidia/acfly_ws/install/mavlink/include/mavlink/v2.0/python_array_test/mavlink_msg_array_test_8.h
[1.492s] -- Up-to-date: /home/nvidia/acfly_ws/install/mavlink/include/mavlink/v2.0/python_array_test/mavlink_msg_array_test_1.h
[1.493s] -- Up-to-date: /home/nvidia/acfly_ws/install/mavlink/include/mavlink/v2.0/python_array_test/mavlink_msg_array_test_0.h
[1.497s] -- Up-to-date: /home/nvidia/acfly_ws/install/mavlink/include/mavlink/v2.0/python_array_test/mavlink_msg_array_test_1.hpp
[1.499s] -- Up-to-date: /home/nvidia/acfly_ws/install/mavlink/include/mavlink/v2.0/python_array_test/python_array_test.h
[1.500s] -- Up-to-date: /home/nvidia/acfly_ws/install/mavlink/include/mavlink/v2.0/python_array_test/mavlink.h
[1.500s] -- Up-to-date: /home/nvidia/acfly_ws/install/mavlink/include/mavlink/v2.0/python_array_test/mavlink_msg_array_test_7.hpp
[1.503s] -- Up-to-date: /home/nvidia/acfly_ws/install/mavlink/include/mavlink/v2.0/python_array_test/mavlink_msg_array_test_5.hpp
[1.504s] -- Up-to-date: /home/nvidia/acfly_ws/install/mavlink/include/mavlink/v2.0/python_array_test/mavlink_msg_array_test_6.hpp
[1.507s] -- Up-to-date: /home/nvidia/acfly_ws/install/mavlink/include/mavlink/v2.0/python_array_test/version.h
[1.507s] -- Up-to-date: /home/nvidia/acfly_ws/install/mavlink/include/mavlink/v2.0/python_array_test/mavlink_msg_array_test_8.hpp
[1.508s] -- Up-to-date: /home/nvidia/acfly_ws/install/mavlink/include/mavlink/v2.0/python_array_test/gtestsuite.hpp
[1.508s] -- Up-to-date: /home/nvidia/acfly_ws/install/mavlink/include/mavlink/v2.0/python_array_test/mavlink_msg_array_test_4.h
[1.509s] -- Up-to-date: /home/nvidia/acfly_ws/install/mavlink/include/mavlink/v2.0/ardupilotmega
[1.509s] -- Up-to-date: /home/nvidia/acfly_ws/install/mavlink/include/mavlink/v2.0/ardupilotmega/mavlink_msg_data96.hpp
[1.509s] -- Up-to-date: /home/nvidia/acfly_ws/install/mavlink/include/mavlink/v2.0/ardupilotmega/mavlink_msg_esc_telemetry_21_to_24.h
[1.509s] -- Up-to-date: /home/nvidia/acfly_ws/install/mavlink/include/mavlink/v2.0/ardupilotmega/mavlink_msg_esc_telemetry_5_to_8.hpp
[1.509s] -- Up-to-date: /home/nvidia/acfly_ws/install/mavlink/include/mavlink/v2.0/ardupilotmega/mavlink_msg_device_op_read.h
[1.509s] -- Up-to-date: /home/nvidia/acfly_ws/install/mavlink/include/mavlink/v2.0/ardupilotmega/mavlink_msg_obstacle_distance_3d.h
[1.510s] -- Up-to-date: /home/nvidia/acfly_ws/install/mavlink/include/mavlink/v2.0/ardupilotmega/mavlink_msg_sensor_offsets.hpp
[1.510s] -- Up-to-date: /home/nvidia/acfly_ws/install/mavlink/include/mavlink/v2.0/ardupilotmega/mavlink_msg_battery2.hpp
[1.510s] -- Up-to-date: /home/nvidia/acfly_ws/install/mavlink/include/mavlink/v2.0/ardupilotmega/mavlink_msg_gopro_get_response.hpp
[1.512s] -- Up-to-date: /home/nvidia/acfly_ws/install/mavlink/include/mavlink/v2.0/ardupilotmega/mavlink_msg_sensor_offsets.h
[1.514s] -- Up-to-date: /home/nvidia/acfly_ws/install/mavlink/include/mavlink/v2.0/ardupilotmega/mavlink_msg_camera_status.hpp
[1.517s] -- Up-to-date: /home/nvidia/acfly_ws/install/mavlink/include/mavlink/v2.0/ardupilotmega/mavlink_msg_meminfo.hpp
[1.518s] -- Up-to-date: /home/nvidia/acfly_ws/install/mavlink/include/mavlink/v2.0/ardupilotmega/mavlink_msg_device_op_read_reply.hpp
[1.518s] -- Up-to-date: /home/nvidia/acfly_ws/install/mavlink/include/mavlink/v2.0/ardupilotmega/mavlink_msg_device_op_write_reply.h
[1.518s] -- Up-to-date: /home/nvidia/acfly_ws/install/mavlink/include/mavlink/v2.0/ardupilotmega/mavlink_msg_osd_param_config.hpp
[1.518s] -- Up-to-date: /home/nvidia/acfly_ws/install/mavlink/include/mavlink/v2.0/ardupilotmega/mavlink_msg_esc_telemetry_9_to_12.h
[1.518s] -- Up-to-date: /home/nvidia/acfly_ws/install/mavlink/include/mavlink/v2.0/ardupilotmega/mavlink_msg_pid_tuning.hpp
[1.518s] -- Up-to-date: /home/nvidia/acfly_ws/install/mavlink/include/mavlink/v2.0/ardupilotmega/mavlink_msg_rpm.hpp
[1.518s] -- Up-to-date: /home/nvidia/acfly_ws/install/mavlink/include/mavlink/v2.0/ardupilotmega/mavlink_msg_gopro_get_request.hpp
[1.519s] -- Up-to-date: /home/nvidia/acfly_ws/install/mavlink/include/mavlink/v2.0/ardupilotmega/mavlink_msg_aoa_ssa.h
[1.519s] -- Up-to-date: /home/nvidia/acfly_ws/install/mavlink/include/mavlink/v2.0/ardupilotmega/mavlink_msg_esc_telemetry_5_to_8.h
[1.519s] -- Up-to-date: /home/nvidia/acfly_ws/install/mavlink/include/mavlink/v2.0/ardupilotmega/mavlink_msg_set_mag_offsets.hpp
[1.519s] -- Up-to-date: /home/nvidia/acfly_ws/install/mavlink/include/mavlink/v2.0/ardupilotmega/mavlink_msg_camera_status.h
[1.519s] -- Up-to-date: /home/nvidia/acfly_ws/install/mavlink/include/mavlink/v2.0/ardupilotmega/mavlink_msg_vision_position_delta.hpp
[1.519s] -- Up-to-date: /home/nvidia/acfly_ws/install/mavlink/include/mavlink/v2.0/ardupilotmega/mavlink_msg_esc_telemetry_13_to_16.h
[1.519s] -- Up-to-date: /home/nvidia/acfly_ws/install/mavlink/include/mavlink/v2.0/ardupilotmega/mavlink_msg_hwstatus.hpp
[1.519s] -- Up-to-date: /home/nvidia/acfly_ws/install/mavlink/include/mavlink/v2.0/ardupilotmega/mavlink_msg_osd_param_show_config.h
[1.519s] -- Up-to-date: /home/nvidia/acfly_ws/install/mavlink/include/mavlink/v2.0/ardupilotmega/mavlink_msg_esc_telemetry_25_to_28.h
[1.520s] -- Up-to-date: /home/nvidia/acfly_ws/install/mavlink/include/mavlink/v2.0/ardupilotmega/mavlink_msg_deepstall.h
[1.520s] -- Up-to-date: /home/nvidia/acfly_ws/install/mavlink/include/mavlink/v2.0/ardupilotmega/mavlink_msg_set_mag_offsets.h
[1.520s] -- Up-to-date: /home/nvidia/acfly_ws/install/mavlink/include/mavlink/v2.0/ardupilotmega/mavlink_msg_esc_telemetry_1_to_4.h
[1.520s] -- Up-to-date: /home/nvidia/acfly_ws/install/mavlink/include/mavlink/v2.0/ardupilotmega/mavlink_msg_water_depth.hpp
[1.520s] -- Up-to-date: /home/nvidia/acfly_ws/install/mavlink/include/mavlink/v2.0/ardupilotmega/mavlink_msg_osd_param_show_config_reply.h
[1.520s] -- Up-to-date: /home/nvidia/acfly_ws/install/mavlink/include/mavlink/v2.0/ardupilotmega/mavlink_msg_data16.hpp
[1.520s] -- Up-to-date: /home/nvidia/acfly_ws/install/mavlink/include/mavlink/v2.0/ardupilotmega/mavlink_msg_osd_param_config.h
[1.520s] -- Up-to-date: /home/nvidia/acfly_ws/install/mavlink/include/mavlink/v2.0/ardupilotmega/mavlink_msg_water_depth.h
[1.521s] -- Up-to-date: /home/nvidia/acfly_ws/install/mavlink/include/mavlink/v2.0/ardupilotmega/mavlink_msg_ahrs.hpp
[1.521s] -- Up-to-date: /home/nvidia/acfly_ws/install/mavlink/include/mavlink/v2.0/ardupilotmega/mavlink_msg_mag_cal_progress.hpp
[1.521s] -- Up-to-date: /home/nvidia/acfly_ws/install/mavlink/include/mavlink/v2.0/ardupilotmega/mavlink_msg_rpm.h
[1.521s] -- Up-to-date: /home/nvidia/acfly_ws/install/mavlink/include/mavlink/v2.0/ardupilotmega/mavlink_msg_mount_configure.hpp
[1.521s] -- Up-to-date: /home/nvidia/acfly_ws/install/mavlink/include/mavlink/v2.0/ardupilotmega/mavlink_msg_mount_control.hpp
[1.521s] -- Up-to-date: /home/nvidia/acfly_ws/install/mavlink/include/mavlink/v2.0/ardupilotmega/mavlink_msg_gopro_get_response.h
[1.521s] -- Up-to-date: /home/nvidia/acfly_ws/install/mavlink/include/mavlink/v2.0/ardupilotmega/mavlink_msg_secure_command.hpp
[1.521s] -- Up-to-date: /home/nvidia/acfly_ws/install/mavlink/include/mavlink/v2.0/ardupilotmega/mavlink_msg_gimbal_report.hpp
[1.521s] -- Up-to-date: /home/nvidia/acfly_ws/install/mavlink/include/mavlink/v2.0/ardupilotmega/mavlink_msg_ekf_status_report.h
[1.522s] -- Up-to-date: /home/nvidia/acfly_ws/install/mavlink/include/mavlink/v2.0/ardupilotmega/mavlink_msg_mount_control.h
[1.522s] -- Up-to-date: /home/nvidia/acfly_ws/install/mavlink/include/mavlink/v2.0/ardupilotmega/mavlink_msg_data16.h
[1.522s] -- Up-to-date: /home/nvidia/acfly_ws/install/mavlink/include/mavlink/v2.0/ardupilotmega/mavlink_msg_digicam_control.hpp
[1.522s] -- Up-to-date: /home/nvidia/acfly_ws/install/mavlink/include/mavlink/v2.0/ardupilotmega/mavlink_msg_wind.h
[1.522s] -- Up-to-date: /home/nvidia/acfly_ws/install/mavlink/include/mavlink/v2.0/ardupilotmega/mavlink_msg_hwstatus.h
[1.522s] -- Up-to-date: /home/nvidia/acfly_ws/install/mavlink/include/mavlink/v2.0/ardupilotmega/mavlink_msg_wind.hpp
[1.522s] -- Up-to-date: /home/nvidia/acfly_ws/install/mavlink/include/mavlink/v2.0/ardupilotmega/mavlink_msg_secure_command_reply.hpp
[1.522s] -- Up-to-date: /home/nvidia/acfly_ws/install/mavlink/include/mavlink/v2.0/ardupilotmega/mavlink_msg_mcu_status.h
[1.522s] -- Up-to-date: /home/nvidia/acfly_ws/install/mavlink/include/mavlink/v2.0/ardupilotmega/mavlink_msg_gimbal_torque_cmd_report.h
[1.523s] -- Up-to-date: /home/nvidia/acfly_ws/install/mavlink/include/mavlink/v2.0/ardupilotmega/mavlink_msg_limits_status.hpp
[1.523s] -- Up-to-date: /home/nvidia/acfly_ws/install/mavlink/include/mavlink/v2.0/ardupilotmega/mavlink_msg_remote_log_data_block.hpp
[1.523s] -- Up-to-date: /home/nvidia/acfly_ws/install/mavlink/include/mavlink/v2.0/ardupilotmega/mavlink_msg_autopilot_version_request.h
[1.523s] -- Up-to-date: /home/nvidia/acfly_ws/install/mavlink/include/mavlink/v2.0/ardupilotmega/mavlink_msg_ap_adc.h
[1.523s] -- Up-to-date: /home/nvidia/acfly_ws/install/mavlink/include/mavlink/v2.0/ardupilotmega/mavlink_msg_digicam_control.h
[1.523s] -- Up-to-date: /home/nvidia/acfly_ws/install/mavlink/include/mavlink/v2.0/ardupilotmega/testsuite.h
[1.523s] -- Up-to-date: /home/nvidia/acfly_ws/install/mavlink/include/mavlink/v2.0/ardupilotmega/mavlink_msg_rally_point.h
[1.523s] -- Up-to-date: /home/nvidia/acfly_ws/install/mavlink/include/mavlink/v2.0/ardupilotmega/mavlink_msg_osd_param_show_config.hpp
[1.523s] -- Up-to-date: /home/nvidia/acfly_ws/install/mavlink/include/mavlink/v2.0/ardupilotmega/mavlink_msg_led_control.hpp
[1.524s] -- Up-to-date: /home/nvidia/acfly_ws/install/mavlink/include/mavlink/v2.0/ardupilotmega/mavlink_msg_mount_status.hpp
[1.524s] -- Up-to-date: /home/nvidia/acfly_ws/install/mavlink/include/mavlink/v2.0/ardupilotmega/mavlink_msg_adap_tuning.hpp
[1.524s] -- Up-to-date: /home/nvidia/acfly_ws/install/mavlink/include/mavlink/v2.0/ardupilotmega/mavlink_msg_radio.hpp
[1.524s] -- Up-to-date: /home/nvidia/acfly_ws/install/mavlink/include/mavlink/v2.0/ardupilotmega/mavlink_msg_radio.h
[1.524s] -- Up-to-date: /home/nvidia/acfly_ws/install/mavlink/include/mavlink/v2.0/ardupilotmega/mavlink_msg_fence_fetch_point.h
[1.524s] -- Up-to-date: /home/nvidia/acfly_ws/install/mavlink/include/mavlink/v2.0/ardupilotmega/mavlink_msg_device_op_write.h
[1.524s] -- Up-to-date: /home/nvidia/acfly_ws/install/mavlink/include/mavlink/v2.0/ardupilotmega/mavlink_msg_fence_point.hpp
[1.524s] -- Up-to-date: /home/nvidia/acfly_ws/install/mavlink/include/mavlink/v2.0/ardupilotmega/mavlink_msg_ahrs3.hpp
[1.524s] -- Up-to-date: /home/nvidia/acfly_ws/install/mavlink/include/mavlink/v2.0/ardupilotmega/mavlink_msg_aoa_ssa.hpp
[1.524s] -- Up-to-date: /home/nvidia/acfly_ws/install/mavlink/include/mavlink/v2.0/ardupilotmega/mavlink_msg_rally_fetch_point.hpp
[1.525s] -- Up-to-date: /home/nvidia/acfly_ws/install/mavlink/include/mavlink/v2.0/ardupilotmega/mavlink_msg_obstacle_distance_3d.hpp
[1.525s] -- Up-to-date: /home/nvidia/acfly_ws/install/mavlink/include/mavlink/v2.0/ardupilotmega/mavlink_msg_ap_adc.hpp
[1.525s] -- Up-to-date: /home/nvidia/acfly_ws/install/mavlink/include/mavlink/v2.0/ardupilotmega/mavlink_msg_limits_status.h
[1.525s] -- Up-to-date: /home/nvidia/acfly_ws/install/mavlink/include/mavlink/v2.0/ardupilotmega/mavlink_msg_esc_telemetry_21_to_24.hpp
[1.525s] -- Up-to-date: /home/nvidia/acfly_ws/install/mavlink/include/mavlink/v2.0/ardupilotmega/mavlink_msg_simstate.h
[1.525s] -- Up-to-date: /home/nvidia/acfly_ws/install/mavlink/include/mavlink/v2.0/ardupilotmega/mavlink_msg_data32.h
[1.525s] -- Up-to-date: /home/nvidia/acfly_ws/install/mavlink/include/mavlink/v2.0/ardupilotmega/mavlink_msg_compassmot_status.hpp
[1.525s] -- Up-to-date: /home/nvidia/acfly_ws/install/mavlink/include/mavlink/v2.0/ardupilotmega/mavlink_msg_esc_telemetry_1_to_4.hpp
[1.525s] -- Up-to-date: /home/nvidia/acfly_ws/install/mavlink/include/mavlink/v2.0/ardupilotmega/mavlink_msg_adap_tuning.h
[1.525s] -- Up-to-date: /home/nvidia/acfly_ws/install/mavlink/include/mavlink/v2.0/ardupilotmega/mavlink_msg_gimbal_control.h
[1.526s] -- Up-to-date: /home/nvidia/acfly_ws/install/mavlink/include/mavlink/v2.0/ardupilotmega/mavlink_msg_device_op_write.hpp
[1.526s] -- Up-to-date: /home/nvidia/acfly_ws/install/mavlink/include/mavlink/v2.0/ardupilotmega/mavlink_msg_esc_telemetry_29_to_32.h
[1.526s] -- Up-to-date: /home/nvidia/acfly_ws/install/mavlink/include/mavlink/v2.0/ardupilotmega/mavlink_msg_device_op_write_reply.hpp
[1.526s] -- Up-to-date: /home/nvidia/acfly_ws/install/mavlink/include/mavlink/v2.0/ardupilotmega/mavlink_msg_ahrs.h
[1.526s] -- Up-to-date: /home/nvidia/acfly_ws/install/mavlink/include/mavlink/v2.0/ardupilotmega/mavlink_msg_osd_param_config_reply.h
[1.526s] -- Up-to-date: /home/nvidia/acfly_ws/install/mavlink/include/mavlink/v2.0/ardupilotmega/mavlink_msg_secure_command.h
[1.526s] -- Up-to-date: /home/nvidia/acfly_ws/install/mavlink/include/mavlink/v2.0/ardupilotmega/mavlink_msg_mcu_status.hpp
[1.526s] -- Up-to-date: /home/nvidia/acfly_ws/install/mavlink/include/mavlink/v2.0/ardupilotmega/mavlink_msg_simstate.hpp
[1.526s] -- Up-to-date: /home/nvidia/acfly_ws/install/mavlink/include/mavlink/v2.0/ardupilotmega/mavlink_msg_osd_param_show_config_reply.hpp
[1.527s] -- Up-to-date: /home/nvidia/acfly_ws/install/mavlink/include/mavlink/v2.0/ardupilotmega/mavlink_msg_gopro_get_request.h
[1.527s] -- Up-to-date: /home/nvidia/acfly_ws/install/mavlink/include/mavlink/v2.0/ardupilotmega/mavlink_msg_pid_tuning.h
[1.527s] -- Up-to-date: /home/nvidia/acfly_ws/install/mavlink/include/mavlink/v2.0/ardupilotmega/mavlink_msg_ekf_status_report.hpp
[1.527s] -- Up-to-date: /home/nvidia/acfly_ws/install/mavlink/include/mavlink/v2.0/ardupilotmega/ardupilotmega.h
[1.527s] -- Up-to-date: /home/nvidia/acfly_ws/install/mavlink/include/mavlink/v2.0/ardupilotmega/ardupilotmega.hpp
[1.527s] -- Up-to-date: /home/nvidia/acfly_ws/install/mavlink/include/mavlink/v2.0/ardupilotmega/mavlink_msg_osd_param_config_reply.hpp
[1.527s] -- Up-to-date: /home/nvidia/acfly_ws/install/mavlink/include/mavlink/v2.0/ardupilotmega/mavlink_msg_airspeed_autocal.h
[1.527s] -- Up-to-date: /home/nvidia/acfly_ws/install/mavlink/include/mavlink/v2.0/ardupilotmega/mavlink_msg_data96.h
[1.527s] -- Up-to-date: /home/nvidia/acfly_ws/install/mavlink/include/mavlink/v2.0/ardupilotmega/mavlink_msg_gopro_set_request.h
[1.527s] -- Up-to-date: /home/nvidia/acfly_ws/install/mavlink/include/mavlink/v2.0/ardupilotmega/mavlink_msg_rally_point.hpp
[1.528s] -- Up-to-date: /home/nvidia/acfly_ws/install/mavlink/include/mavlink/v2.0/ardupilotmega/mavlink_msg_mag_cal_progress.h
[1.528s] -- Up-to-date: /home/nvidia/acfly_ws/install/mavlink/include/mavlink/v2.0/ardupilotmega/mavlink_msg_esc_telemetry_29_to_32.hpp
[1.528s] -- Up-to-date: /home/nvidia/acfly_ws/install/mavlink/include/mavlink/v2.0/ardupilotmega/mavlink.h
[1.528s] -- Up-to-date: /home/nvidia/acfly_ws/install/mavlink/include/mavlink/v2.0/ardupilotmega/mavlink_msg_camera_feedback.hpp
[1.528s] -- Up-to-date: /home/nvidia/acfly_ws/install/mavlink/include/mavlink/v2.0/ardupilotmega/mavlink_msg_fence_fetch_point.hpp
[1.528s] -- Up-to-date: /home/nvidia/acfly_ws/install/mavlink/include/mavlink/v2.0/ardupilotmega/mavlink_msg_remote_log_data_block.h
[1.528s] -- Up-to-date: /home/nvidia/acfly_ws/install/mavlink/include/mavlink/v2.0/ardupilotmega/mavlink_msg_gopro_heartbeat.h
[1.528s] -- Up-to-date: /home/nvidia/acfly_ws/install/mavlink/include/mavlink/v2.0/ardupilotmega/mavlink_msg_deepstall.hpp
[1.528s] -- Up-to-date: /home/nvidia/acfly_ws/install/mavlink/include/mavlink/v2.0/ardupilotmega/mavlink_msg_data32.hpp
[1.528s] -- Up-to-date: /home/nvidia/acfly_ws/install/mavlink/include/mavlink/v2.0/ardupilotmega/mavlink_msg_mount_configure.h
[1.528s] -- Up-to-date: /home/nvidia/acfly_ws/install/mavlink/include/mavlink/v2.0/ardupilotmega/mavlink_msg_autopilot_version_request.hpp
[1.529s] -- Up-to-date: /home/nvidia/acfly_ws/install/mavlink/include/mavlink/v2.0/ardupilotmega/mavlink_msg_vision_position_delta.h
[1.529s] -- Up-to-date: /home/nvidia/acfly_ws/install/mavlink/include/mavlink/v2.0/ardupilotmega/mavlink_msg_gopro_set_response.h
[1.529s] -- Up-to-date: /home/nvidia/acfly_ws/install/mavlink/include/mavlink/v2.0/ardupilotmega/mavlink_msg_meminfo.h
[1.529s] -- Up-to-date: /home/nvidia/acfly_ws/install/mavlink/include/mavlink/v2.0/ardupilotmega/version.h
[1.529s] -- Up-to-date: /home/nvidia/acfly_ws/install/mavlink/include/mavlink/v2.0/ardupilotmega/mavlink_msg_airspeed_autocal.hpp
[1.529s] -- Up-to-date: /home/nvidia/acfly_ws/install/mavlink/include/mavlink/v2.0/ardupilotmega/mavlink_msg_ahrs2.hpp
[1.529s] -- Up-to-date: /home/nvidia/acfly_ws/install/mavlink/include/mavlink/v2.0/ardupilotmega/mavlink_msg_digicam_configure.h
[1.529s] -- Up-to-date: /home/nvidia/acfly_ws/install/mavlink/include/mavlink/v2.0/ardupilotmega/mavlink_msg_device_op_read_reply.h
[1.529s] -- Up-to-date: /home/nvidia/acfly_ws/install/mavlink/include/mavlink/v2.0/ardupilotmega/mavlink_msg_ahrs2.h
[1.529s] -- Up-to-date: /home/nvidia/acfly_ws/install/mavlink/include/mavlink/v2.0/ardupilotmega/mavlink_msg_digicam_configure.hpp
[1.530s] -- Up-to-date: /home/nvidia/acfly_ws/install/mavlink/include/mavlink/v2.0/ardupilotmega/mavlink_msg_rally_fetch_point.h
[1.530s] -- Up-to-date: /home/nvidia/acfly_ws/install/mavlink/include/mavlink/v2.0/ardupilotmega/mavlink_msg_fence_point.h
[1.530s] -- Up-to-date: /home/nvidia/acfly_ws/install/mavlink/include/mavlink/v2.0/ardupilotmega/mavlink_msg_esc_telemetry_17_to_20.hpp
[1.530s] -- Up-to-date: /home/nvidia/acfly_ws/install/mavlink/include/mavlink/v2.0/ardupilotmega/mavlink_msg_gopro_set_response.hpp
[1.530s] -- Up-to-date: /home/nvidia/acfly_ws/install/mavlink/include/mavlink/v2.0/ardupilotmega/mavlink_msg_device_op_read.hpp
[1.530s] -- Up-to-date: /home/nvidia/acfly_ws/install/mavlink/include/mavlink/v2.0/ardupilotmega/mavlink_msg_ahrs3.h
[1.530s] -- Up-to-date: /home/nvidia/acfly_ws/install/mavlink/include/mavlink/v2.0/ardupilotmega/gtestsuite.hpp
[1.530s] -- Up-to-date: /home/nvidia/acfly_ws/install/mavlink/include/mavlink/v2.0/ardupilotmega/mavlink_msg_battery2.h
[1.530s] -- Up-to-date: /home/nvidia/acfly_ws/install/mavlink/include/mavlink/v2.0/ardupilotmega/mavlink_msg_led_control.h
[1.530s] -- Up-to-date: /home/nvidia/acfly_ws/install/mavlink/include/mavlink/v2.0/ardupilotmega/mavlink_msg_esc_telemetry_25_to_28.hpp
[1.531s] -- Up-to-date: /home/nvidia/acfly_ws/install/mavlink/include/mavlink/v2.0/ardupilotmega/mavlink_msg_rangefinder.hpp
[1.531s] -- Up-to-date: /home/nvidia/acfly_ws/install/mavlink/include/mavlink/v2.0/ardupilotmega/mavlink_msg_esc_telemetry_9_to_12.hpp
[1.531s] -- Up-to-date: /home/nvidia/acfly_ws/install/mavlink/include/mavlink/v2.0/ardupilotmega/mavlink_msg_secure_command_reply.h
[1.531s] -- Up-to-date: /home/nvidia/acfly_ws/install/mavlink/include/mavlink/v2.0/ardupilotmega/mavlink_msg_gimbal_control.hpp
[1.531s] -- Up-to-date: /home/nvidia/acfly_ws/install/mavlink/include/mavlink/v2.0/ardupilotmega/mavlink_msg_gimbal_torque_cmd_report.hpp
[1.531s] -- Up-to-date: /home/nvidia/acfly_ws/install/mavlink/include/mavlink/v2.0/ardupilotmega/mavlink_msg_data64.hpp
[1.531s] -- Up-to-date: /home/nvidia/acfly_ws/install/mavlink/include/mavlink/v2.0/ardupilotmega/mavlink_msg_gimbal_report.h
[1.531s] -- Up-to-date: /home/nvidia/acfly_ws/install/mavlink/include/mavlink/v2.0/ardupilotmega/mavlink_msg_gopro_heartbeat.hpp
[1.531s] -- Up-to-date: /home/nvidia/acfly_ws/install/mavlink/include/mavlink/v2.0/ardupilotmega/mavlink_msg_remote_log_block_status.hpp
[1.531s] -- Up-to-date: /home/nvidia/acfly_ws/install/mavlink/include/mavlink/v2.0/ardupilotmega/mavlink_msg_gopro_set_request.hpp
[1.531s] -- Up-to-date: /home/nvidia/acfly_ws/install/mavlink/include/mavlink/v2.0/ardupilotmega/mavlink_msg_camera_feedback.h
[1.532s] -- Up-to-date: /home/nvidia/acfly_ws/install/mavlink/include/mavlink/v2.0/ardupilotmega/mavlink_msg_rangefinder.h
[1.532s] -- Up-to-date: /home/nvidia/acfly_ws/install/mavlink/include/mavlink/v2.0/ardupilotmega/mavlink_msg_esc_telemetry_17_to_20.h
[1.532s] -- Up-to-date: /home/nvidia/acfly_ws/install/mavlink/include/mavlink/v2.0/ardupilotmega/mavlink_msg_remote_log_block_status.h
[1.532s] -- Up-to-date: /home/nvidia/acfly_ws/install/mavlink/include/mavlink/v2.0/ardupilotmega/mavlink_msg_data64.h
[1.532s] -- Up-to-date: /home/nvidia/acfly_ws/install/mavlink/include/mavlink/v2.0/ardupilotmega/mavlink_msg_esc_telemetry_13_to_16.hpp
[1.532s] -- Up-to-date: /home/nvidia/acfly_ws/install/mavlink/include/mavlink/v2.0/ardupilotmega/mavlink_msg_compassmot_status.h
[1.532s] -- Up-to-date: /home/nvidia/acfly_ws/install/mavlink/include/mavlink/v2.0/ardupilotmega/mavlink_msg_mount_status.h
[1.532s] -- Up-to-date: /home/nvidia/acfly_ws/install/mavlink/include/mavlink/v2.0/all
[1.532s] -- Up-to-date: /home/nvidia/acfly_ws/install/mavlink/include/mavlink/v2.0/all/all.hpp
[1.532s] -- Up-to-date: /home/nvidia/acfly_ws/install/mavlink/include/mavlink/v2.0/all/testsuite.h
[1.532s] -- Up-to-date: /home/nvidia/acfly_ws/install/mavlink/include/mavlink/v2.0/all/mavlink.h
[1.533s] -- Up-to-date: /home/nvidia/acfly_ws/install/mavlink/include/mavlink/v2.0/all/version.h
[1.533s] -- Up-to-date: /home/nvidia/acfly_ws/install/mavlink/include/mavlink/v2.0/all/gtestsuite.hpp
[1.533s] -- Up-to-date: /home/nvidia/acfly_ws/install/mavlink/include/mavlink/v2.0/all/all.h
[1.533s] -- Up-to-date: /home/nvidia/acfly_ws/install/mavlink/include/mavlink/v2.0/mavlink_types.h
[1.533s] -- Up-to-date: /home/nvidia/acfly_ws/install/mavlink/include/mavlink/v2.0/acfly
[1.537s] -- Up-to-date: /home/nvidia/acfly_ws/install/mavlink/include/mavlink/v2.0/acfly/mavlink_msg_log_request_data.hpp
[1.537s] -- Up-to-date: /home/nvidia/acfly_ws/install/mavlink/include/mavlink/v2.0/acfly/mavlink_msg_camera_fov_status.hpp
[1.537s] -- Up-to-date: /home/nvidia/acfly_ws/install/mavlink/include/mavlink/v2.0/acfly/mavlink_msg_time_estimate_to_target.h
[1.537s] -- Up-to-date: /home/nvidia/acfly_ws/install/mavlink/include/mavlink/v2.0/acfly/mavlink_msg_open_drone_id_system.h
[1.538s] -- Up-to-date: /home/nvidia/acfly_ws/install/mavlink/include/mavlink/v2.0/acfly/mavlink_msg_gimbal_device_information.hpp
[1.538s] -- Up-to-date: /home/nvidia/acfly_ws/install/mavlink/include/mavlink/v2.0/acfly/mavlink_msg_cellular_status.h
[1.538s] -- Up-to-date: /home/nvidia/acfly_ws/install/mavlink/include/mavlink/v2.0/acfly/mavlink_msg_play_tune.hpp
[1.538s] -- Up-to-date: /home/nvidia/acfly_ws/install/mavlink/include/mavlink/v2.0/acfly/mavlink_msg_actuator_output_status.h
[1.540s] -- Up-to-date: /home/nvidia/acfly_ws/install/mavlink/include/mavlink/v2.0/acfly/mavlink_msg_gimbal_manager_status.h
[1.540s] -- Up-to-date: /home/nvidia/acfly_ws/install/mavlink/include/mavlink/v2.0/acfly/mavlink_msg_battery2.hpp
[1.541s] -- Up-to-date: /home/nvidia/acfly_ws/install/mavlink/include/mavlink/v2.0/acfly/mavlink_msg_rc_channels_override.h
[1.542s] -- Up-to-date: /home/nvidia/acfly_ws/install/mavlink/include/mavlink/v2.0/acfly/mavlink_msg_gimbal_manager_set_manual_control.hpp
[1.543s] -- Up-to-date: /home/nvidia/acfly_ws/install/mavlink/include/mavlink/v2.0/acfly/mavlink_msg_event.hpp
[1.549s] -- Up-to-date: /home/nvidia/acfly_ws/install/mavlink/include/mavlink/v2.0/acfly/mavlink_msg_manual_control.hpp
[1.549s] -- Up-to-date: /home/nvidia/acfly_ws/install/mavlink/include/mavlink/v2.0/acfly/mavlink_msg_command_long.hpp
[1.550s] -- Up-to-date: /home/nvidia/acfly_ws/install/mavlink/include/mavlink/v2.0/acfly/mavlink_msg_acflypossensor_info.h
[1.550s] -- Up-to-date: /home/nvidia/acfly_ws/install/mavlink/include/mavlink/v2.0/acfly/mavlink_msg_terrain_request.h
[1.550s] -- Up-to-date: /home/nvidia/acfly_ws/install/mavlink/include/mavlink/v2.0/acfly/mavlink_msg_attitude.h
[1.550s] -- Up-to-date: /home/nvidia/acfly_ws/install/mavlink/include/mavlink/v2.0/acfly/mavlink_msg_scaled_pressure.h
[1.550s] -- Up-to-date: /home/nvidia/acfly_ws/install/mavlink/include/mavlink/v2.0/acfly/mavlink_msg_cellular_status.hpp
[1.550s] -- Up-to-date: /home/nvidia/acfly_ws/install/mavlink/include/mavlink/v2.0/acfly/mavlink_msg_setup_signing.hpp
[1.550s] -- Up-to-date: /home/nvidia/acfly_ws/install/mavlink/include/mavlink/v2.0/acfly/mavlink_msg_optical_flow.h
[1.550s] -- Up-to-date: /home/nvidia/acfly_ws/install/mavlink/include/mavlink/v2.0/acfly/mavlink_msg_landing_target.h
[1.550s] -- Up-to-date: /home/nvidia/acfly_ws/install/mavlink/include/mavlink/v2.0/acfly/mavlink_msg_cellular_config.hpp
[1.550s] -- Up-to-date: /home/nvidia/acfly_ws/install/mavlink/include/mavlink/v2.0/acfly/mavlink_msg_gimbal_manager_set_pitchyaw.h
[1.551s] -- Up-to-date: /home/nvidia/acfly_ws/install/mavlink/include/mavlink/v2.0/acfly/mavlink_msg_log_erase.h
[1.551s] -- Up-to-date: /home/nvidia/acfly_ws/install/mavlink/include/mavlink/v2.0/acfly/mavlink_msg_change_operator_control.hpp
[1.551s] -- Up-to-date: /home/nvidia/acfly_ws/install/mavlink/include/mavlink/v2.0/acfly/mavlink_msg_command_cancel.hpp
[1.551s] -- Up-to-date: /home/nvidia/acfly_ws/install/mavlink/include/mavlink/v2.0/acfly/mavlink_msg_camera_status.hpp
[1.551s] -- Up-to-date: /home/nvidia/acfly_ws/install/mavlink/include/mavlink/v2.0/acfly/mavlink_msg_gps_input.h
[1.551s] -- Up-to-date: /home/nvidia/acfly_ws/install/mavlink/include/mavlink/v2.0/acfly/mavlink_msg_set_attitude_target.hpp
[1.551s] -- Up-to-date: /home/nvidia/acfly_ws/install/mavlink/include/mavlink/v2.0/acfly/mavlink_msg_local_position_ned_cov.h
[1.551s] -- Up-to-date: /home/nvidia/acfly_ws/install/mavlink/include/mavlink/v2.0/acfly/mavlink_msg_autopilot_version.hpp
[1.551s] -- Up-to-date: /home/nvidia/acfly_ws/install/mavlink/include/mavlink/v2.0/acfly/mavlink_msg_param_ext_value.hpp
[1.551s] -- Up-to-date: /home/nvidia/acfly_ws/install/mavlink/include/mavlink/v2.0/acfly/mavlink_msg_param_ext_ack.h
[1.551s] -- Up-to-date: /home/nvidia/acfly_ws/install/mavlink/include/mavlink/v2.0/acfly/mavlink_msg_hil_rc_inputs_raw.hpp
[1.552s] -- Up-to-date: /home/nvidia/acfly_ws/install/mavlink/include/mavlink/v2.0/acfly/mavlink_msg_command_int.h
[1.552s] -- Up-to-date: /home/nvidia/acfly_ws/install/mavlink/include/mavlink/v2.0/acfly/mavlink_msg_gimbal_manager_information.hpp
[1.552s] -- Up-to-date: /home/nvidia/acfly_ws/install/mavlink/include/mavlink/v2.0/acfly/mavlink_msg_terrain_request.hpp
[1.552s] -- Up-to-date: /home/nvidia/acfly_ws/install/mavlink/include/mavlink/v2.0/acfly/mavlink_msg_play_tune_v2.hpp
[1.552s] -- Up-to-date: /home/nvidia/acfly_ws/install/mavlink/include/mavlink/v2.0/acfly/mavlink_msg_gps_inject_data.h
[1.552s] -- Up-to-date: /home/nvidia/acfly_ws/install/mavlink/include/mavlink/v2.0/acfly/mavlink_msg_named_value_int.hpp
[1.552s] -- Up-to-date: /home/nvidia/acfly_ws/install/mavlink/include/mavlink/v2.0/acfly/mavlink_msg_rc_channels_raw.h
[1.552s] -- Up-to-date: /home/nvidia/acfly_ws/install/mavlink/include/mavlink/v2.0/acfly/mavlink_msg_auth_key.hpp
[1.553s] -- Up-to-date: /home/nvidia/acfly_ws/install/mavlink/include/mavlink/v2.0/acfly/mavlink_msg_camera_image_captured.hpp
[1.553s] -- Up-to-date: /home/nvidia/acfly_ws/install/mavlink/include/mavlink/v2.0/acfly/mavlink_msg_camera_trigger.h
[1.553s] -- Up-to-date: /home/nvidia/acfly_ws/install/mavlink/include/mavlink/v2.0/acfly/mavlink_msg_mission_ack.hpp
[1.553s] -- Up-to-date: /home/nvidia/acfly_ws/install/mavlink/include/mavlink/v2.0/acfly/mavlink_msg_param_ext_request_read.h
[1.553s] -- Up-to-date: /home/nvidia/acfly_ws/install/mavlink/include/mavlink/v2.0/acfly/mavlink_msg_param_request_read.h
[1.553s] -- Up-to-date: /home/nvidia/acfly_ws/install/mavlink/include/mavlink/v2.0/acfly/mavlink_msg_local_position_ned_system_global_offset.hpp
[1.553s] -- Up-to-date: /home/nvidia/acfly_ws/install/mavlink/include/mavlink/v2.0/acfly/mavlink_msg_open_drone_id_self_id.hpp
[1.553s] -- Up-to-date: /home/nvidia/acfly_ws/install/mavlink/include/mavlink/v2.0/acfly/mavlink_msg_data_transmission_handshake.h
[1.553s] -- Up-to-date: /home/nvidia/acfly_ws/install/mavlink/include/mavlink/v2.0/acfly/mavlink_msg_set_gps_global_origin.h
[1.553s] -- Up-to-date: /home/nvidia/acfly_ws/install/mavlink/include/mavlink/v2.0/acfly/mavlink_msg_serial_control.hpp
[1.553s] -- Up-to-date: /home/nvidia/acfly_ws/install/mavlink/include/mavlink/v2.0/acfly/mavlink_msg_v2_extension.h
[1.554s] -- Up-to-date: /home/nvidia/acfly_ws/install/mavlink/include/mavlink/v2.0/acfly/mavlink_msg_camera_status.h
[1.554s] -- Up-to-date: /home/nvidia/acfly_ws/install/mavlink/include/mavlink/v2.0/acfly/mavlink_msg_statustext.h
[1.554s] -- Up-to-date: /home/nvidia/acfly_ws/install/mavlink/include/mavlink/v2.0/acfly/mavlink_msg_camera_capture_status.h
[1.554s] -- Up-to-date: /home/nvidia/acfly_ws/install/mavlink/include/mavlink/v2.0/acfly/mavlink_msg_extended_sys_state.h
[1.554s] -- Up-to-date: /home/nvidia/acfly_ws/install/mavlink/include/mavlink/v2.0/acfly/mavlink_msg_param_ext_set.h
[1.554s] -- Up-to-date: /home/nvidia/acfly_ws/install/mavlink/include/mavlink/v2.0/acfly/mavlink_msg_play_tune.h
[1.554s] -- Up-to-date: /home/nvidia/acfly_ws/install/mavlink/include/mavlink/v2.0/acfly/mavlink_msg_debug_float_array.hpp
[1.554s] -- Up-to-date: /home/nvidia/acfly_ws/install/mavlink/include/mavlink/v2.0/acfly/mavlink_msg_mission_request.h
[1.554s] -- Up-to-date: /home/nvidia/acfly_ws/install/mavlink/include/mavlink/v2.0/acfly/mavlink_msg_mount_orientation.h
[1.554s] -- Up-to-date: /home/nvidia/acfly_ws/install/mavlink/include/mavlink/v2.0/acfly/mavlink_msg_hil_optical_flow.h
[1.555s] -- Up-to-date: /home/nvidia/acfly_ws/install/mavlink/include/mavlink/v2.0/acfly/mavlink_msg_open_drone_id_location.h
[1.555s] -- Up-to-date: /home/nvidia/acfly_ws/install/mavlink/include/mavlink/v2.0/acfly/mavlink_msg_scaled_pressure3.hpp
[1.555s] -- Up-to-date: /home/nvidia/acfly_ws/install/mavlink/include/mavlink/v2.0/acfly/mavlink_msg_hil_gps.hpp
[1.555s] -- Up-to-date: /home/nvidia/acfly_ws/install/mavlink/include/mavlink/v2.0/acfly/mavlink_msg_uavcan_node_info.hpp
[1.555s] -- Up-to-date: /home/nvidia/acfly_ws/install/mavlink/include/mavlink/v2.0/acfly/mavlink_msg_high_latency.hpp
[1.555s] -- Up-to-date: /home/nvidia/acfly_ws/install/mavlink/include/mavlink/v2.0/acfly/mavlink_msg_mission_request_int.h
[1.558s] -- Up-to-date: /home/nvidia/acfly_ws/install/mavlink/include/mavlink/v2.0/acfly/mavlink_msg_v2_extension.hpp
[1.558s] -- Up-to-date: /home/nvidia/acfly_ws/install/mavlink/include/mavlink/v2.0/acfly/mavlink_msg_extended_sys_state.hpp
[1.558s] -- Up-to-date: /home/nvidia/acfly_ws/install/mavlink/include/mavlink/v2.0/acfly/mavlink_msg_control_system_state.hpp
[1.559s] -- Up-to-date: /home/nvidia/acfly_ws/install/mavlink/include/mavlink/v2.0/acfly/mavlink_msg_actuator_control_target.h
[1.559s] -- Up-to-date: /home/nvidia/acfly_ws/install/mavlink/include/mavlink/v2.0/acfly/mavlink_msg_component_information.h
[1.559s] -- Up-to-date: /home/nvidia/acfly_ws/install/mavlink/include/mavlink/v2.0/acfly/mavlink_msg_smart_battery_info.hpp
[1.559s] -- Up-to-date: /home/nvidia/acfly_ws/install/mavlink/include/mavlink/v2.0/acfly/mavlink_msg_autopilot_state_for_gimbal_device.h
[1.559s] -- Up-to-date: /home/nvidia/acfly_ws/install/mavlink/include/mavlink/v2.0/acfly/mavlink_msg_mission_request.hpp
[1.559s] -- Up-to-date: /home/nvidia/acfly_ws/install/mavlink/include/mavlink/v2.0/acfly/mavlink_msg_acflyhtl_imu_update.h
[1.559s] -- Up-to-date: /home/nvidia/acfly_ws/install/mavlink/include/mavlink/v2.0/acfly/mavlink_msg_set_home_position.hpp
[1.559s] -- Up-to-date: /home/nvidia/acfly_ws/install/mavlink/include/mavlink/v2.0/acfly/mavlink_msg_sim_state.h
[1.560s] -- Up-to-date: /home/nvidia/acfly_ws/install/mavlink/include/mavlink/v2.0/acfly/mavlink_msg_time_estimate_to_target.hpp
[1.560s] -- Up-to-date: /home/nvidia/acfly_ws/install/mavlink/include/mavlink/v2.0/acfly/mavlink_msg_param_ext_value.h
[1.560s] -- Up-to-date: /home/nvidia/acfly_ws/install/mavlink/include/mavlink/v2.0/acfly/mavlink_msg_auth_key.h
[1.560s] -- Up-to-date: /home/nvidia/acfly_ws/install/mavlink/include/mavlink/v2.0/acfly/mavlink_msg_message_interval.h
[1.560s] -- Up-to-date: /home/nvidia/acfly_ws/install/mavlink/include/mavlink/v2.0/acfly/mavlink_msg_onboard_computer_status.h
[1.560s] -- Up-to-date: /home/nvidia/acfly_ws/install/mavlink/include/mavlink/v2.0/acfly/mavlink_msg_gimbal_device_set_attitude.h
[1.560s] -- Up-to-date: /home/nvidia/acfly_ws/install/mavlink/include/mavlink/v2.0/acfly/mavlink_msg_raw_pressure.h
[1.560s] -- Up-to-date: /home/nvidia/acfly_ws/install/mavlink/include/mavlink/v2.0/acfly/mavlink_msg_set_actuator_control_target.hpp
[1.560s] -- Up-to-date: /home/nvidia/acfly_ws/install/mavlink/include/mavlink/v2.0/acfly/mavlink_msg_isbd_link_status.hpp
[1.560s] -- Up-to-date: /home/nvidia/acfly_ws/install/mavlink/include/mavlink/v2.0/acfly/mavlink_msg_log_request_list.hpp
[1.560s] -- Up-to-date: /home/nvidia/acfly_ws/install/mavlink/include/mavlink/v2.0/acfly/mavlink_msg_adsb_vehicle.hpp
[1.561s] -- Up-to-date: /home/nvidia/acfly_ws/install/mavlink/include/mavlink/v2.0/acfly/mavlink_msg_vibration.h
[1.561s] -- Up-to-date: /home/nvidia/acfly_ws/install/mavlink/include/mavlink/v2.0/acfly/mavlink_msg_set_home_position.h
[1.561s] -- Up-to-date: /home/nvidia/acfly_ws/install/mavlink/include/mavlink/v2.0/acfly/mavlink_msg_terrain_check.h
[1.561s] -- Up-to-date: /home/nvidia/acfly_ws/install/mavlink/include/mavlink/v2.0/acfly/mavlink_msg_hil_sensor.h
[1.561s] -- Up-to-date: /home/nvidia/acfly_ws/install/mavlink/include/mavlink/v2.0/acfly/mavlink_msg_link_node_status.hpp
[1.561s] -- Up-to-date: /home/nvidia/acfly_ws/install/mavlink/include/mavlink/v2.0/acfly/mavlink_msg_open_drone_id_basic_id.hpp
[1.561s] -- Up-to-date: /home/nvidia/acfly_ws/install/mavlink/include/mavlink/v2.0/acfly/mavlink_msg_terrain_data.h
[1.561s] -- Up-to-date: /home/nvidia/acfly_ws/install/mavlink/include/mavlink/v2.0/acfly/mavlink_msg_hil_state.h
[1.562s] -- Up-to-date: /home/nvidia/acfly_ws/install/mavlink/include/mavlink/v2.0/acfly/mavlink_msg_serial_control.h
[1.562s] -- Up-to-date: /home/nvidia/acfly_ws/install/mavlink/include/mavlink/v2.0/acfly/mavlink_msg_hil_controls.h
[1.562s] -- Up-to-date: /home/nvidia/acfly_ws/install/mavlink/include/mavlink/v2.0/acfly/mavlink_msg_odometry.h
[1.562s] -- Up-to-date: /home/nvidia/acfly_ws/install/mavlink/include/mavlink/v2.0/acfly/mavlink_msg_flight_information.h
[1.562s] -- Up-to-date: /home/nvidia/acfly_ws/install/mavlink/include/mavlink/v2.0/acfly/mavlink_msg_request_event.hpp
[1.562s] -- Up-to-date: /home/nvidia/acfly_ws/install/mavlink/include/mavlink/v2.0/acfly/mavlink_msg_radio_status.hpp
[1.562s] -- Up-to-date: /home/nvidia/acfly_ws/install/mavlink/include/mavlink/v2.0/acfly/mavlink_msg_data_transmission_handshake.hpp
[1.562s] -- Up-to-date: /home/nvidia/acfly_ws/install/mavlink/include/mavlink/v2.0/acfly/mavlink_msg_optical_flow_rad.h
[1.562s] -- Up-to-date: /home/nvidia/acfly_ws/install/mavlink/include/mavlink/v2.0/acfly/mavlink_msg_hil_actuator_controls.hpp
[1.562s] -- Up-to-date: /home/nvidia/acfly_ws/install/mavlink/include/mavlink/v2.0/acfly/mavlink_msg_fence_status.h
[1.563s] -- Up-to-date: /home/nvidia/acfly_ws/install/mavlink/include/mavlink/v2.0/acfly/mavlink_msg_gps2_raw.hpp
[1.563s] -- Up-to-date: /home/nvidia/acfly_ws/install/mavlink/include/mavlink/v2.0/acfly/mavlink_msg_terrain_check.hpp
[1.563s] -- Up-to-date: /home/nvidia/acfly_ws/install/mavlink/include/mavlink/v2.0/acfly/mavlink_msg_global_position_int.h
[1.563s] -- Up-to-date: /home/nvidia/acfly_ws/install/mavlink/include/mavlink/v2.0/acfly/mavlink_msg_param_ext_request_list.h
[1.563s] -- Up-to-date: /home/nvidia/acfly_ws/install/mavlink/include/mavlink/v2.0/acfly/mavlink_msg_log_entry.hpp
[1.563s] -- Up-to-date: /home/nvidia/acfly_ws/install/mavlink/include/mavlink/v2.0/acfly/mavlink_msg_collision.hpp
[1.563s] -- Up-to-date: /home/nvidia/acfly_ws/install/mavlink/include/mavlink/v2.0/acfly/mavlink_msg_ais_vessel.hpp
[1.563s] -- Up-to-date: /home/nvidia/acfly_ws/install/mavlink/include/mavlink/v2.0/acfly/mavlink_msg_global_position_int.hpp
[1.563s] -- Up-to-date: /home/nvidia/acfly_ws/install/mavlink/include/mavlink/v2.0/acfly/mavlink_msg_camera_information.hpp
[1.563s] -- Up-to-date: /home/nvidia/acfly_ws/install/mavlink/include/mavlink/v2.0/acfly/mavlink_msg_gps_rtcm_data.h
[1.564s] -- Up-to-date: /home/nvidia/acfly_ws/install/mavlink/include/mavlink/v2.0/acfly/mavlink_msg_log_erase.hpp
[1.564s] -- Up-to-date: /home/nvidia/acfly_ws/install/mavlink/include/mavlink/v2.0/acfly/mavlink_msg_trajectory_representation_waypoints.hpp
[1.564s] -- Up-to-date: /home/nvidia/acfly_ws/install/mavlink/include/mavlink/v2.0/acfly/mavlink_msg_gps_rtk.hpp
[1.564s] -- Up-to-date: /home/nvidia/acfly_ws/install/mavlink/include/mavlink/v2.0/acfly/mavlink_msg_wifi_config_ap.hpp
[1.564s] -- Up-to-date: /home/nvidia/acfly_ws/install/mavlink/include/mavlink/v2.0/acfly/mavlink_msg_camera_settings.h
[1.564s] -- Up-to-date: /home/nvidia/acfly_ws/install/mavlink/include/mavlink/v2.0/acfly/mavlink_msg_home_position.h
[1.564s] -- Up-to-date: /home/nvidia/acfly_ws/install/mavlink/include/mavlink/v2.0/acfly/mavlink_msg_system_time.h
[1.564s] -- Up-to-date: /home/nvidia/acfly_ws/install/mavlink/include/mavlink/v2.0/acfly/mavlink_msg_power_status.hpp
[1.564s] -- Up-to-date: /home/nvidia/acfly_ws/install/mavlink/include/mavlink/v2.0/acfly/mavlink_msg_scaled_imu.hpp
[1.565s] -- Up-to-date: /home/nvidia/acfly_ws/install/mavlink/include/mavlink/v2.0/acfly/mavlink_msg_follow_target.hpp
[1.565s] -- Up-to-date: /home/nvidia/acfly_ws/install/mavlink/include/mavlink/v2.0/acfly/mavlink_msg_param_request_list.hpp
[1.565s] -- Up-to-date: /home/nvidia/acfly_ws/install/mavlink/include/mavlink/v2.0/acfly/mavlink_msg_open_drone_id_authentication.h
[1.565s] -- Up-to-date: /home/nvidia/acfly_ws/install/mavlink/include/mavlink/v2.0/acfly/mavlink_msg_open_drone_id_authentication.hpp
[1.565s] -- Up-to-date: /home/nvidia/acfly_ws/install/mavlink/include/mavlink/v2.0/acfly/mavlink_msg_command_long.h
[1.565s] -- Up-to-date: /home/nvidia/acfly_ws/install/mavlink/include/mavlink/v2.0/acfly/mavlink_msg_vfr_hud.h
[1.565s] -- Up-to-date: /home/nvidia/acfly_ws/install/mavlink/include/mavlink/v2.0/acfly/acfly.hpp
[1.565s] -- Up-to-date: /home/nvidia/acfly_ws/install/mavlink/include/mavlink/v2.0/acfly/mavlink_msg_camera_capture_status.hpp
[1.565s] -- Up-to-date: /home/nvidia/acfly_ws/install/mavlink/include/mavlink/v2.0/acfly/mavlink_msg_raw_imu.hpp
[1.566s] -- Up-to-date: /home/nvidia/acfly_ws/install/mavlink/include/mavlink/v2.0/acfly/mavlink_msg_attitude_target.hpp
[1.566s] -- Up-to-date: /home/nvidia/acfly_ws/install/mavlink/include/mavlink/v2.0/acfly/mavlink_msg_gimbal_manager_set_manual_control.h
[1.566s] -- Up-to-date: /home/nvidia/acfly_ws/install/mavlink/include/mavlink/v2.0/acfly/mavlink_msg_param_map_rc.h
[1.566s] -- Up-to-date: /home/nvidia/acfly_ws/install/mavlink/include/mavlink/v2.0/acfly/mavlink_msg_video_stream_status.hpp
[1.567s] -- Up-to-date: /home/nvidia/acfly_ws/install/mavlink/include/mavlink/v2.0/acfly/mavlink_msg_gps_input.hpp
[1.567s] -- Up-to-date: /home/nvidia/acfly_ws/install/mavlink/include/mavlink/v2.0/acfly/mavlink_msg_esc_status.h
[1.567s] -- Up-to-date: /home/nvidia/acfly_ws/install/mavlink/include/mavlink/v2.0/acfly/mavlink_msg_hil_controls.hpp
[1.567s] -- Up-to-date: /home/nvidia/acfly_ws/install/mavlink/include/mavlink/v2.0/acfly/mavlink_msg_mission_set_current.h
[1.567s] -- Up-to-date: /home/nvidia/acfly_ws/install/mavlink/include/mavlink/v2.0/acfly/mavlink_msg_param_value.h
[1.567s] -- Up-to-date: /home/nvidia/acfly_ws/install/mavlink/include/mavlink/v2.0/acfly/mavlink_msg_mission_ack.h
[1.567s] -- Up-to-date: /home/nvidia/acfly_ws/install/mavlink/include/mavlink/v2.0/acfly/mavlink_msg_data_stream.h
[1.567s] -- Up-to-date: /home/nvidia/acfly_ws/install/mavlink/include/mavlink/v2.0/acfly/mavlink_msg_gps_raw_int.hpp
[1.568s] -- Up-to-date: /home/nvidia/acfly_ws/install/mavlink/include/mavlink/v2.0/acfly/mavlink_msg_raw_rpm.h
[1.568s] -- Up-to-date: /home/nvidia/acfly_ws/install/mavlink/include/mavlink/v2.0/acfly/mavlink_msg_rc_channels_scaled.h
[1.568s] -- Up-to-date: /home/nvidia/acfly_ws/install/mavlink/include/mavlink/v2.0/acfly/mavlink_msg_winch_status.h
[1.568s] -- Up-to-date: /home/nvidia/acfly_ws/install/mavlink/include/mavlink/v2.0/acfly/mavlink_msg_open_drone_id_message_pack.h
[1.568s] -- Up-to-date: /home/nvidia/acfly_ws/install/mavlink/include/mavlink/v2.0/acfly/mavlink_msg_remote_log_data_block.hpp
[1.568s] -- Up-to-date: /home/nvidia/acfly_ws/install/mavlink/include/mavlink/v2.0/acfly/mavlink_msg_gps_global_origin.hpp
[1.568s] -- Up-to-date: /home/nvidia/acfly_ws/install/mavlink/include/mavlink/v2.0/acfly/mavlink_msg_gps_status.hpp
[1.568s] -- Up-to-date: /home/nvidia/acfly_ws/install/mavlink/include/mavlink/v2.0/acfly/mavlink_msg_adsb_vehicle.h
[1.568s] -- Up-to-date: /home/nvidia/acfly_ws/install/mavlink/include/mavlink/v2.0/acfly/mavlink_msg_button_change.hpp
[1.568s] -- Up-to-date: /home/nvidia/acfly_ws/install/mavlink/include/mavlink/v2.0/acfly/mavlink_msg_param_request_list.h
[1.568s] -- Up-to-date: /home/nvidia/acfly_ws/install/mavlink/include/mavlink/v2.0/acfly/mavlink_msg_named_value_float.hpp
[1.569s] -- Up-to-date: /home/nvidia/acfly_ws/install/mavlink/include/mavlink/v2.0/acfly/mavlink_msg_gps_status.h
[1.569s] -- Up-to-date: /home/nvidia/acfly_ws/install/mavlink/include/mavlink/v2.0/acfly/mavlink_msg_autopilot_version_request.h
[1.569s] -- Up-to-date: /home/nvidia/acfly_ws/install/mavlink/include/mavlink/v2.0/acfly/mavlink_msg_flight_information.hpp
[1.569s] -- Up-to-date: /home/nvidia/acfly_ws/install/mavlink/include/mavlink/v2.0/acfly/mavlink_msg_attitude_quaternion.hpp
[1.569s] -- Up-to-date: /home/nvidia/acfly_ws/install/mavlink/include/mavlink/v2.0/acfly/mavlink_msg_global_vision_position_estimate.hpp
[1.569s] -- Up-to-date: /home/nvidia/acfly_ws/install/mavlink/include/mavlink/v2.0/acfly/mavlink_msg_param_set.h
[1.569s] -- Up-to-date: /home/nvidia/acfly_ws/install/mavlink/include/mavlink/v2.0/acfly/mavlink_msg_debug.h
[1.569s] -- Up-to-date: /home/nvidia/acfly_ws/install/mavlink/include/mavlink/v2.0/acfly/mavlink_msg_gimbal_manager_status.hpp
[1.570s] -- Up-to-date: /home/nvidia/acfly_ws/install/mavlink/include/mavlink/v2.0/acfly/mavlink_msg_param_ext_ack.hpp
[1.570s] -- Up-to-date: /home/nvidia/acfly_ws/install/mavlink/include/mavlink/v2.0/acfly/mavlink_msg_change_operator_control_ack.h
[1.570s] -- Up-to-date: /home/nvidia/acfly_ws/install/mavlink/include/mavlink/v2.0/acfly/mavlink_msg_position_target_local_ned.h
[1.570s] -- Up-to-date: /home/nvidia/acfly_ws/install/mavlink/include/mavlink/v2.0/acfly/mavlink_msg_optical_flow_rad.hpp
[1.570s] -- Up-to-date: /home/nvidia/acfly_ws/install/mavlink/include/mavlink/v2.0/acfly/mavlink_msg_mission_item.hpp
[1.570s] -- Up-to-date: /home/nvidia/acfly_ws/install/mavlink/include/mavlink/v2.0/acfly/testsuite.h
[1.570s] -- Up-to-date: /home/nvidia/acfly_ws/install/mavlink/include/mavlink/v2.0/acfly/mavlink_msg_rally_point.h
[1.570s] -- Up-to-date: /home/nvidia/acfly_ws/install/mavlink/include/mavlink/v2.0/acfly/mavlink_msg_param_set.hpp
[1.570s] -- Up-to-date: /home/nvidia/acfly_ws/install/mavlink/include/mavlink/v2.0/acfly/mavlink_msg_rc_channels_raw.hpp
[1.570s] -- Up-to-date: /home/nvidia/acfly_ws/install/mavlink/include/mavlink/v2.0/acfly/mavlink_msg_camera_fov_status.h
[1.571s] -- Up-to-date: /home/nvidia/acfly_ws/install/mavlink/include/mavlink/v2.0/acfly/mavlink_msg_camera_settings.hpp
[1.571s] -- Up-to-date: /home/nvidia/acfly_ws/install/mavlink/include/mavlink/v2.0/acfly/mavlink_msg_acfly_regeisterpossensor.h
[1.571s] -- Up-to-date: /home/nvidia/acfly_ws/install/mavlink/include/mavlink/v2.0/acfly/mavlink_msg_led_control.hpp
[1.571s] -- Up-to-date: /home/nvidia/acfly_ws/install/mavlink/include/mavlink/v2.0/acfly/mavlink_msg_set_actuator_control_target.h
[1.571s] -- Up-to-date: /home/nvidia/acfly_ws/install/mavlink/include/mavlink/v2.0/acfly/mavlink_msg_orbit_execution_status.hpp
[1.571s] -- Up-to-date: /home/nvidia/acfly_ws/install/mavlink/include/mavlink/v2.0/acfly/mavlink_msg_system_time.hpp
[1.571s] -- Up-to-date: /home/nvidia/acfly_ws/install/mavlink/include/mavlink/v2.0/acfly/mavlink_msg_log_request_end.hpp
[1.571s] -- Up-to-date: /home/nvidia/acfly_ws/install/mavlink/include/mavlink/v2.0/acfly/mavlink_msg_control_system_state.h
[1.571s] -- Up-to-date: /home/nvidia/acfly_ws/install/mavlink/include/mavlink/v2.0/acfly/mavlink_msg_mission_set_current.hpp
[1.571s] -- Up-to-date: /home/nvidia/acfly_ws/install/mavlink/include/mavlink/v2.0/acfly/mavlink_msg_hil_gps.h
[1.571s] -- Up-to-date: /home/nvidia/acfly_ws/install/mavlink/include/mavlink/v2.0/acfly/mavlink_msg_acflyhtl_imu_update.hpp
[1.572s] -- Up-to-date: /home/nvidia/acfly_ws/install/mavlink/include/mavlink/v2.0/acfly/mavlink_msg_manual_setpoint.hpp
[1.572s] -- Up-to-date: /home/nvidia/acfly_ws/install/mavlink/include/mavlink/v2.0/acfly/mavlink_msg_estimator_status.hpp
[1.572s] -- Up-to-date: /home/nvidia/acfly_ws/install/mavlink/include/mavlink/v2.0/acfly/mavlink_msg_acflyhtl_imu_register.hpp
[1.572s] -- Up-to-date: /home/nvidia/acfly_ws/install/mavlink/include/mavlink/v2.0/acfly/mavlink_msg_position_target_global_int.hpp
[1.572s] -- Up-to-date: /home/nvidia/acfly_ws/install/mavlink/include/mavlink/v2.0/acfly/mavlink_msg_distance_sensor.hpp
[1.572s] -- Up-to-date: /home/nvidia/acfly_ws/install/mavlink/include/mavlink/v2.0/acfly/mavlink_msg_component_extension43.hpp
[1.572s] -- Up-to-date: /home/nvidia/acfly_ws/install/mavlink/include/mavlink/v2.0/acfly/mavlink_msg_global_position_int_cov.h
[1.572s] -- Up-to-date: /home/nvidia/acfly_ws/install/mavlink/include/mavlink/v2.0/acfly/mavlink_msg_manual_setpoint.h
[1.573s] -- Up-to-date: /home/nvidia/acfly_ws/install/mavlink/include/mavlink/v2.0/acfly/mavlink_msg_play_tune_v2.h
[1.573s] -- Up-to-date: /home/nvidia/acfly_ws/install/mavlink/include/mavlink/v2.0/acfly/mavlink_msg_trajectory_representation_bezier.hpp
[1.573s] -- Up-to-date: /home/nvidia/acfly_ws/install/mavlink/include/mavlink/v2.0/acfly/mavlink_msg_battery_status_acfly.h
[1.573s] -- Up-to-date: /home/nvidia/acfly_ws/install/mavlink/include/mavlink/v2.0/acfly/mavlink_msg_vision_speed_estimate.hpp
[1.573s] -- Up-to-date: /home/nvidia/acfly_ws/install/mavlink/include/mavlink/v2.0/acfly/mavlink_msg_scaled_pressure2.h
[1.573s] -- Up-to-date: /home/nvidia/acfly_ws/install/mavlink/include/mavlink/v2.0/acfly/mavlink_msg_open_drone_id_operator_id.hpp
[1.573s] -- Up-to-date: /home/nvidia/acfly_ws/install/mavlink/include/mavlink/v2.0/acfly/mavlink_msg_named_value_float.h
[1.573s] -- Up-to-date: /home/nvidia/acfly_ws/install/mavlink/include/mavlink/v2.0/acfly/mavlink_msg_ahrs3.hpp
[1.573s] -- Up-to-date: /home/nvidia/acfly_ws/install/mavlink/include/mavlink/v2.0/acfly/mavlink_msg_follow_target.h
[1.573s] -- Up-to-date: /home/nvidia/acfly_ws/install/mavlink/include/mavlink/v2.0/acfly/mavlink_msg_mission_item_reached.h
[1.574s] -- Up-to-date: /home/nvidia/acfly_ws/install/mavlink/include/mavlink/v2.0/acfly/mavlink_msg_highres_imu.hpp
[1.574s] -- Up-to-date: /home/nvidia/acfly_ws/install/mavlink/include/mavlink/v2.0/acfly/mavlink_msg_rally_fetch_point.hpp
[1.574s] -- Up-to-date: /home/nvidia/acfly_ws/install/mavlink/include/mavlink/v2.0/acfly/mavlink_msg_data_stream.hpp
[1.574s] -- Up-to-date: /home/nvidia/acfly_ws/install/mavlink/include/mavlink/v2.0/acfly/mavlink_msg_vision_speed_estimate.h
[1.574s] -- Up-to-date: /home/nvidia/acfly_ws/install/mavlink/include/mavlink/v2.0/acfly/mavlink_msg_timesync.hpp
[1.574s] -- Up-to-date: /home/nvidia/acfly_ws/install/mavlink/include/mavlink/v2.0/acfly/mavlink_msg_log_request_list.h
[1.574s] -- Up-to-date: /home/nvidia/acfly_ws/install/mavlink/include/mavlink/v2.0/acfly/mavlink_msg_tunnel.hpp
[1.574s] -- Up-to-date: /home/nvidia/acfly_ws/install/mavlink/include/mavlink/v2.0/acfly/mavlink_msg_acfly_updatepossensor.h
[1.574s] -- Up-to-date: /home/nvidia/acfly_ws/install/mavlink/include/mavlink/v2.0/acfly/mavlink_msg_component_information.hpp
[1.574s] -- Up-to-date: /home/nvidia/acfly_ws/install/mavlink/include/mavlink/v2.0/acfly/mavlink_msg_open_drone_id_operator_id.h
[1.574s] -- Up-to-date: /home/nvidia/acfly_ws/install/mavlink/include/mavlink/v2.0/acfly/mavlink_msg_vision_position_estimate.h
[1.575s] -- Up-to-date: /home/nvidia/acfly_ws/install/mavlink/include/mavlink/v2.0/acfly/mavlink_msg_highres_imu.h
[1.575s] -- Up-to-date: /home/nvidia/acfly_ws/install/mavlink/include/mavlink/v2.0/acfly/mavlink_msg_rc_channels.hpp
[1.576s] -- Up-to-date: /home/nvidia/acfly_ws/install/mavlink/include/mavlink/v2.0/acfly/mavlink_msg_manual_control.h
[1.576s] -- Up-to-date: /home/nvidia/acfly_ws/install/mavlink/include/mavlink/v2.0/acfly/mavlink_msg_estimator_status.h
[1.576s] -- Up-to-date: /home/nvidia/acfly_ws/install/mavlink/include/mavlink/v2.0/acfly/mavlink_msg_set_mode.hpp
[1.576s] -- Up-to-date: /home/nvidia/acfly_ws/install/mavlink/include/mavlink/v2.0/acfly/mavlink_msg_debug_float_array.h
[1.576s] -- Up-to-date: /home/nvidia/acfly_ws/install/mavlink/include/mavlink/v2.0/acfly/mavlink_msg_landing_target.hpp
[1.576s] -- Up-to-date: /home/nvidia/acfly_ws/install/mavlink/include/mavlink/v2.0/acfly/mavlink_msg_gps_rtcm_data.hpp
[1.576s] -- Up-to-date: /home/nvidia/acfly_ws/install/mavlink/include/mavlink/v2.0/acfly/mavlink_msg_att_pos_mocap.hpp
[1.576s] -- Up-to-date: /home/nvidia/acfly_ws/install/mavlink/include/mavlink/v2.0/acfly/mavlink_msg_open_drone_id_self_id.h
[1.577s] -- Up-to-date: /home/nvidia/acfly_ws/install/mavlink/include/mavlink/v2.0/acfly/mavlink_msg_uavcan_node_info.h
[1.577s] -- Up-to-date: /home/nvidia/acfly_ws/install/mavlink/include/mavlink/v2.0/acfly/mavlink_msg_vicon_position_estimate.hpp
[1.577s] -- Up-to-date: /home/nvidia/acfly_ws/install/mavlink/include/mavlink/v2.0/acfly/mavlink_msg_local_position_ned.hpp
[1.577s] -- Up-to-date: /home/nvidia/acfly_ws/install/mavlink/include/mavlink/v2.0/acfly/mavlink_msg_camera_tracking_image_status.hpp
[1.577s] -- Up-to-date: /home/nvidia/acfly_ws/install/mavlink/include/mavlink/v2.0/acfly/mavlink_msg_isbd_link_status.h
[1.577s] -- Up-to-date: /home/nvidia/acfly_ws/install/mavlink/include/mavlink/v2.0/acfly/mavlink_msg_acflyhtl_imu_register.h
[1.577s] -- Up-to-date: /home/nvidia/acfly_ws/install/mavlink/include/mavlink/v2.0/acfly/mavlink_msg_hil_rc_inputs_raw.h
[1.577s] -- Up-to-date: /home/nvidia/acfly_ws/install/mavlink/include/mavlink/v2.0/acfly/mavlink_msg_actuator_output_status.hpp
[1.577s] -- Up-to-date: /home/nvidia/acfly_ws/install/mavlink/include/mavlink/v2.0/acfly/mavlink_msg_mission_item.h
[1.578s] -- Up-to-date: /home/nvidia/acfly_ws/install/mavlink/include/mavlink/v2.0/acfly/mavlink_msg_debug_vect.h
[1.578s] -- Up-to-date: /home/nvidia/acfly_ws/install/mavlink/include/mavlink/v2.0/acfly/mavlink_msg_attitude_quaternion.h
[1.578s] -- Up-to-date: /home/nvidia/acfly_ws/install/mavlink/include/mavlink/v2.0/acfly/mavlink_msg_compassmot_status.hpp
[1.578s] -- Up-to-date: /home/nvidia/acfly_ws/install/mavlink/include/mavlink/v2.0/acfly/mavlink_msg_hil_optical_flow.hpp
[1.578s] -- Up-to-date: /home/nvidia/acfly_ws/install/mavlink/include/mavlink/v2.0/acfly/mavlink_msg_change_operator_control.h
[1.578s] -- Up-to-date: /home/nvidia/acfly_ws/install/mavlink/include/mavlink/v2.0/acfly/mavlink_msg_open_drone_id_system.hpp
[1.578s] -- Up-to-date: /home/nvidia/acfly_ws/install/mavlink/include/mavlink/v2.0/acfly/mavlink_msg_esc_info.hpp
[1.578s] -- Up-to-date: /home/nvidia/acfly_ws/install/mavlink/include/mavlink/v2.0/acfly/mavlink_msg_change_operator_control_ack.hpp
[1.578s] -- Up-to-date: /home/nvidia/acfly_ws/install/mavlink/include/mavlink/v2.0/acfly/mavlink_msg_safety_allowed_area.hpp
[1.579s] -- Up-to-date: /home/nvidia/acfly_ws/install/mavlink/include/mavlink/v2.0/acfly/mavlink_msg_wifi_config_ap.h
[1.579s] -- Up-to-date: /home/nvidia/acfly_ws/install/mavlink/include/mavlink/v2.0/acfly/mavlink_msg_logging_data.hpp
[1.579s] -- Up-to-date: /home/nvidia/acfly_ws/install/mavlink/include/mavlink/v2.0/acfly/mavlink_msg_mission_item_int.hpp
[1.579s] -- Up-to-date: /home/nvidia/acfly_ws/install/mavlink/include/mavlink/v2.0/acfly/mavlink_msg_request_event.h
[1.579s] -- Up-to-date: /home/nvidia/acfly_ws/install/mavlink/include/mavlink/v2.0/acfly/mavlink_msg_radio_status.h
[1.579s] -- Up-to-date: /home/nvidia/acfly_ws/install/mavlink/include/mavlink/v2.0/acfly/mavlink_msg_sim_state.hpp
[1.579s] -- Up-to-date: /home/nvidia/acfly_ws/install/mavlink/include/mavlink/v2.0/acfly/mavlink_msg_ais_vessel.h
[1.579s] -- Up-to-date: /home/nvidia/acfly_ws/install/mavlink/include/mavlink/v2.0/acfly/mavlink_msg_mission_request_list.h
[1.579s] -- Up-to-date: /home/nvidia/acfly_ws/install/mavlink/include/mavlink/v2.0/acfly/mavlink_msg_gps2_rtk.h
[1.579s] -- Up-to-date: /home/nvidia/acfly_ws/install/mavlink/include/mavlink/v2.0/acfly/mavlink_msg_hil_actuator_controls.h
[1.580s] -- Up-to-date: /home/nvidia/acfly_ws/install/mavlink/include/mavlink/v2.0/acfly/mavlink_msg_set_mode.h
[1.580s] -- Up-to-date: /home/nvidia/acfly_ws/install/mavlink/include/mavlink/v2.0/acfly/mavlink_msg_rc_channels_scaled.hpp
[1.580s] -- Up-to-date: /home/nvidia/acfly_ws/install/mavlink/include/mavlink/v2.0/acfly/mavlink_msg_debug.hpp
[1.580s] -- Up-to-date: /home/nvidia/acfly_ws/install/mavlink/include/mavlink/v2.0/acfly/mavlink_msg_attitude_quaternion_cov.hpp
[1.580s] -- Up-to-date: /home/nvidia/acfly_ws/install/mavlink/include/mavlink/v2.0/acfly/mavlink_msg_request_data_stream.hpp
[1.580s] -- Up-to-date: /home/nvidia/acfly_ws/install/mavlink/include/mavlink/v2.0/acfly/mavlink_msg_servo_output_raw.hpp
[1.580s] -- Up-to-date: /home/nvidia/acfly_ws/install/mavlink/include/mavlink/v2.0/acfly/mavlink_msg_param_ext_request_list.hpp
[1.580s] -- Up-to-date: /home/nvidia/acfly_ws/install/mavlink/include/mavlink/v2.0/acfly/mavlink_msg_open_drone_id_basic_id.h
[1.580s] -- Up-to-date: /home/nvidia/acfly_ws/install/mavlink/include/mavlink/v2.0/acfly/mavlink_msg_event.h
[1.580s] -- Up-to-date: /home/nvidia/acfly_ws/install/mavlink/include/mavlink/v2.0/acfly/mavlink_msg_gimbal_device_information.h
[1.581s] -- Up-to-date: /home/nvidia/acfly_ws/install/mavlink/include/mavlink/v2.0/acfly/mavlink_msg_scaled_imu.h
[1.581s] -- Up-to-date: /home/nvidia/acfly_ws/install/mavlink/include/mavlink/v2.0/acfly/mavlink_msg_response_event_error.hpp
[1.581s] -- Up-to-date: /home/nvidia/acfly_ws/install/mavlink/include/mavlink/v2.0/acfly/mavlink_msg_hil_state.hpp
[1.581s] -- Up-to-date: /home/nvidia/acfly_ws/install/mavlink/include/mavlink/v2.0/acfly/mavlink_msg_storage_information.hpp
[1.581s] -- Up-to-date: /home/nvidia/acfly_ws/install/mavlink/include/mavlink/v2.0/acfly/mavlink_msg_gps2_raw.h
[1.581s] -- Up-to-date: /home/nvidia/acfly_ws/install/mavlink/include/mavlink/v2.0/acfly/mavlink_msg_autopilot_state_for_gimbal_device.hpp
[1.581s] -- Up-to-date: /home/nvidia/acfly_ws/install/mavlink/include/mavlink/v2.0/acfly/mavlink_msg_param_map_rc.hpp
[1.581s] -- Up-to-date: /home/nvidia/acfly_ws/install/mavlink/include/mavlink/v2.0/acfly/mavlink_msg_response_event_error.h
[1.581s] -- Up-to-date: /home/nvidia/acfly_ws/install/mavlink/include/mavlink/v2.0/acfly/mavlink_msg_battery_status.h
[1.581s] -- Up-to-date: /home/nvidia/acfly_ws/install/mavlink/include/mavlink/v2.0/acfly/mavlink_msg_mission_write_partial_list.h
[1.582s] -- Up-to-date: /home/nvidia/acfly_ws/install/mavlink/include/mavlink/v2.0/acfly/mavlink_msg_resource_request.h
[1.582s] -- Up-to-date: /home/nvidia/acfly_ws/install/mavlink/include/mavlink/v2.0/acfly/mavlink_msg_mission_count.hpp
[1.582s] -- Up-to-date: /home/nvidia/acfly_ws/install/mavlink/include/mavlink/v2.0/acfly/mavlink_msg_home_position.hpp
[1.582s] -- Up-to-date: /home/nvidia/acfly_ws/install/mavlink/include/mavlink/v2.0/acfly/mavlink_msg_camera_tracking_geo_status.hpp
[1.582s] -- Up-to-date: /home/nvidia/acfly_ws/install/mavlink/include/mavlink/v2.0/acfly/mavlink_msg_vibration.hpp
[1.582s] -- Up-to-date: /home/nvidia/acfly_ws/install/mavlink/include/mavlink/v2.0/acfly/mavlink_msg_param_ext_set.hpp
[1.582s] -- Up-to-date: /home/nvidia/acfly_ws/install/mavlink/include/mavlink/v2.0/acfly/mavlink_msg_mission_write_partial_list.hpp
[1.582s] -- Up-to-date: /home/nvidia/acfly_ws/install/mavlink/include/mavlink/v2.0/acfly/mavlink_msg_named_value_int.h
[1.582s] -- Up-to-date: /home/nvidia/acfly_ws/install/mavlink/include/mavlink/v2.0/acfly/mavlink_msg_att_pos_mocap.h
[1.582s] -- Up-to-date: /home/nvidia/acfly_ws/install/mavlink/include/mavlink/v2.0/acfly/mavlink_msg_video_stream_information.h
[1.583s] -- Up-to-date: /home/nvidia/acfly_ws/install/mavlink/include/mavlink/v2.0/acfly/mavlink_msg_gps_raw_int.h
[1.583s] -- Up-to-date: /home/nvidia/acfly_ws/install/mavlink/include/mavlink/v2.0/acfly/mavlink_msg_mission_current.h
[1.583s] -- Up-to-date: /home/nvidia/acfly_ws/install/mavlink/include/mavlink/v2.0/acfly/mavlink_msg_wind_cov.hpp
[1.583s] -- Up-to-date: /home/nvidia/acfly_ws/install/mavlink/include/mavlink/v2.0/acfly/mavlink_msg_mission_current.hpp
[1.583s] -- Up-to-date: /home/nvidia/acfly_ws/install/mavlink/include/mavlink/v2.0/acfly/mavlink_msg_scaled_imu2.hpp
[1.583s] -- Up-to-date: /home/nvidia/acfly_ws/install/mavlink/include/mavlink/v2.0/acfly/mavlink_msg_encapsulated_data.h
[1.583s] -- Up-to-date: /home/nvidia/acfly_ws/install/mavlink/include/mavlink/v2.0/acfly/mavlink_msg_ping.h
[1.583s] -- Up-to-date: /home/nvidia/acfly_ws/install/mavlink/include/mavlink/v2.0/acfly/mavlink_msg_logging_data_acked.h
[1.583s] -- Up-to-date: /home/nvidia/acfly_ws/install/mavlink/include/mavlink/v2.0/acfly/mavlink_msg_scaled_pressure3.h
[1.583s] -- Up-to-date: /home/nvidia/acfly_ws/install/mavlink/include/mavlink/v2.0/acfly/mavlink_msg_uavcan_node_status.h
[1.584s] -- Up-to-date: /home/nvidia/acfly_ws/install/mavlink/include/mavlink/v2.0/acfly/mavlink_msg_acfly_updatepossensor.hpp
[1.584s] -- Up-to-date: /home/nvidia/acfly_ws/install/mavlink/include/mavlink/v2.0/acfly/mavlink_msg_obstacle_distance.hpp
[1.584s] -- Up-to-date: /home/nvidia/acfly_ws/install/mavlink/include/mavlink/v2.0/acfly/mavlink_msg_gimbal_device_attitude_status.h
[1.584s] -- Up-to-date: /home/nvidia/acfly_ws/install/mavlink/include/mavlink/v2.0/acfly/mavlink_msg_safety_set_allowed_area.hpp
[1.584s] -- Up-to-date: /home/nvidia/acfly_ws/install/mavlink/include/mavlink/v2.0/acfly/mavlink_msg_vfr_hud.hpp
[1.584s] -- Up-to-date: /home/nvidia/acfly_ws/install/mavlink/include/mavlink/v2.0/acfly/mavlink_msg_camera_trigger.hpp
[1.584s] -- Up-to-date: /home/nvidia/acfly_ws/install/mavlink/include/mavlink/v2.0/acfly/mavlink_msg_rc_channels.h
[1.584s] -- Up-to-date: /home/nvidia/acfly_ws/install/mavlink/include/mavlink/v2.0/acfly/mavlink_msg_gimbal_manager_information.h
[1.584s] -- Up-to-date: /home/nvidia/acfly_ws/install/mavlink/include/mavlink/v2.0/acfly/mavlink_msg_log_entry.h
[1.585s] -- Up-to-date: /home/nvidia/acfly_ws/install/mavlink/include/mavlink/v2.0/acfly/mavlink_msg_raw_imu.h
[1.585s] -- Up-to-date: /home/nvidia/acfly_ws/install/mavlink/include/mavlink/v2.0/acfly/mavlink_msg_scaled_pressure.hpp
[1.585s] -- Up-to-date: /home/nvidia/acfly_ws/install/mavlink/include/mavlink/v2.0/acfly/mavlink_msg_wind_cov.h
[1.585s] -- Up-to-date: /home/nvidia/acfly_ws/install/mavlink/include/mavlink/v2.0/acfly/mavlink_msg_servo_output_raw.h
[1.585s] -- Up-to-date: /home/nvidia/acfly_ws/install/mavlink/include/mavlink/v2.0/acfly/mavlink_msg_gimbal_manager_set_pitchyaw.hpp
[1.585s] -- Up-to-date: /home/nvidia/acfly_ws/install/mavlink/include/mavlink/v2.0/acfly/mavlink_msg_orbit_execution_status.h
[1.585s] -- Up-to-date: /home/nvidia/acfly_ws/install/mavlink/include/mavlink/v2.0/acfly/mavlink_msg_memory_vect.hpp
[1.585s] -- Up-to-date: /home/nvidia/acfly_ws/install/mavlink/include/mavlink/v2.0/acfly/mavlink_msg_logging_ack.hpp
[1.585s] -- Up-to-date: /home/nvidia/acfly_ws/install/mavlink/include/mavlink/v2.0/acfly/mavlink_msg_cellular_config.h
[1.586s] -- Up-to-date: /home/nvidia/acfly_ws/install/mavlink/include/mavlink/v2.0/acfly/mavlink_msg_hil_state_quaternion.hpp
[1.586s] -- Up-to-date: /home/nvidia/acfly_ws/install/mavlink/include/mavlink/v2.0/acfly/mavlink_msg_rally_point.hpp
[1.586s] -- Up-to-date: /home/nvidia/acfly_ws/install/mavlink/include/mavlink/v2.0/acfly/mavlink_msg_supported_tunes.hpp
[1.586s] -- Up-to-date: /home/nvidia/acfly_ws/install/mavlink/include/mavlink/v2.0/acfly/mavlink_msg_acflypossensor_info.hpp
[1.586s] -- Up-to-date: /home/nvidia/acfly_ws/install/mavlink/include/mavlink/v2.0/acfly/mavlink_msg_video_stream_status.h
[1.586s] -- Up-to-date: /home/nvidia/acfly_ws/install/mavlink/include/mavlink/v2.0/acfly/mavlink_msg_scaled_imu3.h
[1.586s] -- Up-to-date: /home/nvidia/acfly_ws/install/mavlink/include/mavlink/v2.0/acfly/mavlink_msg_command_cancel.h
[1.586s] -- Up-to-date: /home/nvidia/acfly_ws/install/mavlink/include/mavlink/v2.0/acfly/mavlink_msg_log_request_end.h
[1.586s] -- Up-to-date: /home/nvidia/acfly_ws/install/mavlink/include/mavlink/v2.0/acfly/mavlink_msg_message_interval.hpp
[1.586s] -- Up-to-date: /home/nvidia/acfly_ws/install/mavlink/include/mavlink/v2.0/acfly/mavlink.h
[1.586s] -- Up-to-date: /home/nvidia/acfly_ws/install/mavlink/include/mavlink/v2.0/acfly/mavlink_msg_camera_feedback.hpp
[1.587s] -- Up-to-date: /home/nvidia/acfly_ws/install/mavlink/include/mavlink/v2.0/acfly/mavlink_msg_hil_sensor.hpp
[1.587s] -- Up-to-date: /home/nvidia/acfly_ws/install/mavlink/include/mavlink/v2.0/acfly/mavlink_msg_odometry.hpp
[1.587s] -- Up-to-date: /home/nvidia/acfly_ws/install/mavlink/include/mavlink/v2.0/acfly/mavlink_msg_mission_request_int.hpp
[1.587s] -- Up-to-date: /home/nvidia/acfly_ws/install/mavlink/include/mavlink/v2.0/acfly/mavlink_msg_logging_data.h
[1.587s] -- Up-to-date: /home/nvidia/acfly_ws/install/mavlink/include/mavlink/v2.0/acfly/mavlink_msg_global_position_int_cov.hpp
[1.587s] -- Up-to-date: /home/nvidia/acfly_ws/install/mavlink/include/mavlink/v2.0/acfly/mavlink_msg_supported_tunes.h
[1.587s] -- Up-to-date: /home/nvidia/acfly_ws/install/mavlink/include/mavlink/v2.0/acfly/mavlink_msg_high_latency2.hpp
[1.587s] -- Up-to-date: /home/nvidia/acfly_ws/install/mavlink/include/mavlink/v2.0/acfly/mavlink_msg_set_attitude_target.h
[1.587s] -- Up-to-date: /home/nvidia/acfly_ws/install/mavlink/include/mavlink/v2.0/acfly/mavlink_msg_set_position_target_global_int.h
[1.587s] -- Up-to-date: /home/nvidia/acfly_ws/install/mavlink/include/mavlink/v2.0/acfly/mavlink_msg_gimbal_device_set_attitude.hpp
[1.588s] -- Up-to-date: /home/nvidia/acfly_ws/install/mavlink/include/mavlink/v2.0/acfly/mavlink_msg_battery_status.hpp
[1.588s] -- Up-to-date: /home/nvidia/acfly_ws/install/mavlink/include/mavlink/v2.0/acfly/mavlink_msg_attitude.hpp
[1.588s] -- Up-to-date: /home/nvidia/acfly_ws/install/mavlink/include/mavlink/v2.0/acfly/mavlink_msg_wheel_distance.hpp
[1.588s] -- Up-to-date: /home/nvidia/acfly_ws/install/mavlink/include/mavlink/v2.0/acfly/mavlink_msg_utm_global_position.hpp
[1.588s] -- Up-to-date: /home/nvidia/acfly_ws/install/mavlink/include/mavlink/v2.0/acfly/mavlink_msg_mission_request_partial_list.h
[1.588s] -- Up-to-date: /home/nvidia/acfly_ws/install/mavlink/include/mavlink/v2.0/acfly/mavlink_msg_rc_channels_override.hpp
[1.588s] -- Up-to-date: /home/nvidia/acfly_ws/install/mavlink/include/mavlink/v2.0/acfly/mavlink_msg_local_position_ned_system_global_offset.h
[1.588s] -- Up-to-date: /home/nvidia/acfly_ws/install/mavlink/include/mavlink/v2.0/acfly/mavlink_msg_open_drone_id_location.hpp
[1.588s] -- Up-to-date: /home/nvidia/acfly_ws/install/mavlink/include/mavlink/v2.0/acfly/mavlink_msg_file_transfer_protocol.hpp
[1.588s] -- Up-to-date: /home/nvidia/acfly_ws/install/mavlink/include/mavlink/v2.0/acfly/mavlink_msg_local_position_ned_cov.hpp
[1.588s] -- Up-to-date: /home/nvidia/acfly_ws/install/mavlink/include/mavlink/v2.0/acfly/mavlink_msg_remote_log_data_block.h
[1.589s] -- Up-to-date: /home/nvidia/acfly_ws/install/mavlink/include/mavlink/v2.0/acfly/mavlink_msg_logging_ack.h
[1.589s] -- Up-to-date: /home/nvidia/acfly_ws/install/mavlink/include/mavlink/v2.0/acfly/mavlink_msg_timesync.h
[1.589s] -- Up-to-date: /home/nvidia/acfly_ws/install/mavlink/include/mavlink/v2.0/acfly/mavlink_msg_local_position_ned.h
[1.589s] -- Up-to-date: /home/nvidia/acfly_ws/install/mavlink/include/mavlink/v2.0/acfly/mavlink_msg_link_node_status.h
[1.589s] -- Up-to-date: /home/nvidia/acfly_ws/install/mavlink/include/mavlink/v2.0/acfly/mavlink_msg_camera_image_captured.h
[1.589s] -- Up-to-date: /home/nvidia/acfly_ws/install/mavlink/include/mavlink/v2.0/acfly/acfly.h
[1.589s] -- Up-to-date: /home/nvidia/acfly_ws/install/mavlink/include/mavlink/v2.0/acfly/mavlink_msg_mag_cal_report.h
[1.590s] -- Up-to-date: /home/nvidia/acfly_ws/install/mavlink/include/mavlink/v2.0/acfly/mavlink_msg_obstacle_distance.h
[1.590s] -- Up-to-date: /home/nvidia/acfly_ws/install/mavlink/include/mavlink/v2.0/acfly/mavlink_msg_attitude_quaternion_cov.h
[1.590s] -- Up-to-date: /home/nvidia/acfly_ws/install/mavlink/include/mavlink/v2.0/acfly/mavlink_msg_raw_pressure.hpp
[1.590s] -- Up-to-date: /home/nvidia/acfly_ws/install/mavlink/include/mavlink/v2.0/acfly/mavlink_msg_scaled_imu2.h
[1.590s] -- Up-to-date: /home/nvidia/acfly_ws/install/mavlink/include/mavlink/v2.0/acfly/mavlink_msg_tunnel.h
[1.590s] -- Up-to-date: /home/nvidia/acfly_ws/install/mavlink/include/mavlink/v2.0/acfly/mavlink_msg_camera_tracking_image_status.h
[1.590s] -- Up-to-date: /home/nvidia/acfly_ws/install/mavlink/include/mavlink/v2.0/acfly/mavlink_msg_autopilot_version_request.hpp
[1.590s] -- Up-to-date: /home/nvidia/acfly_ws/install/mavlink/include/mavlink/v2.0/acfly/mavlink_msg_current_event_sequence.h
[1.590s] -- Up-to-date: /home/nvidia/acfly_ws/install/mavlink/include/mavlink/v2.0/acfly/mavlink_msg_param_ext_request_read.hpp
[1.590s] -- Up-to-date: /home/nvidia/acfly_ws/install/mavlink/include/mavlink/v2.0/acfly/mavlink_msg_onboard_computer_status.hpp
[1.591s] -- Up-to-date: /home/nvidia/acfly_ws/install/mavlink/include/mavlink/v2.0/acfly/mavlink_msg_log_request_data.h
[1.591s] -- Up-to-date: /home/nvidia/acfly_ws/install/mavlink/include/mavlink/v2.0/acfly/mavlink_msg_resource_request.hpp
[1.591s] -- Up-to-date: /home/nvidia/acfly_ws/install/mavlink/include/mavlink/v2.0/acfly/mavlink_msg_log_data.h
[1.591s] -- Up-to-date: /home/nvidia/acfly_ws/install/mavlink/include/mavlink/v2.0/acfly/mavlink_msg_set_position_target_global_int.hpp
[1.591s] -- Up-to-date: /home/nvidia/acfly_ws/install/mavlink/include/mavlink/v2.0/acfly/mavlink_msg_command_int.hpp
[1.591s] -- Up-to-date: /home/nvidia/acfly_ws/install/mavlink/include/mavlink/v2.0/acfly/mavlink_msg_generator_status.h
[1.591s] -- Up-to-date: /home/nvidia/acfly_ws/install/mavlink/include/mavlink/v2.0/acfly/mavlink_msg_actuator_control_target.hpp
[1.591s] -- Up-to-date: /home/nvidia/acfly_ws/install/mavlink/include/mavlink/v2.0/acfly/mavlink_msg_statustext.hpp
[1.591s] -- Up-to-date: /home/nvidia/acfly_ws/install/mavlink/include/mavlink/v2.0/acfly/mavlink_msg_position_target_local_ned.hpp
[1.591s] -- Up-to-date: /home/nvidia/acfly_ws/install/mavlink/include/mavlink/v2.0/acfly/version.h
[1.591s] -- Up-to-date: /home/nvidia/acfly_ws/install/mavlink/include/mavlink/v2.0/acfly/mavlink_msg_acflyhtl_pwmchans_fb.hpp
[1.592s] -- Up-to-date: /home/nvidia/acfly_ws/install/mavlink/include/mavlink/v2.0/acfly/mavlink_msg_hygrometer_sensor.hpp
[1.592s] -- Up-to-date: /home/nvidia/acfly_ws/install/mavlink/include/mavlink/v2.0/acfly/mavlink_msg_component_extension43.h
[1.592s] -- Up-to-date: /home/nvidia/acfly_ws/install/mavlink/include/mavlink/v2.0/acfly/mavlink_msg_ahrs2.hpp
[1.592s] -- Up-to-date: /home/nvidia/acfly_ws/install/mavlink/include/mavlink/v2.0/acfly/mavlink_msg_battery_status_acfly.hpp
[1.592s] -- Up-to-date: /home/nvidia/acfly_ws/install/mavlink/include/mavlink/v2.0/acfly/mavlink_msg_uavcan_node_status.hpp
[1.592s] -- Up-to-date: /home/nvidia/acfly_ws/install/mavlink/include/mavlink/v2.0/acfly/mavlink_msg_gps_rtk.h
[1.592s] -- Up-to-date: /home/nvidia/acfly_ws/install/mavlink/include/mavlink/v2.0/acfly/mavlink_msg_camera_information.h
[1.592s] -- Up-to-date: /home/nvidia/acfly_ws/install/mavlink/include/mavlink/v2.0/acfly/mavlink_msg_gps_global_origin.h
[1.592s] -- Up-to-date: /home/nvidia/acfly_ws/install/mavlink/include/mavlink/v2.0/acfly/mavlink_msg_ahrs2.h
[1.592s] -- Up-to-date: /home/nvidia/acfly_ws/install/mavlink/include/mavlink/v2.0/acfly/mavlink_msg_esc_info.h
[1.592s] -- Up-to-date: /home/nvidia/acfly_ws/install/mavlink/include/mavlink/v2.0/acfly/mavlink_msg_mission_clear_all.h
[1.593s] -- Up-to-date: /home/nvidia/acfly_ws/install/mavlink/include/mavlink/v2.0/acfly/mavlink_msg_nav_controller_output.hpp
[1.593s] -- Up-to-date: /home/nvidia/acfly_ws/install/mavlink/include/mavlink/v2.0/acfly/mavlink_msg_mission_item_int.h
[1.593s] -- Up-to-date: /home/nvidia/acfly_ws/install/mavlink/include/mavlink/v2.0/acfly/mavlink_msg_set_position_target_local_ned.h
[1.593s] -- Up-to-date: /home/nvidia/acfly_ws/install/mavlink/include/mavlink/v2.0/acfly/mavlink_msg_distance_sensor.h
[1.593s] -- Up-to-date: /home/nvidia/acfly_ws/install/mavlink/include/mavlink/v2.0/acfly/mavlink_msg_command_ack.h
[1.593s] -- Up-to-date: /home/nvidia/acfly_ws/install/mavlink/include/mavlink/v2.0/acfly/mavlink_msg_setup_signing.h
[1.593s] -- Up-to-date: /home/nvidia/acfly_ws/install/mavlink/include/mavlink/v2.0/acfly/mavlink_msg_rally_fetch_point.h
[1.593s] -- Up-to-date: /home/nvidia/acfly_ws/install/mavlink/include/mavlink/v2.0/acfly/mavlink_msg_mission_request_list.hpp
[1.593s] -- Up-to-date: /home/nvidia/acfly_ws/install/mavlink/include/mavlink/v2.0/acfly/mavlink_msg_acflyhtl_pwmchans_fb.h
[1.593s] -- Up-to-date: /home/nvidia/acfly_ws/install/mavlink/include/mavlink/v2.0/acfly/mavlink_msg_request_data_stream.h
[1.594s] -- Up-to-date: /home/nvidia/acfly_ws/install/mavlink/include/mavlink/v2.0/acfly/mavlink_msg_sys_status.hpp
[1.594s] -- Up-to-date: /home/nvidia/acfly_ws/install/mavlink/include/mavlink/v2.0/acfly/mavlink_msg_ahrs3.h
[1.594s] -- Up-to-date: /home/nvidia/acfly_ws/install/mavlink/include/mavlink/v2.0/acfly/mavlink_msg_log_data.hpp
[1.594s] -- Up-to-date: /home/nvidia/acfly_ws/install/mavlink/include/mavlink/v2.0/acfly/gtestsuite.hpp
[1.594s] -- Up-to-date: /home/nvidia/acfly_ws/install/mavlink/include/mavlink/v2.0/acfly/mavlink_msg_battery2.h
[1.594s] -- Up-to-date: /home/nvidia/acfly_ws/install/mavlink/include/mavlink/v2.0/acfly/mavlink_msg_safety_set_allowed_area.h
[1.594s] -- Up-to-date: /home/nvidia/acfly_ws/install/mavlink/include/mavlink/v2.0/acfly/mavlink_msg_mission_request_partial_list.hpp
[1.594s] -- Up-to-date: /home/nvidia/acfly_ws/install/mavlink/include/mavlink/v2.0/acfly/mavlink_msg_open_drone_id_message_pack.hpp
[1.594s] -- Up-to-date: /home/nvidia/acfly_ws/install/mavlink/include/mavlink/v2.0/acfly/mavlink_msg_hygrometer_sensor.h
[1.594s] -- Up-to-date: /home/nvidia/acfly_ws/install/mavlink/include/mavlink/v2.0/acfly/mavlink_msg_hil_state_quaternion.h
[1.594s] -- Up-to-date: /home/nvidia/acfly_ws/install/mavlink/include/mavlink/v2.0/acfly/mavlink_msg_mission_clear_all.hpp
[1.595s] -- Up-to-date: /home/nvidia/acfly_ws/install/mavlink/include/mavlink/v2.0/acfly/mavlink_msg_scaled_pressure2.hpp
[1.595s] -- Up-to-date: /home/nvidia/acfly_ws/install/mavlink/include/mavlink/v2.0/acfly/mavlink_msg_led_control.h
[1.595s] -- Up-to-date: /home/nvidia/acfly_ws/install/mavlink/include/mavlink/v2.0/acfly/mavlink_msg_global_vision_position_estimate.h
[1.595s] -- Up-to-date: /home/nvidia/acfly_ws/install/mavlink/include/mavlink/v2.0/acfly/mavlink_msg_winch_status.hpp
[1.595s] -- Up-to-date: /home/nvidia/acfly_ws/install/mavlink/include/mavlink/v2.0/acfly/mavlink_msg_gps2_rtk.hpp
[1.596s] -- Up-to-date: /home/nvidia/acfly_ws/install/mavlink/include/mavlink/v2.0/acfly/mavlink_msg_current_event_sequence.hpp
[1.596s] -- Up-to-date: /home/nvidia/acfly_ws/install/mavlink/include/mavlink/v2.0/acfly/mavlink_msg_file_transfer_protocol.h
[1.596s] -- Up-to-date: /home/nvidia/acfly_ws/install/mavlink/include/mavlink/v2.0/acfly/mavlink_msg_safety_allowed_area.h
[1.596s] -- Up-to-date: /home/nvidia/acfly_ws/install/mavlink/include/mavlink/v2.0/acfly/mavlink_msg_sys_status.h
[1.596s] -- Up-to-date: /home/nvidia/acfly_ws/install/mavlink/include/mavlink/v2.0/acfly/mavlink_msg_debug_vect.hpp
[1.596s] -- Up-to-date: /home/nvidia/acfly_ws/install/mavlink/include/mavlink/v2.0/acfly/mavlink_msg_set_gps_global_origin.hpp
[1.596s] -- Up-to-date: /home/nvidia/acfly_ws/install/mavlink/include/mavlink/v2.0/acfly/mavlink_msg_high_latency2.h
[1.596s] -- Up-to-date: /home/nvidia/acfly_ws/install/mavlink/include/mavlink/v2.0/acfly/mavlink_msg_param_request_read.hpp
[1.596s] -- Up-to-date: /home/nvidia/acfly_ws/install/mavlink/include/mavlink/v2.0/acfly/mavlink_msg_efi_status.h
[1.596s] -- Up-to-date: /home/nvidia/acfly_ws/install/mavlink/include/mavlink/v2.0/acfly/mavlink_msg_ping.hpp
[1.597s] -- Up-to-date: /home/nvidia/acfly_ws/install/mavlink/include/mavlink/v2.0/acfly/mavlink_msg_altitude.h
[1.597s] -- Up-to-date: /home/nvidia/acfly_ws/install/mavlink/include/mavlink/v2.0/acfly/mavlink_msg_smart_battery_info.h
[1.597s] -- Up-to-date: /home/nvidia/acfly_ws/install/mavlink/include/mavlink/v2.0/acfly/mavlink_msg_trajectory_representation_bezier.h
[1.597s] -- Up-to-date: /home/nvidia/acfly_ws/install/mavlink/include/mavlink/v2.0/acfly/mavlink_msg_trajectory_representation_waypoints.h
[1.597s] -- Up-to-date: /home/nvidia/acfly_ws/install/mavlink/include/mavlink/v2.0/acfly/mavlink_msg_fence_status.hpp
[1.597s] -- Up-to-date: /home/nvidia/acfly_ws/install/mavlink/include/mavlink/v2.0/acfly/mavlink_msg_terrain_report.hpp
[1.597s] -- Up-to-date: /home/nvidia/acfly_ws/install/mavlink/include/mavlink/v2.0/acfly/mavlink_msg_gimbal_manager_set_attitude.hpp
[1.597s] -- Up-to-date: /home/nvidia/acfly_ws/install/mavlink/include/mavlink/v2.0/acfly/mavlink_msg_gimbal_device_attitude_status.hpp
[1.597s] -- Up-to-date: /home/nvidia/acfly_ws/install/mavlink/include/mavlink/v2.0/acfly/mavlink_msg_raw_rpm.hpp
[1.598s] -- Up-to-date: /home/nvidia/acfly_ws/install/mavlink/include/mavlink/v2.0/acfly/mavlink_msg_collision.h
[1.598s] -- Up-to-date: /home/nvidia/acfly_ws/install/mavlink/include/mavlink/v2.0/acfly/mavlink_msg_logging_data_acked.hpp
[1.598s] -- Up-to-date: /home/nvidia/acfly_ws/install/mavlink/include/mavlink/v2.0/acfly/mavlink_msg_esc_status.hpp
[1.598s] -- Up-to-date: /home/nvidia/acfly_ws/install/mavlink/include/mavlink/v2.0/acfly/mavlink_msg_high_latency.h
[1.598s] -- Up-to-date: /home/nvidia/acfly_ws/install/mavlink/include/mavlink/v2.0/acfly/mavlink_msg_optical_flow.hpp
[1.598s] -- Up-to-date: /home/nvidia/acfly_ws/install/mavlink/include/mavlink/v2.0/acfly/mavlink_msg_scaled_imu3.hpp
[1.598s] -- Up-to-date: /home/nvidia/acfly_ws/install/mavlink/include/mavlink/v2.0/acfly/mavlink_msg_video_stream_information.hpp
[1.598s] -- Up-to-date: /home/nvidia/acfly_ws/install/mavlink/include/mavlink/v2.0/acfly/mavlink_msg_nav_controller_output.h
[1.598s] -- Up-to-date: /home/nvidia/acfly_ws/install/mavlink/include/mavlink/v2.0/acfly/mavlink_msg_set_position_target_local_ned.hpp
[1.598s] -- Up-to-date: /home/nvidia/acfly_ws/install/mavlink/include/mavlink/v2.0/acfly/mavlink_msg_mission_item_reached.hpp
[1.599s] -- Up-to-date: /home/nvidia/acfly_ws/install/mavlink/include/mavlink/v2.0/acfly/mavlink_msg_utm_global_position.h
[1.599s] -- Up-to-date: /home/nvidia/acfly_ws/install/mavlink/include/mavlink/v2.0/acfly/mavlink_msg_generator_status.hpp
[1.599s] -- Up-to-date: /home/nvidia/acfly_ws/install/mavlink/include/mavlink/v2.0/acfly/mavlink_msg_vicon_position_estimate.h
[1.599s] -- Up-to-date: /home/nvidia/acfly_ws/install/mavlink/include/mavlink/v2.0/acfly/mavlink_msg_remote_log_block_status.hpp
[1.599s] -- Up-to-date: /home/nvidia/acfly_ws/install/mavlink/include/mavlink/v2.0/acfly/mavlink_msg_altitude.hpp
[1.599s] -- Up-to-date: /home/nvidia/acfly_ws/install/mavlink/include/mavlink/v2.0/acfly/mavlink_msg_terrain_report.h
[1.599s] -- Up-to-date: /home/nvidia/acfly_ws/install/mavlink/include/mavlink/v2.0/acfly/mavlink_msg_mag_cal_report.hpp
[1.599s] -- Up-to-date: /home/nvidia/acfly_ws/install/mavlink/include/mavlink/v2.0/acfly/mavlink_msg_storage_information.h
[1.599s] -- Up-to-date: /home/nvidia/acfly_ws/install/mavlink/include/mavlink/v2.0/acfly/mavlink_msg_memory_vect.h
[1.600s] -- Up-to-date: /home/nvidia/acfly_ws/install/mavlink/include/mavlink/v2.0/acfly/mavlink_msg_power_status.h
[1.600s] -- Up-to-date: /home/nvidia/acfly_ws/install/mavlink/include/mavlink/v2.0/acfly/mavlink_msg_button_change.h
[1.600s] -- Up-to-date: /home/nvidia/acfly_ws/install/mavlink/include/mavlink/v2.0/acfly/mavlink_msg_gps_inject_data.hpp
[1.600s] -- Up-to-date: /home/nvidia/acfly_ws/install/mavlink/include/mavlink/v2.0/acfly/mavlink_msg_camera_feedback.h
[1.600s] -- Up-to-date: /home/nvidia/acfly_ws/install/mavlink/include/mavlink/v2.0/acfly/mavlink_msg_camera_tracking_geo_status.h
[1.600s] -- Up-to-date: /home/nvidia/acfly_ws/install/mavlink/include/mavlink/v2.0/acfly/mavlink_msg_encapsulated_data.hpp
[1.600s] -- Up-to-date: /home/nvidia/acfly_ws/install/mavlink/include/mavlink/v2.0/acfly/mavlink_msg_command_ack.hpp
[1.600s] -- Up-to-date: /home/nvidia/acfly_ws/install/mavlink/include/mavlink/v2.0/acfly/mavlink_msg_acfly_regeisterpossensor.hpp
[1.601s] -- Up-to-date: /home/nvidia/acfly_ws/install/mavlink/include/mavlink/v2.0/acfly/mavlink_msg_efi_status.hpp
[1.601s] -- Up-to-date: /home/nvidia/acfly_ws/install/mavlink/include/mavlink/v2.0/acfly/mavlink_msg_vision_position_estimate.hpp
[1.601s] -- Up-to-date: /home/nvidia/acfly_ws/install/mavlink/include/mavlink/v2.0/acfly/mavlink_msg_mount_orientation.hpp
[1.601s] -- Up-to-date: /home/nvidia/acfly_ws/install/mavlink/include/mavlink/v2.0/acfly/mavlink_msg_remote_log_block_status.h
[1.601s] -- Up-to-date: /home/nvidia/acfly_ws/install/mavlink/include/mavlink/v2.0/acfly/mavlink_msg_autopilot_version.h
[1.601s] -- Up-to-date: /home/nvidia/acfly_ws/install/mavlink/include/mavlink/v2.0/acfly/mavlink_msg_attitude_target.h
[1.601s] -- Up-to-date: /home/nvidia/acfly_ws/install/mavlink/include/mavlink/v2.0/acfly/mavlink_msg_position_target_global_int.h
[1.602s] -- Up-to-date: /home/nvidia/acfly_ws/install/mavlink/include/mavlink/v2.0/acfly/mavlink_msg_compassmot_status.h
[1.602s] -- Up-to-date: /home/nvidia/acfly_ws/install/mavlink/include/mavlink/v2.0/acfly/mavlink_msg_param_value.hpp
[1.602s] -- Up-to-date: /home/nvidia/acfly_ws/install/mavlink/include/mavlink/v2.0/acfly/mavlink_msg_mission_count.h
[1.602s] -- Up-to-date: /home/nvidia/acfly_ws/install/mavlink/include/mavlink/v2.0/acfly/mavlink_msg_gimbal_manager_set_attitude.h
[1.602s] -- Up-to-date: /home/nvidia/acfly_ws/install/mavlink/include/mavlink/v2.0/acfly/mavlink_msg_wheel_distance.h
[1.602s] -- Up-to-date: /home/nvidia/acfly_ws/install/mavlink/include/mavlink/v2.0/acfly/mavlink_msg_terrain_data.hpp
[1.602s] -- Up-to-date: /home/nvidia/acfly_ws/install/mavlink/include/mavlink/v2.0/cubepilot
[1.602s] -- Up-to-date: /home/nvidia/acfly_ws/install/mavlink/include/mavlink/v2.0/cubepilot/mavlink_msg_cubepilot_raw_rc.hpp
[1.602s] -- Up-to-date: /home/nvidia/acfly_ws/install/mavlink/include/mavlink/v2.0/cubepilot/mavlink_msg_cubepilot_firmware_update_resp.h
[1.603s] -- Up-to-date: /home/nvidia/acfly_ws/install/mavlink/include/mavlink/v2.0/cubepilot/mavlink_msg_herelink_video_stream_information.hpp
[1.603s] -- Up-to-date: /home/nvidia/acfly_ws/install/mavlink/include/mavlink/v2.0/cubepilot/cubepilot.hpp
[1.603s] -- Up-to-date: /home/nvidia/acfly_ws/install/mavlink/include/mavlink/v2.0/cubepilot/mavlink_msg_cubepilot_raw_rc.h
[1.603s] -- Up-to-date: /home/nvidia/acfly_ws/install/mavlink/include/mavlink/v2.0/cubepilot/mavlink_msg_cubepilot_firmware_update_start.hpp
[1.603s] -- Up-to-date: /home/nvidia/acfly_ws/install/mavlink/include/mavlink/v2.0/cubepilot/testsuite.h
[1.603s] -- Up-to-date: /home/nvidia/acfly_ws/install/mavlink/include/mavlink/v2.0/cubepilot/mavlink_msg_herelink_video_stream_information.h
[1.603s] -- Up-to-date: /home/nvidia/acfly_ws/install/mavlink/include/mavlink/v2.0/cubepilot/mavlink_msg_herelink_telem.h
[1.603s] -- Up-to-date: /home/nvidia/acfly_ws/install/mavlink/include/mavlink/v2.0/cubepilot/mavlink.h
[1.603s] -- Up-to-date: /home/nvidia/acfly_ws/install/mavlink/include/mavlink/v2.0/cubepilot/mavlink_msg_herelink_telem.hpp
[1.604s] -- Up-to-date: /home/nvidia/acfly_ws/install/mavlink/include/mavlink/v2.0/cubepilot/mavlink_msg_cubepilot_firmware_update_resp.hpp
[1.604s] -- Up-to-date: /home/nvidia/acfly_ws/install/mavlink/include/mavlink/v2.0/cubepilot/version.h
[1.604s] -- Up-to-date: /home/nvidia/acfly_ws/install/mavlink/include/mavlink/v2.0/cubepilot/gtestsuite.hpp
[1.604s] -- Up-to-date: /home/nvidia/acfly_ws/install/mavlink/include/mavlink/v2.0/cubepilot/cubepilot.h
[1.604s] -- Up-to-date: /home/nvidia/acfly_ws/install/mavlink/include/mavlink/v2.0/cubepilot/mavlink_msg_cubepilot_firmware_update_start.h
[1.604s] -- Up-to-date: /home/nvidia/acfly_ws/install/mavlink/include/mavlink/v2.0/checksum.h
[1.604s] -- Up-to-date: /home/nvidia/acfly_ws/install/mavlink/include/mavlink/v2.0/icarous
[1.604s] -- Up-to-date: /home/nvidia/acfly_ws/install/mavlink/include/mavlink/v2.0/icarous/mavlink_msg_icarous_kinematic_bands.hpp
[1.604s] -- Up-to-date: /home/nvidia/acfly_ws/install/mavlink/include/mavlink/v2.0/icarous/icarous.hpp
[1.604s] -- Up-to-date: /home/nvidia/acfly_ws/install/mavlink/include/mavlink/v2.0/icarous/testsuite.h
[1.605s] -- Up-to-date: /home/nvidia/acfly_ws/install/mavlink/include/mavlink/v2.0/icarous/mavlink_msg_icarous_heartbeat.h
[1.605s] -- Up-to-date: /home/nvidia/acfly_ws/install/mavlink/include/mavlink/v2.0/icarous/mavlink.h
[1.605s] -- Up-to-date: /home/nvidia/acfly_ws/install/mavlink/include/mavlink/v2.0/icarous/icarous.h
[1.605s] -- Up-to-date: /home/nvidia/acfly_ws/install/mavlink/include/mavlink/v2.0/icarous/version.h
[1.605s] -- Up-to-date: /home/nvidia/acfly_ws/install/mavlink/include/mavlink/v2.0/icarous/mavlink_msg_icarous_heartbeat.hpp
[1.605s] -- Up-to-date: /home/nvidia/acfly_ws/install/mavlink/include/mavlink/v2.0/icarous/gtestsuite.hpp
[1.605s] -- Up-to-date: /home/nvidia/acfly_ws/install/mavlink/include/mavlink/v2.0/icarous/mavlink_msg_icarous_kinematic_bands.h
[1.606s] -- Up-to-date: /home/nvidia/acfly_ws/install/mavlink/include/mavlink/v2.0/standard
[1.606s] -- Up-to-date: /home/nvidia/acfly_ws/install/mavlink/include/mavlink/v2.0/standard/mavlink_msg_autopilot_version.hpp
[1.606s] -- Up-to-date: /home/nvidia/acfly_ws/install/mavlink/include/mavlink/v2.0/standard/testsuite.h
[1.606s] -- Up-to-date: /home/nvidia/acfly_ws/install/mavlink/include/mavlink/v2.0/standard/mavlink.h
[1.606s] -- Up-to-date: /home/nvidia/acfly_ws/install/mavlink/include/mavlink/v2.0/standard/version.h
[1.606s] -- Up-to-date: /home/nvidia/acfly_ws/install/mavlink/include/mavlink/v2.0/standard/standard.h
[1.606s] -- Up-to-date: /home/nvidia/acfly_ws/install/mavlink/include/mavlink/v2.0/standard/gtestsuite.hpp
[1.607s] -- Up-to-date: /home/nvidia/acfly_ws/install/mavlink/include/mavlink/v2.0/standard/standard.hpp
[1.607s] -- Up-to-date: /home/nvidia/acfly_ws/install/mavlink/include/mavlink/v2.0/standard/mavlink_msg_autopilot_version.h
[1.607s] -- Up-to-date: /home/nvidia/acfly_ws/install/mavlink/include/mavlink/v2.0/csAirLink
[1.607s] -- Up-to-date: /home/nvidia/acfly_ws/install/mavlink/include/mavlink/v2.0/csAirLink/csAirLink.h
[1.607s] -- Up-to-date: /home/nvidia/acfly_ws/install/mavlink/include/mavlink/v2.0/csAirLink/csAirLink.hpp
[1.607s] -- Up-to-date: /home/nvidia/acfly_ws/install/mavlink/include/mavlink/v2.0/csAirLink/testsuite.h
[1.607s] -- Up-to-date: /home/nvidia/acfly_ws/install/mavlink/include/mavlink/v2.0/csAirLink/mavlink_msg_airlink_auth_response.h
[1.607s] -- Up-to-date: /home/nvidia/acfly_ws/install/mavlink/include/mavlink/v2.0/csAirLink/mavlink_msg_airlink_auth_response.hpp
[1.608s] -- Up-to-date: /home/nvidia/acfly_ws/install/mavlink/include/mavlink/v2.0/csAirLink/mavlink.h
[1.608s] -- Up-to-date: /home/nvidia/acfly_ws/install/mavlink/include/mavlink/v2.0/csAirLink/mavlink_msg_airlink_auth.hpp
[1.608s] -- Up-to-date: /home/nvidia/acfly_ws/install/mavlink/include/mavlink/v2.0/csAirLink/version.h
[1.608s] -- Up-to-date: /home/nvidia/acfly_ws/install/mavlink/include/mavlink/v2.0/csAirLink/mavlink_msg_airlink_auth.h
[1.608s] -- Up-to-date: /home/nvidia/acfly_ws/install/mavlink/include/mavlink/v2.0/csAirLink/gtestsuite.hpp
[1.608s] -- Up-to-date: /home/nvidia/acfly_ws/install/mavlink/include/mavlink/v2.0/commonACFly
[1.608s] -- Up-to-date: /home/nvidia/acfly_ws/install/mavlink/include/mavlink/v2.0/commonACFly/mavlink_msg_protocol_version.hpp
[1.608s] -- Up-to-date: /home/nvidia/acfly_ws/install/mavlink/include/mavlink/v2.0/commonACFly/mavlink_msg_heartbeat.hpp
[1.609s] -- Up-to-date: /home/nvidia/acfly_ws/install/mavlink/include/mavlink/v2.0/commonACFly/testsuite.h
[1.609s] -- Up-to-date: /home/nvidia/acfly_ws/install/mavlink/include/mavlink/v2.0/commonACFly/commonACFly.h
[1.609s] -- Up-to-date: /home/nvidia/acfly_ws/install/mavlink/include/mavlink/v2.0/commonACFly/mavlink.h
[1.609s] -- Up-to-date: /home/nvidia/acfly_ws/install/mavlink/include/mavlink/v2.0/commonACFly/commonACFly.hpp
[1.609s] -- Up-to-date: /home/nvidia/acfly_ws/install/mavlink/include/mavlink/v2.0/commonACFly/version.h
[1.610s] -- Up-to-date: /home/nvidia/acfly_ws/install/mavlink/include/mavlink/v2.0/commonACFly/gtestsuite.hpp
[1.610s] -- Up-to-date: /home/nvidia/acfly_ws/install/mavlink/include/mavlink/v2.0/commonACFly/mavlink_msg_protocol_version.h
[1.610s] -- Up-to-date: /home/nvidia/acfly_ws/install/mavlink/include/mavlink/v2.0/commonACFly/mavlink_msg_heartbeat.h
[1.610s] -- Up-to-date: /home/nvidia/acfly_ws/install/mavlink/include/mavlink/v2.0/mavlink_sha256.h
[1.610s] -- Up-to-date: /home/nvidia/acfly_ws/install/mavlink/include/mavlink/v2.0/protocol.h
[1.610s] -- Up-to-date: /home/nvidia/acfly_ws/install/mavlink/include/mavlink/v1.0
[1.610s] -- Up-to-date: /home/nvidia/acfly_ws/install/mavlink/include/mavlink/v1.0/mavlink_conversions.h
[1.610s] -- Up-to-date: /home/nvidia/acfly_ws/install/mavlink/include/mavlink/v1.0/common
[1.610s] -- Up-to-date: /home/nvidia/acfly_ws/install/mavlink/include/mavlink/v1.0/common/mavlink_msg_rc_channels_override.h
[1.611s] -- Up-to-date: /home/nvidia/acfly_ws/install/mavlink/include/mavlink/v1.0/common/mavlink_msg_terrain_request.h
[1.611s] -- Up-to-date: /home/nvidia/acfly_ws/install/mavlink/include/mavlink/v1.0/common/mavlink_msg_attitude.h
[1.611s] -- Up-to-date: /home/nvidia/acfly_ws/install/mavlink/include/mavlink/v1.0/common/mavlink_msg_scaled_pressure.h
[1.611s] -- Up-to-date: /home/nvidia/acfly_ws/install/mavlink/include/mavlink/v1.0/common/mavlink_msg_optical_flow.h
[1.611s] -- Up-to-date: /home/nvidia/acfly_ws/install/mavlink/include/mavlink/v1.0/common/mavlink_msg_landing_target.h
[1.611s] -- Up-to-date: /home/nvidia/acfly_ws/install/mavlink/include/mavlink/v1.0/common/mavlink_msg_log_erase.h
[1.611s] -- Up-to-date: /home/nvidia/acfly_ws/install/mavlink/include/mavlink/v1.0/common/mavlink_msg_gps_input.h
[1.611s] -- Up-to-date: /home/nvidia/acfly_ws/install/mavlink/include/mavlink/v1.0/common/mavlink_msg_local_position_ned_cov.h
[1.612s] -- Up-to-date: /home/nvidia/acfly_ws/install/mavlink/include/mavlink/v1.0/common/mavlink_msg_command_int.h
[1.612s] -- Up-to-date: /home/nvidia/acfly_ws/install/mavlink/include/mavlink/v1.0/common/mavlink_msg_gps_inject_data.h
[1.612s] -- Up-to-date: /home/nvidia/acfly_ws/install/mavlink/include/mavlink/v1.0/common/mavlink_msg_rc_channels_raw.h
[1.612s] -- Up-to-date: /home/nvidia/acfly_ws/install/mavlink/include/mavlink/v1.0/common/mavlink_msg_camera_trigger.h
[1.612s] -- Up-to-date: /home/nvidia/acfly_ws/install/mavlink/include/mavlink/v1.0/common/mavlink_msg_param_request_read.h
[1.612s] -- Up-to-date: /home/nvidia/acfly_ws/install/mavlink/include/mavlink/v1.0/common/mavlink_msg_data_transmission_handshake.h
[1.612s] -- Up-to-date: /home/nvidia/acfly_ws/install/mavlink/include/mavlink/v1.0/common/mavlink_msg_set_gps_global_origin.h
[1.612s] -- Up-to-date: /home/nvidia/acfly_ws/install/mavlink/include/mavlink/v1.0/common/mavlink_msg_v2_extension.h
[1.612s] -- Up-to-date: /home/nvidia/acfly_ws/install/mavlink/include/mavlink/v1.0/common/mavlink_msg_statustext.h
[1.612s] -- Up-to-date: /home/nvidia/acfly_ws/install/mavlink/include/mavlink/v1.0/common/mavlink_msg_extended_sys_state.h
[1.613s] -- Up-to-date: /home/nvidia/acfly_ws/install/mavlink/include/mavlink/v1.0/common/mavlink_msg_mission_request.h
[1.613s] -- Up-to-date: /home/nvidia/acfly_ws/install/mavlink/include/mavlink/v1.0/common/mavlink_msg_hil_optical_flow.h
[1.613s] -- Up-to-date: /home/nvidia/acfly_ws/install/mavlink/include/mavlink/v1.0/common/mavlink_msg_mission_request_int.h
[1.613s] -- Up-to-date: /home/nvidia/acfly_ws/install/mavlink/include/mavlink/v1.0/common/mavlink_msg_actuator_control_target.h
[1.613s] -- Up-to-date: /home/nvidia/acfly_ws/install/mavlink/include/mavlink/v1.0/common/mavlink_msg_sim_state.h
[1.613s] -- Up-to-date: /home/nvidia/acfly_ws/install/mavlink/include/mavlink/v1.0/common/mavlink_msg_auth_key.h
[1.613s] -- Up-to-date: /home/nvidia/acfly_ws/install/mavlink/include/mavlink/v1.0/common/mavlink_msg_message_interval.h
[1.613s] -- Up-to-date: /home/nvidia/acfly_ws/install/mavlink/include/mavlink/v1.0/common/mavlink_msg_raw_pressure.h
[1.613s] -- Up-to-date: /home/nvidia/acfly_ws/install/mavlink/include/mavlink/v1.0/common/mavlink_msg_vibration.h
[1.614s] -- Up-to-date: /home/nvidia/acfly_ws/install/mavlink/include/mavlink/v1.0/common/mavlink_msg_set_home_position.h
[1.614s] -- Up-to-date: /home/nvidia/acfly_ws/install/mavlink/include/mavlink/v1.0/common/mavlink_msg_terrain_check.h
[1.614s] -- Up-to-date: /home/nvidia/acfly_ws/install/mavlink/include/mavlink/v1.0/common/mavlink_msg_hil_sensor.h
[1.614s] -- Up-to-date: /home/nvidia/acfly_ws/install/mavlink/include/mavlink/v1.0/common/mavlink_msg_terrain_data.h
[1.614s] -- Up-to-date: /home/nvidia/acfly_ws/install/mavlink/include/mavlink/v1.0/common/mavlink_msg_hil_state.h
[1.614s] -- Up-to-date: /home/nvidia/acfly_ws/install/mavlink/include/mavlink/v1.0/common/mavlink_msg_serial_control.h
[1.614s] -- Up-to-date: /home/nvidia/acfly_ws/install/mavlink/include/mavlink/v1.0/common/mavlink_msg_hil_controls.h
[1.614s] -- Up-to-date: /home/nvidia/acfly_ws/install/mavlink/include/mavlink/v1.0/common/mavlink_msg_optical_flow_rad.h
[1.614s] -- Up-to-date: /home/nvidia/acfly_ws/install/mavlink/include/mavlink/v1.0/common/mavlink_msg_fence_status.h
[1.614s] -- Up-to-date: /home/nvidia/acfly_ws/install/mavlink/include/mavlink/v1.0/common/mavlink_msg_global_position_int.h
[1.615s] -- Up-to-date: /home/nvidia/acfly_ws/install/mavlink/include/mavlink/v1.0/common/mavlink_msg_gps_rtcm_data.h
[1.615s] -- Up-to-date: /home/nvidia/acfly_ws/install/mavlink/include/mavlink/v1.0/common/mavlink_msg_home_position.h
[1.615s] -- Up-to-date: /home/nvidia/acfly_ws/install/mavlink/include/mavlink/v1.0/common/mavlink_msg_system_time.h
[1.615s] -- Up-to-date: /home/nvidia/acfly_ws/install/mavlink/include/mavlink/v1.0/common/mavlink_msg_command_long.h
[1.615s] -- Up-to-date: /home/nvidia/acfly_ws/install/mavlink/include/mavlink/v1.0/common/mavlink_msg_vfr_hud.h
[1.615s] -- Up-to-date: /home/nvidia/acfly_ws/install/mavlink/include/mavlink/v1.0/common/mavlink_msg_param_map_rc.h
[1.615s] -- Up-to-date: /home/nvidia/acfly_ws/install/mavlink/include/mavlink/v1.0/common/mavlink_msg_mission_set_current.h
[1.615s] -- Up-to-date: /home/nvidia/acfly_ws/install/mavlink/include/mavlink/v1.0/common/mavlink_msg_param_value.h
[1.615s] -- Up-to-date: /home/nvidia/acfly_ws/install/mavlink/include/mavlink/v1.0/common/mavlink_msg_mission_ack.h
[1.615s] -- Up-to-date: /home/nvidia/acfly_ws/install/mavlink/include/mavlink/v1.0/common/mavlink_msg_data_stream.h
[1.615s] -- Up-to-date: /home/nvidia/acfly_ws/install/mavlink/include/mavlink/v1.0/common/mavlink_msg_rc_channels_scaled.h
[1.616s] -- Up-to-date: /home/nvidia/acfly_ws/install/mavlink/include/mavlink/v1.0/common/mavlink_msg_adsb_vehicle.h
[1.616s] -- Up-to-date: /home/nvidia/acfly_ws/install/mavlink/include/mavlink/v1.0/common/mavlink_msg_param_request_list.h
[1.616s] -- Up-to-date: /home/nvidia/acfly_ws/install/mavlink/include/mavlink/v1.0/common/mavlink_msg_gps_status.h
[1.616s] -- Up-to-date: /home/nvidia/acfly_ws/install/mavlink/include/mavlink/v1.0/common/mavlink_msg_param_set.h
[1.616s] -- Up-to-date: /home/nvidia/acfly_ws/install/mavlink/include/mavlink/v1.0/common/mavlink_msg_debug.h
[1.616s] -- Up-to-date: /home/nvidia/acfly_ws/install/mavlink/include/mavlink/v1.0/common/mavlink_msg_change_operator_control_ack.h
[1.616s] -- Up-to-date: /home/nvidia/acfly_ws/install/mavlink/include/mavlink/v1.0/common/mavlink_msg_position_target_local_ned.h
[1.616s] -- Up-to-date: /home/nvidia/acfly_ws/install/mavlink/include/mavlink/v1.0/common/testsuite.h
[1.617s] -- Up-to-date: /home/nvidia/acfly_ws/install/mavlink/include/mavlink/v1.0/common/mavlink_msg_set_actuator_control_target.h
[1.617s] -- Up-to-date: /home/nvidia/acfly_ws/install/mavlink/include/mavlink/v1.0/common/mavlink_msg_control_system_state.h
[1.617s] -- Up-to-date: /home/nvidia/acfly_ws/install/mavlink/include/mavlink/v1.0/common/mavlink_msg_hil_gps.h
[1.617s] -- Up-to-date: /home/nvidia/acfly_ws/install/mavlink/include/mavlink/v1.0/common/mavlink_msg_global_position_int_cov.h
[1.617s] -- Up-to-date: /home/nvidia/acfly_ws/install/mavlink/include/mavlink/v1.0/common/mavlink_msg_manual_setpoint.h
[1.617s] -- Up-to-date: /home/nvidia/acfly_ws/install/mavlink/include/mavlink/v1.0/common/mavlink_msg_scaled_pressure2.h
[1.617s] -- Up-to-date: /home/nvidia/acfly_ws/install/mavlink/include/mavlink/v1.0/common/mavlink_msg_named_value_float.h
[1.617s] -- Up-to-date: /home/nvidia/acfly_ws/install/mavlink/include/mavlink/v1.0/common/mavlink_msg_follow_target.h
[1.617s] -- Up-to-date: /home/nvidia/acfly_ws/install/mavlink/include/mavlink/v1.0/common/mavlink_msg_mission_item_reached.h
[1.617s] -- Up-to-date: /home/nvidia/acfly_ws/install/mavlink/include/mavlink/v1.0/common/mavlink_msg_vision_speed_estimate.h
[1.618s] -- Up-to-date: /home/nvidia/acfly_ws/install/mavlink/include/mavlink/v1.0/common/mavlink_msg_log_request_list.h
[1.618s] -- Up-to-date: /home/nvidia/acfly_ws/install/mavlink/include/mavlink/v1.0/common/mavlink_msg_vision_position_estimate.h
[1.618s] -- Up-to-date: /home/nvidia/acfly_ws/install/mavlink/include/mavlink/v1.0/common/mavlink_msg_highres_imu.h
[1.618s] -- Up-to-date: /home/nvidia/acfly_ws/install/mavlink/include/mavlink/v1.0/common/mavlink_msg_manual_control.h
[1.618s] -- Up-to-date: /home/nvidia/acfly_ws/install/mavlink/include/mavlink/v1.0/common/mavlink_msg_estimator_status.h
[1.618s] -- Up-to-date: /home/nvidia/acfly_ws/install/mavlink/include/mavlink/v1.0/common/mavlink_msg_hil_rc_inputs_raw.h
[1.618s] -- Up-to-date: /home/nvidia/acfly_ws/install/mavlink/include/mavlink/v1.0/common/mavlink_msg_mission_item.h
[1.618s] -- Up-to-date: /home/nvidia/acfly_ws/install/mavlink/include/mavlink/v1.0/common/mavlink_msg_debug_vect.h
[1.619s] -- Up-to-date: /home/nvidia/acfly_ws/install/mavlink/include/mavlink/v1.0/common/mavlink_msg_attitude_quaternion.h
[1.619s] -- Up-to-date: /home/nvidia/acfly_ws/install/mavlink/include/mavlink/v1.0/common/mavlink_msg_change_operator_control.h
[1.619s] -- Up-to-date: /home/nvidia/acfly_ws/install/mavlink/include/mavlink/v1.0/common/mavlink_msg_radio_status.h
[1.619s] -- Up-to-date: /home/nvidia/acfly_ws/install/mavlink/include/mavlink/v1.0/common/mavlink_msg_mission_request_list.h
[1.619s] -- Up-to-date: /home/nvidia/acfly_ws/install/mavlink/include/mavlink/v1.0/common/mavlink_msg_gps2_rtk.h
[1.619s] -- Up-to-date: /home/nvidia/acfly_ws/install/mavlink/include/mavlink/v1.0/common/mavlink_msg_hil_actuator_controls.h
[1.619s] -- Up-to-date: /home/nvidia/acfly_ws/install/mavlink/include/mavlink/v1.0/common/mavlink_msg_set_mode.h
[1.619s] -- Up-to-date: /home/nvidia/acfly_ws/install/mavlink/include/mavlink/v1.0/common/mavlink_msg_scaled_imu.h
[1.619s] -- Up-to-date: /home/nvidia/acfly_ws/install/mavlink/include/mavlink/v1.0/common/mavlink_msg_gps2_raw.h
[1.620s] -- Up-to-date: /home/nvidia/acfly_ws/install/mavlink/include/mavlink/v1.0/common/mavlink_msg_battery_status.h
[1.620s] -- Up-to-date: /home/nvidia/acfly_ws/install/mavlink/include/mavlink/v1.0/common/mavlink_msg_mission_write_partial_list.h
[1.620s] -- Up-to-date: /home/nvidia/acfly_ws/install/mavlink/include/mavlink/v1.0/common/mavlink_msg_resource_request.h
[1.620s] -- Up-to-date: /home/nvidia/acfly_ws/install/mavlink/include/mavlink/v1.0/common/mavlink_msg_named_value_int.h
[1.620s] -- Up-to-date: /home/nvidia/acfly_ws/install/mavlink/include/mavlink/v1.0/common/mavlink_msg_att_pos_mocap.h
[1.620s] -- Up-to-date: /home/nvidia/acfly_ws/install/mavlink/include/mavlink/v1.0/common/mavlink_msg_gps_raw_int.h
[1.620s] -- Up-to-date: /home/nvidia/acfly_ws/install/mavlink/include/mavlink/v1.0/common/mavlink_msg_mission_current.h
[1.620s] -- Up-to-date: /home/nvidia/acfly_ws/install/mavlink/include/mavlink/v1.0/common/mavlink_msg_encapsulated_data.h
[1.620s] -- Up-to-date: /home/nvidia/acfly_ws/install/mavlink/include/mavlink/v1.0/common/mavlink_msg_ping.h
[1.620s] -- Up-to-date: /home/nvidia/acfly_ws/install/mavlink/include/mavlink/v1.0/common/mavlink_msg_scaled_pressure3.h
[1.621s] -- Up-to-date: /home/nvidia/acfly_ws/install/mavlink/include/mavlink/v1.0/common/mavlink_msg_rc_channels.h
[1.621s] -- Up-to-date: /home/nvidia/acfly_ws/install/mavlink/include/mavlink/v1.0/common/mavlink_msg_log_entry.h
[1.621s] -- Up-to-date: /home/nvidia/acfly_ws/install/mavlink/include/mavlink/v1.0/common/mavlink_msg_raw_imu.h
[1.621s] -- Up-to-date: /home/nvidia/acfly_ws/install/mavlink/include/mavlink/v1.0/common/mavlink_msg_wind_cov.h
[1.621s] -- Up-to-date: /home/nvidia/acfly_ws/install/mavlink/include/mavlink/v1.0/common/mavlink_msg_servo_output_raw.h
[1.621s] -- Up-to-date: /home/nvidia/acfly_ws/install/mavlink/include/mavlink/v1.0/common/mavlink_msg_scaled_imu3.h
[1.621s] -- Up-to-date: /home/nvidia/acfly_ws/install/mavlink/include/mavlink/v1.0/common/mavlink_msg_command_cancel.h
[1.621s] -- Up-to-date: /home/nvidia/acfly_ws/install/mavlink/include/mavlink/v1.0/common/mavlink_msg_log_request_end.h
[1.621s] -- Up-to-date: /home/nvidia/acfly_ws/install/mavlink/include/mavlink/v1.0/common/mavlink.h
[1.621s] -- Up-to-date: /home/nvidia/acfly_ws/install/mavlink/include/mavlink/v1.0/common/mavlink_msg_set_attitude_target.h
[1.622s] -- Up-to-date: /home/nvidia/acfly_ws/install/mavlink/include/mavlink/v1.0/common/mavlink_msg_set_position_target_global_int.h
[1.623s] -- Up-to-date: /home/nvidia/acfly_ws/install/mavlink/include/mavlink/v1.0/common/mavlink_msg_mission_request_partial_list.h
[1.623s] -- Up-to-date: /home/nvidia/acfly_ws/install/mavlink/include/mavlink/v1.0/common/common.h
[1.623s] -- Up-to-date: /home/nvidia/acfly_ws/install/mavlink/include/mavlink/v1.0/common/mavlink_msg_local_position_ned_system_global_offset.h
[1.623s] -- Up-to-date: /home/nvidia/acfly_ws/install/mavlink/include/mavlink/v1.0/common/mavlink_msg_timesync.h
[1.623s] -- Up-to-date: /home/nvidia/acfly_ws/install/mavlink/include/mavlink/v1.0/common/mavlink_msg_local_position_ned.h
[1.623s] -- Up-to-date: /home/nvidia/acfly_ws/install/mavlink/include/mavlink/v1.0/common/mavlink_msg_link_node_status.h
[1.623s] -- Up-to-date: /home/nvidia/acfly_ws/install/mavlink/include/mavlink/v1.0/common/mavlink_msg_mag_cal_report.h
[1.623s] -- Up-to-date: /home/nvidia/acfly_ws/install/mavlink/include/mavlink/v1.0/common/mavlink_msg_attitude_quaternion_cov.h
[1.623s] -- Up-to-date: /home/nvidia/acfly_ws/install/mavlink/include/mavlink/v1.0/common/mavlink_msg_scaled_imu2.h
[1.623s] -- Up-to-date: /home/nvidia/acfly_ws/install/mavlink/include/mavlink/v1.0/common/mavlink_msg_log_request_data.h
[1.624s] -- Up-to-date: /home/nvidia/acfly_ws/install/mavlink/include/mavlink/v1.0/common/mavlink_msg_log_data.h
[1.624s] -- Up-to-date: /home/nvidia/acfly_ws/install/mavlink/include/mavlink/v1.0/common/version.h
[1.624s] -- Up-to-date: /home/nvidia/acfly_ws/install/mavlink/include/mavlink/v1.0/common/mavlink_msg_gps_rtk.h
[1.624s] -- Up-to-date: /home/nvidia/acfly_ws/install/mavlink/include/mavlink/v1.0/common/mavlink_msg_gps_global_origin.h
[1.624s] -- Up-to-date: /home/nvidia/acfly_ws/install/mavlink/include/mavlink/v1.0/common/mavlink_msg_mission_clear_all.h
[1.624s] -- Up-to-date: /home/nvidia/acfly_ws/install/mavlink/include/mavlink/v1.0/common/mavlink_msg_mission_item_int.h
[1.624s] -- Up-to-date: /home/nvidia/acfly_ws/install/mavlink/include/mavlink/v1.0/common/mavlink_msg_set_position_target_local_ned.h
[1.624s] -- Up-to-date: /home/nvidia/acfly_ws/install/mavlink/include/mavlink/v1.0/common/mavlink_msg_distance_sensor.h
[1.624s] -- Up-to-date: /home/nvidia/acfly_ws/install/mavlink/include/mavlink/v1.0/common/mavlink_msg_command_ack.h
[1.624s] -- Up-to-date: /home/nvidia/acfly_ws/install/mavlink/include/mavlink/v1.0/common/mavlink_msg_request_data_stream.h
[1.625s] -- Up-to-date: /home/nvidia/acfly_ws/install/mavlink/include/mavlink/v1.0/common/mavlink_msg_safety_set_allowed_area.h
[1.625s] -- Up-to-date: /home/nvidia/acfly_ws/install/mavlink/include/mavlink/v1.0/common/mavlink_msg_hil_state_quaternion.h
[1.625s] -- Up-to-date: /home/nvidia/acfly_ws/install/mavlink/include/mavlink/v1.0/common/mavlink_msg_global_vision_position_estimate.h
[1.625s] -- Up-to-date: /home/nvidia/acfly_ws/install/mavlink/include/mavlink/v1.0/common/mavlink_msg_file_transfer_protocol.h
[1.625s] -- Up-to-date: /home/nvidia/acfly_ws/install/mavlink/include/mavlink/v1.0/common/mavlink_msg_safety_allowed_area.h
[1.625s] -- Up-to-date: /home/nvidia/acfly_ws/install/mavlink/include/mavlink/v1.0/common/mavlink_msg_sys_status.h
[1.625s] -- Up-to-date: /home/nvidia/acfly_ws/install/mavlink/include/mavlink/v1.0/common/mavlink_msg_high_latency2.h
[1.625s] -- Up-to-date: /home/nvidia/acfly_ws/install/mavlink/include/mavlink/v1.0/common/mavlink_msg_efi_status.h
[1.625s] -- Up-to-date: /home/nvidia/acfly_ws/install/mavlink/include/mavlink/v1.0/common/mavlink_msg_altitude.h
[1.625s] -- Up-to-date: /home/nvidia/acfly_ws/install/mavlink/include/mavlink/v1.0/common/mavlink_msg_collision.h
[1.626s] -- Up-to-date: /home/nvidia/acfly_ws/install/mavlink/include/mavlink/v1.0/common/mavlink_msg_high_latency.h
[1.626s] -- Up-to-date: /home/nvidia/acfly_ws/install/mavlink/include/mavlink/v1.0/common/mavlink_msg_nav_controller_output.h
[1.626s] -- Up-to-date: /home/nvidia/acfly_ws/install/mavlink/include/mavlink/v1.0/common/mavlink_msg_vicon_position_estimate.h
[1.626s] -- Up-to-date: /home/nvidia/acfly_ws/install/mavlink/include/mavlink/v1.0/common/mavlink_msg_terrain_report.h
[1.626s] -- Up-to-date: /home/nvidia/acfly_ws/install/mavlink/include/mavlink/v1.0/common/mavlink_msg_memory_vect.h
[1.626s] -- Up-to-date: /home/nvidia/acfly_ws/install/mavlink/include/mavlink/v1.0/common/mavlink_msg_power_status.h
[1.626s] -- Up-to-date: /home/nvidia/acfly_ws/install/mavlink/include/mavlink/v1.0/common/mavlink_msg_attitude_target.h
[1.626s] -- Up-to-date: /home/nvidia/acfly_ws/install/mavlink/include/mavlink/v1.0/common/mavlink_msg_position_target_global_int.h
[1.626s] -- Up-to-date: /home/nvidia/acfly_ws/install/mavlink/include/mavlink/v1.0/common/mavlink_msg_mission_count.h
[1.626s] -- Up-to-date: /home/nvidia/acfly_ws/install/mavlink/include/mavlink/v1.0/test
[1.627s] -- Up-to-date: /home/nvidia/acfly_ws/install/mavlink/include/mavlink/v1.0/test/testsuite.h
[1.627s] -- Up-to-date: /home/nvidia/acfly_ws/install/mavlink/include/mavlink/v1.0/test/test.h
[1.627s] -- Up-to-date: /home/nvidia/acfly_ws/install/mavlink/include/mavlink/v1.0/test/mavlink.h
[1.627s] -- Up-to-date: /home/nvidia/acfly_ws/install/mavlink/include/mavlink/v1.0/test/version.h
[1.627s] -- Up-to-date: /home/nvidia/acfly_ws/install/mavlink/include/mavlink/v1.0/uAvionix
[1.627s] -- Up-to-date: /home/nvidia/acfly_ws/install/mavlink/include/mavlink/v1.0/uAvionix/uAvionix.h
[1.627s] -- Up-to-date: /home/nvidia/acfly_ws/install/mavlink/include/mavlink/v1.0/uAvionix/testsuite.h
[1.627s] -- Up-to-date: /home/nvidia/acfly_ws/install/mavlink/include/mavlink/v1.0/uAvionix/mavlink.h
[1.628s] -- Up-to-date: /home/nvidia/acfly_ws/install/mavlink/include/mavlink/v1.0/uAvionix/version.h
[1.628s] -- Up-to-date: /home/nvidia/acfly_ws/install/mavlink/include/mavlink/v1.0/ASLUAV
[1.628s] -- Up-to-date: /home/nvidia/acfly_ws/install/mavlink/include/mavlink/v1.0/ASLUAV/mavlink_msg_command_int_stamped.h
[1.628s] -- Up-to-date: /home/nvidia/acfly_ws/install/mavlink/include/mavlink/v1.0/ASLUAV/ASLUAV.h
[1.628s] -- Up-to-date: /home/nvidia/acfly_ws/install/mavlink/include/mavlink/v1.0/ASLUAV/testsuite.h
[1.628s] -- Up-to-date: /home/nvidia/acfly_ws/install/mavlink/include/mavlink/v1.0/ASLUAV/mavlink_msg_command_long_stamped.h
[1.628s] -- Up-to-date: /home/nvidia/acfly_ws/install/mavlink/include/mavlink/v1.0/ASLUAV/mavlink.h
[1.628s] -- Up-to-date: /home/nvidia/acfly_ws/install/mavlink/include/mavlink/v1.0/ASLUAV/version.h
[1.628s] -- Up-to-date: /home/nvidia/acfly_ws/install/mavlink/include/mavlink/v1.0/development
[1.628s] -- Up-to-date: /home/nvidia/acfly_ws/install/mavlink/include/mavlink/v1.0/development/testsuite.h
[1.629s] -- Up-to-date: /home/nvidia/acfly_ws/install/mavlink/include/mavlink/v1.0/development/development.h
[1.629s] -- Up-to-date: /home/nvidia/acfly_ws/install/mavlink/include/mavlink/v1.0/development/mavlink.h
[1.629s] -- Up-to-date: /home/nvidia/acfly_ws/install/mavlink/include/mavlink/v1.0/development/version.h
[1.629s] -- Up-to-date: /home/nvidia/acfly_ws/install/mavlink/include/mavlink/v1.0/mavlink_helpers.h
[1.629s] -- Up-to-date: /home/nvidia/acfly_ws/install/mavlink/include/mavlink/v1.0/storm32
[1.629s] -- Up-to-date: /home/nvidia/acfly_ws/install/mavlink/include/mavlink/v1.0/storm32/testsuite.h
[1.629s] -- Up-to-date: /home/nvidia/acfly_ws/install/mavlink/include/mavlink/v1.0/storm32/storm32.h
[1.629s] -- Up-to-date: /home/nvidia/acfly_ws/install/mavlink/include/mavlink/v1.0/storm32/mavlink.h
[1.629s] -- Up-to-date: /home/nvidia/acfly_ws/install/mavlink/include/mavlink/v1.0/storm32/version.h
[1.630s] -- Up-to-date: /home/nvidia/acfly_ws/install/mavlink/include/mavlink/v1.0/paparazzi
[1.630s] -- Up-to-date: /home/nvidia/acfly_ws/install/mavlink/include/mavlink/v1.0/paparazzi/mavlink_msg_script_count.h
[1.630s] -- Up-to-date: /home/nvidia/acfly_ws/install/mavlink/include/mavlink/v1.0/paparazzi/mavlink_msg_script_item.h
[1.630s] -- Up-to-date: /home/nvidia/acfly_ws/install/mavlink/include/mavlink/v1.0/paparazzi/mavlink_msg_script_request_list.h
[1.630s] -- Up-to-date: /home/nvidia/acfly_ws/install/mavlink/include/mavlink/v1.0/paparazzi/mavlink_msg_script_request.h
[1.630s] -- Up-to-date: /home/nvidia/acfly_ws/install/mavlink/include/mavlink/v1.0/paparazzi/testsuite.h
[1.630s] -- Up-to-date: /home/nvidia/acfly_ws/install/mavlink/include/mavlink/v1.0/paparazzi/mavlink.h
[1.630s] -- Up-to-date: /home/nvidia/acfly_ws/install/mavlink/include/mavlink/v1.0/paparazzi/mavlink_msg_script_current.h
[1.630s] -- Up-to-date: /home/nvidia/acfly_ws/install/mavlink/include/mavlink/v1.0/paparazzi/version.h
[1.630s] -- Up-to-date: /home/nvidia/acfly_ws/install/mavlink/include/mavlink/v1.0/paparazzi/paparazzi.h
[1.631s] -- Up-to-date: /home/nvidia/acfly_ws/install/mavlink/include/mavlink/v1.0/AVSSUAS
[1.631s] -- Up-to-date: /home/nvidia/acfly_ws/install/mavlink/include/mavlink/v1.0/AVSSUAS/testsuite.h
[1.631s] -- Up-to-date: /home/nvidia/acfly_ws/install/mavlink/include/mavlink/v1.0/AVSSUAS/mavlink.h
[1.631s] -- Up-to-date: /home/nvidia/acfly_ws/install/mavlink/include/mavlink/v1.0/AVSSUAS/version.h
[1.631s] -- Up-to-date: /home/nvidia/acfly_ws/install/mavlink/include/mavlink/v1.0/AVSSUAS/AVSSUAS.h
[1.631s] -- Up-to-date: /home/nvidia/acfly_ws/install/mavlink/include/mavlink/v1.0/marsh
[1.631s] -- Up-to-date: /home/nvidia/acfly_ws/install/mavlink/include/mavlink/v1.0/marsh/testsuite.h
[1.631s] -- Up-to-date: /home/nvidia/acfly_ws/install/mavlink/include/mavlink/v1.0/marsh/mavlink.h
[1.632s] -- Up-to-date: /home/nvidia/acfly_ws/install/mavlink/include/mavlink/v1.0/marsh/marsh.h
[1.632s] -- Up-to-date: /home/nvidia/acfly_ws/install/mavlink/include/mavlink/v1.0/marsh/version.h
[1.632s] -- Up-to-date: /home/nvidia/acfly_ws/install/mavlink/include/mavlink/v1.0/minimal
[1.632s] -- Up-to-date: /home/nvidia/acfly_ws/install/mavlink/include/mavlink/v1.0/minimal/minimal.h
[1.632s] -- Up-to-date: /home/nvidia/acfly_ws/install/mavlink/include/mavlink/v1.0/minimal/testsuite.h
[1.632s] -- Up-to-date: /home/nvidia/acfly_ws/install/mavlink/include/mavlink/v1.0/minimal/mavlink.h
[1.632s] -- Up-to-date: /home/nvidia/acfly_ws/install/mavlink/include/mavlink/v1.0/minimal/version.h
[1.632s] -- Up-to-date: /home/nvidia/acfly_ws/install/mavlink/include/mavlink/v1.0/minimal/mavlink_msg_heartbeat.h
[1.632s] -- Up-to-date: /home/nvidia/acfly_ws/install/mavlink/include/mavlink/v1.0/ualberta
[1.632s] -- Up-to-date: /home/nvidia/acfly_ws/install/mavlink/include/mavlink/v1.0/ualberta/ualberta.h
[1.632s] -- Up-to-date: /home/nvidia/acfly_ws/install/mavlink/include/mavlink/v1.0/ualberta/mavlink_msg_nav_filter_bias.h
[1.633s] -- Up-to-date: /home/nvidia/acfly_ws/install/mavlink/include/mavlink/v1.0/ualberta/testsuite.h
[1.633s] -- Up-to-date: /home/nvidia/acfly_ws/install/mavlink/include/mavlink/v1.0/ualberta/mavlink_msg_radio_calibration.h
[1.633s] -- Up-to-date: /home/nvidia/acfly_ws/install/mavlink/include/mavlink/v1.0/ualberta/mavlink_msg_ualberta_sys_status.h
[1.633s] -- Up-to-date: /home/nvidia/acfly_ws/install/mavlink/include/mavlink/v1.0/ualberta/mavlink.h
[1.633s] -- Up-to-date: /home/nvidia/acfly_ws/install/mavlink/include/mavlink/v1.0/ualberta/version.h
[1.633s] -- Up-to-date: /home/nvidia/acfly_ws/install/mavlink/include/mavlink/v1.0/loweheiser
[1.633s] -- Up-to-date: /home/nvidia/acfly_ws/install/mavlink/include/mavlink/v1.0/loweheiser/testsuite.h
[1.633s] -- Up-to-date: /home/nvidia/acfly_ws/install/mavlink/include/mavlink/v1.0/loweheiser/mavlink.h
[1.633s] -- Up-to-date: /home/nvidia/acfly_ws/install/mavlink/include/mavlink/v1.0/loweheiser/version.h
[1.634s] -- Up-to-date: /home/nvidia/acfly_ws/install/mavlink/include/mavlink/v1.0/loweheiser/loweheiser.h
[1.634s] -- Up-to-date: /home/nvidia/acfly_ws/install/mavlink/include/mavlink/v1.0/matrixpilot
[1.634s] -- Up-to-date: /home/nvidia/acfly_ws/install/mavlink/include/mavlink/v1.0/matrixpilot/mavlink_msg_flexifunction_buffer_function_ack.h
[1.634s] -- Up-to-date: /home/nvidia/acfly_ws/install/mavlink/include/mavlink/v1.0/matrixpilot/matrixpilot.h
[1.634s] -- Up-to-date: /home/nvidia/acfly_ws/install/mavlink/include/mavlink/v1.0/matrixpilot/mavlink_msg_flexifunction_directory_ack.h
[1.634s] -- Up-to-date: /home/nvidia/acfly_ws/install/mavlink/include/mavlink/v1.0/matrixpilot/mavlink_msg_flexifunction_command.h
[1.635s] -- Up-to-date: /home/nvidia/acfly_ws/install/mavlink/include/mavlink/v1.0/matrixpilot/mavlink_msg_serial_udb_extra_f6.h
[1.635s] -- Up-to-date: /home/nvidia/acfly_ws/install/mavlink/include/mavlink/v1.0/matrixpilot/mavlink_msg_flexifunction_command_ack.h
[1.635s] -- Up-to-date: /home/nvidia/acfly_ws/install/mavlink/include/mavlink/v1.0/matrixpilot/mavlink_msg_serial_udb_extra_f21.h
[1.636s] -- Up-to-date: /home/nvidia/acfly_ws/install/mavlink/include/mavlink/v1.0/matrixpilot/mavlink_msg_flexifunction_set.h
[1.636s] -- Up-to-date: /home/nvidia/acfly_ws/install/mavlink/include/mavlink/v1.0/matrixpilot/mavlink_msg_serial_udb_extra_f15.h
[1.636s] -- Up-to-date: /home/nvidia/acfly_ws/install/mavlink/include/mavlink/v1.0/matrixpilot/mavlink_msg_serial_udb_extra_f8.h
[1.636s] -- Up-to-date: /home/nvidia/acfly_ws/install/mavlink/include/mavlink/v1.0/matrixpilot/mavlink_msg_serial_udb_extra_f19.h
[1.636s] -- Up-to-date: /home/nvidia/acfly_ws/install/mavlink/include/mavlink/v1.0/matrixpilot/mavlink_msg_serial_udb_extra_f14.h
[1.636s] -- Up-to-date: /home/nvidia/acfly_ws/install/mavlink/include/mavlink/v1.0/matrixpilot/mavlink_msg_serial_udb_extra_f2_b.h
[1.636s] -- Up-to-date: /home/nvidia/acfly_ws/install/mavlink/include/mavlink/v1.0/matrixpilot/testsuite.h
[1.636s] -- Up-to-date: /home/nvidia/acfly_ws/install/mavlink/include/mavlink/v1.0/matrixpilot/mavlink_msg_serial_udb_extra_f22.h
[1.636s] -- Up-to-date: /home/nvidia/acfly_ws/install/mavlink/include/mavlink/v1.0/matrixpilot/mavlink_msg_serial_udb_extra_f4.h
[1.636s] -- Up-to-date: /home/nvidia/acfly_ws/install/mavlink/include/mavlink/v1.0/matrixpilot/mavlink_msg_serial_udb_extra_f13.h
[1.637s] -- Up-to-date: /home/nvidia/acfly_ws/install/mavlink/include/mavlink/v1.0/matrixpilot/mavlink_msg_serial_udb_extra_f7.h
[1.637s] -- Up-to-date: /home/nvidia/acfly_ws/install/mavlink/include/mavlink/v1.0/matrixpilot/mavlink_msg_flexifunction_read_req.h
[1.637s] -- Up-to-date: /home/nvidia/acfly_ws/install/mavlink/include/mavlink/v1.0/matrixpilot/mavlink_msg_serial_udb_extra_f5.h
[1.637s] -- Up-to-date: /home/nvidia/acfly_ws/install/mavlink/include/mavlink/v1.0/matrixpilot/mavlink.h
[1.637s] -- Up-to-date: /home/nvidia/acfly_ws/install/mavlink/include/mavlink/v1.0/matrixpilot/mavlink_msg_airspeeds.h
[1.637s] -- Up-to-date: /home/nvidia/acfly_ws/install/mavlink/include/mavlink/v1.0/matrixpilot/version.h
[1.638s] -- Up-to-date: /home/nvidia/acfly_ws/install/mavlink/include/mavlink/v1.0/matrixpilot/mavlink_msg_serial_udb_extra_f20.h
[1.638s] -- Up-to-date: /home/nvidia/acfly_ws/install/mavlink/include/mavlink/v1.0/matrixpilot/mavlink_msg_serial_udb_extra_f18.h
[1.638s] -- Up-to-date: /home/nvidia/acfly_ws/install/mavlink/include/mavlink/v1.0/matrixpilot/mavlink_msg_serial_udb_extra_f16.h
[1.638s] -- Up-to-date: /home/nvidia/acfly_ws/install/mavlink/include/mavlink/v1.0/matrixpilot/mavlink_msg_flexifunction_buffer_function.h
[1.638s] -- Up-to-date: /home/nvidia/acfly_ws/install/mavlink/include/mavlink/v1.0/matrixpilot/mavlink_msg_serial_udb_extra_f17.h
[1.638s] -- Up-to-date: /home/nvidia/acfly_ws/install/mavlink/include/mavlink/v1.0/matrixpilot/mavlink_msg_flexifunction_directory.h
[1.638s] -- Up-to-date: /home/nvidia/acfly_ws/install/mavlink/include/mavlink/v1.0/matrixpilot/mavlink_msg_serial_udb_extra_f2_a.h
[1.638s] -- Up-to-date: /home/nvidia/acfly_ws/install/mavlink/include/mavlink/v1.0/matrixpilot/mavlink_msg_altitudes.h
[1.638s] -- Up-to-date: /home/nvidia/acfly_ws/install/mavlink/include/mavlink/v1.0/python_array_test
[1.638s] -- Up-to-date: /home/nvidia/acfly_ws/install/mavlink/include/mavlink/v1.0/python_array_test/testsuite.h
[1.638s] -- Up-to-date: /home/nvidia/acfly_ws/install/mavlink/include/mavlink/v1.0/python_array_test/python_array_test.h
[1.639s] -- Up-to-date: /home/nvidia/acfly_ws/install/mavlink/include/mavlink/v1.0/python_array_test/mavlink.h
[1.639s] -- Up-to-date: /home/nvidia/acfly_ws/install/mavlink/include/mavlink/v1.0/python_array_test/version.h
[1.639s] -- Up-to-date: /home/nvidia/acfly_ws/install/mavlink/include/mavlink/v1.0/ardupilotmega
[1.639s] -- Up-to-date: /home/nvidia/acfly_ws/install/mavlink/include/mavlink/v1.0/ardupilotmega/mavlink_msg_sensor_offsets.h
[1.639s] -- Up-to-date: /home/nvidia/acfly_ws/install/mavlink/include/mavlink/v1.0/ardupilotmega/mavlink_msg_camera_status.h
[1.639s] -- Up-to-date: /home/nvidia/acfly_ws/install/mavlink/include/mavlink/v1.0/ardupilotmega/mavlink_msg_deepstall.h
[1.639s] -- Up-to-date: /home/nvidia/acfly_ws/install/mavlink/include/mavlink/v1.0/ardupilotmega/mavlink_msg_set_mag_offsets.h
[1.639s] -- Up-to-date: /home/nvidia/acfly_ws/install/mavlink/include/mavlink/v1.0/ardupilotmega/mavlink_msg_rpm.h
[1.639s] -- Up-to-date: /home/nvidia/acfly_ws/install/mavlink/include/mavlink/v1.0/ardupilotmega/mavlink_msg_gopro_get_response.h
[1.639s] -- Up-to-date: /home/nvidia/acfly_ws/install/mavlink/include/mavlink/v1.0/ardupilotmega/mavlink_msg_ekf_status_report.h
[1.640s] -- Up-to-date: /home/nvidia/acfly_ws/install/mavlink/include/mavlink/v1.0/ardupilotmega/mavlink_msg_mount_control.h
[1.640s] -- Up-to-date: /home/nvidia/acfly_ws/install/mavlink/include/mavlink/v1.0/ardupilotmega/mavlink_msg_data16.h
[1.640s] -- Up-to-date: /home/nvidia/acfly_ws/install/mavlink/include/mavlink/v1.0/ardupilotmega/mavlink_msg_wind.h
[1.640s] -- Up-to-date: /home/nvidia/acfly_ws/install/mavlink/include/mavlink/v1.0/ardupilotmega/mavlink_msg_hwstatus.h
[1.640s] -- Up-to-date: /home/nvidia/acfly_ws/install/mavlink/include/mavlink/v1.0/ardupilotmega/mavlink_msg_gimbal_torque_cmd_report.h
[1.640s] -- Up-to-date: /home/nvidia/acfly_ws/install/mavlink/include/mavlink/v1.0/ardupilotmega/mavlink_msg_autopilot_version_request.h
[1.640s] -- Up-to-date: /home/nvidia/acfly_ws/install/mavlink/include/mavlink/v1.0/ardupilotmega/mavlink_msg_ap_adc.h
[1.640s] -- Up-to-date: /home/nvidia/acfly_ws/install/mavlink/include/mavlink/v1.0/ardupilotmega/mavlink_msg_digicam_control.h
[1.640s] -- Up-to-date: /home/nvidia/acfly_ws/install/mavlink/include/mavlink/v1.0/ardupilotmega/testsuite.h
[1.640s] -- Up-to-date: /home/nvidia/acfly_ws/install/mavlink/include/mavlink/v1.0/ardupilotmega/mavlink_msg_rally_point.h
[1.640s] -- Up-to-date: /home/nvidia/acfly_ws/install/mavlink/include/mavlink/v1.0/ardupilotmega/mavlink_msg_radio.h
[1.641s] -- Up-to-date: /home/nvidia/acfly_ws/install/mavlink/include/mavlink/v1.0/ardupilotmega/mavlink_msg_fence_fetch_point.h
[1.641s] -- Up-to-date: /home/nvidia/acfly_ws/install/mavlink/include/mavlink/v1.0/ardupilotmega/mavlink_msg_limits_status.h
[1.641s] -- Up-to-date: /home/nvidia/acfly_ws/install/mavlink/include/mavlink/v1.0/ardupilotmega/mavlink_msg_simstate.h
[1.641s] -- Up-to-date: /home/nvidia/acfly_ws/install/mavlink/include/mavlink/v1.0/ardupilotmega/mavlink_msg_data32.h
[1.641s] -- Up-to-date: /home/nvidia/acfly_ws/install/mavlink/include/mavlink/v1.0/ardupilotmega/mavlink_msg_gimbal_control.h
[1.641s] -- Up-to-date: /home/nvidia/acfly_ws/install/mavlink/include/mavlink/v1.0/ardupilotmega/mavlink_msg_ahrs.h
[1.641s] -- Up-to-date: /home/nvidia/acfly_ws/install/mavlink/include/mavlink/v1.0/ardupilotmega/mavlink_msg_gopro_get_request.h
[1.641s] -- Up-to-date: /home/nvidia/acfly_ws/install/mavlink/include/mavlink/v1.0/ardupilotmega/mavlink_msg_pid_tuning.h
[1.641s] -- Up-to-date: /home/nvidia/acfly_ws/install/mavlink/include/mavlink/v1.0/ardupilotmega/ardupilotmega.h
[1.641s] -- Up-to-date: /home/nvidia/acfly_ws/install/mavlink/include/mavlink/v1.0/ardupilotmega/mavlink_msg_airspeed_autocal.h
[1.642s] -- Up-to-date: /home/nvidia/acfly_ws/install/mavlink/include/mavlink/v1.0/ardupilotmega/mavlink_msg_data96.h
[1.642s] -- Up-to-date: /home/nvidia/acfly_ws/install/mavlink/include/mavlink/v1.0/ardupilotmega/mavlink_msg_gopro_set_request.h
[1.642s] -- Up-to-date: /home/nvidia/acfly_ws/install/mavlink/include/mavlink/v1.0/ardupilotmega/mavlink_msg_mag_cal_progress.h
[1.642s] -- Up-to-date: /home/nvidia/acfly_ws/install/mavlink/include/mavlink/v1.0/ardupilotmega/mavlink.h
[1.642s] -- Up-to-date: /home/nvidia/acfly_ws/install/mavlink/include/mavlink/v1.0/ardupilotmega/mavlink_msg_remote_log_data_block.h
[1.642s] -- Up-to-date: /home/nvidia/acfly_ws/install/mavlink/include/mavlink/v1.0/ardupilotmega/mavlink_msg_gopro_heartbeat.h
[1.642s] -- Up-to-date: /home/nvidia/acfly_ws/install/mavlink/include/mavlink/v1.0/ardupilotmega/mavlink_msg_mount_configure.h
[1.642s] -- Up-to-date: /home/nvidia/acfly_ws/install/mavlink/include/mavlink/v1.0/ardupilotmega/mavlink_msg_gopro_set_response.h
[1.642s] -- Up-to-date: /home/nvidia/acfly_ws/install/mavlink/include/mavlink/v1.0/ardupilotmega/mavlink_msg_meminfo.h
[1.643s] -- Up-to-date: /home/nvidia/acfly_ws/install/mavlink/include/mavlink/v1.0/ardupilotmega/version.h
[1.643s] -- Up-to-date: /home/nvidia/acfly_ws/install/mavlink/include/mavlink/v1.0/ardupilotmega/mavlink_msg_digicam_configure.h
[1.643s] -- Up-to-date: /home/nvidia/acfly_ws/install/mavlink/include/mavlink/v1.0/ardupilotmega/mavlink_msg_ahrs2.h
[1.643s] -- Up-to-date: /home/nvidia/acfly_ws/install/mavlink/include/mavlink/v1.0/ardupilotmega/mavlink_msg_rally_fetch_point.h
[1.643s] -- Up-to-date: /home/nvidia/acfly_ws/install/mavlink/include/mavlink/v1.0/ardupilotmega/mavlink_msg_fence_point.h
[1.643s] -- Up-to-date: /home/nvidia/acfly_ws/install/mavlink/include/mavlink/v1.0/ardupilotmega/mavlink_msg_ahrs3.h
[1.643s] -- Up-to-date: /home/nvidia/acfly_ws/install/mavlink/include/mavlink/v1.0/ardupilotmega/mavlink_msg_battery2.h
[1.643s] -- Up-to-date: /home/nvidia/acfly_ws/install/mavlink/include/mavlink/v1.0/ardupilotmega/mavlink_msg_led_control.h
[1.643s] -- Up-to-date: /home/nvidia/acfly_ws/install/mavlink/include/mavlink/v1.0/ardupilotmega/mavlink_msg_gimbal_report.h
[1.644s] -- Up-to-date: /home/nvidia/acfly_ws/install/mavlink/include/mavlink/v1.0/ardupilotmega/mavlink_msg_camera_feedback.h
[1.644s] -- Up-to-date: /home/nvidia/acfly_ws/install/mavlink/include/mavlink/v1.0/ardupilotmega/mavlink_msg_rangefinder.h
[1.644s] -- Up-to-date: /home/nvidia/acfly_ws/install/mavlink/include/mavlink/v1.0/ardupilotmega/mavlink_msg_remote_log_block_status.h
[1.644s] -- Up-to-date: /home/nvidia/acfly_ws/install/mavlink/include/mavlink/v1.0/ardupilotmega/mavlink_msg_data64.h
[1.644s] -- Up-to-date: /home/nvidia/acfly_ws/install/mavlink/include/mavlink/v1.0/ardupilotmega/mavlink_msg_compassmot_status.h
[1.644s] -- Up-to-date: /home/nvidia/acfly_ws/install/mavlink/include/mavlink/v1.0/ardupilotmega/mavlink_msg_mount_status.h
[1.644s] -- Up-to-date: /home/nvidia/acfly_ws/install/mavlink/include/mavlink/v1.0/all
[1.644s] -- Up-to-date: /home/nvidia/acfly_ws/install/mavlink/include/mavlink/v1.0/all/testsuite.h
[1.644s] -- Up-to-date: /home/nvidia/acfly_ws/install/mavlink/include/mavlink/v1.0/all/mavlink.h
[1.644s] -- Up-to-date: /home/nvidia/acfly_ws/install/mavlink/include/mavlink/v1.0/all/version.h
[1.645s] -- Up-to-date: /home/nvidia/acfly_ws/install/mavlink/include/mavlink/v1.0/all/all.h
[1.645s] -- Up-to-date: /home/nvidia/acfly_ws/install/mavlink/include/mavlink/v1.0/mavlink_types.h
[1.645s] -- Up-to-date: /home/nvidia/acfly_ws/install/mavlink/include/mavlink/v1.0/acfly
[1.645s] -- Up-to-date: /home/nvidia/acfly_ws/install/mavlink/include/mavlink/v1.0/acfly/mavlink_msg_rc_channels_override.h
[1.645s] -- Up-to-date: /home/nvidia/acfly_ws/install/mavlink/include/mavlink/v1.0/acfly/mavlink_msg_acflypossensor_info.h
[1.645s] -- Up-to-date: /home/nvidia/acfly_ws/install/mavlink/include/mavlink/v1.0/acfly/mavlink_msg_terrain_request.h
[1.645s] -- Up-to-date: /home/nvidia/acfly_ws/install/mavlink/include/mavlink/v1.0/acfly/mavlink_msg_attitude.h
[1.646s] -- Up-to-date: /home/nvidia/acfly_ws/install/mavlink/include/mavlink/v1.0/acfly/mavlink_msg_scaled_pressure.h
[1.646s] -- Up-to-date: /home/nvidia/acfly_ws/install/mavlink/include/mavlink/v1.0/acfly/mavlink_msg_optical_flow.h
[1.646s] -- Up-to-date: /home/nvidia/acfly_ws/install/mavlink/include/mavlink/v1.0/acfly/mavlink_msg_landing_target.h
[1.646s] -- Up-to-date: /home/nvidia/acfly_ws/install/mavlink/include/mavlink/v1.0/acfly/mavlink_msg_log_erase.h
[1.646s] -- Up-to-date: /home/nvidia/acfly_ws/install/mavlink/include/mavlink/v1.0/acfly/mavlink_msg_gps_input.h
[1.646s] -- Up-to-date: /home/nvidia/acfly_ws/install/mavlink/include/mavlink/v1.0/acfly/mavlink_msg_local_position_ned_cov.h
[1.646s] -- Up-to-date: /home/nvidia/acfly_ws/install/mavlink/include/mavlink/v1.0/acfly/mavlink_msg_command_int.h
[1.646s] -- Up-to-date: /home/nvidia/acfly_ws/install/mavlink/include/mavlink/v1.0/acfly/mavlink_msg_gps_inject_data.h
[1.647s] -- Up-to-date: /home/nvidia/acfly_ws/install/mavlink/include/mavlink/v1.0/acfly/mavlink_msg_rc_channels_raw.h
[1.647s] -- Up-to-date: /home/nvidia/acfly_ws/install/mavlink/include/mavlink/v1.0/acfly/mavlink_msg_camera_trigger.h
[1.647s] -- Up-to-date: /home/nvidia/acfly_ws/install/mavlink/include/mavlink/v1.0/acfly/mavlink_msg_param_request_read.h
[1.647s] -- Up-to-date: /home/nvidia/acfly_ws/install/mavlink/include/mavlink/v1.0/acfly/mavlink_msg_data_transmission_handshake.h
[1.647s] -- Up-to-date: /home/nvidia/acfly_ws/install/mavlink/include/mavlink/v1.0/acfly/mavlink_msg_set_gps_global_origin.h
[1.647s] -- Up-to-date: /home/nvidia/acfly_ws/install/mavlink/include/mavlink/v1.0/acfly/mavlink_msg_v2_extension.h
[1.647s] -- Up-to-date: /home/nvidia/acfly_ws/install/mavlink/include/mavlink/v1.0/acfly/mavlink_msg_camera_status.h
[1.647s] -- Up-to-date: /home/nvidia/acfly_ws/install/mavlink/include/mavlink/v1.0/acfly/mavlink_msg_statustext.h
[1.647s] -- Up-to-date: /home/nvidia/acfly_ws/install/mavlink/include/mavlink/v1.0/acfly/mavlink_msg_extended_sys_state.h
[1.647s] -- Up-to-date: /home/nvidia/acfly_ws/install/mavlink/include/mavlink/v1.0/acfly/mavlink_msg_mission_request.h
[1.647s] -- Up-to-date: /home/nvidia/acfly_ws/install/mavlink/include/mavlink/v1.0/acfly/mavlink_msg_hil_optical_flow.h
[1.648s] -- Up-to-date: /home/nvidia/acfly_ws/install/mavlink/include/mavlink/v1.0/acfly/mavlink_msg_mission_request_int.h
[1.648s] -- Up-to-date: /home/nvidia/acfly_ws/install/mavlink/include/mavlink/v1.0/acfly/mavlink_msg_actuator_control_target.h
[1.648s] -- Up-to-date: /home/nvidia/acfly_ws/install/mavlink/include/mavlink/v1.0/acfly/mavlink_msg_acflyhtl_imu_update.h
[1.648s] -- Up-to-date: /home/nvidia/acfly_ws/install/mavlink/include/mavlink/v1.0/acfly/mavlink_msg_sim_state.h
[1.648s] -- Up-to-date: /home/nvidia/acfly_ws/install/mavlink/include/mavlink/v1.0/acfly/mavlink_msg_auth_key.h
[1.648s] -- Up-to-date: /home/nvidia/acfly_ws/install/mavlink/include/mavlink/v1.0/acfly/mavlink_msg_message_interval.h
[1.648s] -- Up-to-date: /home/nvidia/acfly_ws/install/mavlink/include/mavlink/v1.0/acfly/mavlink_msg_raw_pressure.h
[1.648s] -- Up-to-date: /home/nvidia/acfly_ws/install/mavlink/include/mavlink/v1.0/acfly/mavlink_msg_vibration.h
[1.648s] -- Up-to-date: /home/nvidia/acfly_ws/install/mavlink/include/mavlink/v1.0/acfly/mavlink_msg_set_home_position.h
[1.648s] -- Up-to-date: /home/nvidia/acfly_ws/install/mavlink/include/mavlink/v1.0/acfly/mavlink_msg_terrain_check.h
[1.648s] -- Up-to-date: /home/nvidia/acfly_ws/install/mavlink/include/mavlink/v1.0/acfly/mavlink_msg_hil_sensor.h
[1.649s] -- Up-to-date: /home/nvidia/acfly_ws/install/mavlink/include/mavlink/v1.0/acfly/mavlink_msg_terrain_data.h
[1.649s] -- Up-to-date: /home/nvidia/acfly_ws/install/mavlink/include/mavlink/v1.0/acfly/mavlink_msg_hil_state.h
[1.649s] -- Up-to-date: /home/nvidia/acfly_ws/install/mavlink/include/mavlink/v1.0/acfly/mavlink_msg_serial_control.h
[1.649s] -- Up-to-date: /home/nvidia/acfly_ws/install/mavlink/include/mavlink/v1.0/acfly/mavlink_msg_hil_controls.h
[1.649s] -- Up-to-date: /home/nvidia/acfly_ws/install/mavlink/include/mavlink/v1.0/acfly/mavlink_msg_optical_flow_rad.h
[1.649s] -- Up-to-date: /home/nvidia/acfly_ws/install/mavlink/include/mavlink/v1.0/acfly/mavlink_msg_fence_status.h
[1.649s] -- Up-to-date: /home/nvidia/acfly_ws/install/mavlink/include/mavlink/v1.0/acfly/mavlink_msg_global_position_int.h
[1.650s] -- Up-to-date: /home/nvidia/acfly_ws/install/mavlink/include/mavlink/v1.0/acfly/mavlink_msg_gps_rtcm_data.h
[1.650s] -- Up-to-date: /home/nvidia/acfly_ws/install/mavlink/include/mavlink/v1.0/acfly/mavlink_msg_home_position.h
[1.650s] -- Up-to-date: /home/nvidia/acfly_ws/install/mavlink/include/mavlink/v1.0/acfly/mavlink_msg_system_time.h
[1.650s] -- Up-to-date: /home/nvidia/acfly_ws/install/mavlink/include/mavlink/v1.0/acfly/mavlink_msg_command_long.h
[1.650s] -- Up-to-date: /home/nvidia/acfly_ws/install/mavlink/include/mavlink/v1.0/acfly/mavlink_msg_vfr_hud.h
[1.650s] -- Up-to-date: /home/nvidia/acfly_ws/install/mavlink/include/mavlink/v1.0/acfly/mavlink_msg_param_map_rc.h
[1.650s] -- Up-to-date: /home/nvidia/acfly_ws/install/mavlink/include/mavlink/v1.0/acfly/mavlink_msg_mission_set_current.h
[1.650s] -- Up-to-date: /home/nvidia/acfly_ws/install/mavlink/include/mavlink/v1.0/acfly/mavlink_msg_param_value.h
[1.650s] -- Up-to-date: /home/nvidia/acfly_ws/install/mavlink/include/mavlink/v1.0/acfly/mavlink_msg_mission_ack.h
[1.650s] -- Up-to-date: /home/nvidia/acfly_ws/install/mavlink/include/mavlink/v1.0/acfly/mavlink_msg_data_stream.h
[1.650s] -- Up-to-date: /home/nvidia/acfly_ws/install/mavlink/include/mavlink/v1.0/acfly/mavlink_msg_rc_channels_scaled.h
[1.651s] -- Up-to-date: /home/nvidia/acfly_ws/install/mavlink/include/mavlink/v1.0/acfly/mavlink_msg_adsb_vehicle.h
[1.651s] -- Up-to-date: /home/nvidia/acfly_ws/install/mavlink/include/mavlink/v1.0/acfly/mavlink_msg_param_request_list.h
[1.651s] -- Up-to-date: /home/nvidia/acfly_ws/install/mavlink/include/mavlink/v1.0/acfly/mavlink_msg_gps_status.h
[1.651s] -- Up-to-date: /home/nvidia/acfly_ws/install/mavlink/include/mavlink/v1.0/acfly/mavlink_msg_autopilot_version_request.h
[1.651s] -- Up-to-date: /home/nvidia/acfly_ws/install/mavlink/include/mavlink/v1.0/acfly/mavlink_msg_param_set.h
[1.651s] -- Up-to-date: /home/nvidia/acfly_ws/install/mavlink/include/mavlink/v1.0/acfly/mavlink_msg_debug.h
[1.651s] -- Up-to-date: /home/nvidia/acfly_ws/install/mavlink/include/mavlink/v1.0/acfly/mavlink_msg_change_operator_control_ack.h
[1.651s] -- Up-to-date: /home/nvidia/acfly_ws/install/mavlink/include/mavlink/v1.0/acfly/mavlink_msg_position_target_local_ned.h
[1.651s] -- Up-to-date: /home/nvidia/acfly_ws/install/mavlink/include/mavlink/v1.0/acfly/testsuite.h
[1.651s] -- Up-to-date: /home/nvidia/acfly_ws/install/mavlink/include/mavlink/v1.0/acfly/mavlink_msg_rally_point.h
[1.652s] -- Up-to-date: /home/nvidia/acfly_ws/install/mavlink/include/mavlink/v1.0/acfly/mavlink_msg_acfly_regeisterpossensor.h
[1.652s] -- Up-to-date: /home/nvidia/acfly_ws/install/mavlink/include/mavlink/v1.0/acfly/mavlink_msg_set_actuator_control_target.h
[1.652s] -- Up-to-date: /home/nvidia/acfly_ws/install/mavlink/include/mavlink/v1.0/acfly/mavlink_msg_control_system_state.h
[1.652s] -- Up-to-date: /home/nvidia/acfly_ws/install/mavlink/include/mavlink/v1.0/acfly/mavlink_msg_hil_gps.h
[1.652s] -- Up-to-date: /home/nvidia/acfly_ws/install/mavlink/include/mavlink/v1.0/acfly/mavlink_msg_global_position_int_cov.h
[1.652s] -- Up-to-date: /home/nvidia/acfly_ws/install/mavlink/include/mavlink/v1.0/acfly/mavlink_msg_manual_setpoint.h
[1.652s] -- Up-to-date: /home/nvidia/acfly_ws/install/mavlink/include/mavlink/v1.0/acfly/mavlink_msg_scaled_pressure2.h
[1.652s] -- Up-to-date: /home/nvidia/acfly_ws/install/mavlink/include/mavlink/v1.0/acfly/mavlink_msg_named_value_float.h
[1.652s] -- Up-to-date: /home/nvidia/acfly_ws/install/mavlink/include/mavlink/v1.0/acfly/mavlink_msg_follow_target.h
[1.652s] -- Up-to-date: /home/nvidia/acfly_ws/install/mavlink/include/mavlink/v1.0/acfly/mavlink_msg_mission_item_reached.h
[1.652s] -- Up-to-date: /home/nvidia/acfly_ws/install/mavlink/include/mavlink/v1.0/acfly/mavlink_msg_vision_speed_estimate.h
[1.653s] -- Up-to-date: /home/nvidia/acfly_ws/install/mavlink/include/mavlink/v1.0/acfly/mavlink_msg_log_request_list.h
[1.653s] -- Up-to-date: /home/nvidia/acfly_ws/install/mavlink/include/mavlink/v1.0/acfly/mavlink_msg_acfly_updatepossensor.h
[1.653s] -- Up-to-date: /home/nvidia/acfly_ws/install/mavlink/include/mavlink/v1.0/acfly/mavlink_msg_vision_position_estimate.h
[1.653s] -- Up-to-date: /home/nvidia/acfly_ws/install/mavlink/include/mavlink/v1.0/acfly/mavlink_msg_highres_imu.h
[1.653s] -- Up-to-date: /home/nvidia/acfly_ws/install/mavlink/include/mavlink/v1.0/acfly/mavlink_msg_manual_control.h
[1.653s] -- Up-to-date: /home/nvidia/acfly_ws/install/mavlink/include/mavlink/v1.0/acfly/mavlink_msg_estimator_status.h
[1.653s] -- Up-to-date: /home/nvidia/acfly_ws/install/mavlink/include/mavlink/v1.0/acfly/mavlink_msg_acflyhtl_imu_register.h
[1.653s] -- Up-to-date: /home/nvidia/acfly_ws/install/mavlink/include/mavlink/v1.0/acfly/mavlink_msg_hil_rc_inputs_raw.h
[1.653s] -- Up-to-date: /home/nvidia/acfly_ws/install/mavlink/include/mavlink/v1.0/acfly/mavlink_msg_mission_item.h
[1.653s] -- Up-to-date: /home/nvidia/acfly_ws/install/mavlink/include/mavlink/v1.0/acfly/mavlink_msg_debug_vect.h
[1.654s] -- Up-to-date: /home/nvidia/acfly_ws/install/mavlink/include/mavlink/v1.0/acfly/mavlink_msg_attitude_quaternion.h
[1.654s] -- Up-to-date: /home/nvidia/acfly_ws/install/mavlink/include/mavlink/v1.0/acfly/mavlink_msg_change_operator_control.h
[1.654s] -- Up-to-date: /home/nvidia/acfly_ws/install/mavlink/include/mavlink/v1.0/acfly/mavlink_msg_radio_status.h
[1.655s] -- Up-to-date: /home/nvidia/acfly_ws/install/mavlink/include/mavlink/v1.0/acfly/mavlink_msg_mission_request_list.h
[1.655s] -- Up-to-date: /home/nvidia/acfly_ws/install/mavlink/include/mavlink/v1.0/acfly/mavlink_msg_gps2_rtk.h
[1.655s] -- Up-to-date: /home/nvidia/acfly_ws/install/mavlink/include/mavlink/v1.0/acfly/mavlink_msg_hil_actuator_controls.h
[1.655s] -- Up-to-date: /home/nvidia/acfly_ws/install/mavlink/include/mavlink/v1.0/acfly/mavlink_msg_set_mode.h
[1.655s] -- Up-to-date: /home/nvidia/acfly_ws/install/mavlink/include/mavlink/v1.0/acfly/mavlink_msg_scaled_imu.h
[1.655s] -- Up-to-date: /home/nvidia/acfly_ws/install/mavlink/include/mavlink/v1.0/acfly/mavlink_msg_gps2_raw.h
[1.655s] -- Up-to-date: /home/nvidia/acfly_ws/install/mavlink/include/mavlink/v1.0/acfly/mavlink_msg_battery_status.h
[1.655s] -- Up-to-date: /home/nvidia/acfly_ws/install/mavlink/include/mavlink/v1.0/acfly/mavlink_msg_mission_write_partial_list.h
[1.656s] -- Up-to-date: /home/nvidia/acfly_ws/install/mavlink/include/mavlink/v1.0/acfly/mavlink_msg_resource_request.h
[1.656s] -- Up-to-date: /home/nvidia/acfly_ws/install/mavlink/include/mavlink/v1.0/acfly/mavlink_msg_named_value_int.h
[1.656s] -- Up-to-date: /home/nvidia/acfly_ws/install/mavlink/include/mavlink/v1.0/acfly/mavlink_msg_att_pos_mocap.h
[1.656s] -- Up-to-date: /home/nvidia/acfly_ws/install/mavlink/include/mavlink/v1.0/acfly/mavlink_msg_gps_raw_int.h
[1.656s] -- Up-to-date: /home/nvidia/acfly_ws/install/mavlink/include/mavlink/v1.0/acfly/mavlink_msg_mission_current.h
[1.656s] -- Up-to-date: /home/nvidia/acfly_ws/install/mavlink/include/mavlink/v1.0/acfly/mavlink_msg_encapsulated_data.h
[1.656s] -- Up-to-date: /home/nvidia/acfly_ws/install/mavlink/include/mavlink/v1.0/acfly/mavlink_msg_ping.h
[1.656s] -- Up-to-date: /home/nvidia/acfly_ws/install/mavlink/include/mavlink/v1.0/acfly/mavlink_msg_scaled_pressure3.h
[1.657s] -- Up-to-date: /home/nvidia/acfly_ws/install/mavlink/include/mavlink/v1.0/acfly/mavlink_msg_rc_channels.h
[1.657s] -- Up-to-date: /home/nvidia/acfly_ws/install/mavlink/include/mavlink/v1.0/acfly/mavlink_msg_log_entry.h
[1.657s] -- Up-to-date: /home/nvidia/acfly_ws/install/mavlink/include/mavlink/v1.0/acfly/mavlink_msg_raw_imu.h
[1.657s] -- Up-to-date: /home/nvidia/acfly_ws/install/mavlink/include/mavlink/v1.0/acfly/mavlink_msg_wind_cov.h
[1.657s] -- Up-to-date: /home/nvidia/acfly_ws/install/mavlink/include/mavlink/v1.0/acfly/mavlink_msg_servo_output_raw.h
[1.657s] -- Up-to-date: /home/nvidia/acfly_ws/install/mavlink/include/mavlink/v1.0/acfly/mavlink_msg_scaled_imu3.h
[1.657s] -- Up-to-date: /home/nvidia/acfly_ws/install/mavlink/include/mavlink/v1.0/acfly/mavlink_msg_command_cancel.h
[1.657s] -- Up-to-date: /home/nvidia/acfly_ws/install/mavlink/include/mavlink/v1.0/acfly/mavlink_msg_log_request_end.h
[1.657s] -- Up-to-date: /home/nvidia/acfly_ws/install/mavlink/include/mavlink/v1.0/acfly/mavlink.h
[1.658s] -- Up-to-date: /home/nvidia/acfly_ws/install/mavlink/include/mavlink/v1.0/acfly/mavlink_msg_set_attitude_target.h
[1.658s] -- Up-to-date: /home/nvidia/acfly_ws/install/mavlink/include/mavlink/v1.0/acfly/mavlink_msg_set_position_target_global_int.h
[1.658s] -- Up-to-date: /home/nvidia/acfly_ws/install/mavlink/include/mavlink/v1.0/acfly/mavlink_msg_mission_request_partial_list.h
[1.658s] -- Up-to-date: /home/nvidia/acfly_ws/install/mavlink/include/mavlink/v1.0/acfly/mavlink_msg_local_position_ned_system_global_offset.h
[1.658s] -- Up-to-date: /home/nvidia/acfly_ws/install/mavlink/include/mavlink/v1.0/acfly/mavlink_msg_remote_log_data_block.h
[1.658s] -- Up-to-date: /home/nvidia/acfly_ws/install/mavlink/include/mavlink/v1.0/acfly/mavlink_msg_timesync.h
[1.658s] -- Up-to-date: /home/nvidia/acfly_ws/install/mavlink/include/mavlink/v1.0/acfly/mavlink_msg_local_position_ned.h
[1.658s] -- Up-to-date: /home/nvidia/acfly_ws/install/mavlink/include/mavlink/v1.0/acfly/mavlink_msg_link_node_status.h
[1.658s] -- Up-to-date: /home/nvidia/acfly_ws/install/mavlink/include/mavlink/v1.0/acfly/acfly.h
[1.658s] -- Up-to-date: /home/nvidia/acfly_ws/install/mavlink/include/mavlink/v1.0/acfly/mavlink_msg_mag_cal_report.h
[1.659s] -- Up-to-date: /home/nvidia/acfly_ws/install/mavlink/include/mavlink/v1.0/acfly/mavlink_msg_attitude_quaternion_cov.h
[1.659s] -- Up-to-date: /home/nvidia/acfly_ws/install/mavlink/include/mavlink/v1.0/acfly/mavlink_msg_scaled_imu2.h
[1.659s] -- Up-to-date: /home/nvidia/acfly_ws/install/mavlink/include/mavlink/v1.0/acfly/mavlink_msg_log_request_data.h
[1.659s] -- Up-to-date: /home/nvidia/acfly_ws/install/mavlink/include/mavlink/v1.0/acfly/mavlink_msg_log_data.h
[1.659s] -- Up-to-date: /home/nvidia/acfly_ws/install/mavlink/include/mavlink/v1.0/acfly/version.h
[1.659s] -- Up-to-date: /home/nvidia/acfly_ws/install/mavlink/include/mavlink/v1.0/acfly/mavlink_msg_gps_rtk.h
[1.659s] -- Up-to-date: /home/nvidia/acfly_ws/install/mavlink/include/mavlink/v1.0/acfly/mavlink_msg_gps_global_origin.h
[1.659s] -- Up-to-date: /home/nvidia/acfly_ws/install/mavlink/include/mavlink/v1.0/acfly/mavlink_msg_ahrs2.h
[1.659s] -- Up-to-date: /home/nvidia/acfly_ws/install/mavlink/include/mavlink/v1.0/acfly/mavlink_msg_mission_clear_all.h
[1.659s] -- Up-to-date: /home/nvidia/acfly_ws/install/mavlink/include/mavlink/v1.0/acfly/mavlink_msg_mission_item_int.h
[1.660s] -- Up-to-date: /home/nvidia/acfly_ws/install/mavlink/include/mavlink/v1.0/acfly/mavlink_msg_set_position_target_local_ned.h
[1.660s] -- Up-to-date: /home/nvidia/acfly_ws/install/mavlink/include/mavlink/v1.0/acfly/mavlink_msg_distance_sensor.h
[1.660s] -- Up-to-date: /home/nvidia/acfly_ws/install/mavlink/include/mavlink/v1.0/acfly/mavlink_msg_command_ack.h
[1.660s] -- Up-to-date: /home/nvidia/acfly_ws/install/mavlink/include/mavlink/v1.0/acfly/mavlink_msg_rally_fetch_point.h
[1.660s] -- Up-to-date: /home/nvidia/acfly_ws/install/mavlink/include/mavlink/v1.0/acfly/mavlink_msg_acflyhtl_pwmchans_fb.h
[1.660s] -- Up-to-date: /home/nvidia/acfly_ws/install/mavlink/include/mavlink/v1.0/acfly/mavlink_msg_request_data_stream.h
[1.660s] -- Up-to-date: /home/nvidia/acfly_ws/install/mavlink/include/mavlink/v1.0/acfly/mavlink_msg_ahrs3.h
[1.660s] -- Up-to-date: /home/nvidia/acfly_ws/install/mavlink/include/mavlink/v1.0/acfly/mavlink_msg_battery2.h
[1.660s] -- Up-to-date: /home/nvidia/acfly_ws/install/mavlink/include/mavlink/v1.0/acfly/mavlink_msg_safety_set_allowed_area.h
[1.660s] -- Up-to-date: /home/nvidia/acfly_ws/install/mavlink/include/mavlink/v1.0/acfly/mavlink_msg_hil_state_quaternion.h
[1.661s] -- Up-to-date: /home/nvidia/acfly_ws/install/mavlink/include/mavlink/v1.0/acfly/mavlink_msg_led_control.h
[1.661s] -- Up-to-date: /home/nvidia/acfly_ws/install/mavlink/include/mavlink/v1.0/acfly/mavlink_msg_global_vision_position_estimate.h
[1.661s] -- Up-to-date: /home/nvidia/acfly_ws/install/mavlink/include/mavlink/v1.0/acfly/mavlink_msg_file_transfer_protocol.h
[1.661s] -- Up-to-date: /home/nvidia/acfly_ws/install/mavlink/include/mavlink/v1.0/acfly/mavlink_msg_safety_allowed_area.h
[1.661s] -- Up-to-date: /home/nvidia/acfly_ws/install/mavlink/include/mavlink/v1.0/acfly/mavlink_msg_sys_status.h
[1.661s] -- Up-to-date: /home/nvidia/acfly_ws/install/mavlink/include/mavlink/v1.0/acfly/mavlink_msg_high_latency2.h
[1.661s] -- Up-to-date: /home/nvidia/acfly_ws/install/mavlink/include/mavlink/v1.0/acfly/mavlink_msg_efi_status.h
[1.661s] -- Up-to-date: /home/nvidia/acfly_ws/install/mavlink/include/mavlink/v1.0/acfly/mavlink_msg_altitude.h
[1.662s] -- Up-to-date: /home/nvidia/acfly_ws/install/mavlink/include/mavlink/v1.0/acfly/mavlink_msg_collision.h
[1.662s] -- Up-to-date: /home/nvidia/acfly_ws/install/mavlink/include/mavlink/v1.0/acfly/mavlink_msg_high_latency.h
[1.662s] -- Up-to-date: /home/nvidia/acfly_ws/install/mavlink/include/mavlink/v1.0/acfly/mavlink_msg_nav_controller_output.h
[1.662s] -- Up-to-date: /home/nvidia/acfly_ws/install/mavlink/include/mavlink/v1.0/acfly/mavlink_msg_vicon_position_estimate.h
[1.662s] -- Up-to-date: /home/nvidia/acfly_ws/install/mavlink/include/mavlink/v1.0/acfly/mavlink_msg_terrain_report.h
[1.662s] -- Up-to-date: /home/nvidia/acfly_ws/install/mavlink/include/mavlink/v1.0/acfly/mavlink_msg_memory_vect.h
[1.662s] -- Up-to-date: /home/nvidia/acfly_ws/install/mavlink/include/mavlink/v1.0/acfly/mavlink_msg_power_status.h
[1.662s] -- Up-to-date: /home/nvidia/acfly_ws/install/mavlink/include/mavlink/v1.0/acfly/mavlink_msg_camera_feedback.h
[1.662s] -- Up-to-date: /home/nvidia/acfly_ws/install/mavlink/include/mavlink/v1.0/acfly/mavlink_msg_remote_log_block_status.h
[1.663s] -- Up-to-date: /home/nvidia/acfly_ws/install/mavlink/include/mavlink/v1.0/acfly/mavlink_msg_autopilot_version.h
[1.663s] -- Up-to-date: /home/nvidia/acfly_ws/install/mavlink/include/mavlink/v1.0/acfly/mavlink_msg_attitude_target.h
[1.663s] -- Up-to-date: /home/nvidia/acfly_ws/install/mavlink/include/mavlink/v1.0/acfly/mavlink_msg_position_target_global_int.h
[1.663s] -- Up-to-date: /home/nvidia/acfly_ws/install/mavlink/include/mavlink/v1.0/acfly/mavlink_msg_compassmot_status.h
[1.663s] -- Up-to-date: /home/nvidia/acfly_ws/install/mavlink/include/mavlink/v1.0/acfly/mavlink_msg_mission_count.h
[1.663s] -- Up-to-date: /home/nvidia/acfly_ws/install/mavlink/include/mavlink/v1.0/cubepilot
[1.663s] -- Up-to-date: /home/nvidia/acfly_ws/install/mavlink/include/mavlink/v1.0/cubepilot/testsuite.h
[1.663s] -- Up-to-date: /home/nvidia/acfly_ws/install/mavlink/include/mavlink/v1.0/cubepilot/mavlink.h
[1.663s] -- Up-to-date: /home/nvidia/acfly_ws/install/mavlink/include/mavlink/v1.0/cubepilot/version.h
[1.664s] -- Up-to-date: /home/nvidia/acfly_ws/install/mavlink/include/mavlink/v1.0/cubepilot/cubepilot.h
[1.664s] -- Up-to-date: /home/nvidia/acfly_ws/install/mavlink/include/mavlink/v1.0/checksum.h
[1.664s] -- Up-to-date: /home/nvidia/acfly_ws/install/mavlink/include/mavlink/v1.0/icarous
[1.664s] -- Up-to-date: /home/nvidia/acfly_ws/install/mavlink/include/mavlink/v1.0/icarous/testsuite.h
[1.664s] -- Up-to-date: /home/nvidia/acfly_ws/install/mavlink/include/mavlink/v1.0/icarous/mavlink.h
[1.664s] -- Up-to-date: /home/nvidia/acfly_ws/install/mavlink/include/mavlink/v1.0/icarous/icarous.h
[1.664s] -- Up-to-date: /home/nvidia/acfly_ws/install/mavlink/include/mavlink/v1.0/icarous/version.h
[1.664s] -- Up-to-date: /home/nvidia/acfly_ws/install/mavlink/include/mavlink/v1.0/standard
[1.664s] -- Up-to-date: /home/nvidia/acfly_ws/install/mavlink/include/mavlink/v1.0/standard/testsuite.h
[1.664s] -- Up-to-date: /home/nvidia/acfly_ws/install/mavlink/include/mavlink/v1.0/standard/mavlink.h
[1.664s] -- Up-to-date: /home/nvidia/acfly_ws/install/mavlink/include/mavlink/v1.0/standard/version.h
[1.665s] -- Up-to-date: /home/nvidia/acfly_ws/install/mavlink/include/mavlink/v1.0/standard/standard.h
[1.665s] -- Up-to-date: /home/nvidia/acfly_ws/install/mavlink/include/mavlink/v1.0/standard/mavlink_msg_autopilot_version.h
[1.665s] -- Up-to-date: /home/nvidia/acfly_ws/install/mavlink/include/mavlink/v1.0/csAirLink
[1.665s] -- Up-to-date: /home/nvidia/acfly_ws/install/mavlink/include/mavlink/v1.0/csAirLink/csAirLink.h
[1.665s] -- Up-to-date: /home/nvidia/acfly_ws/install/mavlink/include/mavlink/v1.0/csAirLink/testsuite.h
[1.665s] -- Up-to-date: /home/nvidia/acfly_ws/install/mavlink/include/mavlink/v1.0/csAirLink/mavlink.h
[1.665s] -- Up-to-date: /home/nvidia/acfly_ws/install/mavlink/include/mavlink/v1.0/csAirLink/version.h
[1.665s] -- Up-to-date: /home/nvidia/acfly_ws/install/mavlink/include/mavlink/v1.0/commonACFly
[1.665s] -- Up-to-date: /home/nvidia/acfly_ws/install/mavlink/include/mavlink/v1.0/commonACFly/testsuite.h
[1.665s] -- Up-to-date: /home/nvidia/acfly_ws/install/mavlink/include/mavlink/v1.0/commonACFly/commonACFly.h
[1.666s] -- Up-to-date: /home/nvidia/acfly_ws/install/mavlink/include/mavlink/v1.0/commonACFly/mavlink.h
[1.666s] -- Up-to-date: /home/nvidia/acfly_ws/install/mavlink/include/mavlink/v1.0/commonACFly/version.h
[1.666s] -- Up-to-date: /home/nvidia/acfly_ws/install/mavlink/include/mavlink/v1.0/commonACFly/mavlink_msg_heartbeat.h
[1.666s] -- Up-to-date: /home/nvidia/acfly_ws/install/mavlink/include/mavlink/v1.0/protocol.h
[1.666s] -- Up-to-date: /home/nvidia/acfly_ws/install/mavlink/share/mavlink/cmake/mavlink-config.cmake
[1.667s] -- Up-to-date: /home/nvidia/acfly_ws/install/mavlink/lib/pkgconfig/mavlink.pc
[1.667s] -- Up-to-date: /home/nvidia/acfly_ws/install/mavlink/share/mavlink/COPYING.txt
[1.667s] -- Up-to-date: /home/nvidia/acfly_ws/install/mavlink/share/mavlink/package.xml
[1.668s] Invoked command in '/home/nvidia/acfly_ws/build/mavlink' returned '0': CMAKE_PREFIX_PATH=${CMAKE_PREFIX_PATH}:/home/nvidia/ws_orbbec/install/gemini_vision:/opt/ros/humble /usr/bin/cmake --install /home/nvidia/acfly_ws/build/mavlink
