[0.061s] Invoking command in '/home/nvidia/acfly_ws/build/mavros_msgs': CMAKE_PREFIX_PATH=${CMAKE_PREFIX_PATH}:/home/nvidia/ws_orbbec/install/gemini_vision:/opt/ros/humble /usr/bin/cmake --build /home/nvidia/acfly_ws/build/mavros_msgs -- -j8 -l8
[0.396s] [  1%] Built target mavros_msgs__rs
[0.406s] [  1%] Built target ament_cmake_python_symlink_mavros_msgs
[0.436s] [  1%] Built target mavros_msgs__cpp
[0.508s] [ 13%] Built target mavros_msgs__rosidl_generator_c
[0.615s] [ 37%] Built target mavros_msgs__rosidl_typesupport_introspection_cpp
[0.615s] [ 37%] Built target mavros_msgs__rosidl_typesupport_cpp
[0.632s] [ 49%] Built target mavros_msgs__rosidl_typesupport_fastrtps_cpp
[0.647s] [ 62%] Built target mavros_msgs__rosidl_typesupport_introspection_c
[0.659s] [ 75%] Built target mavros_msgs__rosidl_typesupport_c
[0.684s] [ 88%] Built target mavros_msgs__rosidl_typesupport_fastrtps_c
[0.845s] [ 88%] Built target mavros_msgs
[0.967s] [ 88%] Built target mavros_msgs__py
[0.989s] running egg_info
[0.989s] writing mavros_msgs.egg-info/PKG-INFO
[0.990s] writing dependency_links to mavros_msgs.egg-info/dependency_links.txt
[0.990s] writing top-level names to mavros_msgs.egg-info/top_level.txt
[0.990s] reading manifest file 'mavros_msgs.egg-info/SOURCES.txt'
[0.990s] [100%] Built target mavros_msgs__rosidl_generator_py
[0.990s] writing manifest file 'mavros_msgs.egg-info/SOURCES.txt'
[0.990s] [100%] Built target mavros_msgs__rosidl_typesupport_fastrtps_c__pyext
[0.990s] [100%] Built target mavros_msgs__rosidl_typesupport_c__pyext
[0.998s] [100%] Built target mavros_msgs__rosidl_typesupport_introspection_c__pyext
[1.005s] [100%] Built target ament_cmake_python_build_mavros_msgs_egg
[1.030s] Invoked command in '/home/nvidia/acfly_ws/build/mavros_msgs' returned '0': CMAKE_PREFIX_PATH=${CMAKE_PREFIX_PATH}:/home/nvidia/ws_orbbec/install/gemini_vision:/opt/ros/humble /usr/bin/cmake --build /home/nvidia/acfly_ws/build/mavros_msgs -- -j8 -l8
[1.034s] Invoking command in '/home/nvidia/acfly_ws/build/mavros_msgs': CMAKE_PREFIX_PATH=${CMAKE_PREFIX_PATH}:/home/nvidia/ws_orbbec/install/gemini_vision:/opt/ros/humble /usr/bin/cmake --install /home/nvidia/acfly_ws/build/mavros_msgs
[1.050s] -- Install configuration: ""
[1.054s] -- Execute custom install script
[1.054s] -- Up-to-date symlink: /home/nvidia/acfly_ws/install/mavros_msgs/share/ament_index/resource_index/rosidl_interfaces/mavros_msgs
[1.063s] -- Up-to-date symlink: /home/nvidia/acfly_ws/install/mavros_msgs/include/mavros_msgs/mavros_msgs/msg/actuator_control.h
[1.064s] -- Up-to-date symlink: /home/nvidia/acfly_ws/install/mavros_msgs/include/mavros_msgs/mavros_msgs/msg/adsb_vehicle.h
[1.064s] -- Up-to-date symlink: /home/nvidia/acfly_ws/install/mavros_msgs/include/mavros_msgs/mavros_msgs/msg/altitude.h
[1.064s] -- Up-to-date symlink: /home/nvidia/acfly_ws/install/mavros_msgs/include/mavros_msgs/mavros_msgs/msg/attitude_target.h
[1.064s] -- Up-to-date symlink: /home/nvidia/acfly_ws/install/mavros_msgs/include/mavros_msgs/mavros_msgs/msg/cam_imu_stamp.h
[1.064s] -- Up-to-date symlink: /home/nvidia/acfly_ws/install/mavros_msgs/include/mavros_msgs/mavros_msgs/msg/camera_image_captured.h
[1.065s] -- Up-to-date symlink: /home/nvidia/acfly_ws/install/mavros_msgs/include/mavros_msgs/mavros_msgs/msg/cellular_status.h
[1.065s] -- Up-to-date symlink: /home/nvidia/acfly_ws/install/mavros_msgs/include/mavros_msgs/mavros_msgs/msg/command_code.h
[1.065s] -- Up-to-date symlink: /home/nvidia/acfly_ws/install/mavros_msgs/include/mavros_msgs/mavros_msgs/msg/companion_process_status.h
[1.065s] -- Up-to-date symlink: /home/nvidia/acfly_ws/install/mavros_msgs/include/mavros_msgs/mavros_msgs/msg/debug_value.h
[1.065s] -- Up-to-date symlink: /home/nvidia/acfly_ws/install/mavros_msgs/include/mavros_msgs/mavros_msgs/msg/detail/actuator_control__functions.h
[1.065s] -- Up-to-date symlink: /home/nvidia/acfly_ws/install/mavros_msgs/include/mavros_msgs/mavros_msgs/msg/detail/actuator_control__struct.h
[1.066s] -- Up-to-date symlink: /home/nvidia/acfly_ws/install/mavros_msgs/include/mavros_msgs/mavros_msgs/msg/detail/actuator_control__type_support.h
[1.066s] -- Up-to-date symlink: /home/nvidia/acfly_ws/install/mavros_msgs/include/mavros_msgs/mavros_msgs/msg/detail/adsb_vehicle__functions.h
[1.066s] -- Up-to-date symlink: /home/nvidia/acfly_ws/install/mavros_msgs/include/mavros_msgs/mavros_msgs/msg/detail/adsb_vehicle__struct.h
[1.066s] -- Up-to-date symlink: /home/nvidia/acfly_ws/install/mavros_msgs/include/mavros_msgs/mavros_msgs/msg/detail/adsb_vehicle__type_support.h
[1.067s] -- Up-to-date symlink: /home/nvidia/acfly_ws/install/mavros_msgs/include/mavros_msgs/mavros_msgs/msg/detail/altitude__functions.h
[1.067s] -- Up-to-date symlink: /home/nvidia/acfly_ws/install/mavros_msgs/include/mavros_msgs/mavros_msgs/msg/detail/altitude__struct.h
[1.067s] -- Up-to-date symlink: /home/nvidia/acfly_ws/install/mavros_msgs/include/mavros_msgs/mavros_msgs/msg/detail/altitude__type_support.h
[1.067s] -- Up-to-date symlink: /home/nvidia/acfly_ws/install/mavros_msgs/include/mavros_msgs/mavros_msgs/msg/detail/attitude_target__functions.h
[1.068s] -- Up-to-date symlink: /home/nvidia/acfly_ws/install/mavros_msgs/include/mavros_msgs/mavros_msgs/msg/detail/attitude_target__struct.h
[1.068s] -- Up-to-date symlink: /home/nvidia/acfly_ws/install/mavros_msgs/include/mavros_msgs/mavros_msgs/msg/detail/attitude_target__type_support.h
[1.068s] -- Up-to-date symlink: /home/nvidia/acfly_ws/install/mavros_msgs/include/mavros_msgs/mavros_msgs/msg/detail/cam_imu_stamp__functions.h
[1.068s] -- Up-to-date symlink: /home/nvidia/acfly_ws/install/mavros_msgs/include/mavros_msgs/mavros_msgs/msg/detail/cam_imu_stamp__struct.h
[1.068s] -- Up-to-date symlink: /home/nvidia/acfly_ws/install/mavros_msgs/include/mavros_msgs/mavros_msgs/msg/detail/cam_imu_stamp__type_support.h
[1.069s] -- Up-to-date symlink: /home/nvidia/acfly_ws/install/mavros_msgs/include/mavros_msgs/mavros_msgs/msg/detail/camera_image_captured__functions.h
[1.069s] -- Up-to-date symlink: /home/nvidia/acfly_ws/install/mavros_msgs/include/mavros_msgs/mavros_msgs/msg/detail/camera_image_captured__struct.h
[1.069s] -- Up-to-date symlink: /home/nvidia/acfly_ws/install/mavros_msgs/include/mavros_msgs/mavros_msgs/msg/detail/camera_image_captured__type_support.h
[1.069s] -- Up-to-date symlink: /home/nvidia/acfly_ws/install/mavros_msgs/include/mavros_msgs/mavros_msgs/msg/detail/cellular_status__functions.h
[1.069s] -- Up-to-date symlink: /home/nvidia/acfly_ws/install/mavros_msgs/include/mavros_msgs/mavros_msgs/msg/detail/cellular_status__struct.h
[1.069s] -- Up-to-date symlink: /home/nvidia/acfly_ws/install/mavros_msgs/include/mavros_msgs/mavros_msgs/msg/detail/cellular_status__type_support.h
[1.069s] -- Up-to-date symlink: /home/nvidia/acfly_ws/install/mavros_msgs/include/mavros_msgs/mavros_msgs/msg/detail/command_code__functions.h
[1.070s] -- Up-to-date symlink: /home/nvidia/acfly_ws/install/mavros_msgs/include/mavros_msgs/mavros_msgs/msg/detail/command_code__struct.h
[1.070s] -- Up-to-date symlink: /home/nvidia/acfly_ws/install/mavros_msgs/include/mavros_msgs/mavros_msgs/msg/detail/command_code__type_support.h
[1.070s] -- Up-to-date symlink: /home/nvidia/acfly_ws/install/mavros_msgs/include/mavros_msgs/mavros_msgs/msg/detail/companion_process_status__functions.h
[1.070s] -- Up-to-date symlink: /home/nvidia/acfly_ws/install/mavros_msgs/include/mavros_msgs/mavros_msgs/msg/detail/companion_process_status__struct.h
[1.071s] -- Up-to-date symlink: /home/nvidia/acfly_ws/install/mavros_msgs/include/mavros_msgs/mavros_msgs/msg/detail/companion_process_status__type_support.h
[1.071s] -- Up-to-date symlink: /home/nvidia/acfly_ws/install/mavros_msgs/include/mavros_msgs/mavros_msgs/msg/detail/debug_value__functions.h
[1.071s] -- Up-to-date symlink: /home/nvidia/acfly_ws/install/mavros_msgs/include/mavros_msgs/mavros_msgs/msg/detail/debug_value__struct.h
[1.071s] -- Up-to-date symlink: /home/nvidia/acfly_ws/install/mavros_msgs/include/mavros_msgs/mavros_msgs/msg/detail/debug_value__type_support.h
[1.071s] -- Up-to-date symlink: /home/nvidia/acfly_ws/install/mavros_msgs/include/mavros_msgs/mavros_msgs/msg/detail/esc_info__functions.h
[1.072s] -- Up-to-date symlink: /home/nvidia/acfly_ws/install/mavros_msgs/include/mavros_msgs/mavros_msgs/msg/detail/esc_info__struct.h
[1.072s] -- Up-to-date symlink: /home/nvidia/acfly_ws/install/mavros_msgs/include/mavros_msgs/mavros_msgs/msg/detail/esc_info__type_support.h
[1.072s] -- Up-to-date symlink: /home/nvidia/acfly_ws/install/mavros_msgs/include/mavros_msgs/mavros_msgs/msg/detail/esc_info_item__functions.h
[1.073s] -- Up-to-date symlink: /home/nvidia/acfly_ws/install/mavros_msgs/include/mavros_msgs/mavros_msgs/msg/detail/esc_info_item__struct.h
[1.073s] -- Up-to-date symlink: /home/nvidia/acfly_ws/install/mavros_msgs/include/mavros_msgs/mavros_msgs/msg/detail/esc_info_item__type_support.h
[1.073s] -- Up-to-date symlink: /home/nvidia/acfly_ws/install/mavros_msgs/include/mavros_msgs/mavros_msgs/msg/detail/esc_status__functions.h
[1.073s] -- Up-to-date symlink: /home/nvidia/acfly_ws/install/mavros_msgs/include/mavros_msgs/mavros_msgs/msg/detail/esc_status__struct.h
[1.073s] -- Up-to-date symlink: /home/nvidia/acfly_ws/install/mavros_msgs/include/mavros_msgs/mavros_msgs/msg/detail/esc_status__type_support.h
[1.073s] -- Up-to-date symlink: /home/nvidia/acfly_ws/install/mavros_msgs/include/mavros_msgs/mavros_msgs/msg/detail/esc_status_item__functions.h
[1.074s] -- Up-to-date symlink: /home/nvidia/acfly_ws/install/mavros_msgs/include/mavros_msgs/mavros_msgs/msg/detail/esc_status_item__struct.h
[1.074s] -- Up-to-date symlink: /home/nvidia/acfly_ws/install/mavros_msgs/include/mavros_msgs/mavros_msgs/msg/detail/esc_status_item__type_support.h
[1.074s] -- Up-to-date symlink: /home/nvidia/acfly_ws/install/mavros_msgs/include/mavros_msgs/mavros_msgs/msg/detail/esc_telemetry__functions.h
[1.074s] -- Up-to-date symlink: /home/nvidia/acfly_ws/install/mavros_msgs/include/mavros_msgs/mavros_msgs/msg/detail/esc_telemetry__struct.h
[1.075s] -- Up-to-date symlink: /home/nvidia/acfly_ws/install/mavros_msgs/include/mavros_msgs/mavros_msgs/msg/detail/esc_telemetry__type_support.h
[1.075s] -- Up-to-date symlink: /home/nvidia/acfly_ws/install/mavros_msgs/include/mavros_msgs/mavros_msgs/msg/detail/esc_telemetry_item__functions.h
[1.075s] -- Up-to-date symlink: /home/nvidia/acfly_ws/install/mavros_msgs/include/mavros_msgs/mavros_msgs/msg/detail/esc_telemetry_item__struct.h
[1.075s] -- Up-to-date symlink: /home/nvidia/acfly_ws/install/mavros_msgs/include/mavros_msgs/mavros_msgs/msg/detail/esc_telemetry_item__type_support.h
[1.075s] -- Up-to-date symlink: /home/nvidia/acfly_ws/install/mavros_msgs/include/mavros_msgs/mavros_msgs/msg/detail/estimator_status__functions.h
[1.075s] -- Up-to-date symlink: /home/nvidia/acfly_ws/install/mavros_msgs/include/mavros_msgs/mavros_msgs/msg/detail/estimator_status__struct.h
[1.076s] -- Up-to-date symlink: /home/nvidia/acfly_ws/install/mavros_msgs/include/mavros_msgs/mavros_msgs/msg/detail/estimator_status__type_support.h
[1.076s] -- Up-to-date symlink: /home/nvidia/acfly_ws/install/mavros_msgs/include/mavros_msgs/mavros_msgs/msg/detail/extended_state__functions.h
[1.076s] -- Up-to-date symlink: /home/nvidia/acfly_ws/install/mavros_msgs/include/mavros_msgs/mavros_msgs/msg/detail/extended_state__struct.h
[1.077s] -- Up-to-date symlink: /home/nvidia/acfly_ws/install/mavros_msgs/include/mavros_msgs/mavros_msgs/msg/detail/extended_state__type_support.h
[1.077s] -- Up-to-date symlink: /home/nvidia/acfly_ws/install/mavros_msgs/include/mavros_msgs/mavros_msgs/msg/detail/file_entry__functions.h
[1.077s] -- Up-to-date symlink: /home/nvidia/acfly_ws/install/mavros_msgs/include/mavros_msgs/mavros_msgs/msg/detail/file_entry__struct.h
[1.077s] -- Up-to-date symlink: /home/nvidia/acfly_ws/install/mavros_msgs/include/mavros_msgs/mavros_msgs/msg/detail/file_entry__type_support.h
[1.077s] -- Up-to-date symlink: /home/nvidia/acfly_ws/install/mavros_msgs/include/mavros_msgs/mavros_msgs/msg/detail/gimbal_device_attitude_status__functions.h
[1.077s] -- Up-to-date symlink: /home/nvidia/acfly_ws/install/mavros_msgs/include/mavros_msgs/mavros_msgs/msg/detail/gimbal_device_attitude_status__struct.h
[1.077s] -- Up-to-date symlink: /home/nvidia/acfly_ws/install/mavros_msgs/include/mavros_msgs/mavros_msgs/msg/detail/gimbal_device_attitude_status__type_support.h
[1.078s] -- Up-to-date symlink: /home/nvidia/acfly_ws/install/mavros_msgs/include/mavros_msgs/mavros_msgs/msg/detail/gimbal_device_information__functions.h
[1.078s] -- Up-to-date symlink: /home/nvidia/acfly_ws/install/mavros_msgs/include/mavros_msgs/mavros_msgs/msg/detail/gimbal_device_information__struct.h
[1.078s] -- Up-to-date symlink: /home/nvidia/acfly_ws/install/mavros_msgs/include/mavros_msgs/mavros_msgs/msg/detail/gimbal_device_information__type_support.h
[1.078s] -- Up-to-date symlink: /home/nvidia/acfly_ws/install/mavros_msgs/include/mavros_msgs/mavros_msgs/msg/detail/gimbal_device_set_attitude__functions.h
[1.079s] -- Up-to-date symlink: /home/nvidia/acfly_ws/install/mavros_msgs/include/mavros_msgs/mavros_msgs/msg/detail/gimbal_device_set_attitude__struct.h
[1.079s] -- Up-to-date symlink: /home/nvidia/acfly_ws/install/mavros_msgs/include/mavros_msgs/mavros_msgs/msg/detail/gimbal_device_set_attitude__type_support.h
[1.079s] -- Up-to-date symlink: /home/nvidia/acfly_ws/install/mavros_msgs/include/mavros_msgs/mavros_msgs/msg/detail/gimbal_manager_information__functions.h
[1.079s] -- Up-to-date symlink: /home/nvidia/acfly_ws/install/mavros_msgs/include/mavros_msgs/mavros_msgs/msg/detail/gimbal_manager_information__struct.h
[1.079s] -- Up-to-date symlink: /home/nvidia/acfly_ws/install/mavros_msgs/include/mavros_msgs/mavros_msgs/msg/detail/gimbal_manager_information__type_support.h
[1.080s] -- Up-to-date symlink: /home/nvidia/acfly_ws/install/mavros_msgs/include/mavros_msgs/mavros_msgs/msg/detail/gimbal_manager_set_attitude__functions.h
[1.080s] -- Up-to-date symlink: /home/nvidia/acfly_ws/install/mavros_msgs/include/mavros_msgs/mavros_msgs/msg/detail/gimbal_manager_set_attitude__struct.h
[1.080s] -- Up-to-date symlink: /home/nvidia/acfly_ws/install/mavros_msgs/include/mavros_msgs/mavros_msgs/msg/detail/gimbal_manager_set_attitude__type_support.h
[1.080s] -- Up-to-date symlink: /home/nvidia/acfly_ws/install/mavros_msgs/include/mavros_msgs/mavros_msgs/msg/detail/gimbal_manager_set_pitchyaw__functions.h
[1.080s] -- Up-to-date symlink: /home/nvidia/acfly_ws/install/mavros_msgs/include/mavros_msgs/mavros_msgs/msg/detail/gimbal_manager_set_pitchyaw__struct.h
[1.081s] -- Up-to-date symlink: /home/nvidia/acfly_ws/install/mavros_msgs/include/mavros_msgs/mavros_msgs/msg/detail/gimbal_manager_set_pitchyaw__type_support.h
[1.081s] -- Up-to-date symlink: /home/nvidia/acfly_ws/install/mavros_msgs/include/mavros_msgs/mavros_msgs/msg/detail/gimbal_manager_status__functions.h
[1.081s] -- Up-to-date symlink: /home/nvidia/acfly_ws/install/mavros_msgs/include/mavros_msgs/mavros_msgs/msg/detail/gimbal_manager_status__struct.h
[1.081s] -- Up-to-date symlink: /home/nvidia/acfly_ws/install/mavros_msgs/include/mavros_msgs/mavros_msgs/msg/detail/gimbal_manager_status__type_support.h
[1.081s] -- Up-to-date symlink: /home/nvidia/acfly_ws/install/mavros_msgs/include/mavros_msgs/mavros_msgs/msg/detail/global_position_target__functions.h
[1.081s] -- Up-to-date symlink: /home/nvidia/acfly_ws/install/mavros_msgs/include/mavros_msgs/mavros_msgs/msg/detail/global_position_target__struct.h
[1.082s] -- Up-to-date symlink: /home/nvidia/acfly_ws/install/mavros_msgs/include/mavros_msgs/mavros_msgs/msg/detail/global_position_target__type_support.h
[1.082s] -- Up-to-date symlink: /home/nvidia/acfly_ws/install/mavros_msgs/include/mavros_msgs/mavros_msgs/msg/detail/gpsinput__functions.h
[1.082s] -- Up-to-date symlink: /home/nvidia/acfly_ws/install/mavros_msgs/include/mavros_msgs/mavros_msgs/msg/detail/gpsinput__struct.h
[1.082s] -- Up-to-date symlink: /home/nvidia/acfly_ws/install/mavros_msgs/include/mavros_msgs/mavros_msgs/msg/detail/gpsinput__type_support.h
[1.082s] -- Up-to-date symlink: /home/nvidia/acfly_ws/install/mavros_msgs/include/mavros_msgs/mavros_msgs/msg/detail/gpsraw__functions.h
[1.083s] -- Up-to-date symlink: /home/nvidia/acfly_ws/install/mavros_msgs/include/mavros_msgs/mavros_msgs/msg/detail/gpsraw__struct.h
[1.083s] -- Up-to-date symlink: /home/nvidia/acfly_ws/install/mavros_msgs/include/mavros_msgs/mavros_msgs/msg/detail/gpsraw__type_support.h
[1.083s] -- Up-to-date symlink: /home/nvidia/acfly_ws/install/mavros_msgs/include/mavros_msgs/mavros_msgs/msg/detail/gpsrtk__functions.h
[1.083s] -- Up-to-date symlink: /home/nvidia/acfly_ws/install/mavros_msgs/include/mavros_msgs/mavros_msgs/msg/detail/gpsrtk__struct.h
[1.083s] -- Up-to-date symlink: /home/nvidia/acfly_ws/install/mavros_msgs/include/mavros_msgs/mavros_msgs/msg/detail/gpsrtk__type_support.h
[1.084s] -- Up-to-date symlink: /home/nvidia/acfly_ws/install/mavros_msgs/include/mavros_msgs/mavros_msgs/msg/detail/hil_actuator_controls__functions.h
[1.084s] -- Up-to-date symlink: /home/nvidia/acfly_ws/install/mavros_msgs/include/mavros_msgs/mavros_msgs/msg/detail/hil_actuator_controls__struct.h
[1.084s] -- Up-to-date symlink: /home/nvidia/acfly_ws/install/mavros_msgs/include/mavros_msgs/mavros_msgs/msg/detail/hil_actuator_controls__type_support.h
[1.084s] -- Up-to-date symlink: /home/nvidia/acfly_ws/install/mavros_msgs/include/mavros_msgs/mavros_msgs/msg/detail/hil_controls__functions.h
[1.084s] -- Up-to-date symlink: /home/nvidia/acfly_ws/install/mavros_msgs/include/mavros_msgs/mavros_msgs/msg/detail/hil_controls__struct.h
[1.085s] -- Up-to-date symlink: /home/nvidia/acfly_ws/install/mavros_msgs/include/mavros_msgs/mavros_msgs/msg/detail/hil_controls__type_support.h
[1.085s] -- Up-to-date symlink: /home/nvidia/acfly_ws/install/mavros_msgs/include/mavros_msgs/mavros_msgs/msg/detail/hil_gps__functions.h
[1.085s] -- Up-to-date symlink: /home/nvidia/acfly_ws/install/mavros_msgs/include/mavros_msgs/mavros_msgs/msg/detail/hil_gps__struct.h
[1.085s] -- Up-to-date symlink: /home/nvidia/acfly_ws/install/mavros_msgs/include/mavros_msgs/mavros_msgs/msg/detail/hil_gps__type_support.h
[1.085s] -- Up-to-date symlink: /home/nvidia/acfly_ws/install/mavros_msgs/include/mavros_msgs/mavros_msgs/msg/detail/hil_sensor__functions.h
[1.086s] -- Up-to-date symlink: /home/nvidia/acfly_ws/install/mavros_msgs/include/mavros_msgs/mavros_msgs/msg/detail/hil_sensor__struct.h
[1.086s] -- Up-to-date symlink: /home/nvidia/acfly_ws/install/mavros_msgs/include/mavros_msgs/mavros_msgs/msg/detail/hil_sensor__type_support.h
[1.086s] -- Up-to-date symlink: /home/nvidia/acfly_ws/install/mavros_msgs/include/mavros_msgs/mavros_msgs/msg/detail/hil_state_quaternion__functions.h
[1.086s] -- Up-to-date symlink: /home/nvidia/acfly_ws/install/mavros_msgs/include/mavros_msgs/mavros_msgs/msg/detail/hil_state_quaternion__struct.h
[1.086s] -- Up-to-date symlink: /home/nvidia/acfly_ws/install/mavros_msgs/include/mavros_msgs/mavros_msgs/msg/detail/hil_state_quaternion__type_support.h
[1.086s] -- Up-to-date symlink: /home/nvidia/acfly_ws/install/mavros_msgs/include/mavros_msgs/mavros_msgs/msg/detail/home_position__functions.h
[1.087s] -- Up-to-date symlink: /home/nvidia/acfly_ws/install/mavros_msgs/include/mavros_msgs/mavros_msgs/msg/detail/home_position__struct.h
[1.087s] -- Up-to-date symlink: /home/nvidia/acfly_ws/install/mavros_msgs/include/mavros_msgs/mavros_msgs/msg/detail/home_position__type_support.h
[1.087s] -- Up-to-date symlink: /home/nvidia/acfly_ws/install/mavros_msgs/include/mavros_msgs/mavros_msgs/msg/detail/landing_target__functions.h
[1.087s] -- Up-to-date symlink: /home/nvidia/acfly_ws/install/mavros_msgs/include/mavros_msgs/mavros_msgs/msg/detail/landing_target__struct.h
[1.087s] -- Up-to-date symlink: /home/nvidia/acfly_ws/install/mavros_msgs/include/mavros_msgs/mavros_msgs/msg/detail/landing_target__type_support.h
[1.088s] -- Up-to-date symlink: /home/nvidia/acfly_ws/install/mavros_msgs/include/mavros_msgs/mavros_msgs/msg/detail/log_data__functions.h
[1.088s] -- Up-to-date symlink: /home/nvidia/acfly_ws/install/mavros_msgs/include/mavros_msgs/mavros_msgs/msg/detail/log_data__struct.h
[1.088s] -- Up-to-date symlink: /home/nvidia/acfly_ws/install/mavros_msgs/include/mavros_msgs/mavros_msgs/msg/detail/log_data__type_support.h
[1.088s] -- Up-to-date symlink: /home/nvidia/acfly_ws/install/mavros_msgs/include/mavros_msgs/mavros_msgs/msg/detail/log_entry__functions.h
[1.088s] -- Up-to-date symlink: /home/nvidia/acfly_ws/install/mavros_msgs/include/mavros_msgs/mavros_msgs/msg/detail/log_entry__struct.h
[1.089s] -- Up-to-date symlink: /home/nvidia/acfly_ws/install/mavros_msgs/include/mavros_msgs/mavros_msgs/msg/detail/log_entry__type_support.h
[1.089s] -- Up-to-date symlink: /home/nvidia/acfly_ws/install/mavros_msgs/include/mavros_msgs/mavros_msgs/msg/detail/magnetometer_reporter__functions.h
[1.089s] -- Up-to-date symlink: /home/nvidia/acfly_ws/install/mavros_msgs/include/mavros_msgs/mavros_msgs/msg/detail/magnetometer_reporter__struct.h
[1.089s] -- Up-to-date symlink: /home/nvidia/acfly_ws/install/mavros_msgs/include/mavros_msgs/mavros_msgs/msg/detail/magnetometer_reporter__type_support.h
[1.089s] -- Up-to-date symlink: /home/nvidia/acfly_ws/install/mavros_msgs/include/mavros_msgs/mavros_msgs/msg/detail/manual_control__functions.h
[1.090s] -- Up-to-date symlink: /home/nvidia/acfly_ws/install/mavros_msgs/include/mavros_msgs/mavros_msgs/msg/detail/manual_control__struct.h
[1.090s] -- Up-to-date symlink: /home/nvidia/acfly_ws/install/mavros_msgs/include/mavros_msgs/mavros_msgs/msg/detail/manual_control__type_support.h
[1.090s] -- Up-to-date symlink: /home/nvidia/acfly_ws/install/mavros_msgs/include/mavros_msgs/mavros_msgs/msg/detail/mavlink__functions.h
[1.090s] -- Up-to-date symlink: /home/nvidia/acfly_ws/install/mavros_msgs/include/mavros_msgs/mavros_msgs/msg/detail/mavlink__struct.h
[1.091s] -- Up-to-date symlink: /home/nvidia/acfly_ws/install/mavros_msgs/include/mavros_msgs/mavros_msgs/msg/detail/mavlink__type_support.h
[1.091s] -- Up-to-date symlink: /home/nvidia/acfly_ws/install/mavros_msgs/include/mavros_msgs/mavros_msgs/msg/detail/mount_control__functions.h
[1.091s] -- Up-to-date symlink: /home/nvidia/acfly_ws/install/mavros_msgs/include/mavros_msgs/mavros_msgs/msg/detail/mount_control__struct.h
[1.091s] -- Up-to-date symlink: /home/nvidia/acfly_ws/install/mavros_msgs/include/mavros_msgs/mavros_msgs/msg/detail/mount_control__type_support.h
[1.091s] -- Up-to-date symlink: /home/nvidia/acfly_ws/install/mavros_msgs/include/mavros_msgs/mavros_msgs/msg/detail/nav_controller_output__functions.h
[1.092s] -- Up-to-date symlink: /home/nvidia/acfly_ws/install/mavros_msgs/include/mavros_msgs/mavros_msgs/msg/detail/nav_controller_output__struct.h
[1.092s] -- Up-to-date symlink: /home/nvidia/acfly_ws/install/mavros_msgs/include/mavros_msgs/mavros_msgs/msg/detail/nav_controller_output__type_support.h
[1.092s] -- Up-to-date symlink: /home/nvidia/acfly_ws/install/mavros_msgs/include/mavros_msgs/mavros_msgs/msg/detail/onboard_computer_status__functions.h
[1.092s] -- Up-to-date symlink: /home/nvidia/acfly_ws/install/mavros_msgs/include/mavros_msgs/mavros_msgs/msg/detail/onboard_computer_status__struct.h
[1.092s] -- Up-to-date symlink: /home/nvidia/acfly_ws/install/mavros_msgs/include/mavros_msgs/mavros_msgs/msg/detail/onboard_computer_status__type_support.h
[1.093s] -- Up-to-date symlink: /home/nvidia/acfly_ws/install/mavros_msgs/include/mavros_msgs/mavros_msgs/msg/detail/open_drone_id_basic_id__functions.h
[1.093s] -- Up-to-date symlink: /home/nvidia/acfly_ws/install/mavros_msgs/include/mavros_msgs/mavros_msgs/msg/detail/open_drone_id_basic_id__struct.h
[1.093s] -- Up-to-date symlink: /home/nvidia/acfly_ws/install/mavros_msgs/include/mavros_msgs/mavros_msgs/msg/detail/open_drone_id_basic_id__type_support.h
[1.093s] -- Up-to-date symlink: /home/nvidia/acfly_ws/install/mavros_msgs/include/mavros_msgs/mavros_msgs/msg/detail/open_drone_id_operator_id__functions.h
[1.093s] -- Up-to-date symlink: /home/nvidia/acfly_ws/install/mavros_msgs/include/mavros_msgs/mavros_msgs/msg/detail/open_drone_id_operator_id__struct.h
[1.093s] -- Up-to-date symlink: /home/nvidia/acfly_ws/install/mavros_msgs/include/mavros_msgs/mavros_msgs/msg/detail/open_drone_id_operator_id__type_support.h
[1.094s] -- Up-to-date symlink: /home/nvidia/acfly_ws/install/mavros_msgs/include/mavros_msgs/mavros_msgs/msg/detail/open_drone_id_self_id__functions.h
[1.094s] -- Up-to-date symlink: /home/nvidia/acfly_ws/install/mavros_msgs/include/mavros_msgs/mavros_msgs/msg/detail/open_drone_id_self_id__struct.h
[1.094s] -- Up-to-date symlink: /home/nvidia/acfly_ws/install/mavros_msgs/include/mavros_msgs/mavros_msgs/msg/detail/open_drone_id_self_id__type_support.h
[1.094s] -- Up-to-date symlink: /home/nvidia/acfly_ws/install/mavros_msgs/include/mavros_msgs/mavros_msgs/msg/detail/open_drone_id_system__functions.h
[1.094s] -- Up-to-date symlink: /home/nvidia/acfly_ws/install/mavros_msgs/include/mavros_msgs/mavros_msgs/msg/detail/open_drone_id_system__struct.h
[1.094s] -- Up-to-date symlink: /home/nvidia/acfly_ws/install/mavros_msgs/include/mavros_msgs/mavros_msgs/msg/detail/open_drone_id_system__type_support.h
[1.095s] -- Up-to-date symlink: /home/nvidia/acfly_ws/install/mavros_msgs/include/mavros_msgs/mavros_msgs/msg/detail/open_drone_id_system_update__functions.h
[1.095s] -- Up-to-date symlink: /home/nvidia/acfly_ws/install/mavros_msgs/include/mavros_msgs/mavros_msgs/msg/detail/open_drone_id_system_update__struct.h
[1.095s] -- Up-to-date symlink: /home/nvidia/acfly_ws/install/mavros_msgs/include/mavros_msgs/mavros_msgs/msg/detail/open_drone_id_system_update__type_support.h
[1.095s] -- Up-to-date symlink: /home/nvidia/acfly_ws/install/mavros_msgs/include/mavros_msgs/mavros_msgs/msg/detail/optical_flow__functions.h
[1.095s] -- Up-to-date symlink: /home/nvidia/acfly_ws/install/mavros_msgs/include/mavros_msgs/mavros_msgs/msg/detail/optical_flow__struct.h
[1.096s] -- Up-to-date symlink: /home/nvidia/acfly_ws/install/mavros_msgs/include/mavros_msgs/mavros_msgs/msg/detail/optical_flow__type_support.h
[1.096s] -- Up-to-date symlink: /home/nvidia/acfly_ws/install/mavros_msgs/include/mavros_msgs/mavros_msgs/msg/detail/optical_flow_rad__functions.h
[1.096s] -- Up-to-date symlink: /home/nvidia/acfly_ws/install/mavros_msgs/include/mavros_msgs/mavros_msgs/msg/detail/optical_flow_rad__struct.h
[1.096s] -- Up-to-date symlink: /home/nvidia/acfly_ws/install/mavros_msgs/include/mavros_msgs/mavros_msgs/msg/detail/optical_flow_rad__type_support.h
[1.096s] -- Up-to-date symlink: /home/nvidia/acfly_ws/install/mavros_msgs/include/mavros_msgs/mavros_msgs/msg/detail/override_rc_in__functions.h
[1.097s] -- Up-to-date symlink: /home/nvidia/acfly_ws/install/mavros_msgs/include/mavros_msgs/mavros_msgs/msg/detail/override_rc_in__struct.h
[1.097s] -- Up-to-date symlink: /home/nvidia/acfly_ws/install/mavros_msgs/include/mavros_msgs/mavros_msgs/msg/detail/override_rc_in__type_support.h
[1.097s] -- Up-to-date symlink: /home/nvidia/acfly_ws/install/mavros_msgs/include/mavros_msgs/mavros_msgs/msg/detail/param__functions.h
[1.097s] -- Up-to-date symlink: /home/nvidia/acfly_ws/install/mavros_msgs/include/mavros_msgs/mavros_msgs/msg/detail/param__struct.h
[1.097s] -- Up-to-date symlink: /home/nvidia/acfly_ws/install/mavros_msgs/include/mavros_msgs/mavros_msgs/msg/detail/param__type_support.h
[1.097s] -- Up-to-date symlink: /home/nvidia/acfly_ws/install/mavros_msgs/include/mavros_msgs/mavros_msgs/msg/detail/param_event__functions.h
[1.098s] -- Up-to-date symlink: /home/nvidia/acfly_ws/install/mavros_msgs/include/mavros_msgs/mavros_msgs/msg/detail/param_event__struct.h
[1.098s] -- Up-to-date symlink: /home/nvidia/acfly_ws/install/mavros_msgs/include/mavros_msgs/mavros_msgs/msg/detail/param_event__type_support.h
[1.098s] -- Up-to-date symlink: /home/nvidia/acfly_ws/install/mavros_msgs/include/mavros_msgs/mavros_msgs/msg/detail/param_value__functions.h
[1.098s] -- Up-to-date symlink: /home/nvidia/acfly_ws/install/mavros_msgs/include/mavros_msgs/mavros_msgs/msg/detail/param_value__struct.h
[1.098s] -- Up-to-date symlink: /home/nvidia/acfly_ws/install/mavros_msgs/include/mavros_msgs/mavros_msgs/msg/detail/param_value__type_support.h
[1.098s] -- Up-to-date symlink: /home/nvidia/acfly_ws/install/mavros_msgs/include/mavros_msgs/mavros_msgs/msg/detail/play_tune_v2__functions.h
[1.099s] -- Up-to-date symlink: /home/nvidia/acfly_ws/install/mavros_msgs/include/mavros_msgs/mavros_msgs/msg/detail/play_tune_v2__struct.h
[1.099s] -- Up-to-date symlink: /home/nvidia/acfly_ws/install/mavros_msgs/include/mavros_msgs/mavros_msgs/msg/detail/play_tune_v2__type_support.h
[1.099s] -- Up-to-date symlink: /home/nvidia/acfly_ws/install/mavros_msgs/include/mavros_msgs/mavros_msgs/msg/detail/position_target__functions.h
[1.099s] -- Up-to-date symlink: /home/nvidia/acfly_ws/install/mavros_msgs/include/mavros_msgs/mavros_msgs/msg/detail/position_target__struct.h
[1.099s] -- Up-to-date symlink: /home/nvidia/acfly_ws/install/mavros_msgs/include/mavros_msgs/mavros_msgs/msg/detail/position_target__type_support.h
[1.100s] -- Up-to-date symlink: /home/nvidia/acfly_ws/install/mavros_msgs/include/mavros_msgs/mavros_msgs/msg/detail/radio_status__functions.h
[1.100s] -- Up-to-date symlink: /home/nvidia/acfly_ws/install/mavros_msgs/include/mavros_msgs/mavros_msgs/msg/detail/radio_status__struct.h
[1.100s] -- Up-to-date symlink: /home/nvidia/acfly_ws/install/mavros_msgs/include/mavros_msgs/mavros_msgs/msg/detail/radio_status__type_support.h
[1.100s] -- Up-to-date symlink: /home/nvidia/acfly_ws/install/mavros_msgs/include/mavros_msgs/mavros_msgs/msg/detail/rc_in__functions.h
[1.100s] -- Up-to-date symlink: /home/nvidia/acfly_ws/install/mavros_msgs/include/mavros_msgs/mavros_msgs/msg/detail/rc_in__struct.h
[1.101s] -- Up-to-date symlink: /home/nvidia/acfly_ws/install/mavros_msgs/include/mavros_msgs/mavros_msgs/msg/detail/rc_in__type_support.h
[1.101s] -- Up-to-date symlink: /home/nvidia/acfly_ws/install/mavros_msgs/include/mavros_msgs/mavros_msgs/msg/detail/rc_out__functions.h
[1.101s] -- Up-to-date symlink: /home/nvidia/acfly_ws/install/mavros_msgs/include/mavros_msgs/mavros_msgs/msg/detail/rc_out__struct.h
[1.101s] -- Up-to-date symlink: /home/nvidia/acfly_ws/install/mavros_msgs/include/mavros_msgs/mavros_msgs/msg/detail/rc_out__type_support.h
[1.101s] -- Up-to-date symlink: /home/nvidia/acfly_ws/install/mavros_msgs/include/mavros_msgs/mavros_msgs/msg/detail/rtcm__functions.h
[1.102s] -- Up-to-date symlink: /home/nvidia/acfly_ws/install/mavros_msgs/include/mavros_msgs/mavros_msgs/msg/detail/rtcm__struct.h
[1.102s] -- Up-to-date symlink: /home/nvidia/acfly_ws/install/mavros_msgs/include/mavros_msgs/mavros_msgs/msg/detail/rtcm__type_support.h
[1.102s] -- Up-to-date symlink: /home/nvidia/acfly_ws/install/mavros_msgs/include/mavros_msgs/mavros_msgs/msg/detail/rtk_baseline__functions.h
[1.102s] -- Up-to-date symlink: /home/nvidia/acfly_ws/install/mavros_msgs/include/mavros_msgs/mavros_msgs/msg/detail/rtk_baseline__struct.h
[1.102s] -- Up-to-date symlink: /home/nvidia/acfly_ws/install/mavros_msgs/include/mavros_msgs/mavros_msgs/msg/detail/rtk_baseline__type_support.h
[1.102s] -- Up-to-date symlink: /home/nvidia/acfly_ws/install/mavros_msgs/include/mavros_msgs/mavros_msgs/msg/detail/state__functions.h
[1.103s] -- Up-to-date symlink: /home/nvidia/acfly_ws/install/mavros_msgs/include/mavros_msgs/mavros_msgs/msg/detail/state__struct.h
[1.103s] -- Up-to-date symlink: /home/nvidia/acfly_ws/install/mavros_msgs/include/mavros_msgs/mavros_msgs/msg/detail/state__type_support.h
[1.103s] -- Up-to-date symlink: /home/nvidia/acfly_ws/install/mavros_msgs/include/mavros_msgs/mavros_msgs/msg/detail/status_event__functions.h
[1.103s] -- Up-to-date symlink: /home/nvidia/acfly_ws/install/mavros_msgs/include/mavros_msgs/mavros_msgs/msg/detail/status_event__struct.h
[1.103s] -- Up-to-date symlink: /home/nvidia/acfly_ws/install/mavros_msgs/include/mavros_msgs/mavros_msgs/msg/detail/status_event__type_support.h
[1.104s] -- Up-to-date symlink: /home/nvidia/acfly_ws/install/mavros_msgs/include/mavros_msgs/mavros_msgs/msg/detail/status_text__functions.h
[1.104s] -- Up-to-date symlink: /home/nvidia/acfly_ws/install/mavros_msgs/include/mavros_msgs/mavros_msgs/msg/detail/status_text__struct.h
[1.104s] -- Up-to-date symlink: /home/nvidia/acfly_ws/install/mavros_msgs/include/mavros_msgs/mavros_msgs/msg/detail/status_text__type_support.h
[1.104s] -- Up-to-date symlink: /home/nvidia/acfly_ws/install/mavros_msgs/include/mavros_msgs/mavros_msgs/msg/detail/sys_status__functions.h
[1.105s] -- Up-to-date symlink: /home/nvidia/acfly_ws/install/mavros_msgs/include/mavros_msgs/mavros_msgs/msg/detail/sys_status__struct.h
[1.105s] -- Up-to-date symlink: /home/nvidia/acfly_ws/install/mavros_msgs/include/mavros_msgs/mavros_msgs/msg/detail/sys_status__type_support.h
[1.105s] -- Up-to-date symlink: /home/nvidia/acfly_ws/install/mavros_msgs/include/mavros_msgs/mavros_msgs/msg/detail/terrain_report__functions.h
[1.105s] -- Up-to-date symlink: /home/nvidia/acfly_ws/install/mavros_msgs/include/mavros_msgs/mavros_msgs/msg/detail/terrain_report__struct.h
[1.105s] -- Up-to-date symlink: /home/nvidia/acfly_ws/install/mavros_msgs/include/mavros_msgs/mavros_msgs/msg/detail/terrain_report__type_support.h
[1.105s] -- Up-to-date symlink: /home/nvidia/acfly_ws/install/mavros_msgs/include/mavros_msgs/mavros_msgs/msg/detail/thrust__functions.h
[1.106s] -- Up-to-date symlink: /home/nvidia/acfly_ws/install/mavros_msgs/include/mavros_msgs/mavros_msgs/msg/detail/thrust__struct.h
[1.106s] -- Up-to-date symlink: /home/nvidia/acfly_ws/install/mavros_msgs/include/mavros_msgs/mavros_msgs/msg/detail/thrust__type_support.h
[1.106s] -- Up-to-date symlink: /home/nvidia/acfly_ws/install/mavros_msgs/include/mavros_msgs/mavros_msgs/msg/detail/timesync_status__functions.h
[1.106s] -- Up-to-date symlink: /home/nvidia/acfly_ws/install/mavros_msgs/include/mavros_msgs/mavros_msgs/msg/detail/timesync_status__struct.h
[1.106s] -- Up-to-date symlink: /home/nvidia/acfly_ws/install/mavros_msgs/include/mavros_msgs/mavros_msgs/msg/detail/timesync_status__type_support.h
[1.107s] -- Up-to-date symlink: /home/nvidia/acfly_ws/install/mavros_msgs/include/mavros_msgs/mavros_msgs/msg/detail/trajectory__functions.h
[1.107s] -- Up-to-date symlink: /home/nvidia/acfly_ws/install/mavros_msgs/include/mavros_msgs/mavros_msgs/msg/detail/trajectory__struct.h
[1.107s] -- Up-to-date symlink: /home/nvidia/acfly_ws/install/mavros_msgs/include/mavros_msgs/mavros_msgs/msg/detail/trajectory__type_support.h
[1.107s] -- Up-to-date symlink: /home/nvidia/acfly_ws/install/mavros_msgs/include/mavros_msgs/mavros_msgs/msg/detail/tunnel__functions.h
[1.107s] -- Up-to-date symlink: /home/nvidia/acfly_ws/install/mavros_msgs/include/mavros_msgs/mavros_msgs/msg/detail/tunnel__struct.h
[1.108s] -- Up-to-date symlink: /home/nvidia/acfly_ws/install/mavros_msgs/include/mavros_msgs/mavros_msgs/msg/detail/tunnel__type_support.h
[1.108s] -- Up-to-date symlink: /home/nvidia/acfly_ws/install/mavros_msgs/include/mavros_msgs/mavros_msgs/msg/detail/vehicle_info__functions.h
[1.108s] -- Up-to-date symlink: /home/nvidia/acfly_ws/install/mavros_msgs/include/mavros_msgs/mavros_msgs/msg/detail/vehicle_info__struct.h
[1.108s] -- Up-to-date symlink: /home/nvidia/acfly_ws/install/mavros_msgs/include/mavros_msgs/mavros_msgs/msg/detail/vehicle_info__type_support.h
[1.108s] -- Up-to-date symlink: /home/nvidia/acfly_ws/install/mavros_msgs/include/mavros_msgs/mavros_msgs/msg/detail/vfr_hud__functions.h
[1.108s] -- Up-to-date symlink: /home/nvidia/acfly_ws/install/mavros_msgs/include/mavros_msgs/mavros_msgs/msg/detail/vfr_hud__struct.h
[1.109s] -- Up-to-date symlink: /home/nvidia/acfly_ws/install/mavros_msgs/include/mavros_msgs/mavros_msgs/msg/detail/vfr_hud__type_support.h
[1.109s] -- Up-to-date symlink: /home/nvidia/acfly_ws/install/mavros_msgs/include/mavros_msgs/mavros_msgs/msg/detail/vibration__functions.h
[1.109s] -- Up-to-date symlink: /home/nvidia/acfly_ws/install/mavros_msgs/include/mavros_msgs/mavros_msgs/msg/detail/vibration__struct.h
[1.110s] -- Up-to-date symlink: /home/nvidia/acfly_ws/install/mavros_msgs/include/mavros_msgs/mavros_msgs/msg/detail/vibration__type_support.h
[1.111s] -- Up-to-date symlink: /home/nvidia/acfly_ws/install/mavros_msgs/include/mavros_msgs/mavros_msgs/msg/detail/waypoint__functions.h
[1.111s] -- Up-to-date symlink: /home/nvidia/acfly_ws/install/mavros_msgs/include/mavros_msgs/mavros_msgs/msg/detail/waypoint__struct.h
[1.112s] -- Up-to-date symlink: /home/nvidia/acfly_ws/install/mavros_msgs/include/mavros_msgs/mavros_msgs/msg/detail/waypoint__type_support.h
[1.112s] -- Up-to-date symlink: /home/nvidia/acfly_ws/install/mavros_msgs/include/mavros_msgs/mavros_msgs/msg/detail/waypoint_list__functions.h
[1.112s] -- Up-to-date symlink: /home/nvidia/acfly_ws/install/mavros_msgs/include/mavros_msgs/mavros_msgs/msg/detail/waypoint_list__struct.h
[1.114s] -- Up-to-date symlink: /home/nvidia/acfly_ws/install/mavros_msgs/include/mavros_msgs/mavros_msgs/msg/detail/waypoint_list__type_support.h
[1.115s] -- Up-to-date symlink: /home/nvidia/acfly_ws/install/mavros_msgs/include/mavros_msgs/mavros_msgs/msg/detail/waypoint_reached__functions.h
[1.116s] -- Up-to-date symlink: /home/nvidia/acfly_ws/install/mavros_msgs/include/mavros_msgs/mavros_msgs/msg/detail/waypoint_reached__struct.h
[1.117s] -- Up-to-date symlink: /home/nvidia/acfly_ws/install/mavros_msgs/include/mavros_msgs/mavros_msgs/msg/detail/waypoint_reached__type_support.h
[1.118s] -- Up-to-date symlink: /home/nvidia/acfly_ws/install/mavros_msgs/include/mavros_msgs/mavros_msgs/msg/detail/wheel_odom_stamped__functions.h
[1.118s] -- Up-to-date symlink: /home/nvidia/acfly_ws/install/mavros_msgs/include/mavros_msgs/mavros_msgs/msg/detail/wheel_odom_stamped__struct.h
[1.118s] -- Up-to-date symlink: /home/nvidia/acfly_ws/install/mavros_msgs/include/mavros_msgs/mavros_msgs/msg/detail/wheel_odom_stamped__type_support.h
[1.118s] -- Up-to-date symlink: /home/nvidia/acfly_ws/install/mavros_msgs/include/mavros_msgs/mavros_msgs/msg/esc_info.h
[1.118s] -- Up-to-date symlink: /home/nvidia/acfly_ws/install/mavros_msgs/include/mavros_msgs/mavros_msgs/msg/esc_info_item.h
[1.118s] -- Up-to-date symlink: /home/nvidia/acfly_ws/install/mavros_msgs/include/mavros_msgs/mavros_msgs/msg/esc_status.h
[1.118s] -- Up-to-date symlink: /home/nvidia/acfly_ws/install/mavros_msgs/include/mavros_msgs/mavros_msgs/msg/esc_status_item.h
[1.118s] -- Up-to-date symlink: /home/nvidia/acfly_ws/install/mavros_msgs/include/mavros_msgs/mavros_msgs/msg/esc_telemetry.h
[1.118s] -- Up-to-date symlink: /home/nvidia/acfly_ws/install/mavros_msgs/include/mavros_msgs/mavros_msgs/msg/esc_telemetry_item.h
[1.119s] -- Up-to-date symlink: /home/nvidia/acfly_ws/install/mavros_msgs/include/mavros_msgs/mavros_msgs/msg/estimator_status.h
[1.119s] -- Up-to-date symlink: /home/nvidia/acfly_ws/install/mavros_msgs/include/mavros_msgs/mavros_msgs/msg/extended_state.h
[1.119s] -- Up-to-date symlink: /home/nvidia/acfly_ws/install/mavros_msgs/include/mavros_msgs/mavros_msgs/msg/file_entry.h
[1.119s] -- Up-to-date symlink: /home/nvidia/acfly_ws/install/mavros_msgs/include/mavros_msgs/mavros_msgs/msg/gimbal_device_attitude_status.h
[1.119s] -- Up-to-date symlink: /home/nvidia/acfly_ws/install/mavros_msgs/include/mavros_msgs/mavros_msgs/msg/gimbal_device_information.h
[1.119s] -- Up-to-date symlink: /home/nvidia/acfly_ws/install/mavros_msgs/include/mavros_msgs/mavros_msgs/msg/gimbal_device_set_attitude.h
[1.119s] -- Up-to-date symlink: /home/nvidia/acfly_ws/install/mavros_msgs/include/mavros_msgs/mavros_msgs/msg/gimbal_manager_information.h
[1.120s] -- Up-to-date symlink: /home/nvidia/acfly_ws/install/mavros_msgs/include/mavros_msgs/mavros_msgs/msg/gimbal_manager_set_attitude.h
[1.120s] -- Up-to-date symlink: /home/nvidia/acfly_ws/install/mavros_msgs/include/mavros_msgs/mavros_msgs/msg/gimbal_manager_set_pitchyaw.h
[1.121s] -- Up-to-date symlink: /home/nvidia/acfly_ws/install/mavros_msgs/include/mavros_msgs/mavros_msgs/msg/gimbal_manager_status.h
[1.121s] -- Up-to-date symlink: /home/nvidia/acfly_ws/install/mavros_msgs/include/mavros_msgs/mavros_msgs/msg/global_position_target.h
[1.121s] -- Up-to-date symlink: /home/nvidia/acfly_ws/install/mavros_msgs/include/mavros_msgs/mavros_msgs/msg/gpsinput.h
[1.121s] -- Up-to-date symlink: /home/nvidia/acfly_ws/install/mavros_msgs/include/mavros_msgs/mavros_msgs/msg/gpsraw.h
[1.121s] -- Up-to-date symlink: /home/nvidia/acfly_ws/install/mavros_msgs/include/mavros_msgs/mavros_msgs/msg/gpsrtk.h
[1.121s] -- Up-to-date symlink: /home/nvidia/acfly_ws/install/mavros_msgs/include/mavros_msgs/mavros_msgs/msg/hil_actuator_controls.h
[1.121s] -- Up-to-date symlink: /home/nvidia/acfly_ws/install/mavros_msgs/include/mavros_msgs/mavros_msgs/msg/hil_controls.h
[1.121s] -- Up-to-date symlink: /home/nvidia/acfly_ws/install/mavros_msgs/include/mavros_msgs/mavros_msgs/msg/hil_gps.h
[1.121s] -- Up-to-date symlink: /home/nvidia/acfly_ws/install/mavros_msgs/include/mavros_msgs/mavros_msgs/msg/hil_sensor.h
[1.122s] -- Up-to-date symlink: /home/nvidia/acfly_ws/install/mavros_msgs/include/mavros_msgs/mavros_msgs/msg/hil_state_quaternion.h
[1.122s] -- Up-to-date symlink: /home/nvidia/acfly_ws/install/mavros_msgs/include/mavros_msgs/mavros_msgs/msg/home_position.h
[1.122s] -- Up-to-date symlink: /home/nvidia/acfly_ws/install/mavros_msgs/include/mavros_msgs/mavros_msgs/msg/landing_target.h
[1.122s] -- Up-to-date symlink: /home/nvidia/acfly_ws/install/mavros_msgs/include/mavros_msgs/mavros_msgs/msg/log_data.h
[1.122s] -- Up-to-date symlink: /home/nvidia/acfly_ws/install/mavros_msgs/include/mavros_msgs/mavros_msgs/msg/log_entry.h
[1.122s] -- Up-to-date symlink: /home/nvidia/acfly_ws/install/mavros_msgs/include/mavros_msgs/mavros_msgs/msg/magnetometer_reporter.h
[1.122s] -- Up-to-date symlink: /home/nvidia/acfly_ws/install/mavros_msgs/include/mavros_msgs/mavros_msgs/msg/manual_control.h
[1.122s] -- Up-to-date symlink: /home/nvidia/acfly_ws/install/mavros_msgs/include/mavros_msgs/mavros_msgs/msg/mavlink.h
[1.122s] -- Up-to-date symlink: /home/nvidia/acfly_ws/install/mavros_msgs/include/mavros_msgs/mavros_msgs/msg/mount_control.h
[1.123s] -- Up-to-date symlink: /home/nvidia/acfly_ws/install/mavros_msgs/include/mavros_msgs/mavros_msgs/msg/nav_controller_output.h
[1.123s] -- Up-to-date symlink: /home/nvidia/acfly_ws/install/mavros_msgs/include/mavros_msgs/mavros_msgs/msg/onboard_computer_status.h
[1.123s] -- Up-to-date symlink: /home/nvidia/acfly_ws/install/mavros_msgs/include/mavros_msgs/mavros_msgs/msg/open_drone_id_basic_id.h
[1.123s] -- Up-to-date symlink: /home/nvidia/acfly_ws/install/mavros_msgs/include/mavros_msgs/mavros_msgs/msg/open_drone_id_operator_id.h
[1.123s] -- Up-to-date symlink: /home/nvidia/acfly_ws/install/mavros_msgs/include/mavros_msgs/mavros_msgs/msg/open_drone_id_self_id.h
[1.123s] -- Up-to-date symlink: /home/nvidia/acfly_ws/install/mavros_msgs/include/mavros_msgs/mavros_msgs/msg/open_drone_id_system.h
[1.123s] -- Up-to-date symlink: /home/nvidia/acfly_ws/install/mavros_msgs/include/mavros_msgs/mavros_msgs/msg/open_drone_id_system_update.h
[1.123s] -- Up-to-date symlink: /home/nvidia/acfly_ws/install/mavros_msgs/include/mavros_msgs/mavros_msgs/msg/optical_flow.h
[1.123s] -- Up-to-date symlink: /home/nvidia/acfly_ws/install/mavros_msgs/include/mavros_msgs/mavros_msgs/msg/optical_flow_rad.h
[1.124s] -- Up-to-date symlink: /home/nvidia/acfly_ws/install/mavros_msgs/include/mavros_msgs/mavros_msgs/msg/override_rc_in.h
[1.124s] -- Up-to-date symlink: /home/nvidia/acfly_ws/install/mavros_msgs/include/mavros_msgs/mavros_msgs/msg/param.h
[1.124s] -- Up-to-date symlink: /home/nvidia/acfly_ws/install/mavros_msgs/include/mavros_msgs/mavros_msgs/msg/param_event.h
[1.124s] -- Up-to-date symlink: /home/nvidia/acfly_ws/install/mavros_msgs/include/mavros_msgs/mavros_msgs/msg/param_value.h
[1.124s] -- Up-to-date symlink: /home/nvidia/acfly_ws/install/mavros_msgs/include/mavros_msgs/mavros_msgs/msg/play_tune_v2.h
[1.124s] -- Up-to-date symlink: /home/nvidia/acfly_ws/install/mavros_msgs/include/mavros_msgs/mavros_msgs/msg/position_target.h
[1.124s] -- Up-to-date symlink: /home/nvidia/acfly_ws/install/mavros_msgs/include/mavros_msgs/mavros_msgs/msg/radio_status.h
[1.124s] -- Up-to-date symlink: /home/nvidia/acfly_ws/install/mavros_msgs/include/mavros_msgs/mavros_msgs/msg/rc_in.h
[1.124s] -- Up-to-date symlink: /home/nvidia/acfly_ws/install/mavros_msgs/include/mavros_msgs/mavros_msgs/msg/rc_out.h
[1.125s] -- Up-to-date symlink: /home/nvidia/acfly_ws/install/mavros_msgs/include/mavros_msgs/mavros_msgs/msg/rosidl_generator_c__visibility_control.h
[1.125s] -- Up-to-date symlink: /home/nvidia/acfly_ws/install/mavros_msgs/include/mavros_msgs/mavros_msgs/msg/rtcm.h
[1.125s] -- Up-to-date symlink: /home/nvidia/acfly_ws/install/mavros_msgs/include/mavros_msgs/mavros_msgs/msg/rtk_baseline.h
[1.125s] -- Up-to-date symlink: /home/nvidia/acfly_ws/install/mavros_msgs/include/mavros_msgs/mavros_msgs/msg/state.h
[1.125s] -- Up-to-date symlink: /home/nvidia/acfly_ws/install/mavros_msgs/include/mavros_msgs/mavros_msgs/msg/status_event.h
[1.125s] -- Up-to-date symlink: /home/nvidia/acfly_ws/install/mavros_msgs/include/mavros_msgs/mavros_msgs/msg/status_text.h
[1.125s] -- Up-to-date symlink: /home/nvidia/acfly_ws/install/mavros_msgs/include/mavros_msgs/mavros_msgs/msg/sys_status.h
[1.125s] -- Up-to-date symlink: /home/nvidia/acfly_ws/install/mavros_msgs/include/mavros_msgs/mavros_msgs/msg/terrain_report.h
[1.125s] -- Up-to-date symlink: /home/nvidia/acfly_ws/install/mavros_msgs/include/mavros_msgs/mavros_msgs/msg/thrust.h
[1.126s] -- Up-to-date symlink: /home/nvidia/acfly_ws/install/mavros_msgs/include/mavros_msgs/mavros_msgs/msg/timesync_status.h
[1.126s] -- Up-to-date symlink: /home/nvidia/acfly_ws/install/mavros_msgs/include/mavros_msgs/mavros_msgs/msg/trajectory.h
[1.126s] -- Up-to-date symlink: /home/nvidia/acfly_ws/install/mavros_msgs/include/mavros_msgs/mavros_msgs/msg/tunnel.h
[1.126s] -- Up-to-date symlink: /home/nvidia/acfly_ws/install/mavros_msgs/include/mavros_msgs/mavros_msgs/msg/vehicle_info.h
[1.126s] -- Up-to-date symlink: /home/nvidia/acfly_ws/install/mavros_msgs/include/mavros_msgs/mavros_msgs/msg/vfr_hud.h
[1.126s] -- Up-to-date symlink: /home/nvidia/acfly_ws/install/mavros_msgs/include/mavros_msgs/mavros_msgs/msg/vibration.h
[1.126s] -- Up-to-date symlink: /home/nvidia/acfly_ws/install/mavros_msgs/include/mavros_msgs/mavros_msgs/msg/waypoint.h
[1.126s] -- Up-to-date symlink: /home/nvidia/acfly_ws/install/mavros_msgs/include/mavros_msgs/mavros_msgs/msg/waypoint_list.h
[1.126s] -- Up-to-date symlink: /home/nvidia/acfly_ws/install/mavros_msgs/include/mavros_msgs/mavros_msgs/msg/waypoint_reached.h
[1.127s] -- Up-to-date symlink: /home/nvidia/acfly_ws/install/mavros_msgs/include/mavros_msgs/mavros_msgs/msg/wheel_odom_stamped.h
[1.127s] -- Up-to-date symlink: /home/nvidia/acfly_ws/install/mavros_msgs/include/mavros_msgs/mavros_msgs/srv/command_ack.h
[1.127s] -- Up-to-date symlink: /home/nvidia/acfly_ws/install/mavros_msgs/include/mavros_msgs/mavros_msgs/srv/command_bool.h
[1.127s] -- Up-to-date symlink: /home/nvidia/acfly_ws/install/mavros_msgs/include/mavros_msgs/mavros_msgs/srv/command_home.h
[1.127s] -- Up-to-date symlink: /home/nvidia/acfly_ws/install/mavros_msgs/include/mavros_msgs/mavros_msgs/srv/command_int.h
[1.127s] -- Up-to-date symlink: /home/nvidia/acfly_ws/install/mavros_msgs/include/mavros_msgs/mavros_msgs/srv/command_long.h
[1.127s] -- Up-to-date symlink: /home/nvidia/acfly_ws/install/mavros_msgs/include/mavros_msgs/mavros_msgs/srv/command_tol.h
[1.127s] -- Up-to-date symlink: /home/nvidia/acfly_ws/install/mavros_msgs/include/mavros_msgs/mavros_msgs/srv/command_tol_local.h
[1.127s] -- Up-to-date symlink: /home/nvidia/acfly_ws/install/mavros_msgs/include/mavros_msgs/mavros_msgs/srv/command_trigger_control.h
[1.127s] -- Up-to-date symlink: /home/nvidia/acfly_ws/install/mavros_msgs/include/mavros_msgs/mavros_msgs/srv/command_trigger_interval.h
[1.128s] -- Up-to-date symlink: /home/nvidia/acfly_ws/install/mavros_msgs/include/mavros_msgs/mavros_msgs/srv/command_vtol_transition.h
[1.128s] -- Up-to-date symlink: /home/nvidia/acfly_ws/install/mavros_msgs/include/mavros_msgs/mavros_msgs/srv/detail/command_ack__functions.h
[1.128s] -- Up-to-date symlink: /home/nvidia/acfly_ws/install/mavros_msgs/include/mavros_msgs/mavros_msgs/srv/detail/command_ack__struct.h
[1.128s] -- Up-to-date symlink: /home/nvidia/acfly_ws/install/mavros_msgs/include/mavros_msgs/mavros_msgs/srv/detail/command_ack__type_support.h
[1.128s] -- Up-to-date symlink: /home/nvidia/acfly_ws/install/mavros_msgs/include/mavros_msgs/mavros_msgs/srv/detail/command_bool__functions.h
[1.128s] -- Up-to-date symlink: /home/nvidia/acfly_ws/install/mavros_msgs/include/mavros_msgs/mavros_msgs/srv/detail/command_bool__struct.h
[1.128s] -- Up-to-date symlink: /home/nvidia/acfly_ws/install/mavros_msgs/include/mavros_msgs/mavros_msgs/srv/detail/command_bool__type_support.h
[1.129s] -- Up-to-date symlink: /home/nvidia/acfly_ws/install/mavros_msgs/include/mavros_msgs/mavros_msgs/srv/detail/command_home__functions.h
[1.129s] -- Up-to-date symlink: /home/nvidia/acfly_ws/install/mavros_msgs/include/mavros_msgs/mavros_msgs/srv/detail/command_home__struct.h
[1.129s] -- Up-to-date symlink: /home/nvidia/acfly_ws/install/mavros_msgs/include/mavros_msgs/mavros_msgs/srv/detail/command_home__type_support.h
[1.129s] -- Up-to-date symlink: /home/nvidia/acfly_ws/install/mavros_msgs/include/mavros_msgs/mavros_msgs/srv/detail/command_int__functions.h
[1.129s] -- Up-to-date symlink: /home/nvidia/acfly_ws/install/mavros_msgs/include/mavros_msgs/mavros_msgs/srv/detail/command_int__struct.h
[1.130s] -- Up-to-date symlink: /home/nvidia/acfly_ws/install/mavros_msgs/include/mavros_msgs/mavros_msgs/srv/detail/command_int__type_support.h
[1.130s] -- Up-to-date symlink: /home/nvidia/acfly_ws/install/mavros_msgs/include/mavros_msgs/mavros_msgs/srv/detail/command_long__functions.h
[1.130s] -- Up-to-date symlink: /home/nvidia/acfly_ws/install/mavros_msgs/include/mavros_msgs/mavros_msgs/srv/detail/command_long__struct.h
[1.130s] -- Up-to-date symlink: /home/nvidia/acfly_ws/install/mavros_msgs/include/mavros_msgs/mavros_msgs/srv/detail/command_long__type_support.h
[1.131s] -- Up-to-date symlink: /home/nvidia/acfly_ws/install/mavros_msgs/include/mavros_msgs/mavros_msgs/srv/detail/command_tol__functions.h
[1.131s] -- Up-to-date symlink: /home/nvidia/acfly_ws/install/mavros_msgs/include/mavros_msgs/mavros_msgs/srv/detail/command_tol__struct.h
[1.131s] -- Up-to-date symlink: /home/nvidia/acfly_ws/install/mavros_msgs/include/mavros_msgs/mavros_msgs/srv/detail/command_tol__type_support.h
[1.131s] -- Up-to-date symlink: /home/nvidia/acfly_ws/install/mavros_msgs/include/mavros_msgs/mavros_msgs/srv/detail/command_tol_local__functions.h
[1.131s] -- Up-to-date symlink: /home/nvidia/acfly_ws/install/mavros_msgs/include/mavros_msgs/mavros_msgs/srv/detail/command_tol_local__struct.h
[1.132s] -- Up-to-date symlink: /home/nvidia/acfly_ws/install/mavros_msgs/include/mavros_msgs/mavros_msgs/srv/detail/command_tol_local__type_support.h
[1.132s] -- Up-to-date symlink: /home/nvidia/acfly_ws/install/mavros_msgs/include/mavros_msgs/mavros_msgs/srv/detail/command_trigger_control__functions.h
[1.132s] -- Up-to-date symlink: /home/nvidia/acfly_ws/install/mavros_msgs/include/mavros_msgs/mavros_msgs/srv/detail/command_trigger_control__struct.h
[1.132s] -- Up-to-date symlink: /home/nvidia/acfly_ws/install/mavros_msgs/include/mavros_msgs/mavros_msgs/srv/detail/command_trigger_control__type_support.h
[1.133s] -- Up-to-date symlink: /home/nvidia/acfly_ws/install/mavros_msgs/include/mavros_msgs/mavros_msgs/srv/detail/command_trigger_interval__functions.h
[1.133s] -- Up-to-date symlink: /home/nvidia/acfly_ws/install/mavros_msgs/include/mavros_msgs/mavros_msgs/srv/detail/command_trigger_interval__struct.h
[1.133s] -- Up-to-date symlink: /home/nvidia/acfly_ws/install/mavros_msgs/include/mavros_msgs/mavros_msgs/srv/detail/command_trigger_interval__type_support.h
[1.134s] -- Up-to-date symlink: /home/nvidia/acfly_ws/install/mavros_msgs/include/mavros_msgs/mavros_msgs/srv/detail/command_vtol_transition__functions.h
[1.134s] -- Up-to-date symlink: /home/nvidia/acfly_ws/install/mavros_msgs/include/mavros_msgs/mavros_msgs/srv/detail/command_vtol_transition__struct.h
[1.134s] -- Up-to-date symlink: /home/nvidia/acfly_ws/install/mavros_msgs/include/mavros_msgs/mavros_msgs/srv/detail/command_vtol_transition__type_support.h
[1.134s] -- Up-to-date symlink: /home/nvidia/acfly_ws/install/mavros_msgs/include/mavros_msgs/mavros_msgs/srv/detail/endpoint_add__functions.h
[1.134s] -- Up-to-date symlink: /home/nvidia/acfly_ws/install/mavros_msgs/include/mavros_msgs/mavros_msgs/srv/detail/endpoint_add__struct.h
[1.135s] -- Up-to-date symlink: /home/nvidia/acfly_ws/install/mavros_msgs/include/mavros_msgs/mavros_msgs/srv/detail/endpoint_add__type_support.h
[1.135s] -- Up-to-date symlink: /home/nvidia/acfly_ws/install/mavros_msgs/include/mavros_msgs/mavros_msgs/srv/detail/endpoint_del__functions.h
[1.135s] -- Up-to-date symlink: /home/nvidia/acfly_ws/install/mavros_msgs/include/mavros_msgs/mavros_msgs/srv/detail/endpoint_del__struct.h
[1.135s] -- Up-to-date symlink: /home/nvidia/acfly_ws/install/mavros_msgs/include/mavros_msgs/mavros_msgs/srv/detail/endpoint_del__type_support.h
[1.135s] -- Up-to-date symlink: /home/nvidia/acfly_ws/install/mavros_msgs/include/mavros_msgs/mavros_msgs/srv/detail/file_checksum__functions.h
[1.136s] -- Up-to-date symlink: /home/nvidia/acfly_ws/install/mavros_msgs/include/mavros_msgs/mavros_msgs/srv/detail/file_checksum__struct.h
[1.136s] -- Up-to-date symlink: /home/nvidia/acfly_ws/install/mavros_msgs/include/mavros_msgs/mavros_msgs/srv/detail/file_checksum__type_support.h
[1.136s] -- Up-to-date symlink: /home/nvidia/acfly_ws/install/mavros_msgs/include/mavros_msgs/mavros_msgs/srv/detail/file_close__functions.h
[1.136s] -- Up-to-date symlink: /home/nvidia/acfly_ws/install/mavros_msgs/include/mavros_msgs/mavros_msgs/srv/detail/file_close__struct.h
[1.136s] -- Up-to-date symlink: /home/nvidia/acfly_ws/install/mavros_msgs/include/mavros_msgs/mavros_msgs/srv/detail/file_close__type_support.h
[1.136s] -- Up-to-date symlink: /home/nvidia/acfly_ws/install/mavros_msgs/include/mavros_msgs/mavros_msgs/srv/detail/file_list__functions.h
[1.137s] -- Up-to-date symlink: /home/nvidia/acfly_ws/install/mavros_msgs/include/mavros_msgs/mavros_msgs/srv/detail/file_list__struct.h
[1.137s] -- Up-to-date symlink: /home/nvidia/acfly_ws/install/mavros_msgs/include/mavros_msgs/mavros_msgs/srv/detail/file_list__type_support.h
[1.137s] -- Up-to-date symlink: /home/nvidia/acfly_ws/install/mavros_msgs/include/mavros_msgs/mavros_msgs/srv/detail/file_make_dir__functions.h
[1.137s] -- Up-to-date symlink: /home/nvidia/acfly_ws/install/mavros_msgs/include/mavros_msgs/mavros_msgs/srv/detail/file_make_dir__struct.h
[1.138s] -- Up-to-date symlink: /home/nvidia/acfly_ws/install/mavros_msgs/include/mavros_msgs/mavros_msgs/srv/detail/file_make_dir__type_support.h
[1.138s] -- Up-to-date symlink: /home/nvidia/acfly_ws/install/mavros_msgs/include/mavros_msgs/mavros_msgs/srv/detail/file_open__functions.h
[1.138s] -- Up-to-date symlink: /home/nvidia/acfly_ws/install/mavros_msgs/include/mavros_msgs/mavros_msgs/srv/detail/file_open__struct.h
[1.138s] -- Up-to-date symlink: /home/nvidia/acfly_ws/install/mavros_msgs/include/mavros_msgs/mavros_msgs/srv/detail/file_open__type_support.h
[1.138s] -- Up-to-date symlink: /home/nvidia/acfly_ws/install/mavros_msgs/include/mavros_msgs/mavros_msgs/srv/detail/file_read__functions.h
[1.139s] -- Up-to-date symlink: /home/nvidia/acfly_ws/install/mavros_msgs/include/mavros_msgs/mavros_msgs/srv/detail/file_read__struct.h
[1.139s] -- Up-to-date symlink: /home/nvidia/acfly_ws/install/mavros_msgs/include/mavros_msgs/mavros_msgs/srv/detail/file_read__type_support.h
[1.139s] -- Up-to-date symlink: /home/nvidia/acfly_ws/install/mavros_msgs/include/mavros_msgs/mavros_msgs/srv/detail/file_remove__functions.h
[1.139s] -- Up-to-date symlink: /home/nvidia/acfly_ws/install/mavros_msgs/include/mavros_msgs/mavros_msgs/srv/detail/file_remove__struct.h
[1.139s] -- Up-to-date symlink: /home/nvidia/acfly_ws/install/mavros_msgs/include/mavros_msgs/mavros_msgs/srv/detail/file_remove__type_support.h
[1.139s] -- Up-to-date symlink: /home/nvidia/acfly_ws/install/mavros_msgs/include/mavros_msgs/mavros_msgs/srv/detail/file_remove_dir__functions.h
[1.140s] -- Up-to-date symlink: /home/nvidia/acfly_ws/install/mavros_msgs/include/mavros_msgs/mavros_msgs/srv/detail/file_remove_dir__struct.h
[1.140s] -- Up-to-date symlink: /home/nvidia/acfly_ws/install/mavros_msgs/include/mavros_msgs/mavros_msgs/srv/detail/file_remove_dir__type_support.h
[1.140s] -- Up-to-date symlink: /home/nvidia/acfly_ws/install/mavros_msgs/include/mavros_msgs/mavros_msgs/srv/detail/file_rename__functions.h
[1.140s] -- Up-to-date symlink: /home/nvidia/acfly_ws/install/mavros_msgs/include/mavros_msgs/mavros_msgs/srv/detail/file_rename__struct.h
[1.140s] -- Up-to-date symlink: /home/nvidia/acfly_ws/install/mavros_msgs/include/mavros_msgs/mavros_msgs/srv/detail/file_rename__type_support.h
[1.140s] -- Up-to-date symlink: /home/nvidia/acfly_ws/install/mavros_msgs/include/mavros_msgs/mavros_msgs/srv/detail/file_truncate__functions.h
[1.141s] -- Up-to-date symlink: /home/nvidia/acfly_ws/install/mavros_msgs/include/mavros_msgs/mavros_msgs/srv/detail/file_truncate__struct.h
[1.141s] -- Up-to-date symlink: /home/nvidia/acfly_ws/install/mavros_msgs/include/mavros_msgs/mavros_msgs/srv/detail/file_truncate__type_support.h
[1.141s] -- Up-to-date symlink: /home/nvidia/acfly_ws/install/mavros_msgs/include/mavros_msgs/mavros_msgs/srv/detail/file_write__functions.h
[1.141s] -- Up-to-date symlink: /home/nvidia/acfly_ws/install/mavros_msgs/include/mavros_msgs/mavros_msgs/srv/detail/file_write__struct.h
[1.141s] -- Up-to-date symlink: /home/nvidia/acfly_ws/install/mavros_msgs/include/mavros_msgs/mavros_msgs/srv/detail/file_write__type_support.h
[1.142s] -- Up-to-date symlink: /home/nvidia/acfly_ws/install/mavros_msgs/include/mavros_msgs/mavros_msgs/srv/detail/gimbal_get_information__functions.h
[1.142s] -- Up-to-date symlink: /home/nvidia/acfly_ws/install/mavros_msgs/include/mavros_msgs/mavros_msgs/srv/detail/gimbal_get_information__struct.h
[1.142s] -- Up-to-date symlink: /home/nvidia/acfly_ws/install/mavros_msgs/include/mavros_msgs/mavros_msgs/srv/detail/gimbal_get_information__type_support.h
[1.142s] -- Up-to-date symlink: /home/nvidia/acfly_ws/install/mavros_msgs/include/mavros_msgs/mavros_msgs/srv/detail/gimbal_manager_camera_track__functions.h
[1.142s] -- Up-to-date symlink: /home/nvidia/acfly_ws/install/mavros_msgs/include/mavros_msgs/mavros_msgs/srv/detail/gimbal_manager_camera_track__struct.h
[1.143s] -- Up-to-date symlink: /home/nvidia/acfly_ws/install/mavros_msgs/include/mavros_msgs/mavros_msgs/srv/detail/gimbal_manager_camera_track__type_support.h
[1.143s] -- Up-to-date symlink: /home/nvidia/acfly_ws/install/mavros_msgs/include/mavros_msgs/mavros_msgs/srv/detail/gimbal_manager_configure__functions.h
[1.143s] -- Up-to-date symlink: /home/nvidia/acfly_ws/install/mavros_msgs/include/mavros_msgs/mavros_msgs/srv/detail/gimbal_manager_configure__struct.h
[1.143s] -- Up-to-date symlink: /home/nvidia/acfly_ws/install/mavros_msgs/include/mavros_msgs/mavros_msgs/srv/detail/gimbal_manager_configure__type_support.h
[1.143s] -- Up-to-date symlink: /home/nvidia/acfly_ws/install/mavros_msgs/include/mavros_msgs/mavros_msgs/srv/detail/gimbal_manager_pitchyaw__functions.h
[1.144s] -- Up-to-date symlink: /home/nvidia/acfly_ws/install/mavros_msgs/include/mavros_msgs/mavros_msgs/srv/detail/gimbal_manager_pitchyaw__struct.h
[1.144s] -- Up-to-date symlink: /home/nvidia/acfly_ws/install/mavros_msgs/include/mavros_msgs/mavros_msgs/srv/detail/gimbal_manager_pitchyaw__type_support.h
[1.144s] -- Up-to-date symlink: /home/nvidia/acfly_ws/install/mavros_msgs/include/mavros_msgs/mavros_msgs/srv/detail/gimbal_manager_set_roi__functions.h
[1.144s] -- Up-to-date symlink: /home/nvidia/acfly_ws/install/mavros_msgs/include/mavros_msgs/mavros_msgs/srv/detail/gimbal_manager_set_roi__struct.h
[1.145s] -- Up-to-date symlink: /home/nvidia/acfly_ws/install/mavros_msgs/include/mavros_msgs/mavros_msgs/srv/detail/gimbal_manager_set_roi__type_support.h
[1.145s] -- Up-to-date symlink: /home/nvidia/acfly_ws/install/mavros_msgs/include/mavros_msgs/mavros_msgs/srv/detail/log_request_data__functions.h
[1.145s] -- Up-to-date symlink: /home/nvidia/acfly_ws/install/mavros_msgs/include/mavros_msgs/mavros_msgs/srv/detail/log_request_data__struct.h
[1.145s] -- Up-to-date symlink: /home/nvidia/acfly_ws/install/mavros_msgs/include/mavros_msgs/mavros_msgs/srv/detail/log_request_data__type_support.h
[1.146s] -- Up-to-date symlink: /home/nvidia/acfly_ws/install/mavros_msgs/include/mavros_msgs/mavros_msgs/srv/detail/log_request_end__functions.h
[1.146s] -- Up-to-date symlink: /home/nvidia/acfly_ws/install/mavros_msgs/include/mavros_msgs/mavros_msgs/srv/detail/log_request_end__struct.h
[1.146s] -- Up-to-date symlink: /home/nvidia/acfly_ws/install/mavros_msgs/include/mavros_msgs/mavros_msgs/srv/detail/log_request_end__type_support.h
[1.146s] -- Up-to-date symlink: /home/nvidia/acfly_ws/install/mavros_msgs/include/mavros_msgs/mavros_msgs/srv/detail/log_request_list__functions.h
[1.146s] -- Up-to-date symlink: /home/nvidia/acfly_ws/install/mavros_msgs/include/mavros_msgs/mavros_msgs/srv/detail/log_request_list__struct.h
[1.146s] -- Up-to-date symlink: /home/nvidia/acfly_ws/install/mavros_msgs/include/mavros_msgs/mavros_msgs/srv/detail/log_request_list__type_support.h
[1.147s] -- Up-to-date symlink: /home/nvidia/acfly_ws/install/mavros_msgs/include/mavros_msgs/mavros_msgs/srv/detail/message_interval__functions.h
[1.147s] -- Up-to-date symlink: /home/nvidia/acfly_ws/install/mavros_msgs/include/mavros_msgs/mavros_msgs/srv/detail/message_interval__struct.h
[1.147s] -- Up-to-date symlink: /home/nvidia/acfly_ws/install/mavros_msgs/include/mavros_msgs/mavros_msgs/srv/detail/message_interval__type_support.h
[1.147s] -- Up-to-date symlink: /home/nvidia/acfly_ws/install/mavros_msgs/include/mavros_msgs/mavros_msgs/srv/detail/mount_configure__functions.h
[1.147s] -- Up-to-date symlink: /home/nvidia/acfly_ws/install/mavros_msgs/include/mavros_msgs/mavros_msgs/srv/detail/mount_configure__struct.h
[1.148s] -- Up-to-date symlink: /home/nvidia/acfly_ws/install/mavros_msgs/include/mavros_msgs/mavros_msgs/srv/detail/mount_configure__type_support.h
[1.148s] -- Up-to-date symlink: /home/nvidia/acfly_ws/install/mavros_msgs/include/mavros_msgs/mavros_msgs/srv/detail/param_get__functions.h
[1.148s] -- Up-to-date symlink: /home/nvidia/acfly_ws/install/mavros_msgs/include/mavros_msgs/mavros_msgs/srv/detail/param_get__struct.h
[1.148s] -- Up-to-date symlink: /home/nvidia/acfly_ws/install/mavros_msgs/include/mavros_msgs/mavros_msgs/srv/detail/param_get__type_support.h
[1.149s] -- Up-to-date symlink: /home/nvidia/acfly_ws/install/mavros_msgs/include/mavros_msgs/mavros_msgs/srv/detail/param_pull__functions.h
[1.149s] -- Up-to-date symlink: /home/nvidia/acfly_ws/install/mavros_msgs/include/mavros_msgs/mavros_msgs/srv/detail/param_pull__struct.h
[1.149s] -- Up-to-date symlink: /home/nvidia/acfly_ws/install/mavros_msgs/include/mavros_msgs/mavros_msgs/srv/detail/param_pull__type_support.h
[1.149s] -- Up-to-date symlink: /home/nvidia/acfly_ws/install/mavros_msgs/include/mavros_msgs/mavros_msgs/srv/detail/param_push__functions.h
[1.149s] -- Up-to-date symlink: /home/nvidia/acfly_ws/install/mavros_msgs/include/mavros_msgs/mavros_msgs/srv/detail/param_push__struct.h
[1.149s] -- Up-to-date symlink: /home/nvidia/acfly_ws/install/mavros_msgs/include/mavros_msgs/mavros_msgs/srv/detail/param_push__type_support.h
[1.150s] -- Up-to-date symlink: /home/nvidia/acfly_ws/install/mavros_msgs/include/mavros_msgs/mavros_msgs/srv/detail/param_set__functions.h
[1.150s] -- Up-to-date symlink: /home/nvidia/acfly_ws/install/mavros_msgs/include/mavros_msgs/mavros_msgs/srv/detail/param_set__struct.h
[1.150s] -- Up-to-date symlink: /home/nvidia/acfly_ws/install/mavros_msgs/include/mavros_msgs/mavros_msgs/srv/detail/param_set__type_support.h
[1.150s] -- Up-to-date symlink: /home/nvidia/acfly_ws/install/mavros_msgs/include/mavros_msgs/mavros_msgs/srv/detail/param_set_v2__functions.h
[1.151s] -- Up-to-date symlink: /home/nvidia/acfly_ws/install/mavros_msgs/include/mavros_msgs/mavros_msgs/srv/detail/param_set_v2__struct.h
[1.151s] -- Up-to-date symlink: /home/nvidia/acfly_ws/install/mavros_msgs/include/mavros_msgs/mavros_msgs/srv/detail/param_set_v2__type_support.h
[1.151s] -- Up-to-date symlink: /home/nvidia/acfly_ws/install/mavros_msgs/include/mavros_msgs/mavros_msgs/srv/detail/set_mav_frame__functions.h
[1.151s] -- Up-to-date symlink: /home/nvidia/acfly_ws/install/mavros_msgs/include/mavros_msgs/mavros_msgs/srv/detail/set_mav_frame__struct.h
[1.152s] -- Up-to-date symlink: /home/nvidia/acfly_ws/install/mavros_msgs/include/mavros_msgs/mavros_msgs/srv/detail/set_mav_frame__type_support.h
[1.152s] -- Up-to-date symlink: /home/nvidia/acfly_ws/install/mavros_msgs/include/mavros_msgs/mavros_msgs/srv/detail/set_mode__functions.h
[1.152s] -- Up-to-date symlink: /home/nvidia/acfly_ws/install/mavros_msgs/include/mavros_msgs/mavros_msgs/srv/detail/set_mode__struct.h
[1.152s] -- Up-to-date symlink: /home/nvidia/acfly_ws/install/mavros_msgs/include/mavros_msgs/mavros_msgs/srv/detail/set_mode__type_support.h
[1.152s] -- Up-to-date symlink: /home/nvidia/acfly_ws/install/mavros_msgs/include/mavros_msgs/mavros_msgs/srv/detail/stream_rate__functions.h
[1.153s] -- Up-to-date symlink: /home/nvidia/acfly_ws/install/mavros_msgs/include/mavros_msgs/mavros_msgs/srv/detail/stream_rate__struct.h
[1.153s] -- Up-to-date symlink: /home/nvidia/acfly_ws/install/mavros_msgs/include/mavros_msgs/mavros_msgs/srv/detail/stream_rate__type_support.h
[1.153s] -- Up-to-date symlink: /home/nvidia/acfly_ws/install/mavros_msgs/include/mavros_msgs/mavros_msgs/srv/detail/vehicle_info_get__functions.h
[1.153s] -- Up-to-date symlink: /home/nvidia/acfly_ws/install/mavros_msgs/include/mavros_msgs/mavros_msgs/srv/detail/vehicle_info_get__struct.h
[1.153s] -- Up-to-date symlink: /home/nvidia/acfly_ws/install/mavros_msgs/include/mavros_msgs/mavros_msgs/srv/detail/vehicle_info_get__type_support.h
[1.154s] -- Up-to-date symlink: /home/nvidia/acfly_ws/install/mavros_msgs/include/mavros_msgs/mavros_msgs/srv/detail/waypoint_clear__functions.h
[1.154s] -- Up-to-date symlink: /home/nvidia/acfly_ws/install/mavros_msgs/include/mavros_msgs/mavros_msgs/srv/detail/waypoint_clear__struct.h
[1.154s] -- Up-to-date symlink: /home/nvidia/acfly_ws/install/mavros_msgs/include/mavros_msgs/mavros_msgs/srv/detail/waypoint_clear__type_support.h
[1.154s] -- Up-to-date symlink: /home/nvidia/acfly_ws/install/mavros_msgs/include/mavros_msgs/mavros_msgs/srv/detail/waypoint_pull__functions.h
[1.154s] -- Up-to-date symlink: /home/nvidia/acfly_ws/install/mavros_msgs/include/mavros_msgs/mavros_msgs/srv/detail/waypoint_pull__struct.h
[1.155s] -- Up-to-date symlink: /home/nvidia/acfly_ws/install/mavros_msgs/include/mavros_msgs/mavros_msgs/srv/detail/waypoint_pull__type_support.h
[1.155s] -- Up-to-date symlink: /home/nvidia/acfly_ws/install/mavros_msgs/include/mavros_msgs/mavros_msgs/srv/detail/waypoint_push__functions.h
[1.155s] -- Up-to-date symlink: /home/nvidia/acfly_ws/install/mavros_msgs/include/mavros_msgs/mavros_msgs/srv/detail/waypoint_push__struct.h
[1.155s] -- Up-to-date symlink: /home/nvidia/acfly_ws/install/mavros_msgs/include/mavros_msgs/mavros_msgs/srv/detail/waypoint_push__type_support.h
[1.155s] -- Up-to-date symlink: /home/nvidia/acfly_ws/install/mavros_msgs/include/mavros_msgs/mavros_msgs/srv/detail/waypoint_set_current__functions.h
[1.156s] -- Up-to-date symlink: /home/nvidia/acfly_ws/install/mavros_msgs/include/mavros_msgs/mavros_msgs/srv/detail/waypoint_set_current__struct.h
[1.156s] -- Up-to-date symlink: /home/nvidia/acfly_ws/install/mavros_msgs/include/mavros_msgs/mavros_msgs/srv/detail/waypoint_set_current__type_support.h
[1.156s] -- Up-to-date symlink: /home/nvidia/acfly_ws/install/mavros_msgs/include/mavros_msgs/mavros_msgs/srv/endpoint_add.h
[1.156s] -- Up-to-date symlink: /home/nvidia/acfly_ws/install/mavros_msgs/include/mavros_msgs/mavros_msgs/srv/endpoint_del.h
[1.156s] -- Up-to-date symlink: /home/nvidia/acfly_ws/install/mavros_msgs/include/mavros_msgs/mavros_msgs/srv/file_checksum.h
[1.157s] -- Up-to-date symlink: /home/nvidia/acfly_ws/install/mavros_msgs/include/mavros_msgs/mavros_msgs/srv/file_close.h
[1.157s] -- Up-to-date symlink: /home/nvidia/acfly_ws/install/mavros_msgs/include/mavros_msgs/mavros_msgs/srv/file_list.h
[1.157s] -- Up-to-date symlink: /home/nvidia/acfly_ws/install/mavros_msgs/include/mavros_msgs/mavros_msgs/srv/file_make_dir.h
[1.157s] -- Up-to-date symlink: /home/nvidia/acfly_ws/install/mavros_msgs/include/mavros_msgs/mavros_msgs/srv/file_open.h
[1.157s] -- Up-to-date symlink: /home/nvidia/acfly_ws/install/mavros_msgs/include/mavros_msgs/mavros_msgs/srv/file_read.h
[1.160s] -- Up-to-date symlink: /home/nvidia/acfly_ws/install/mavros_msgs/include/mavros_msgs/mavros_msgs/srv/file_remove.h
[1.160s] -- Up-to-date symlink: /home/nvidia/acfly_ws/install/mavros_msgs/include/mavros_msgs/mavros_msgs/srv/file_remove_dir.h
[1.160s] -- Up-to-date symlink: /home/nvidia/acfly_ws/install/mavros_msgs/include/mavros_msgs/mavros_msgs/srv/file_rename.h
[1.160s] -- Up-to-date symlink: /home/nvidia/acfly_ws/install/mavros_msgs/include/mavros_msgs/mavros_msgs/srv/file_truncate.h
[1.161s] -- Up-to-date symlink: /home/nvidia/acfly_ws/install/mavros_msgs/include/mavros_msgs/mavros_msgs/srv/file_write.h
[1.161s] -- Up-to-date symlink: /home/nvidia/acfly_ws/install/mavros_msgs/include/mavros_msgs/mavros_msgs/srv/gimbal_get_information.h
[1.161s] -- Up-to-date symlink: /home/nvidia/acfly_ws/install/mavros_msgs/include/mavros_msgs/mavros_msgs/srv/gimbal_manager_camera_track.h
[1.161s] -- Up-to-date symlink: /home/nvidia/acfly_ws/install/mavros_msgs/include/mavros_msgs/mavros_msgs/srv/gimbal_manager_configure.h
[1.161s] -- Up-to-date symlink: /home/nvidia/acfly_ws/install/mavros_msgs/include/mavros_msgs/mavros_msgs/srv/gimbal_manager_pitchyaw.h
[1.161s] -- Up-to-date symlink: /home/nvidia/acfly_ws/install/mavros_msgs/include/mavros_msgs/mavros_msgs/srv/gimbal_manager_set_roi.h
[1.162s] -- Up-to-date symlink: /home/nvidia/acfly_ws/install/mavros_msgs/include/mavros_msgs/mavros_msgs/srv/log_request_data.h
[1.162s] -- Up-to-date symlink: /home/nvidia/acfly_ws/install/mavros_msgs/include/mavros_msgs/mavros_msgs/srv/log_request_end.h
[1.162s] -- Up-to-date symlink: /home/nvidia/acfly_ws/install/mavros_msgs/include/mavros_msgs/mavros_msgs/srv/log_request_list.h
[1.163s] -- Up-to-date symlink: /home/nvidia/acfly_ws/install/mavros_msgs/include/mavros_msgs/mavros_msgs/srv/message_interval.h
[1.163s] -- Up-to-date symlink: /home/nvidia/acfly_ws/install/mavros_msgs/include/mavros_msgs/mavros_msgs/srv/mount_configure.h
[1.163s] -- Up-to-date symlink: /home/nvidia/acfly_ws/install/mavros_msgs/include/mavros_msgs/mavros_msgs/srv/param_get.h
[1.163s] -- Up-to-date symlink: /home/nvidia/acfly_ws/install/mavros_msgs/include/mavros_msgs/mavros_msgs/srv/param_pull.h
[1.163s] -- Up-to-date symlink: /home/nvidia/acfly_ws/install/mavros_msgs/include/mavros_msgs/mavros_msgs/srv/param_push.h
[1.163s] -- Up-to-date symlink: /home/nvidia/acfly_ws/install/mavros_msgs/include/mavros_msgs/mavros_msgs/srv/param_set.h
[1.163s] -- Up-to-date symlink: /home/nvidia/acfly_ws/install/mavros_msgs/include/mavros_msgs/mavros_msgs/srv/param_set_v2.h
[1.163s] -- Up-to-date symlink: /home/nvidia/acfly_ws/install/mavros_msgs/include/mavros_msgs/mavros_msgs/srv/set_mav_frame.h
[1.164s] -- Up-to-date symlink: /home/nvidia/acfly_ws/install/mavros_msgs/include/mavros_msgs/mavros_msgs/srv/set_mode.h
[1.164s] -- Up-to-date symlink: /home/nvidia/acfly_ws/install/mavros_msgs/include/mavros_msgs/mavros_msgs/srv/stream_rate.h
[1.165s] -- Up-to-date symlink: /home/nvidia/acfly_ws/install/mavros_msgs/include/mavros_msgs/mavros_msgs/srv/vehicle_info_get.h
[1.167s] -- Up-to-date symlink: /home/nvidia/acfly_ws/install/mavros_msgs/include/mavros_msgs/mavros_msgs/srv/waypoint_clear.h
[1.167s] -- Up-to-date symlink: /home/nvidia/acfly_ws/install/mavros_msgs/include/mavros_msgs/mavros_msgs/srv/waypoint_pull.h
[1.167s] -- Up-to-date symlink: /home/nvidia/acfly_ws/install/mavros_msgs/include/mavros_msgs/mavros_msgs/srv/waypoint_push.h
[1.167s] -- Up-to-date symlink: /home/nvidia/acfly_ws/install/mavros_msgs/include/mavros_msgs/mavros_msgs/srv/waypoint_set_current.h
[1.168s] -- Up-to-date symlink: /home/nvidia/acfly_ws/install/mavros_msgs/share/mavros_msgs/environment/library_path.sh
[1.168s] -- Up-to-date symlink: /home/nvidia/acfly_ws/install/mavros_msgs/share/mavros_msgs/environment/library_path.dsv
[1.171s] -- Up-to-date symlink: /home/nvidia/acfly_ws/install/mavros_msgs/include/mavros_msgs/mavros_msgs/msg/detail/actuator_control__rosidl_typesupport_fastrtps_c.h
[1.172s] -- Up-to-date symlink: /home/nvidia/acfly_ws/install/mavros_msgs/include/mavros_msgs/mavros_msgs/msg/detail/adsb_vehicle__rosidl_typesupport_fastrtps_c.h
[1.172s] -- Up-to-date symlink: /home/nvidia/acfly_ws/install/mavros_msgs/include/mavros_msgs/mavros_msgs/msg/detail/altitude__rosidl_typesupport_fastrtps_c.h
[1.172s] -- Up-to-date symlink: /home/nvidia/acfly_ws/install/mavros_msgs/include/mavros_msgs/mavros_msgs/msg/detail/attitude_target__rosidl_typesupport_fastrtps_c.h
[1.173s] -- Up-to-date symlink: /home/nvidia/acfly_ws/install/mavros_msgs/include/mavros_msgs/mavros_msgs/msg/detail/cam_imu_stamp__rosidl_typesupport_fastrtps_c.h
[1.173s] -- Up-to-date symlink: /home/nvidia/acfly_ws/install/mavros_msgs/include/mavros_msgs/mavros_msgs/msg/detail/camera_image_captured__rosidl_typesupport_fastrtps_c.h
[1.173s] -- Up-to-date symlink: /home/nvidia/acfly_ws/install/mavros_msgs/include/mavros_msgs/mavros_msgs/msg/detail/cellular_status__rosidl_typesupport_fastrtps_c.h
[1.174s] -- Up-to-date symlink: /home/nvidia/acfly_ws/install/mavros_msgs/include/mavros_msgs/mavros_msgs/msg/detail/command_code__rosidl_typesupport_fastrtps_c.h
[1.174s] -- Up-to-date symlink: /home/nvidia/acfly_ws/install/mavros_msgs/include/mavros_msgs/mavros_msgs/msg/detail/companion_process_status__rosidl_typesupport_fastrtps_c.h
[1.174s] -- Up-to-date symlink: /home/nvidia/acfly_ws/install/mavros_msgs/include/mavros_msgs/mavros_msgs/msg/detail/debug_value__rosidl_typesupport_fastrtps_c.h
[1.175s] -- Up-to-date symlink: /home/nvidia/acfly_ws/install/mavros_msgs/include/mavros_msgs/mavros_msgs/msg/detail/esc_info__rosidl_typesupport_fastrtps_c.h
[1.176s] -- Up-to-date symlink: /home/nvidia/acfly_ws/install/mavros_msgs/include/mavros_msgs/mavros_msgs/msg/detail/esc_info_item__rosidl_typesupport_fastrtps_c.h
[1.176s] -- Up-to-date symlink: /home/nvidia/acfly_ws/install/mavros_msgs/include/mavros_msgs/mavros_msgs/msg/detail/esc_status__rosidl_typesupport_fastrtps_c.h
[1.176s] -- Up-to-date symlink: /home/nvidia/acfly_ws/install/mavros_msgs/include/mavros_msgs/mavros_msgs/msg/detail/esc_status_item__rosidl_typesupport_fastrtps_c.h
[1.177s] -- Up-to-date symlink: /home/nvidia/acfly_ws/install/mavros_msgs/include/mavros_msgs/mavros_msgs/msg/detail/esc_telemetry__rosidl_typesupport_fastrtps_c.h
[1.177s] -- Up-to-date symlink: /home/nvidia/acfly_ws/install/mavros_msgs/include/mavros_msgs/mavros_msgs/msg/detail/esc_telemetry_item__rosidl_typesupport_fastrtps_c.h
[1.178s] -- Up-to-date symlink: /home/nvidia/acfly_ws/install/mavros_msgs/include/mavros_msgs/mavros_msgs/msg/detail/estimator_status__rosidl_typesupport_fastrtps_c.h
[1.178s] -- Up-to-date symlink: /home/nvidia/acfly_ws/install/mavros_msgs/include/mavros_msgs/mavros_msgs/msg/detail/extended_state__rosidl_typesupport_fastrtps_c.h
[1.179s] -- Up-to-date symlink: /home/nvidia/acfly_ws/install/mavros_msgs/include/mavros_msgs/mavros_msgs/msg/detail/file_entry__rosidl_typesupport_fastrtps_c.h
[1.179s] -- Up-to-date symlink: /home/nvidia/acfly_ws/install/mavros_msgs/include/mavros_msgs/mavros_msgs/msg/detail/gimbal_device_attitude_status__rosidl_typesupport_fastrtps_c.h
[1.180s] -- Up-to-date symlink: /home/nvidia/acfly_ws/install/mavros_msgs/include/mavros_msgs/mavros_msgs/msg/detail/gimbal_device_information__rosidl_typesupport_fastrtps_c.h
[1.180s] -- Up-to-date symlink: /home/nvidia/acfly_ws/install/mavros_msgs/include/mavros_msgs/mavros_msgs/msg/detail/gimbal_device_set_attitude__rosidl_typesupport_fastrtps_c.h
[1.180s] -- Up-to-date symlink: /home/nvidia/acfly_ws/install/mavros_msgs/include/mavros_msgs/mavros_msgs/msg/detail/gimbal_manager_information__rosidl_typesupport_fastrtps_c.h
[1.180s] -- Up-to-date symlink: /home/nvidia/acfly_ws/install/mavros_msgs/include/mavros_msgs/mavros_msgs/msg/detail/gimbal_manager_set_attitude__rosidl_typesupport_fastrtps_c.h
[1.181s] -- Up-to-date symlink: /home/nvidia/acfly_ws/install/mavros_msgs/include/mavros_msgs/mavros_msgs/msg/detail/gimbal_manager_set_pitchyaw__rosidl_typesupport_fastrtps_c.h
[1.181s] -- Up-to-date symlink: /home/nvidia/acfly_ws/install/mavros_msgs/include/mavros_msgs/mavros_msgs/msg/detail/gimbal_manager_status__rosidl_typesupport_fastrtps_c.h
[1.181s] -- Up-to-date symlink: /home/nvidia/acfly_ws/install/mavros_msgs/include/mavros_msgs/mavros_msgs/msg/detail/global_position_target__rosidl_typesupport_fastrtps_c.h
[1.182s] -- Up-to-date symlink: /home/nvidia/acfly_ws/install/mavros_msgs/include/mavros_msgs/mavros_msgs/msg/detail/gpsinput__rosidl_typesupport_fastrtps_c.h
[1.182s] -- Up-to-date symlink: /home/nvidia/acfly_ws/install/mavros_msgs/include/mavros_msgs/mavros_msgs/msg/detail/gpsraw__rosidl_typesupport_fastrtps_c.h
[1.183s] -- Up-to-date symlink: /home/nvidia/acfly_ws/install/mavros_msgs/include/mavros_msgs/mavros_msgs/msg/detail/gpsrtk__rosidl_typesupport_fastrtps_c.h
[1.183s] -- Up-to-date symlink: /home/nvidia/acfly_ws/install/mavros_msgs/include/mavros_msgs/mavros_msgs/msg/detail/hil_actuator_controls__rosidl_typesupport_fastrtps_c.h
[1.183s] -- Up-to-date symlink: /home/nvidia/acfly_ws/install/mavros_msgs/include/mavros_msgs/mavros_msgs/msg/detail/hil_controls__rosidl_typesupport_fastrtps_c.h
[1.183s] -- Up-to-date symlink: /home/nvidia/acfly_ws/install/mavros_msgs/include/mavros_msgs/mavros_msgs/msg/detail/hil_gps__rosidl_typesupport_fastrtps_c.h
[1.184s] -- Up-to-date symlink: /home/nvidia/acfly_ws/install/mavros_msgs/include/mavros_msgs/mavros_msgs/msg/detail/hil_sensor__rosidl_typesupport_fastrtps_c.h
[1.186s] -- Up-to-date symlink: /home/nvidia/acfly_ws/install/mavros_msgs/include/mavros_msgs/mavros_msgs/msg/detail/hil_state_quaternion__rosidl_typesupport_fastrtps_c.h
[1.186s] -- Up-to-date symlink: /home/nvidia/acfly_ws/install/mavros_msgs/include/mavros_msgs/mavros_msgs/msg/detail/home_position__rosidl_typesupport_fastrtps_c.h
[1.187s] -- Up-to-date symlink: /home/nvidia/acfly_ws/install/mavros_msgs/include/mavros_msgs/mavros_msgs/msg/detail/landing_target__rosidl_typesupport_fastrtps_c.h
[1.187s] -- Up-to-date symlink: /home/nvidia/acfly_ws/install/mavros_msgs/include/mavros_msgs/mavros_msgs/msg/detail/log_data__rosidl_typesupport_fastrtps_c.h
[1.188s] -- Up-to-date symlink: /home/nvidia/acfly_ws/install/mavros_msgs/include/mavros_msgs/mavros_msgs/msg/detail/log_entry__rosidl_typesupport_fastrtps_c.h
[1.188s] -- Up-to-date symlink: /home/nvidia/acfly_ws/install/mavros_msgs/include/mavros_msgs/mavros_msgs/msg/detail/magnetometer_reporter__rosidl_typesupport_fastrtps_c.h
[1.189s] -- Up-to-date symlink: /home/nvidia/acfly_ws/install/mavros_msgs/include/mavros_msgs/mavros_msgs/msg/detail/manual_control__rosidl_typesupport_fastrtps_c.h
[1.189s] -- Up-to-date symlink: /home/nvidia/acfly_ws/install/mavros_msgs/include/mavros_msgs/mavros_msgs/msg/detail/mavlink__rosidl_typesupport_fastrtps_c.h
[1.189s] -- Up-to-date symlink: /home/nvidia/acfly_ws/install/mavros_msgs/include/mavros_msgs/mavros_msgs/msg/detail/mount_control__rosidl_typesupport_fastrtps_c.h
[1.189s] -- Up-to-date symlink: /home/nvidia/acfly_ws/install/mavros_msgs/include/mavros_msgs/mavros_msgs/msg/detail/nav_controller_output__rosidl_typesupport_fastrtps_c.h
[1.190s] -- Up-to-date symlink: /home/nvidia/acfly_ws/install/mavros_msgs/include/mavros_msgs/mavros_msgs/msg/detail/onboard_computer_status__rosidl_typesupport_fastrtps_c.h
[1.190s] -- Up-to-date symlink: /home/nvidia/acfly_ws/install/mavros_msgs/include/mavros_msgs/mavros_msgs/msg/detail/open_drone_id_basic_id__rosidl_typesupport_fastrtps_c.h
[1.191s] -- Up-to-date symlink: /home/nvidia/acfly_ws/install/mavros_msgs/include/mavros_msgs/mavros_msgs/msg/detail/open_drone_id_operator_id__rosidl_typesupport_fastrtps_c.h
[1.191s] -- Up-to-date symlink: /home/nvidia/acfly_ws/install/mavros_msgs/include/mavros_msgs/mavros_msgs/msg/detail/open_drone_id_self_id__rosidl_typesupport_fastrtps_c.h
[1.191s] -- Up-to-date symlink: /home/nvidia/acfly_ws/install/mavros_msgs/include/mavros_msgs/mavros_msgs/msg/detail/open_drone_id_system__rosidl_typesupport_fastrtps_c.h
[1.193s] -- Up-to-date symlink: /home/nvidia/acfly_ws/install/mavros_msgs/include/mavros_msgs/mavros_msgs/msg/detail/open_drone_id_system_update__rosidl_typesupport_fastrtps_c.h
[1.194s] -- Up-to-date symlink: /home/nvidia/acfly_ws/install/mavros_msgs/include/mavros_msgs/mavros_msgs/msg/detail/optical_flow__rosidl_typesupport_fastrtps_c.h
[1.194s] -- Up-to-date symlink: /home/nvidia/acfly_ws/install/mavros_msgs/include/mavros_msgs/mavros_msgs/msg/detail/optical_flow_rad__rosidl_typesupport_fastrtps_c.h
[1.194s] -- Up-to-date symlink: /home/nvidia/acfly_ws/install/mavros_msgs/include/mavros_msgs/mavros_msgs/msg/detail/override_rc_in__rosidl_typesupport_fastrtps_c.h
[1.194s] -- Up-to-date symlink: /home/nvidia/acfly_ws/install/mavros_msgs/include/mavros_msgs/mavros_msgs/msg/detail/param__rosidl_typesupport_fastrtps_c.h
[1.195s] -- Up-to-date symlink: /home/nvidia/acfly_ws/install/mavros_msgs/include/mavros_msgs/mavros_msgs/msg/detail/param_event__rosidl_typesupport_fastrtps_c.h
[1.195s] -- Up-to-date symlink: /home/nvidia/acfly_ws/install/mavros_msgs/include/mavros_msgs/mavros_msgs/msg/detail/param_value__rosidl_typesupport_fastrtps_c.h
[1.195s] -- Up-to-date symlink: /home/nvidia/acfly_ws/install/mavros_msgs/include/mavros_msgs/mavros_msgs/msg/detail/play_tune_v2__rosidl_typesupport_fastrtps_c.h
[1.196s] -- Up-to-date symlink: /home/nvidia/acfly_ws/install/mavros_msgs/include/mavros_msgs/mavros_msgs/msg/detail/position_target__rosidl_typesupport_fastrtps_c.h
[1.196s] -- Up-to-date symlink: /home/nvidia/acfly_ws/install/mavros_msgs/include/mavros_msgs/mavros_msgs/msg/detail/radio_status__rosidl_typesupport_fastrtps_c.h
[1.197s] -- Up-to-date symlink: /home/nvidia/acfly_ws/install/mavros_msgs/include/mavros_msgs/mavros_msgs/msg/detail/rc_in__rosidl_typesupport_fastrtps_c.h
[1.197s] -- Up-to-date symlink: /home/nvidia/acfly_ws/install/mavros_msgs/include/mavros_msgs/mavros_msgs/msg/detail/rc_out__rosidl_typesupport_fastrtps_c.h
[1.198s] -- Up-to-date symlink: /home/nvidia/acfly_ws/install/mavros_msgs/include/mavros_msgs/mavros_msgs/msg/detail/rtcm__rosidl_typesupport_fastrtps_c.h
[1.198s] -- Up-to-date symlink: /home/nvidia/acfly_ws/install/mavros_msgs/include/mavros_msgs/mavros_msgs/msg/detail/rtk_baseline__rosidl_typesupport_fastrtps_c.h
[1.199s] -- Up-to-date symlink: /home/nvidia/acfly_ws/install/mavros_msgs/include/mavros_msgs/mavros_msgs/msg/detail/state__rosidl_typesupport_fastrtps_c.h
[1.199s] -- Up-to-date symlink: /home/nvidia/acfly_ws/install/mavros_msgs/include/mavros_msgs/mavros_msgs/msg/detail/status_event__rosidl_typesupport_fastrtps_c.h
[1.199s] -- Up-to-date symlink: /home/nvidia/acfly_ws/install/mavros_msgs/include/mavros_msgs/mavros_msgs/msg/detail/status_text__rosidl_typesupport_fastrtps_c.h
[1.199s] -- Up-to-date symlink: /home/nvidia/acfly_ws/install/mavros_msgs/include/mavros_msgs/mavros_msgs/msg/detail/sys_status__rosidl_typesupport_fastrtps_c.h
[1.199s] -- Up-to-date symlink: /home/nvidia/acfly_ws/install/mavros_msgs/include/mavros_msgs/mavros_msgs/msg/detail/terrain_report__rosidl_typesupport_fastrtps_c.h
[1.200s] -- Up-to-date symlink: /home/nvidia/acfly_ws/install/mavros_msgs/include/mavros_msgs/mavros_msgs/msg/detail/thrust__rosidl_typesupport_fastrtps_c.h
[1.200s] -- Up-to-date symlink: /home/nvidia/acfly_ws/install/mavros_msgs/include/mavros_msgs/mavros_msgs/msg/detail/timesync_status__rosidl_typesupport_fastrtps_c.h
[1.200s] -- Up-to-date symlink: /home/nvidia/acfly_ws/install/mavros_msgs/include/mavros_msgs/mavros_msgs/msg/detail/trajectory__rosidl_typesupport_fastrtps_c.h
[1.200s] -- Up-to-date symlink: /home/nvidia/acfly_ws/install/mavros_msgs/include/mavros_msgs/mavros_msgs/msg/detail/tunnel__rosidl_typesupport_fastrtps_c.h
[1.200s] -- Up-to-date symlink: /home/nvidia/acfly_ws/install/mavros_msgs/include/mavros_msgs/mavros_msgs/msg/detail/vehicle_info__rosidl_typesupport_fastrtps_c.h
[1.201s] -- Up-to-date symlink: /home/nvidia/acfly_ws/install/mavros_msgs/include/mavros_msgs/mavros_msgs/msg/detail/vfr_hud__rosidl_typesupport_fastrtps_c.h
[1.201s] -- Up-to-date symlink: /home/nvidia/acfly_ws/install/mavros_msgs/include/mavros_msgs/mavros_msgs/msg/detail/vibration__rosidl_typesupport_fastrtps_c.h
[1.201s] -- Up-to-date symlink: /home/nvidia/acfly_ws/install/mavros_msgs/include/mavros_msgs/mavros_msgs/msg/detail/waypoint__rosidl_typesupport_fastrtps_c.h
[1.201s] -- Up-to-date symlink: /home/nvidia/acfly_ws/install/mavros_msgs/include/mavros_msgs/mavros_msgs/msg/detail/waypoint_list__rosidl_typesupport_fastrtps_c.h
[1.202s] -- Up-to-date symlink: /home/nvidia/acfly_ws/install/mavros_msgs/include/mavros_msgs/mavros_msgs/msg/detail/waypoint_reached__rosidl_typesupport_fastrtps_c.h
[1.203s] -- Up-to-date symlink: /home/nvidia/acfly_ws/install/mavros_msgs/include/mavros_msgs/mavros_msgs/msg/detail/wheel_odom_stamped__rosidl_typesupport_fastrtps_c.h
[1.203s] -- Up-to-date symlink: /home/nvidia/acfly_ws/install/mavros_msgs/include/mavros_msgs/mavros_msgs/msg/rosidl_typesupport_fastrtps_c__visibility_control.h
[1.203s] -- Up-to-date symlink: /home/nvidia/acfly_ws/install/mavros_msgs/include/mavros_msgs/mavros_msgs/srv/detail/command_ack__rosidl_typesupport_fastrtps_c.h
[1.204s] -- Up-to-date symlink: /home/nvidia/acfly_ws/install/mavros_msgs/include/mavros_msgs/mavros_msgs/srv/detail/command_bool__rosidl_typesupport_fastrtps_c.h
[1.204s] -- Up-to-date symlink: /home/nvidia/acfly_ws/install/mavros_msgs/include/mavros_msgs/mavros_msgs/srv/detail/command_home__rosidl_typesupport_fastrtps_c.h
[1.204s] -- Up-to-date symlink: /home/nvidia/acfly_ws/install/mavros_msgs/include/mavros_msgs/mavros_msgs/srv/detail/command_int__rosidl_typesupport_fastrtps_c.h
[1.205s] -- Up-to-date symlink: /home/nvidia/acfly_ws/install/mavros_msgs/include/mavros_msgs/mavros_msgs/srv/detail/command_long__rosidl_typesupport_fastrtps_c.h
[1.205s] -- Up-to-date symlink: /home/nvidia/acfly_ws/install/mavros_msgs/include/mavros_msgs/mavros_msgs/srv/detail/command_tol__rosidl_typesupport_fastrtps_c.h
[1.205s] -- Up-to-date symlink: /home/nvidia/acfly_ws/install/mavros_msgs/include/mavros_msgs/mavros_msgs/srv/detail/command_tol_local__rosidl_typesupport_fastrtps_c.h
[1.206s] -- Up-to-date symlink: /home/nvidia/acfly_ws/install/mavros_msgs/include/mavros_msgs/mavros_msgs/srv/detail/command_trigger_control__rosidl_typesupport_fastrtps_c.h
[1.206s] -- Up-to-date symlink: /home/nvidia/acfly_ws/install/mavros_msgs/include/mavros_msgs/mavros_msgs/srv/detail/command_trigger_interval__rosidl_typesupport_fastrtps_c.h
[1.206s] -- Up-to-date symlink: /home/nvidia/acfly_ws/install/mavros_msgs/include/mavros_msgs/mavros_msgs/srv/detail/command_vtol_transition__rosidl_typesupport_fastrtps_c.h
[1.207s] -- Up-to-date symlink: /home/nvidia/acfly_ws/install/mavros_msgs/include/mavros_msgs/mavros_msgs/srv/detail/endpoint_add__rosidl_typesupport_fastrtps_c.h
[1.208s] -- Up-to-date symlink: /home/nvidia/acfly_ws/install/mavros_msgs/include/mavros_msgs/mavros_msgs/srv/detail/endpoint_del__rosidl_typesupport_fastrtps_c.h
[1.208s] -- Up-to-date symlink: /home/nvidia/acfly_ws/install/mavros_msgs/include/mavros_msgs/mavros_msgs/srv/detail/file_checksum__rosidl_typesupport_fastrtps_c.h
[1.208s] -- Up-to-date symlink: /home/nvidia/acfly_ws/install/mavros_msgs/include/mavros_msgs/mavros_msgs/srv/detail/file_close__rosidl_typesupport_fastrtps_c.h
[1.208s] -- Up-to-date symlink: /home/nvidia/acfly_ws/install/mavros_msgs/include/mavros_msgs/mavros_msgs/srv/detail/file_list__rosidl_typesupport_fastrtps_c.h
[1.209s] -- Up-to-date symlink: /home/nvidia/acfly_ws/install/mavros_msgs/include/mavros_msgs/mavros_msgs/srv/detail/file_make_dir__rosidl_typesupport_fastrtps_c.h
[1.209s] -- Up-to-date symlink: /home/nvidia/acfly_ws/install/mavros_msgs/include/mavros_msgs/mavros_msgs/srv/detail/file_open__rosidl_typesupport_fastrtps_c.h
[1.209s] -- Up-to-date symlink: /home/nvidia/acfly_ws/install/mavros_msgs/include/mavros_msgs/mavros_msgs/srv/detail/file_read__rosidl_typesupport_fastrtps_c.h
[1.210s] -- Up-to-date symlink: /home/nvidia/acfly_ws/install/mavros_msgs/include/mavros_msgs/mavros_msgs/srv/detail/file_remove__rosidl_typesupport_fastrtps_c.h
[1.210s] -- Up-to-date symlink: /home/nvidia/acfly_ws/install/mavros_msgs/include/mavros_msgs/mavros_msgs/srv/detail/file_remove_dir__rosidl_typesupport_fastrtps_c.h
[1.211s] -- Up-to-date symlink: /home/nvidia/acfly_ws/install/mavros_msgs/include/mavros_msgs/mavros_msgs/srv/detail/file_rename__rosidl_typesupport_fastrtps_c.h
[1.211s] -- Up-to-date symlink: /home/nvidia/acfly_ws/install/mavros_msgs/include/mavros_msgs/mavros_msgs/srv/detail/file_truncate__rosidl_typesupport_fastrtps_c.h
[1.211s] -- Up-to-date symlink: /home/nvidia/acfly_ws/install/mavros_msgs/include/mavros_msgs/mavros_msgs/srv/detail/file_write__rosidl_typesupport_fastrtps_c.h
[1.213s] -- Up-to-date symlink: /home/nvidia/acfly_ws/install/mavros_msgs/include/mavros_msgs/mavros_msgs/srv/detail/gimbal_get_information__rosidl_typesupport_fastrtps_c.h
[1.213s] -- Up-to-date symlink: /home/nvidia/acfly_ws/install/mavros_msgs/include/mavros_msgs/mavros_msgs/srv/detail/gimbal_manager_camera_track__rosidl_typesupport_fastrtps_c.h
[1.214s] -- Up-to-date symlink: /home/nvidia/acfly_ws/install/mavros_msgs/include/mavros_msgs/mavros_msgs/srv/detail/gimbal_manager_configure__rosidl_typesupport_fastrtps_c.h
[1.215s] -- Up-to-date symlink: /home/nvidia/acfly_ws/install/mavros_msgs/include/mavros_msgs/mavros_msgs/srv/detail/gimbal_manager_pitchyaw__rosidl_typesupport_fastrtps_c.h
[1.215s] -- Up-to-date symlink: /home/nvidia/acfly_ws/install/mavros_msgs/include/mavros_msgs/mavros_msgs/srv/detail/gimbal_manager_set_roi__rosidl_typesupport_fastrtps_c.h
[1.216s] -- Up-to-date symlink: /home/nvidia/acfly_ws/install/mavros_msgs/include/mavros_msgs/mavros_msgs/srv/detail/log_request_data__rosidl_typesupport_fastrtps_c.h
[1.216s] -- Up-to-date symlink: /home/nvidia/acfly_ws/install/mavros_msgs/include/mavros_msgs/mavros_msgs/srv/detail/log_request_end__rosidl_typesupport_fastrtps_c.h
[1.217s] -- Up-to-date symlink: /home/nvidia/acfly_ws/install/mavros_msgs/include/mavros_msgs/mavros_msgs/srv/detail/log_request_list__rosidl_typesupport_fastrtps_c.h
[1.217s] -- Up-to-date symlink: /home/nvidia/acfly_ws/install/mavros_msgs/include/mavros_msgs/mavros_msgs/srv/detail/message_interval__rosidl_typesupport_fastrtps_c.h
[1.217s] -- Up-to-date symlink: /home/nvidia/acfly_ws/install/mavros_msgs/include/mavros_msgs/mavros_msgs/srv/detail/mount_configure__rosidl_typesupport_fastrtps_c.h
[1.218s] -- Up-to-date symlink: /home/nvidia/acfly_ws/install/mavros_msgs/include/mavros_msgs/mavros_msgs/srv/detail/param_get__rosidl_typesupport_fastrtps_c.h
[1.218s] -- Up-to-date symlink: /home/nvidia/acfly_ws/install/mavros_msgs/include/mavros_msgs/mavros_msgs/srv/detail/param_pull__rosidl_typesupport_fastrtps_c.h
[1.219s] -- Up-to-date symlink: /home/nvidia/acfly_ws/install/mavros_msgs/include/mavros_msgs/mavros_msgs/srv/detail/param_push__rosidl_typesupport_fastrtps_c.h
[1.219s] -- Up-to-date symlink: /home/nvidia/acfly_ws/install/mavros_msgs/include/mavros_msgs/mavros_msgs/srv/detail/param_set__rosidl_typesupport_fastrtps_c.h
[1.220s] -- Up-to-date symlink: /home/nvidia/acfly_ws/install/mavros_msgs/include/mavros_msgs/mavros_msgs/srv/detail/param_set_v2__rosidl_typesupport_fastrtps_c.h
[1.220s] -- Up-to-date symlink: /home/nvidia/acfly_ws/install/mavros_msgs/include/mavros_msgs/mavros_msgs/srv/detail/set_mav_frame__rosidl_typesupport_fastrtps_c.h
[1.221s] -- Up-to-date symlink: /home/nvidia/acfly_ws/install/mavros_msgs/include/mavros_msgs/mavros_msgs/srv/detail/set_mode__rosidl_typesupport_fastrtps_c.h
[1.221s] -- Up-to-date symlink: /home/nvidia/acfly_ws/install/mavros_msgs/include/mavros_msgs/mavros_msgs/srv/detail/stream_rate__rosidl_typesupport_fastrtps_c.h
[1.222s] -- Up-to-date symlink: /home/nvidia/acfly_ws/install/mavros_msgs/include/mavros_msgs/mavros_msgs/srv/detail/vehicle_info_get__rosidl_typesupport_fastrtps_c.h
[1.222s] -- Up-to-date symlink: /home/nvidia/acfly_ws/install/mavros_msgs/include/mavros_msgs/mavros_msgs/srv/detail/waypoint_clear__rosidl_typesupport_fastrtps_c.h
[1.222s] -- Up-to-date symlink: /home/nvidia/acfly_ws/install/mavros_msgs/include/mavros_msgs/mavros_msgs/srv/detail/waypoint_pull__rosidl_typesupport_fastrtps_c.h
[1.223s] -- Up-to-date symlink: /home/nvidia/acfly_ws/install/mavros_msgs/include/mavros_msgs/mavros_msgs/srv/detail/waypoint_push__rosidl_typesupport_fastrtps_c.h
[1.223s] -- Up-to-date symlink: /home/nvidia/acfly_ws/install/mavros_msgs/include/mavros_msgs/mavros_msgs/srv/detail/waypoint_set_current__rosidl_typesupport_fastrtps_c.h
[1.223s] -- Up-to-date symlink: /home/nvidia/acfly_ws/install/mavros_msgs/include/mavros_msgs/mavros_msgs/msg/detail/actuator_control__rosidl_typesupport_introspection_c.h
[1.223s] -- Up-to-date symlink: /home/nvidia/acfly_ws/install/mavros_msgs/include/mavros_msgs/mavros_msgs/msg/detail/adsb_vehicle__rosidl_typesupport_introspection_c.h
[1.223s] -- Up-to-date symlink: /home/nvidia/acfly_ws/install/mavros_msgs/include/mavros_msgs/mavros_msgs/msg/detail/altitude__rosidl_typesupport_introspection_c.h
[1.224s] -- Up-to-date symlink: /home/nvidia/acfly_ws/install/mavros_msgs/include/mavros_msgs/mavros_msgs/msg/detail/attitude_target__rosidl_typesupport_introspection_c.h
[1.224s] -- Up-to-date symlink: /home/nvidia/acfly_ws/install/mavros_msgs/include/mavros_msgs/mavros_msgs/msg/detail/cam_imu_stamp__rosidl_typesupport_introspection_c.h
[1.224s] -- Up-to-date symlink: /home/nvidia/acfly_ws/install/mavros_msgs/include/mavros_msgs/mavros_msgs/msg/detail/camera_image_captured__rosidl_typesupport_introspection_c.h
[1.224s] -- Up-to-date symlink: /home/nvidia/acfly_ws/install/mavros_msgs/include/mavros_msgs/mavros_msgs/msg/detail/cellular_status__rosidl_typesupport_introspection_c.h
[1.224s] -- Up-to-date symlink: /home/nvidia/acfly_ws/install/mavros_msgs/include/mavros_msgs/mavros_msgs/msg/detail/command_code__rosidl_typesupport_introspection_c.h
[1.224s] -- Up-to-date symlink: /home/nvidia/acfly_ws/install/mavros_msgs/include/mavros_msgs/mavros_msgs/msg/detail/companion_process_status__rosidl_typesupport_introspection_c.h
[1.224s] -- Up-to-date symlink: /home/nvidia/acfly_ws/install/mavros_msgs/include/mavros_msgs/mavros_msgs/msg/detail/debug_value__rosidl_typesupport_introspection_c.h
[1.225s] -- Up-to-date symlink: /home/nvidia/acfly_ws/install/mavros_msgs/include/mavros_msgs/mavros_msgs/msg/detail/esc_info__rosidl_typesupport_introspection_c.h
[1.225s] -- Up-to-date symlink: /home/nvidia/acfly_ws/install/mavros_msgs/include/mavros_msgs/mavros_msgs/msg/detail/esc_info_item__rosidl_typesupport_introspection_c.h
[1.225s] -- Up-to-date symlink: /home/nvidia/acfly_ws/install/mavros_msgs/include/mavros_msgs/mavros_msgs/msg/detail/esc_status__rosidl_typesupport_introspection_c.h
[1.225s] -- Up-to-date symlink: /home/nvidia/acfly_ws/install/mavros_msgs/include/mavros_msgs/mavros_msgs/msg/detail/esc_status_item__rosidl_typesupport_introspection_c.h
[1.225s] -- Up-to-date symlink: /home/nvidia/acfly_ws/install/mavros_msgs/include/mavros_msgs/mavros_msgs/msg/detail/esc_telemetry__rosidl_typesupport_introspection_c.h
[1.225s] -- Up-to-date symlink: /home/nvidia/acfly_ws/install/mavros_msgs/include/mavros_msgs/mavros_msgs/msg/detail/esc_telemetry_item__rosidl_typesupport_introspection_c.h
[1.225s] -- Up-to-date symlink: /home/nvidia/acfly_ws/install/mavros_msgs/include/mavros_msgs/mavros_msgs/msg/detail/estimator_status__rosidl_typesupport_introspection_c.h
[1.225s] -- Up-to-date symlink: /home/nvidia/acfly_ws/install/mavros_msgs/include/mavros_msgs/mavros_msgs/msg/detail/extended_state__rosidl_typesupport_introspection_c.h
[1.226s] -- Up-to-date symlink: /home/nvidia/acfly_ws/install/mavros_msgs/include/mavros_msgs/mavros_msgs/msg/detail/file_entry__rosidl_typesupport_introspection_c.h
[1.226s] -- Up-to-date symlink: /home/nvidia/acfly_ws/install/mavros_msgs/include/mavros_msgs/mavros_msgs/msg/detail/gimbal_device_attitude_status__rosidl_typesupport_introspection_c.h
[1.226s] -- Up-to-date symlink: /home/nvidia/acfly_ws/install/mavros_msgs/include/mavros_msgs/mavros_msgs/msg/detail/gimbal_device_information__rosidl_typesupport_introspection_c.h
[1.226s] -- Up-to-date symlink: /home/nvidia/acfly_ws/install/mavros_msgs/include/mavros_msgs/mavros_msgs/msg/detail/gimbal_device_set_attitude__rosidl_typesupport_introspection_c.h
[1.226s] -- Up-to-date symlink: /home/nvidia/acfly_ws/install/mavros_msgs/include/mavros_msgs/mavros_msgs/msg/detail/gimbal_manager_information__rosidl_typesupport_introspection_c.h
[1.226s] -- Up-to-date symlink: /home/nvidia/acfly_ws/install/mavros_msgs/include/mavros_msgs/mavros_msgs/msg/detail/gimbal_manager_set_attitude__rosidl_typesupport_introspection_c.h
[1.226s] -- Up-to-date symlink: /home/nvidia/acfly_ws/install/mavros_msgs/include/mavros_msgs/mavros_msgs/msg/detail/gimbal_manager_set_pitchyaw__rosidl_typesupport_introspection_c.h
[1.226s] -- Up-to-date symlink: /home/nvidia/acfly_ws/install/mavros_msgs/include/mavros_msgs/mavros_msgs/msg/detail/gimbal_manager_status__rosidl_typesupport_introspection_c.h
[1.227s] -- Up-to-date symlink: /home/nvidia/acfly_ws/install/mavros_msgs/include/mavros_msgs/mavros_msgs/msg/detail/global_position_target__rosidl_typesupport_introspection_c.h
[1.227s] -- Up-to-date symlink: /home/nvidia/acfly_ws/install/mavros_msgs/include/mavros_msgs/mavros_msgs/msg/detail/gpsinput__rosidl_typesupport_introspection_c.h
[1.227s] -- Up-to-date symlink: /home/nvidia/acfly_ws/install/mavros_msgs/include/mavros_msgs/mavros_msgs/msg/detail/gpsraw__rosidl_typesupport_introspection_c.h
[1.227s] -- Up-to-date symlink: /home/nvidia/acfly_ws/install/mavros_msgs/include/mavros_msgs/mavros_msgs/msg/detail/gpsrtk__rosidl_typesupport_introspection_c.h
[1.227s] -- Up-to-date symlink: /home/nvidia/acfly_ws/install/mavros_msgs/include/mavros_msgs/mavros_msgs/msg/detail/hil_actuator_controls__rosidl_typesupport_introspection_c.h
[1.227s] -- Up-to-date symlink: /home/nvidia/acfly_ws/install/mavros_msgs/include/mavros_msgs/mavros_msgs/msg/detail/hil_controls__rosidl_typesupport_introspection_c.h
[1.227s] -- Up-to-date symlink: /home/nvidia/acfly_ws/install/mavros_msgs/include/mavros_msgs/mavros_msgs/msg/detail/hil_gps__rosidl_typesupport_introspection_c.h
[1.227s] -- Up-to-date symlink: /home/nvidia/acfly_ws/install/mavros_msgs/include/mavros_msgs/mavros_msgs/msg/detail/hil_sensor__rosidl_typesupport_introspection_c.h
[1.227s] -- Up-to-date symlink: /home/nvidia/acfly_ws/install/mavros_msgs/include/mavros_msgs/mavros_msgs/msg/detail/hil_state_quaternion__rosidl_typesupport_introspection_c.h
[1.228s] -- Up-to-date symlink: /home/nvidia/acfly_ws/install/mavros_msgs/include/mavros_msgs/mavros_msgs/msg/detail/home_position__rosidl_typesupport_introspection_c.h
[1.228s] -- Up-to-date symlink: /home/nvidia/acfly_ws/install/mavros_msgs/include/mavros_msgs/mavros_msgs/msg/detail/landing_target__rosidl_typesupport_introspection_c.h
[1.228s] -- Up-to-date symlink: /home/nvidia/acfly_ws/install/mavros_msgs/include/mavros_msgs/mavros_msgs/msg/detail/log_data__rosidl_typesupport_introspection_c.h
[1.228s] -- Up-to-date symlink: /home/nvidia/acfly_ws/install/mavros_msgs/include/mavros_msgs/mavros_msgs/msg/detail/log_entry__rosidl_typesupport_introspection_c.h
[1.228s] -- Up-to-date symlink: /home/nvidia/acfly_ws/install/mavros_msgs/include/mavros_msgs/mavros_msgs/msg/detail/magnetometer_reporter__rosidl_typesupport_introspection_c.h
[1.228s] -- Up-to-date symlink: /home/nvidia/acfly_ws/install/mavros_msgs/include/mavros_msgs/mavros_msgs/msg/detail/manual_control__rosidl_typesupport_introspection_c.h
[1.228s] -- Up-to-date symlink: /home/nvidia/acfly_ws/install/mavros_msgs/include/mavros_msgs/mavros_msgs/msg/detail/mavlink__rosidl_typesupport_introspection_c.h
[1.229s] -- Up-to-date symlink: /home/nvidia/acfly_ws/install/mavros_msgs/include/mavros_msgs/mavros_msgs/msg/detail/mount_control__rosidl_typesupport_introspection_c.h
[1.229s] -- Up-to-date symlink: /home/nvidia/acfly_ws/install/mavros_msgs/include/mavros_msgs/mavros_msgs/msg/detail/nav_controller_output__rosidl_typesupport_introspection_c.h
[1.229s] -- Up-to-date symlink: /home/nvidia/acfly_ws/install/mavros_msgs/include/mavros_msgs/mavros_msgs/msg/detail/onboard_computer_status__rosidl_typesupport_introspection_c.h
[1.229s] -- Up-to-date symlink: /home/nvidia/acfly_ws/install/mavros_msgs/include/mavros_msgs/mavros_msgs/msg/detail/open_drone_id_basic_id__rosidl_typesupport_introspection_c.h
[1.229s] -- Up-to-date symlink: /home/nvidia/acfly_ws/install/mavros_msgs/include/mavros_msgs/mavros_msgs/msg/detail/open_drone_id_operator_id__rosidl_typesupport_introspection_c.h
[1.229s] -- Up-to-date symlink: /home/nvidia/acfly_ws/install/mavros_msgs/include/mavros_msgs/mavros_msgs/msg/detail/open_drone_id_self_id__rosidl_typesupport_introspection_c.h
[1.229s] -- Up-to-date symlink: /home/nvidia/acfly_ws/install/mavros_msgs/include/mavros_msgs/mavros_msgs/msg/detail/open_drone_id_system__rosidl_typesupport_introspection_c.h
[1.229s] -- Up-to-date symlink: /home/nvidia/acfly_ws/install/mavros_msgs/include/mavros_msgs/mavros_msgs/msg/detail/open_drone_id_system_update__rosidl_typesupport_introspection_c.h
[1.229s] -- Up-to-date symlink: /home/nvidia/acfly_ws/install/mavros_msgs/include/mavros_msgs/mavros_msgs/msg/detail/optical_flow__rosidl_typesupport_introspection_c.h
[1.230s] -- Up-to-date symlink: /home/nvidia/acfly_ws/install/mavros_msgs/include/mavros_msgs/mavros_msgs/msg/detail/optical_flow_rad__rosidl_typesupport_introspection_c.h
[1.230s] -- Up-to-date symlink: /home/nvidia/acfly_ws/install/mavros_msgs/include/mavros_msgs/mavros_msgs/msg/detail/override_rc_in__rosidl_typesupport_introspection_c.h
[1.230s] -- Up-to-date symlink: /home/nvidia/acfly_ws/install/mavros_msgs/include/mavros_msgs/mavros_msgs/msg/detail/param__rosidl_typesupport_introspection_c.h
[1.230s] -- Up-to-date symlink: /home/nvidia/acfly_ws/install/mavros_msgs/include/mavros_msgs/mavros_msgs/msg/detail/param_event__rosidl_typesupport_introspection_c.h
[1.230s] -- Up-to-date symlink: /home/nvidia/acfly_ws/install/mavros_msgs/include/mavros_msgs/mavros_msgs/msg/detail/param_value__rosidl_typesupport_introspection_c.h
[1.230s] -- Up-to-date symlink: /home/nvidia/acfly_ws/install/mavros_msgs/include/mavros_msgs/mavros_msgs/msg/detail/play_tune_v2__rosidl_typesupport_introspection_c.h
[1.230s] -- Up-to-date symlink: /home/nvidia/acfly_ws/install/mavros_msgs/include/mavros_msgs/mavros_msgs/msg/detail/position_target__rosidl_typesupport_introspection_c.h
[1.230s] -- Up-to-date symlink: /home/nvidia/acfly_ws/install/mavros_msgs/include/mavros_msgs/mavros_msgs/msg/detail/radio_status__rosidl_typesupport_introspection_c.h
[1.230s] -- Up-to-date symlink: /home/nvidia/acfly_ws/install/mavros_msgs/include/mavros_msgs/mavros_msgs/msg/detail/rc_in__rosidl_typesupport_introspection_c.h
[1.230s] -- Up-to-date symlink: /home/nvidia/acfly_ws/install/mavros_msgs/include/mavros_msgs/mavros_msgs/msg/detail/rc_out__rosidl_typesupport_introspection_c.h
[1.230s] -- Up-to-date symlink: /home/nvidia/acfly_ws/install/mavros_msgs/include/mavros_msgs/mavros_msgs/msg/detail/rtcm__rosidl_typesupport_introspection_c.h
[1.231s] -- Up-to-date symlink: /home/nvidia/acfly_ws/install/mavros_msgs/include/mavros_msgs/mavros_msgs/msg/detail/rtk_baseline__rosidl_typesupport_introspection_c.h
[1.231s] -- Up-to-date symlink: /home/nvidia/acfly_ws/install/mavros_msgs/include/mavros_msgs/mavros_msgs/msg/detail/state__rosidl_typesupport_introspection_c.h
[1.231s] -- Up-to-date symlink: /home/nvidia/acfly_ws/install/mavros_msgs/include/mavros_msgs/mavros_msgs/msg/detail/status_event__rosidl_typesupport_introspection_c.h
[1.231s] -- Up-to-date symlink: /home/nvidia/acfly_ws/install/mavros_msgs/include/mavros_msgs/mavros_msgs/msg/detail/status_text__rosidl_typesupport_introspection_c.h
[1.231s] -- Up-to-date symlink: /home/nvidia/acfly_ws/install/mavros_msgs/include/mavros_msgs/mavros_msgs/msg/detail/sys_status__rosidl_typesupport_introspection_c.h
[1.231s] -- Up-to-date symlink: /home/nvidia/acfly_ws/install/mavros_msgs/include/mavros_msgs/mavros_msgs/msg/detail/terrain_report__rosidl_typesupport_introspection_c.h
[1.231s] -- Up-to-date symlink: /home/nvidia/acfly_ws/install/mavros_msgs/include/mavros_msgs/mavros_msgs/msg/detail/thrust__rosidl_typesupport_introspection_c.h
[1.231s] -- Up-to-date symlink: /home/nvidia/acfly_ws/install/mavros_msgs/include/mavros_msgs/mavros_msgs/msg/detail/timesync_status__rosidl_typesupport_introspection_c.h
[1.231s] -- Up-to-date symlink: /home/nvidia/acfly_ws/install/mavros_msgs/include/mavros_msgs/mavros_msgs/msg/detail/trajectory__rosidl_typesupport_introspection_c.h
[1.231s] -- Up-to-date symlink: /home/nvidia/acfly_ws/install/mavros_msgs/include/mavros_msgs/mavros_msgs/msg/detail/tunnel__rosidl_typesupport_introspection_c.h
[1.232s] -- Up-to-date symlink: /home/nvidia/acfly_ws/install/mavros_msgs/include/mavros_msgs/mavros_msgs/msg/detail/vehicle_info__rosidl_typesupport_introspection_c.h
[1.232s] -- Up-to-date symlink: /home/nvidia/acfly_ws/install/mavros_msgs/include/mavros_msgs/mavros_msgs/msg/detail/vfr_hud__rosidl_typesupport_introspection_c.h
[1.232s] -- Up-to-date symlink: /home/nvidia/acfly_ws/install/mavros_msgs/include/mavros_msgs/mavros_msgs/msg/detail/vibration__rosidl_typesupport_introspection_c.h
[1.232s] -- Up-to-date symlink: /home/nvidia/acfly_ws/install/mavros_msgs/include/mavros_msgs/mavros_msgs/msg/detail/waypoint__rosidl_typesupport_introspection_c.h
[1.232s] -- Up-to-date symlink: /home/nvidia/acfly_ws/install/mavros_msgs/include/mavros_msgs/mavros_msgs/msg/detail/waypoint_list__rosidl_typesupport_introspection_c.h
[1.232s] -- Up-to-date symlink: /home/nvidia/acfly_ws/install/mavros_msgs/include/mavros_msgs/mavros_msgs/msg/detail/waypoint_reached__rosidl_typesupport_introspection_c.h
[1.232s] -- Up-to-date symlink: /home/nvidia/acfly_ws/install/mavros_msgs/include/mavros_msgs/mavros_msgs/msg/detail/wheel_odom_stamped__rosidl_typesupport_introspection_c.h
[1.232s] -- Up-to-date symlink: /home/nvidia/acfly_ws/install/mavros_msgs/include/mavros_msgs/mavros_msgs/msg/rosidl_typesupport_introspection_c__visibility_control.h
[1.232s] -- Up-to-date symlink: /home/nvidia/acfly_ws/install/mavros_msgs/include/mavros_msgs/mavros_msgs/srv/detail/command_ack__rosidl_typesupport_introspection_c.h
[1.232s] -- Up-to-date symlink: /home/nvidia/acfly_ws/install/mavros_msgs/include/mavros_msgs/mavros_msgs/srv/detail/command_bool__rosidl_typesupport_introspection_c.h
[1.233s] -- Up-to-date symlink: /home/nvidia/acfly_ws/install/mavros_msgs/include/mavros_msgs/mavros_msgs/srv/detail/command_home__rosidl_typesupport_introspection_c.h
[1.233s] -- Up-to-date symlink: /home/nvidia/acfly_ws/install/mavros_msgs/include/mavros_msgs/mavros_msgs/srv/detail/command_int__rosidl_typesupport_introspection_c.h
[1.233s] -- Up-to-date symlink: /home/nvidia/acfly_ws/install/mavros_msgs/include/mavros_msgs/mavros_msgs/srv/detail/command_long__rosidl_typesupport_introspection_c.h
[1.233s] -- Up-to-date symlink: /home/nvidia/acfly_ws/install/mavros_msgs/include/mavros_msgs/mavros_msgs/srv/detail/command_tol__rosidl_typesupport_introspection_c.h
[1.233s] -- Up-to-date symlink: /home/nvidia/acfly_ws/install/mavros_msgs/include/mavros_msgs/mavros_msgs/srv/detail/command_tol_local__rosidl_typesupport_introspection_c.h
[1.233s] -- Up-to-date symlink: /home/nvidia/acfly_ws/install/mavros_msgs/include/mavros_msgs/mavros_msgs/srv/detail/command_trigger_control__rosidl_typesupport_introspection_c.h
[1.233s] -- Up-to-date symlink: /home/nvidia/acfly_ws/install/mavros_msgs/include/mavros_msgs/mavros_msgs/srv/detail/command_trigger_interval__rosidl_typesupport_introspection_c.h
[1.233s] -- Up-to-date symlink: /home/nvidia/acfly_ws/install/mavros_msgs/include/mavros_msgs/mavros_msgs/srv/detail/command_vtol_transition__rosidl_typesupport_introspection_c.h
[1.233s] -- Up-to-date symlink: /home/nvidia/acfly_ws/install/mavros_msgs/include/mavros_msgs/mavros_msgs/srv/detail/endpoint_add__rosidl_typesupport_introspection_c.h
[1.233s] -- Up-to-date symlink: /home/nvidia/acfly_ws/install/mavros_msgs/include/mavros_msgs/mavros_msgs/srv/detail/endpoint_del__rosidl_typesupport_introspection_c.h
[1.233s] -- Up-to-date symlink: /home/nvidia/acfly_ws/install/mavros_msgs/include/mavros_msgs/mavros_msgs/srv/detail/file_checksum__rosidl_typesupport_introspection_c.h
[1.234s] -- Up-to-date symlink: /home/nvidia/acfly_ws/install/mavros_msgs/include/mavros_msgs/mavros_msgs/srv/detail/file_close__rosidl_typesupport_introspection_c.h
[1.234s] -- Up-to-date symlink: /home/nvidia/acfly_ws/install/mavros_msgs/include/mavros_msgs/mavros_msgs/srv/detail/file_list__rosidl_typesupport_introspection_c.h
[1.235s] -- Up-to-date symlink: /home/nvidia/acfly_ws/install/mavros_msgs/include/mavros_msgs/mavros_msgs/srv/detail/file_make_dir__rosidl_typesupport_introspection_c.h
[1.235s] -- Up-to-date symlink: /home/nvidia/acfly_ws/install/mavros_msgs/include/mavros_msgs/mavros_msgs/srv/detail/file_open__rosidl_typesupport_introspection_c.h
[1.235s] -- Up-to-date symlink: /home/nvidia/acfly_ws/install/mavros_msgs/include/mavros_msgs/mavros_msgs/srv/detail/file_read__rosidl_typesupport_introspection_c.h
[1.235s] -- Up-to-date symlink: /home/nvidia/acfly_ws/install/mavros_msgs/include/mavros_msgs/mavros_msgs/srv/detail/file_remove__rosidl_typesupport_introspection_c.h
[1.235s] -- Up-to-date symlink: /home/nvidia/acfly_ws/install/mavros_msgs/include/mavros_msgs/mavros_msgs/srv/detail/file_remove_dir__rosidl_typesupport_introspection_c.h
[1.235s] -- Up-to-date symlink: /home/nvidia/acfly_ws/install/mavros_msgs/include/mavros_msgs/mavros_msgs/srv/detail/file_rename__rosidl_typesupport_introspection_c.h
[1.235s] -- Up-to-date symlink: /home/nvidia/acfly_ws/install/mavros_msgs/include/mavros_msgs/mavros_msgs/srv/detail/file_truncate__rosidl_typesupport_introspection_c.h
[1.235s] -- Up-to-date symlink: /home/nvidia/acfly_ws/install/mavros_msgs/include/mavros_msgs/mavros_msgs/srv/detail/file_write__rosidl_typesupport_introspection_c.h
[1.235s] -- Up-to-date symlink: /home/nvidia/acfly_ws/install/mavros_msgs/include/mavros_msgs/mavros_msgs/srv/detail/gimbal_get_information__rosidl_typesupport_introspection_c.h
[1.235s] -- Up-to-date symlink: /home/nvidia/acfly_ws/install/mavros_msgs/include/mavros_msgs/mavros_msgs/srv/detail/gimbal_manager_camera_track__rosidl_typesupport_introspection_c.h
[1.236s] -- Up-to-date symlink: /home/nvidia/acfly_ws/install/mavros_msgs/include/mavros_msgs/mavros_msgs/srv/detail/gimbal_manager_configure__rosidl_typesupport_introspection_c.h
[1.236s] -- Up-to-date symlink: /home/nvidia/acfly_ws/install/mavros_msgs/include/mavros_msgs/mavros_msgs/srv/detail/gimbal_manager_pitchyaw__rosidl_typesupport_introspection_c.h
[1.236s] -- Up-to-date symlink: /home/nvidia/acfly_ws/install/mavros_msgs/include/mavros_msgs/mavros_msgs/srv/detail/gimbal_manager_set_roi__rosidl_typesupport_introspection_c.h
[1.236s] -- Up-to-date symlink: /home/nvidia/acfly_ws/install/mavros_msgs/include/mavros_msgs/mavros_msgs/srv/detail/log_request_data__rosidl_typesupport_introspection_c.h
[1.236s] -- Up-to-date symlink: /home/nvidia/acfly_ws/install/mavros_msgs/include/mavros_msgs/mavros_msgs/srv/detail/log_request_end__rosidl_typesupport_introspection_c.h
[1.236s] -- Up-to-date symlink: /home/nvidia/acfly_ws/install/mavros_msgs/include/mavros_msgs/mavros_msgs/srv/detail/log_request_list__rosidl_typesupport_introspection_c.h
[1.236s] -- Up-to-date symlink: /home/nvidia/acfly_ws/install/mavros_msgs/include/mavros_msgs/mavros_msgs/srv/detail/message_interval__rosidl_typesupport_introspection_c.h
[1.236s] -- Up-to-date symlink: /home/nvidia/acfly_ws/install/mavros_msgs/include/mavros_msgs/mavros_msgs/srv/detail/mount_configure__rosidl_typesupport_introspection_c.h
[1.236s] -- Up-to-date symlink: /home/nvidia/acfly_ws/install/mavros_msgs/include/mavros_msgs/mavros_msgs/srv/detail/param_get__rosidl_typesupport_introspection_c.h
[1.236s] -- Up-to-date symlink: /home/nvidia/acfly_ws/install/mavros_msgs/include/mavros_msgs/mavros_msgs/srv/detail/param_pull__rosidl_typesupport_introspection_c.h
[1.237s] -- Up-to-date symlink: /home/nvidia/acfly_ws/install/mavros_msgs/include/mavros_msgs/mavros_msgs/srv/detail/param_push__rosidl_typesupport_introspection_c.h
[1.237s] -- Up-to-date symlink: /home/nvidia/acfly_ws/install/mavros_msgs/include/mavros_msgs/mavros_msgs/srv/detail/param_set__rosidl_typesupport_introspection_c.h
[1.237s] -- Up-to-date symlink: /home/nvidia/acfly_ws/install/mavros_msgs/include/mavros_msgs/mavros_msgs/srv/detail/param_set_v2__rosidl_typesupport_introspection_c.h
[1.237s] -- Up-to-date symlink: /home/nvidia/acfly_ws/install/mavros_msgs/include/mavros_msgs/mavros_msgs/srv/detail/set_mav_frame__rosidl_typesupport_introspection_c.h
[1.237s] -- Up-to-date symlink: /home/nvidia/acfly_ws/install/mavros_msgs/include/mavros_msgs/mavros_msgs/srv/detail/set_mode__rosidl_typesupport_introspection_c.h
[1.237s] -- Up-to-date symlink: /home/nvidia/acfly_ws/install/mavros_msgs/include/mavros_msgs/mavros_msgs/srv/detail/stream_rate__rosidl_typesupport_introspection_c.h
[1.237s] -- Up-to-date symlink: /home/nvidia/acfly_ws/install/mavros_msgs/include/mavros_msgs/mavros_msgs/srv/detail/vehicle_info_get__rosidl_typesupport_introspection_c.h
[1.237s] -- Up-to-date symlink: /home/nvidia/acfly_ws/install/mavros_msgs/include/mavros_msgs/mavros_msgs/srv/detail/waypoint_clear__rosidl_typesupport_introspection_c.h
[1.238s] -- Up-to-date symlink: /home/nvidia/acfly_ws/install/mavros_msgs/include/mavros_msgs/mavros_msgs/srv/detail/waypoint_pull__rosidl_typesupport_introspection_c.h
[1.238s] -- Up-to-date symlink: /home/nvidia/acfly_ws/install/mavros_msgs/include/mavros_msgs/mavros_msgs/srv/detail/waypoint_push__rosidl_typesupport_introspection_c.h
[1.238s] -- Up-to-date symlink: /home/nvidia/acfly_ws/install/mavros_msgs/include/mavros_msgs/mavros_msgs/srv/detail/waypoint_set_current__rosidl_typesupport_introspection_c.h
[1.238s] -- Up-to-date symlink: /home/nvidia/acfly_ws/install/mavros_msgs/include/mavros_msgs/mavros_msgs/msg/actuator_control.hpp
[1.238s] -- Up-to-date symlink: /home/nvidia/acfly_ws/install/mavros_msgs/include/mavros_msgs/mavros_msgs/msg/adsb_vehicle.hpp
[1.238s] -- Up-to-date symlink: /home/nvidia/acfly_ws/install/mavros_msgs/include/mavros_msgs/mavros_msgs/msg/altitude.hpp
[1.238s] -- Up-to-date symlink: /home/nvidia/acfly_ws/install/mavros_msgs/include/mavros_msgs/mavros_msgs/msg/attitude_target.hpp
[1.239s] -- Up-to-date symlink: /home/nvidia/acfly_ws/install/mavros_msgs/include/mavros_msgs/mavros_msgs/msg/cam_imu_stamp.hpp
[1.239s] -- Up-to-date symlink: /home/nvidia/acfly_ws/install/mavros_msgs/include/mavros_msgs/mavros_msgs/msg/camera_image_captured.hpp
[1.239s] -- Up-to-date symlink: /home/nvidia/acfly_ws/install/mavros_msgs/include/mavros_msgs/mavros_msgs/msg/cellular_status.hpp
[1.239s] -- Up-to-date symlink: /home/nvidia/acfly_ws/install/mavros_msgs/include/mavros_msgs/mavros_msgs/msg/command_code.hpp
[1.239s] -- Up-to-date symlink: /home/nvidia/acfly_ws/install/mavros_msgs/include/mavros_msgs/mavros_msgs/msg/companion_process_status.hpp
[1.239s] -- Up-to-date symlink: /home/nvidia/acfly_ws/install/mavros_msgs/include/mavros_msgs/mavros_msgs/msg/debug_value.hpp
[1.239s] -- Up-to-date symlink: /home/nvidia/acfly_ws/install/mavros_msgs/include/mavros_msgs/mavros_msgs/msg/detail/actuator_control__builder.hpp
[1.239s] -- Up-to-date symlink: /home/nvidia/acfly_ws/install/mavros_msgs/include/mavros_msgs/mavros_msgs/msg/detail/actuator_control__struct.hpp
[1.239s] -- Up-to-date symlink: /home/nvidia/acfly_ws/install/mavros_msgs/include/mavros_msgs/mavros_msgs/msg/detail/actuator_control__traits.hpp
[1.240s] -- Up-to-date symlink: /home/nvidia/acfly_ws/install/mavros_msgs/include/mavros_msgs/mavros_msgs/msg/detail/actuator_control__type_support.hpp
[1.240s] -- Up-to-date symlink: /home/nvidia/acfly_ws/install/mavros_msgs/include/mavros_msgs/mavros_msgs/msg/detail/adsb_vehicle__builder.hpp
[1.240s] -- Up-to-date symlink: /home/nvidia/acfly_ws/install/mavros_msgs/include/mavros_msgs/mavros_msgs/msg/detail/adsb_vehicle__struct.hpp
[1.240s] -- Up-to-date symlink: /home/nvidia/acfly_ws/install/mavros_msgs/include/mavros_msgs/mavros_msgs/msg/detail/adsb_vehicle__traits.hpp
[1.240s] -- Up-to-date symlink: /home/nvidia/acfly_ws/install/mavros_msgs/include/mavros_msgs/mavros_msgs/msg/detail/adsb_vehicle__type_support.hpp
[1.240s] -- Up-to-date symlink: /home/nvidia/acfly_ws/install/mavros_msgs/include/mavros_msgs/mavros_msgs/msg/detail/altitude__builder.hpp
[1.241s] -- Up-to-date symlink: /home/nvidia/acfly_ws/install/mavros_msgs/include/mavros_msgs/mavros_msgs/msg/detail/altitude__struct.hpp
[1.241s] -- Up-to-date symlink: /home/nvidia/acfly_ws/install/mavros_msgs/include/mavros_msgs/mavros_msgs/msg/detail/altitude__traits.hpp
[1.241s] -- Up-to-date symlink: /home/nvidia/acfly_ws/install/mavros_msgs/include/mavros_msgs/mavros_msgs/msg/detail/altitude__type_support.hpp
[1.241s] -- Up-to-date symlink: /home/nvidia/acfly_ws/install/mavros_msgs/include/mavros_msgs/mavros_msgs/msg/detail/attitude_target__builder.hpp
[1.242s] -- Up-to-date symlink: /home/nvidia/acfly_ws/install/mavros_msgs/include/mavros_msgs/mavros_msgs/msg/detail/attitude_target__struct.hpp
[1.242s] -- Up-to-date symlink: /home/nvidia/acfly_ws/install/mavros_msgs/include/mavros_msgs/mavros_msgs/msg/detail/attitude_target__traits.hpp
[1.242s] -- Up-to-date symlink: /home/nvidia/acfly_ws/install/mavros_msgs/include/mavros_msgs/mavros_msgs/msg/detail/attitude_target__type_support.hpp
[1.242s] -- Up-to-date symlink: /home/nvidia/acfly_ws/install/mavros_msgs/include/mavros_msgs/mavros_msgs/msg/detail/cam_imu_stamp__builder.hpp
[1.242s] -- Up-to-date symlink: /home/nvidia/acfly_ws/install/mavros_msgs/include/mavros_msgs/mavros_msgs/msg/detail/cam_imu_stamp__struct.hpp
[1.242s] -- Up-to-date symlink: /home/nvidia/acfly_ws/install/mavros_msgs/include/mavros_msgs/mavros_msgs/msg/detail/cam_imu_stamp__traits.hpp
[1.242s] -- Up-to-date symlink: /home/nvidia/acfly_ws/install/mavros_msgs/include/mavros_msgs/mavros_msgs/msg/detail/cam_imu_stamp__type_support.hpp
[1.242s] -- Up-to-date symlink: /home/nvidia/acfly_ws/install/mavros_msgs/include/mavros_msgs/mavros_msgs/msg/detail/camera_image_captured__builder.hpp
[1.243s] -- Up-to-date symlink: /home/nvidia/acfly_ws/install/mavros_msgs/include/mavros_msgs/mavros_msgs/msg/detail/camera_image_captured__struct.hpp
[1.243s] -- Up-to-date symlink: /home/nvidia/acfly_ws/install/mavros_msgs/include/mavros_msgs/mavros_msgs/msg/detail/camera_image_captured__traits.hpp
[1.243s] -- Up-to-date symlink: /home/nvidia/acfly_ws/install/mavros_msgs/include/mavros_msgs/mavros_msgs/msg/detail/camera_image_captured__type_support.hpp
[1.243s] -- Up-to-date symlink: /home/nvidia/acfly_ws/install/mavros_msgs/include/mavros_msgs/mavros_msgs/msg/detail/cellular_status__builder.hpp
[1.243s] -- Up-to-date symlink: /home/nvidia/acfly_ws/install/mavros_msgs/include/mavros_msgs/mavros_msgs/msg/detail/cellular_status__struct.hpp
[1.243s] -- Up-to-date symlink: /home/nvidia/acfly_ws/install/mavros_msgs/include/mavros_msgs/mavros_msgs/msg/detail/cellular_status__traits.hpp
[1.244s] -- Up-to-date symlink: /home/nvidia/acfly_ws/install/mavros_msgs/include/mavros_msgs/mavros_msgs/msg/detail/cellular_status__type_support.hpp
[1.244s] -- Up-to-date symlink: /home/nvidia/acfly_ws/install/mavros_msgs/include/mavros_msgs/mavros_msgs/msg/detail/command_code__builder.hpp
[1.244s] -- Up-to-date symlink: /home/nvidia/acfly_ws/install/mavros_msgs/include/mavros_msgs/mavros_msgs/msg/detail/command_code__struct.hpp
[1.244s] -- Up-to-date symlink: /home/nvidia/acfly_ws/install/mavros_msgs/include/mavros_msgs/mavros_msgs/msg/detail/command_code__traits.hpp
[1.244s] -- Up-to-date symlink: /home/nvidia/acfly_ws/install/mavros_msgs/include/mavros_msgs/mavros_msgs/msg/detail/command_code__type_support.hpp
[1.245s] -- Up-to-date symlink: /home/nvidia/acfly_ws/install/mavros_msgs/include/mavros_msgs/mavros_msgs/msg/detail/companion_process_status__builder.hpp
[1.245s] -- Up-to-date symlink: /home/nvidia/acfly_ws/install/mavros_msgs/include/mavros_msgs/mavros_msgs/msg/detail/companion_process_status__struct.hpp
[1.245s] -- Up-to-date symlink: /home/nvidia/acfly_ws/install/mavros_msgs/include/mavros_msgs/mavros_msgs/msg/detail/companion_process_status__traits.hpp
[1.245s] -- Up-to-date symlink: /home/nvidia/acfly_ws/install/mavros_msgs/include/mavros_msgs/mavros_msgs/msg/detail/companion_process_status__type_support.hpp
[1.245s] -- Up-to-date symlink: /home/nvidia/acfly_ws/install/mavros_msgs/include/mavros_msgs/mavros_msgs/msg/detail/debug_value__builder.hpp
[1.245s] -- Up-to-date symlink: /home/nvidia/acfly_ws/install/mavros_msgs/include/mavros_msgs/mavros_msgs/msg/detail/debug_value__struct.hpp
[1.246s] -- Up-to-date symlink: /home/nvidia/acfly_ws/install/mavros_msgs/include/mavros_msgs/mavros_msgs/msg/detail/debug_value__traits.hpp
[1.246s] -- Up-to-date symlink: /home/nvidia/acfly_ws/install/mavros_msgs/include/mavros_msgs/mavros_msgs/msg/detail/debug_value__type_support.hpp
[1.246s] -- Up-to-date symlink: /home/nvidia/acfly_ws/install/mavros_msgs/include/mavros_msgs/mavros_msgs/msg/detail/esc_info__builder.hpp
[1.246s] -- Up-to-date symlink: /home/nvidia/acfly_ws/install/mavros_msgs/include/mavros_msgs/mavros_msgs/msg/detail/esc_info__struct.hpp
[1.246s] -- Up-to-date symlink: /home/nvidia/acfly_ws/install/mavros_msgs/include/mavros_msgs/mavros_msgs/msg/detail/esc_info__traits.hpp
[1.246s] -- Up-to-date symlink: /home/nvidia/acfly_ws/install/mavros_msgs/include/mavros_msgs/mavros_msgs/msg/detail/esc_info__type_support.hpp
[1.247s] -- Up-to-date symlink: /home/nvidia/acfly_ws/install/mavros_msgs/include/mavros_msgs/mavros_msgs/msg/detail/esc_info_item__builder.hpp
[1.247s] -- Up-to-date symlink: /home/nvidia/acfly_ws/install/mavros_msgs/include/mavros_msgs/mavros_msgs/msg/detail/esc_info_item__struct.hpp
[1.247s] -- Up-to-date symlink: /home/nvidia/acfly_ws/install/mavros_msgs/include/mavros_msgs/mavros_msgs/msg/detail/esc_info_item__traits.hpp
[1.247s] -- Up-to-date symlink: /home/nvidia/acfly_ws/install/mavros_msgs/include/mavros_msgs/mavros_msgs/msg/detail/esc_info_item__type_support.hpp
[1.247s] -- Up-to-date symlink: /home/nvidia/acfly_ws/install/mavros_msgs/include/mavros_msgs/mavros_msgs/msg/detail/esc_status__builder.hpp
[1.247s] -- Up-to-date symlink: /home/nvidia/acfly_ws/install/mavros_msgs/include/mavros_msgs/mavros_msgs/msg/detail/esc_status__struct.hpp
[1.248s] -- Up-to-date symlink: /home/nvidia/acfly_ws/install/mavros_msgs/include/mavros_msgs/mavros_msgs/msg/detail/esc_status__traits.hpp
[1.248s] -- Up-to-date symlink: /home/nvidia/acfly_ws/install/mavros_msgs/include/mavros_msgs/mavros_msgs/msg/detail/esc_status__type_support.hpp
[1.248s] -- Up-to-date symlink: /home/nvidia/acfly_ws/install/mavros_msgs/include/mavros_msgs/mavros_msgs/msg/detail/esc_status_item__builder.hpp
[1.248s] -- Up-to-date symlink: /home/nvidia/acfly_ws/install/mavros_msgs/include/mavros_msgs/mavros_msgs/msg/detail/esc_status_item__struct.hpp
[1.248s] -- Up-to-date symlink: /home/nvidia/acfly_ws/install/mavros_msgs/include/mavros_msgs/mavros_msgs/msg/detail/esc_status_item__traits.hpp
[1.249s] -- Up-to-date symlink: /home/nvidia/acfly_ws/install/mavros_msgs/include/mavros_msgs/mavros_msgs/msg/detail/esc_status_item__type_support.hpp
[1.249s] -- Up-to-date symlink: /home/nvidia/acfly_ws/install/mavros_msgs/include/mavros_msgs/mavros_msgs/msg/detail/esc_telemetry__builder.hpp
[1.249s] -- Up-to-date symlink: /home/nvidia/acfly_ws/install/mavros_msgs/include/mavros_msgs/mavros_msgs/msg/detail/esc_telemetry__struct.hpp
[1.249s] -- Up-to-date symlink: /home/nvidia/acfly_ws/install/mavros_msgs/include/mavros_msgs/mavros_msgs/msg/detail/esc_telemetry__traits.hpp
[1.249s] -- Up-to-date symlink: /home/nvidia/acfly_ws/install/mavros_msgs/include/mavros_msgs/mavros_msgs/msg/detail/esc_telemetry__type_support.hpp
[1.249s] -- Up-to-date symlink: /home/nvidia/acfly_ws/install/mavros_msgs/include/mavros_msgs/mavros_msgs/msg/detail/esc_telemetry_item__builder.hpp
[1.250s] -- Up-to-date symlink: /home/nvidia/acfly_ws/install/mavros_msgs/include/mavros_msgs/mavros_msgs/msg/detail/esc_telemetry_item__struct.hpp
[1.250s] -- Up-to-date symlink: /home/nvidia/acfly_ws/install/mavros_msgs/include/mavros_msgs/mavros_msgs/msg/detail/esc_telemetry_item__traits.hpp
[1.250s] -- Up-to-date symlink: /home/nvidia/acfly_ws/install/mavros_msgs/include/mavros_msgs/mavros_msgs/msg/detail/esc_telemetry_item__type_support.hpp
[1.250s] -- Up-to-date symlink: /home/nvidia/acfly_ws/install/mavros_msgs/include/mavros_msgs/mavros_msgs/msg/detail/estimator_status__builder.hpp
[1.250s] -- Up-to-date symlink: /home/nvidia/acfly_ws/install/mavros_msgs/include/mavros_msgs/mavros_msgs/msg/detail/estimator_status__struct.hpp
[1.250s] -- Up-to-date symlink: /home/nvidia/acfly_ws/install/mavros_msgs/include/mavros_msgs/mavros_msgs/msg/detail/estimator_status__traits.hpp
[1.250s] -- Up-to-date symlink: /home/nvidia/acfly_ws/install/mavros_msgs/include/mavros_msgs/mavros_msgs/msg/detail/estimator_status__type_support.hpp
[1.251s] -- Up-to-date symlink: /home/nvidia/acfly_ws/install/mavros_msgs/include/mavros_msgs/mavros_msgs/msg/detail/extended_state__builder.hpp
[1.251s] -- Up-to-date symlink: /home/nvidia/acfly_ws/install/mavros_msgs/include/mavros_msgs/mavros_msgs/msg/detail/extended_state__struct.hpp
[1.251s] -- Up-to-date symlink: /home/nvidia/acfly_ws/install/mavros_msgs/include/mavros_msgs/mavros_msgs/msg/detail/extended_state__traits.hpp
[1.251s] -- Up-to-date symlink: /home/nvidia/acfly_ws/install/mavros_msgs/include/mavros_msgs/mavros_msgs/msg/detail/extended_state__type_support.hpp
[1.252s] -- Up-to-date symlink: /home/nvidia/acfly_ws/install/mavros_msgs/include/mavros_msgs/mavros_msgs/msg/detail/file_entry__builder.hpp
[1.252s] -- Up-to-date symlink: /home/nvidia/acfly_ws/install/mavros_msgs/include/mavros_msgs/mavros_msgs/msg/detail/file_entry__struct.hpp
[1.252s] -- Up-to-date symlink: /home/nvidia/acfly_ws/install/mavros_msgs/include/mavros_msgs/mavros_msgs/msg/detail/file_entry__traits.hpp
[1.252s] -- Up-to-date symlink: /home/nvidia/acfly_ws/install/mavros_msgs/include/mavros_msgs/mavros_msgs/msg/detail/file_entry__type_support.hpp
[1.252s] -- Up-to-date symlink: /home/nvidia/acfly_ws/install/mavros_msgs/include/mavros_msgs/mavros_msgs/msg/detail/gimbal_device_attitude_status__builder.hpp
[1.252s] -- Up-to-date symlink: /home/nvidia/acfly_ws/install/mavros_msgs/include/mavros_msgs/mavros_msgs/msg/detail/gimbal_device_attitude_status__struct.hpp
[1.253s] -- Up-to-date symlink: /home/nvidia/acfly_ws/install/mavros_msgs/include/mavros_msgs/mavros_msgs/msg/detail/gimbal_device_attitude_status__traits.hpp
[1.253s] -- Up-to-date symlink: /home/nvidia/acfly_ws/install/mavros_msgs/include/mavros_msgs/mavros_msgs/msg/detail/gimbal_device_attitude_status__type_support.hpp
[1.253s] -- Up-to-date symlink: /home/nvidia/acfly_ws/install/mavros_msgs/include/mavros_msgs/mavros_msgs/msg/detail/gimbal_device_information__builder.hpp
[1.253s] -- Up-to-date symlink: /home/nvidia/acfly_ws/install/mavros_msgs/include/mavros_msgs/mavros_msgs/msg/detail/gimbal_device_information__struct.hpp
[1.253s] -- Up-to-date symlink: /home/nvidia/acfly_ws/install/mavros_msgs/include/mavros_msgs/mavros_msgs/msg/detail/gimbal_device_information__traits.hpp
[1.253s] -- Up-to-date symlink: /home/nvidia/acfly_ws/install/mavros_msgs/include/mavros_msgs/mavros_msgs/msg/detail/gimbal_device_information__type_support.hpp
[1.254s] -- Up-to-date symlink: /home/nvidia/acfly_ws/install/mavros_msgs/include/mavros_msgs/mavros_msgs/msg/detail/gimbal_device_set_attitude__builder.hpp
[1.254s] -- Up-to-date symlink: /home/nvidia/acfly_ws/install/mavros_msgs/include/mavros_msgs/mavros_msgs/msg/detail/gimbal_device_set_attitude__struct.hpp
[1.254s] -- Up-to-date symlink: /home/nvidia/acfly_ws/install/mavros_msgs/include/mavros_msgs/mavros_msgs/msg/detail/gimbal_device_set_attitude__traits.hpp
[1.254s] -- Up-to-date symlink: /home/nvidia/acfly_ws/install/mavros_msgs/include/mavros_msgs/mavros_msgs/msg/detail/gimbal_device_set_attitude__type_support.hpp
[1.254s] -- Up-to-date symlink: /home/nvidia/acfly_ws/install/mavros_msgs/include/mavros_msgs/mavros_msgs/msg/detail/gimbal_manager_information__builder.hpp
[1.254s] -- Up-to-date symlink: /home/nvidia/acfly_ws/install/mavros_msgs/include/mavros_msgs/mavros_msgs/msg/detail/gimbal_manager_information__struct.hpp
[1.254s] -- Up-to-date symlink: /home/nvidia/acfly_ws/install/mavros_msgs/include/mavros_msgs/mavros_msgs/msg/detail/gimbal_manager_information__traits.hpp
[1.255s] -- Up-to-date symlink: /home/nvidia/acfly_ws/install/mavros_msgs/include/mavros_msgs/mavros_msgs/msg/detail/gimbal_manager_information__type_support.hpp
[1.255s] -- Up-to-date symlink: /home/nvidia/acfly_ws/install/mavros_msgs/include/mavros_msgs/mavros_msgs/msg/detail/gimbal_manager_set_attitude__builder.hpp
[1.255s] -- Up-to-date symlink: /home/nvidia/acfly_ws/install/mavros_msgs/include/mavros_msgs/mavros_msgs/msg/detail/gimbal_manager_set_attitude__struct.hpp
[1.255s] -- Up-to-date symlink: /home/nvidia/acfly_ws/install/mavros_msgs/include/mavros_msgs/mavros_msgs/msg/detail/gimbal_manager_set_attitude__traits.hpp
[1.255s] -- Up-to-date symlink: /home/nvidia/acfly_ws/install/mavros_msgs/include/mavros_msgs/mavros_msgs/msg/detail/gimbal_manager_set_attitude__type_support.hpp
[1.255s] -- Up-to-date symlink: /home/nvidia/acfly_ws/install/mavros_msgs/include/mavros_msgs/mavros_msgs/msg/detail/gimbal_manager_set_pitchyaw__builder.hpp
[1.256s] -- Up-to-date symlink: /home/nvidia/acfly_ws/install/mavros_msgs/include/mavros_msgs/mavros_msgs/msg/detail/gimbal_manager_set_pitchyaw__struct.hpp
[1.256s] -- Up-to-date symlink: /home/nvidia/acfly_ws/install/mavros_msgs/include/mavros_msgs/mavros_msgs/msg/detail/gimbal_manager_set_pitchyaw__traits.hpp
[1.256s] -- Up-to-date symlink: /home/nvidia/acfly_ws/install/mavros_msgs/include/mavros_msgs/mavros_msgs/msg/detail/gimbal_manager_set_pitchyaw__type_support.hpp
[1.256s] -- Up-to-date symlink: /home/nvidia/acfly_ws/install/mavros_msgs/include/mavros_msgs/mavros_msgs/msg/detail/gimbal_manager_status__builder.hpp
[1.256s] -- Up-to-date symlink: /home/nvidia/acfly_ws/install/mavros_msgs/include/mavros_msgs/mavros_msgs/msg/detail/gimbal_manager_status__struct.hpp
[1.257s] -- Up-to-date symlink: /home/nvidia/acfly_ws/install/mavros_msgs/include/mavros_msgs/mavros_msgs/msg/detail/gimbal_manager_status__traits.hpp
[1.257s] -- Up-to-date symlink: /home/nvidia/acfly_ws/install/mavros_msgs/include/mavros_msgs/mavros_msgs/msg/detail/gimbal_manager_status__type_support.hpp
[1.257s] -- Up-to-date symlink: /home/nvidia/acfly_ws/install/mavros_msgs/include/mavros_msgs/mavros_msgs/msg/detail/global_position_target__builder.hpp
[1.257s] -- Up-to-date symlink: /home/nvidia/acfly_ws/install/mavros_msgs/include/mavros_msgs/mavros_msgs/msg/detail/global_position_target__struct.hpp
[1.257s] -- Up-to-date symlink: /home/nvidia/acfly_ws/install/mavros_msgs/include/mavros_msgs/mavros_msgs/msg/detail/global_position_target__traits.hpp
[1.257s] -- Up-to-date symlink: /home/nvidia/acfly_ws/install/mavros_msgs/include/mavros_msgs/mavros_msgs/msg/detail/global_position_target__type_support.hpp
[1.257s] -- Up-to-date symlink: /home/nvidia/acfly_ws/install/mavros_msgs/include/mavros_msgs/mavros_msgs/msg/detail/gpsinput__builder.hpp
[1.258s] -- Up-to-date symlink: /home/nvidia/acfly_ws/install/mavros_msgs/include/mavros_msgs/mavros_msgs/msg/detail/gpsinput__struct.hpp
[1.258s] -- Up-to-date symlink: /home/nvidia/acfly_ws/install/mavros_msgs/include/mavros_msgs/mavros_msgs/msg/detail/gpsinput__traits.hpp
[1.258s] -- Up-to-date symlink: /home/nvidia/acfly_ws/install/mavros_msgs/include/mavros_msgs/mavros_msgs/msg/detail/gpsinput__type_support.hpp
[1.258s] -- Up-to-date symlink: /home/nvidia/acfly_ws/install/mavros_msgs/include/mavros_msgs/mavros_msgs/msg/detail/gpsraw__builder.hpp
[1.258s] -- Up-to-date symlink: /home/nvidia/acfly_ws/install/mavros_msgs/include/mavros_msgs/mavros_msgs/msg/detail/gpsraw__struct.hpp
[1.258s] -- Up-to-date symlink: /home/nvidia/acfly_ws/install/mavros_msgs/include/mavros_msgs/mavros_msgs/msg/detail/gpsraw__traits.hpp
[1.258s] -- Up-to-date symlink: /home/nvidia/acfly_ws/install/mavros_msgs/include/mavros_msgs/mavros_msgs/msg/detail/gpsraw__type_support.hpp
[1.259s] -- Up-to-date symlink: /home/nvidia/acfly_ws/install/mavros_msgs/include/mavros_msgs/mavros_msgs/msg/detail/gpsrtk__builder.hpp
[1.259s] -- Up-to-date symlink: /home/nvidia/acfly_ws/install/mavros_msgs/include/mavros_msgs/mavros_msgs/msg/detail/gpsrtk__struct.hpp
[1.259s] -- Up-to-date symlink: /home/nvidia/acfly_ws/install/mavros_msgs/include/mavros_msgs/mavros_msgs/msg/detail/gpsrtk__traits.hpp
[1.259s] -- Up-to-date symlink: /home/nvidia/acfly_ws/install/mavros_msgs/include/mavros_msgs/mavros_msgs/msg/detail/gpsrtk__type_support.hpp
[1.259s] -- Up-to-date symlink: /home/nvidia/acfly_ws/install/mavros_msgs/include/mavros_msgs/mavros_msgs/msg/detail/hil_actuator_controls__builder.hpp
[1.259s] -- Up-to-date symlink: /home/nvidia/acfly_ws/install/mavros_msgs/include/mavros_msgs/mavros_msgs/msg/detail/hil_actuator_controls__struct.hpp
[1.260s] -- Up-to-date symlink: /home/nvidia/acfly_ws/install/mavros_msgs/include/mavros_msgs/mavros_msgs/msg/detail/hil_actuator_controls__traits.hpp
[1.260s] -- Up-to-date symlink: /home/nvidia/acfly_ws/install/mavros_msgs/include/mavros_msgs/mavros_msgs/msg/detail/hil_actuator_controls__type_support.hpp
[1.260s] -- Up-to-date symlink: /home/nvidia/acfly_ws/install/mavros_msgs/include/mavros_msgs/mavros_msgs/msg/detail/hil_controls__builder.hpp
[1.260s] -- Up-to-date symlink: /home/nvidia/acfly_ws/install/mavros_msgs/include/mavros_msgs/mavros_msgs/msg/detail/hil_controls__struct.hpp
[1.260s] -- Up-to-date symlink: /home/nvidia/acfly_ws/install/mavros_msgs/include/mavros_msgs/mavros_msgs/msg/detail/hil_controls__traits.hpp
[1.260s] -- Up-to-date symlink: /home/nvidia/acfly_ws/install/mavros_msgs/include/mavros_msgs/mavros_msgs/msg/detail/hil_controls__type_support.hpp
[1.260s] -- Up-to-date symlink: /home/nvidia/acfly_ws/install/mavros_msgs/include/mavros_msgs/mavros_msgs/msg/detail/hil_gps__builder.hpp
[1.261s] -- Up-to-date symlink: /home/nvidia/acfly_ws/install/mavros_msgs/include/mavros_msgs/mavros_msgs/msg/detail/hil_gps__struct.hpp
[1.261s] -- Up-to-date symlink: /home/nvidia/acfly_ws/install/mavros_msgs/include/mavros_msgs/mavros_msgs/msg/detail/hil_gps__traits.hpp
[1.261s] -- Up-to-date symlink: /home/nvidia/acfly_ws/install/mavros_msgs/include/mavros_msgs/mavros_msgs/msg/detail/hil_gps__type_support.hpp
[1.261s] -- Up-to-date symlink: /home/nvidia/acfly_ws/install/mavros_msgs/include/mavros_msgs/mavros_msgs/msg/detail/hil_sensor__builder.hpp
[1.261s] -- Up-to-date symlink: /home/nvidia/acfly_ws/install/mavros_msgs/include/mavros_msgs/mavros_msgs/msg/detail/hil_sensor__struct.hpp
[1.262s] -- Up-to-date symlink: /home/nvidia/acfly_ws/install/mavros_msgs/include/mavros_msgs/mavros_msgs/msg/detail/hil_sensor__traits.hpp
[1.262s] -- Up-to-date symlink: /home/nvidia/acfly_ws/install/mavros_msgs/include/mavros_msgs/mavros_msgs/msg/detail/hil_sensor__type_support.hpp
[1.262s] -- Up-to-date symlink: /home/nvidia/acfly_ws/install/mavros_msgs/include/mavros_msgs/mavros_msgs/msg/detail/hil_state_quaternion__builder.hpp
[1.262s] -- Up-to-date symlink: /home/nvidia/acfly_ws/install/mavros_msgs/include/mavros_msgs/mavros_msgs/msg/detail/hil_state_quaternion__struct.hpp
[1.262s] -- Up-to-date symlink: /home/nvidia/acfly_ws/install/mavros_msgs/include/mavros_msgs/mavros_msgs/msg/detail/hil_state_quaternion__traits.hpp
[1.262s] -- Up-to-date symlink: /home/nvidia/acfly_ws/install/mavros_msgs/include/mavros_msgs/mavros_msgs/msg/detail/hil_state_quaternion__type_support.hpp
[1.262s] -- Up-to-date symlink: /home/nvidia/acfly_ws/install/mavros_msgs/include/mavros_msgs/mavros_msgs/msg/detail/home_position__builder.hpp
[1.263s] -- Up-to-date symlink: /home/nvidia/acfly_ws/install/mavros_msgs/include/mavros_msgs/mavros_msgs/msg/detail/home_position__struct.hpp
[1.263s] -- Up-to-date symlink: /home/nvidia/acfly_ws/install/mavros_msgs/include/mavros_msgs/mavros_msgs/msg/detail/home_position__traits.hpp
[1.263s] -- Up-to-date symlink: /home/nvidia/acfly_ws/install/mavros_msgs/include/mavros_msgs/mavros_msgs/msg/detail/home_position__type_support.hpp
[1.263s] -- Up-to-date symlink: /home/nvidia/acfly_ws/install/mavros_msgs/include/mavros_msgs/mavros_msgs/msg/detail/landing_target__builder.hpp
[1.263s] -- Up-to-date symlink: /home/nvidia/acfly_ws/install/mavros_msgs/include/mavros_msgs/mavros_msgs/msg/detail/landing_target__struct.hpp
[1.263s] -- Up-to-date symlink: /home/nvidia/acfly_ws/install/mavros_msgs/include/mavros_msgs/mavros_msgs/msg/detail/landing_target__traits.hpp
[1.264s] -- Up-to-date symlink: /home/nvidia/acfly_ws/install/mavros_msgs/include/mavros_msgs/mavros_msgs/msg/detail/landing_target__type_support.hpp
[1.264s] -- Up-to-date symlink: /home/nvidia/acfly_ws/install/mavros_msgs/include/mavros_msgs/mavros_msgs/msg/detail/log_data__builder.hpp
[1.264s] -- Up-to-date symlink: /home/nvidia/acfly_ws/install/mavros_msgs/include/mavros_msgs/mavros_msgs/msg/detail/log_data__struct.hpp
[1.264s] -- Up-to-date symlink: /home/nvidia/acfly_ws/install/mavros_msgs/include/mavros_msgs/mavros_msgs/msg/detail/log_data__traits.hpp
[1.264s] -- Up-to-date symlink: /home/nvidia/acfly_ws/install/mavros_msgs/include/mavros_msgs/mavros_msgs/msg/detail/log_data__type_support.hpp
[1.264s] -- Up-to-date symlink: /home/nvidia/acfly_ws/install/mavros_msgs/include/mavros_msgs/mavros_msgs/msg/detail/log_entry__builder.hpp
[1.265s] -- Up-to-date symlink: /home/nvidia/acfly_ws/install/mavros_msgs/include/mavros_msgs/mavros_msgs/msg/detail/log_entry__struct.hpp
[1.265s] -- Up-to-date symlink: /home/nvidia/acfly_ws/install/mavros_msgs/include/mavros_msgs/mavros_msgs/msg/detail/log_entry__traits.hpp
[1.265s] -- Up-to-date symlink: /home/nvidia/acfly_ws/install/mavros_msgs/include/mavros_msgs/mavros_msgs/msg/detail/log_entry__type_support.hpp
[1.265s] -- Up-to-date symlink: /home/nvidia/acfly_ws/install/mavros_msgs/include/mavros_msgs/mavros_msgs/msg/detail/magnetometer_reporter__builder.hpp
[1.265s] -- Up-to-date symlink: /home/nvidia/acfly_ws/install/mavros_msgs/include/mavros_msgs/mavros_msgs/msg/detail/magnetometer_reporter__struct.hpp
[1.265s] -- Up-to-date symlink: /home/nvidia/acfly_ws/install/mavros_msgs/include/mavros_msgs/mavros_msgs/msg/detail/magnetometer_reporter__traits.hpp
[1.266s] -- Up-to-date symlink: /home/nvidia/acfly_ws/install/mavros_msgs/include/mavros_msgs/mavros_msgs/msg/detail/magnetometer_reporter__type_support.hpp
[1.266s] -- Up-to-date symlink: /home/nvidia/acfly_ws/install/mavros_msgs/include/mavros_msgs/mavros_msgs/msg/detail/manual_control__builder.hpp
[1.266s] -- Up-to-date symlink: /home/nvidia/acfly_ws/install/mavros_msgs/include/mavros_msgs/mavros_msgs/msg/detail/manual_control__struct.hpp
[1.266s] -- Up-to-date symlink: /home/nvidia/acfly_ws/install/mavros_msgs/include/mavros_msgs/mavros_msgs/msg/detail/manual_control__traits.hpp
[1.266s] -- Up-to-date symlink: /home/nvidia/acfly_ws/install/mavros_msgs/include/mavros_msgs/mavros_msgs/msg/detail/manual_control__type_support.hpp
[1.266s] -- Up-to-date symlink: /home/nvidia/acfly_ws/install/mavros_msgs/include/mavros_msgs/mavros_msgs/msg/detail/mavlink__builder.hpp
[1.267s] -- Up-to-date symlink: /home/nvidia/acfly_ws/install/mavros_msgs/include/mavros_msgs/mavros_msgs/msg/detail/mavlink__struct.hpp
[1.267s] -- Up-to-date symlink: /home/nvidia/acfly_ws/install/mavros_msgs/include/mavros_msgs/mavros_msgs/msg/detail/mavlink__traits.hpp
[1.267s] -- Up-to-date symlink: /home/nvidia/acfly_ws/install/mavros_msgs/include/mavros_msgs/mavros_msgs/msg/detail/mavlink__type_support.hpp
[1.267s] -- Up-to-date symlink: /home/nvidia/acfly_ws/install/mavros_msgs/include/mavros_msgs/mavros_msgs/msg/detail/mount_control__builder.hpp
[1.267s] -- Up-to-date symlink: /home/nvidia/acfly_ws/install/mavros_msgs/include/mavros_msgs/mavros_msgs/msg/detail/mount_control__struct.hpp
[1.267s] -- Up-to-date symlink: /home/nvidia/acfly_ws/install/mavros_msgs/include/mavros_msgs/mavros_msgs/msg/detail/mount_control__traits.hpp
[1.268s] -- Up-to-date symlink: /home/nvidia/acfly_ws/install/mavros_msgs/include/mavros_msgs/mavros_msgs/msg/detail/mount_control__type_support.hpp
[1.268s] -- Up-to-date symlink: /home/nvidia/acfly_ws/install/mavros_msgs/include/mavros_msgs/mavros_msgs/msg/detail/nav_controller_output__builder.hpp
[1.268s] -- Up-to-date symlink: /home/nvidia/acfly_ws/install/mavros_msgs/include/mavros_msgs/mavros_msgs/msg/detail/nav_controller_output__struct.hpp
[1.268s] -- Up-to-date symlink: /home/nvidia/acfly_ws/install/mavros_msgs/include/mavros_msgs/mavros_msgs/msg/detail/nav_controller_output__traits.hpp
[1.268s] -- Up-to-date symlink: /home/nvidia/acfly_ws/install/mavros_msgs/include/mavros_msgs/mavros_msgs/msg/detail/nav_controller_output__type_support.hpp
[1.269s] -- Up-to-date symlink: /home/nvidia/acfly_ws/install/mavros_msgs/include/mavros_msgs/mavros_msgs/msg/detail/onboard_computer_status__builder.hpp
[1.269s] -- Up-to-date symlink: /home/nvidia/acfly_ws/install/mavros_msgs/include/mavros_msgs/mavros_msgs/msg/detail/onboard_computer_status__struct.hpp
[1.269s] -- Up-to-date symlink: /home/nvidia/acfly_ws/install/mavros_msgs/include/mavros_msgs/mavros_msgs/msg/detail/onboard_computer_status__traits.hpp
[1.269s] -- Up-to-date symlink: /home/nvidia/acfly_ws/install/mavros_msgs/include/mavros_msgs/mavros_msgs/msg/detail/onboard_computer_status__type_support.hpp
[1.269s] -- Up-to-date symlink: /home/nvidia/acfly_ws/install/mavros_msgs/include/mavros_msgs/mavros_msgs/msg/detail/open_drone_id_basic_id__builder.hpp
[1.269s] -- Up-to-date symlink: /home/nvidia/acfly_ws/install/mavros_msgs/include/mavros_msgs/mavros_msgs/msg/detail/open_drone_id_basic_id__struct.hpp
[1.269s] -- Up-to-date symlink: /home/nvidia/acfly_ws/install/mavros_msgs/include/mavros_msgs/mavros_msgs/msg/detail/open_drone_id_basic_id__traits.hpp
[1.270s] -- Up-to-date symlink: /home/nvidia/acfly_ws/install/mavros_msgs/include/mavros_msgs/mavros_msgs/msg/detail/open_drone_id_basic_id__type_support.hpp
[1.270s] -- Up-to-date symlink: /home/nvidia/acfly_ws/install/mavros_msgs/include/mavros_msgs/mavros_msgs/msg/detail/open_drone_id_operator_id__builder.hpp
[1.270s] -- Up-to-date symlink: /home/nvidia/acfly_ws/install/mavros_msgs/include/mavros_msgs/mavros_msgs/msg/detail/open_drone_id_operator_id__struct.hpp
[1.270s] -- Up-to-date symlink: /home/nvidia/acfly_ws/install/mavros_msgs/include/mavros_msgs/mavros_msgs/msg/detail/open_drone_id_operator_id__traits.hpp
[1.270s] -- Up-to-date symlink: /home/nvidia/acfly_ws/install/mavros_msgs/include/mavros_msgs/mavros_msgs/msg/detail/open_drone_id_operator_id__type_support.hpp
[1.270s] -- Up-to-date symlink: /home/nvidia/acfly_ws/install/mavros_msgs/include/mavros_msgs/mavros_msgs/msg/detail/open_drone_id_self_id__builder.hpp
[1.271s] -- Up-to-date symlink: /home/nvidia/acfly_ws/install/mavros_msgs/include/mavros_msgs/mavros_msgs/msg/detail/open_drone_id_self_id__struct.hpp
[1.271s] -- Up-to-date symlink: /home/nvidia/acfly_ws/install/mavros_msgs/include/mavros_msgs/mavros_msgs/msg/detail/open_drone_id_self_id__traits.hpp
[1.271s] -- Up-to-date symlink: /home/nvidia/acfly_ws/install/mavros_msgs/include/mavros_msgs/mavros_msgs/msg/detail/open_drone_id_self_id__type_support.hpp
[1.271s] -- Up-to-date symlink: /home/nvidia/acfly_ws/install/mavros_msgs/include/mavros_msgs/mavros_msgs/msg/detail/open_drone_id_system__builder.hpp
[1.271s] -- Up-to-date symlink: /home/nvidia/acfly_ws/install/mavros_msgs/include/mavros_msgs/mavros_msgs/msg/detail/open_drone_id_system__struct.hpp
[1.271s] -- Up-to-date symlink: /home/nvidia/acfly_ws/install/mavros_msgs/include/mavros_msgs/mavros_msgs/msg/detail/open_drone_id_system__traits.hpp
[1.271s] -- Up-to-date symlink: /home/nvidia/acfly_ws/install/mavros_msgs/include/mavros_msgs/mavros_msgs/msg/detail/open_drone_id_system__type_support.hpp
[1.272s] -- Up-to-date symlink: /home/nvidia/acfly_ws/install/mavros_msgs/include/mavros_msgs/mavros_msgs/msg/detail/open_drone_id_system_update__builder.hpp
[1.272s] -- Up-to-date symlink: /home/nvidia/acfly_ws/install/mavros_msgs/include/mavros_msgs/mavros_msgs/msg/detail/open_drone_id_system_update__struct.hpp
[1.272s] -- Up-to-date symlink: /home/nvidia/acfly_ws/install/mavros_msgs/include/mavros_msgs/mavros_msgs/msg/detail/open_drone_id_system_update__traits.hpp
[1.272s] -- Up-to-date symlink: /home/nvidia/acfly_ws/install/mavros_msgs/include/mavros_msgs/mavros_msgs/msg/detail/open_drone_id_system_update__type_support.hpp
[1.272s] -- Up-to-date symlink: /home/nvidia/acfly_ws/install/mavros_msgs/include/mavros_msgs/mavros_msgs/msg/detail/optical_flow__builder.hpp
[1.272s] -- Up-to-date symlink: /home/nvidia/acfly_ws/install/mavros_msgs/include/mavros_msgs/mavros_msgs/msg/detail/optical_flow__struct.hpp
[1.273s] -- Up-to-date symlink: /home/nvidia/acfly_ws/install/mavros_msgs/include/mavros_msgs/mavros_msgs/msg/detail/optical_flow__traits.hpp
[1.273s] -- Up-to-date symlink: /home/nvidia/acfly_ws/install/mavros_msgs/include/mavros_msgs/mavros_msgs/msg/detail/optical_flow__type_support.hpp
[1.273s] -- Up-to-date symlink: /home/nvidia/acfly_ws/install/mavros_msgs/include/mavros_msgs/mavros_msgs/msg/detail/optical_flow_rad__builder.hpp
[1.273s] -- Up-to-date symlink: /home/nvidia/acfly_ws/install/mavros_msgs/include/mavros_msgs/mavros_msgs/msg/detail/optical_flow_rad__struct.hpp
[1.273s] -- Up-to-date symlink: /home/nvidia/acfly_ws/install/mavros_msgs/include/mavros_msgs/mavros_msgs/msg/detail/optical_flow_rad__traits.hpp
[1.273s] -- Up-to-date symlink: /home/nvidia/acfly_ws/install/mavros_msgs/include/mavros_msgs/mavros_msgs/msg/detail/optical_flow_rad__type_support.hpp
[1.274s] -- Up-to-date symlink: /home/nvidia/acfly_ws/install/mavros_msgs/include/mavros_msgs/mavros_msgs/msg/detail/override_rc_in__builder.hpp
[1.274s] -- Up-to-date symlink: /home/nvidia/acfly_ws/install/mavros_msgs/include/mavros_msgs/mavros_msgs/msg/detail/override_rc_in__struct.hpp
[1.274s] -- Up-to-date symlink: /home/nvidia/acfly_ws/install/mavros_msgs/include/mavros_msgs/mavros_msgs/msg/detail/override_rc_in__traits.hpp
[1.274s] -- Up-to-date symlink: /home/nvidia/acfly_ws/install/mavros_msgs/include/mavros_msgs/mavros_msgs/msg/detail/override_rc_in__type_support.hpp
[1.274s] -- Up-to-date symlink: /home/nvidia/acfly_ws/install/mavros_msgs/include/mavros_msgs/mavros_msgs/msg/detail/param__builder.hpp
[1.275s] -- Up-to-date symlink: /home/nvidia/acfly_ws/install/mavros_msgs/include/mavros_msgs/mavros_msgs/msg/detail/param__struct.hpp
[1.275s] -- Up-to-date symlink: /home/nvidia/acfly_ws/install/mavros_msgs/include/mavros_msgs/mavros_msgs/msg/detail/param__traits.hpp
[1.275s] -- Up-to-date symlink: /home/nvidia/acfly_ws/install/mavros_msgs/include/mavros_msgs/mavros_msgs/msg/detail/param__type_support.hpp
[1.275s] -- Up-to-date symlink: /home/nvidia/acfly_ws/install/mavros_msgs/include/mavros_msgs/mavros_msgs/msg/detail/param_event__builder.hpp
[1.275s] -- Up-to-date symlink: /home/nvidia/acfly_ws/install/mavros_msgs/include/mavros_msgs/mavros_msgs/msg/detail/param_event__struct.hpp
[1.275s] -- Up-to-date symlink: /home/nvidia/acfly_ws/install/mavros_msgs/include/mavros_msgs/mavros_msgs/msg/detail/param_event__traits.hpp
[1.276s] -- Up-to-date symlink: /home/nvidia/acfly_ws/install/mavros_msgs/include/mavros_msgs/mavros_msgs/msg/detail/param_event__type_support.hpp
[1.276s] -- Up-to-date symlink: /home/nvidia/acfly_ws/install/mavros_msgs/include/mavros_msgs/mavros_msgs/msg/detail/param_value__builder.hpp
[1.276s] -- Up-to-date symlink: /home/nvidia/acfly_ws/install/mavros_msgs/include/mavros_msgs/mavros_msgs/msg/detail/param_value__struct.hpp
[1.276s] -- Up-to-date symlink: /home/nvidia/acfly_ws/install/mavros_msgs/include/mavros_msgs/mavros_msgs/msg/detail/param_value__traits.hpp
[1.276s] -- Up-to-date symlink: /home/nvidia/acfly_ws/install/mavros_msgs/include/mavros_msgs/mavros_msgs/msg/detail/param_value__type_support.hpp
[1.276s] -- Up-to-date symlink: /home/nvidia/acfly_ws/install/mavros_msgs/include/mavros_msgs/mavros_msgs/msg/detail/play_tune_v2__builder.hpp
[1.277s] -- Up-to-date symlink: /home/nvidia/acfly_ws/install/mavros_msgs/include/mavros_msgs/mavros_msgs/msg/detail/play_tune_v2__struct.hpp
[1.277s] -- Up-to-date symlink: /home/nvidia/acfly_ws/install/mavros_msgs/include/mavros_msgs/mavros_msgs/msg/detail/play_tune_v2__traits.hpp
[1.277s] -- Up-to-date symlink: /home/nvidia/acfly_ws/install/mavros_msgs/include/mavros_msgs/mavros_msgs/msg/detail/play_tune_v2__type_support.hpp
[1.277s] -- Up-to-date symlink: /home/nvidia/acfly_ws/install/mavros_msgs/include/mavros_msgs/mavros_msgs/msg/detail/position_target__builder.hpp
[1.277s] -- Up-to-date symlink: /home/nvidia/acfly_ws/install/mavros_msgs/include/mavros_msgs/mavros_msgs/msg/detail/position_target__struct.hpp
[1.277s] -- Up-to-date symlink: /home/nvidia/acfly_ws/install/mavros_msgs/include/mavros_msgs/mavros_msgs/msg/detail/position_target__traits.hpp
[1.278s] -- Up-to-date symlink: /home/nvidia/acfly_ws/install/mavros_msgs/include/mavros_msgs/mavros_msgs/msg/detail/position_target__type_support.hpp
[1.278s] -- Up-to-date symlink: /home/nvidia/acfly_ws/install/mavros_msgs/include/mavros_msgs/mavros_msgs/msg/detail/radio_status__builder.hpp
[1.278s] -- Up-to-date symlink: /home/nvidia/acfly_ws/install/mavros_msgs/include/mavros_msgs/mavros_msgs/msg/detail/radio_status__struct.hpp
[1.278s] -- Up-to-date symlink: /home/nvidia/acfly_ws/install/mavros_msgs/include/mavros_msgs/mavros_msgs/msg/detail/radio_status__traits.hpp
[1.278s] -- Up-to-date symlink: /home/nvidia/acfly_ws/install/mavros_msgs/include/mavros_msgs/mavros_msgs/msg/detail/radio_status__type_support.hpp
[1.279s] -- Up-to-date symlink: /home/nvidia/acfly_ws/install/mavros_msgs/include/mavros_msgs/mavros_msgs/msg/detail/rc_in__builder.hpp
[1.279s] -- Up-to-date symlink: /home/nvidia/acfly_ws/install/mavros_msgs/include/mavros_msgs/mavros_msgs/msg/detail/rc_in__struct.hpp
[1.279s] -- Up-to-date symlink: /home/nvidia/acfly_ws/install/mavros_msgs/include/mavros_msgs/mavros_msgs/msg/detail/rc_in__traits.hpp
[1.279s] -- Up-to-date symlink: /home/nvidia/acfly_ws/install/mavros_msgs/include/mavros_msgs/mavros_msgs/msg/detail/rc_in__type_support.hpp
[1.279s] -- Up-to-date symlink: /home/nvidia/acfly_ws/install/mavros_msgs/include/mavros_msgs/mavros_msgs/msg/detail/rc_out__builder.hpp
[1.279s] -- Up-to-date symlink: /home/nvidia/acfly_ws/install/mavros_msgs/include/mavros_msgs/mavros_msgs/msg/detail/rc_out__struct.hpp
[1.279s] -- Up-to-date symlink: /home/nvidia/acfly_ws/install/mavros_msgs/include/mavros_msgs/mavros_msgs/msg/detail/rc_out__traits.hpp
[1.280s] -- Up-to-date symlink: /home/nvidia/acfly_ws/install/mavros_msgs/include/mavros_msgs/mavros_msgs/msg/detail/rc_out__type_support.hpp
[1.280s] -- Up-to-date symlink: /home/nvidia/acfly_ws/install/mavros_msgs/include/mavros_msgs/mavros_msgs/msg/detail/rtcm__builder.hpp
[1.280s] -- Up-to-date symlink: /home/nvidia/acfly_ws/install/mavros_msgs/include/mavros_msgs/mavros_msgs/msg/detail/rtcm__struct.hpp
[1.280s] -- Up-to-date symlink: /home/nvidia/acfly_ws/install/mavros_msgs/include/mavros_msgs/mavros_msgs/msg/detail/rtcm__traits.hpp
[1.280s] -- Up-to-date symlink: /home/nvidia/acfly_ws/install/mavros_msgs/include/mavros_msgs/mavros_msgs/msg/detail/rtcm__type_support.hpp
[1.280s] -- Up-to-date symlink: /home/nvidia/acfly_ws/install/mavros_msgs/include/mavros_msgs/mavros_msgs/msg/detail/rtk_baseline__builder.hpp
[1.280s] -- Up-to-date symlink: /home/nvidia/acfly_ws/install/mavros_msgs/include/mavros_msgs/mavros_msgs/msg/detail/rtk_baseline__struct.hpp
[1.281s] -- Up-to-date symlink: /home/nvidia/acfly_ws/install/mavros_msgs/include/mavros_msgs/mavros_msgs/msg/detail/rtk_baseline__traits.hpp
[1.281s] -- Up-to-date symlink: /home/nvidia/acfly_ws/install/mavros_msgs/include/mavros_msgs/mavros_msgs/msg/detail/rtk_baseline__type_support.hpp
[1.281s] -- Up-to-date symlink: /home/nvidia/acfly_ws/install/mavros_msgs/include/mavros_msgs/mavros_msgs/msg/detail/state__builder.hpp
[1.281s] -- Up-to-date symlink: /home/nvidia/acfly_ws/install/mavros_msgs/include/mavros_msgs/mavros_msgs/msg/detail/state__struct.hpp
[1.281s] -- Up-to-date symlink: /home/nvidia/acfly_ws/install/mavros_msgs/include/mavros_msgs/mavros_msgs/msg/detail/state__traits.hpp
[1.281s] -- Up-to-date symlink: /home/nvidia/acfly_ws/install/mavros_msgs/include/mavros_msgs/mavros_msgs/msg/detail/state__type_support.hpp
[1.281s] -- Up-to-date symlink: /home/nvidia/acfly_ws/install/mavros_msgs/include/mavros_msgs/mavros_msgs/msg/detail/status_event__builder.hpp
[1.282s] -- Up-to-date symlink: /home/nvidia/acfly_ws/install/mavros_msgs/include/mavros_msgs/mavros_msgs/msg/detail/status_event__struct.hpp
[1.282s] -- Up-to-date symlink: /home/nvidia/acfly_ws/install/mavros_msgs/include/mavros_msgs/mavros_msgs/msg/detail/status_event__traits.hpp
[1.282s] -- Up-to-date symlink: /home/nvidia/acfly_ws/install/mavros_msgs/include/mavros_msgs/mavros_msgs/msg/detail/status_event__type_support.hpp
[1.282s] -- Up-to-date symlink: /home/nvidia/acfly_ws/install/mavros_msgs/include/mavros_msgs/mavros_msgs/msg/detail/status_text__builder.hpp
[1.282s] -- Up-to-date symlink: /home/nvidia/acfly_ws/install/mavros_msgs/include/mavros_msgs/mavros_msgs/msg/detail/status_text__struct.hpp
[1.282s] -- Up-to-date symlink: /home/nvidia/acfly_ws/install/mavros_msgs/include/mavros_msgs/mavros_msgs/msg/detail/status_text__traits.hpp
[1.283s] -- Up-to-date symlink: /home/nvidia/acfly_ws/install/mavros_msgs/include/mavros_msgs/mavros_msgs/msg/detail/status_text__type_support.hpp
[1.283s] -- Up-to-date symlink: /home/nvidia/acfly_ws/install/mavros_msgs/include/mavros_msgs/mavros_msgs/msg/detail/sys_status__builder.hpp
[1.283s] -- Up-to-date symlink: /home/nvidia/acfly_ws/install/mavros_msgs/include/mavros_msgs/mavros_msgs/msg/detail/sys_status__struct.hpp
[1.283s] -- Up-to-date symlink: /home/nvidia/acfly_ws/install/mavros_msgs/include/mavros_msgs/mavros_msgs/msg/detail/sys_status__traits.hpp
[1.283s] -- Up-to-date symlink: /home/nvidia/acfly_ws/install/mavros_msgs/include/mavros_msgs/mavros_msgs/msg/detail/sys_status__type_support.hpp
[1.283s] -- Up-to-date symlink: /home/nvidia/acfly_ws/install/mavros_msgs/include/mavros_msgs/mavros_msgs/msg/detail/terrain_report__builder.hpp
[1.283s] -- Up-to-date symlink: /home/nvidia/acfly_ws/install/mavros_msgs/include/mavros_msgs/mavros_msgs/msg/detail/terrain_report__struct.hpp
[1.284s] -- Up-to-date symlink: /home/nvidia/acfly_ws/install/mavros_msgs/include/mavros_msgs/mavros_msgs/msg/detail/terrain_report__traits.hpp
[1.284s] -- Up-to-date symlink: /home/nvidia/acfly_ws/install/mavros_msgs/include/mavros_msgs/mavros_msgs/msg/detail/terrain_report__type_support.hpp
[1.284s] -- Up-to-date symlink: /home/nvidia/acfly_ws/install/mavros_msgs/include/mavros_msgs/mavros_msgs/msg/detail/thrust__builder.hpp
[1.284s] -- Up-to-date symlink: /home/nvidia/acfly_ws/install/mavros_msgs/include/mavros_msgs/mavros_msgs/msg/detail/thrust__struct.hpp
[1.284s] -- Up-to-date symlink: /home/nvidia/acfly_ws/install/mavros_msgs/include/mavros_msgs/mavros_msgs/msg/detail/thrust__traits.hpp
[1.285s] -- Up-to-date symlink: /home/nvidia/acfly_ws/install/mavros_msgs/include/mavros_msgs/mavros_msgs/msg/detail/thrust__type_support.hpp
[1.285s] -- Up-to-date symlink: /home/nvidia/acfly_ws/install/mavros_msgs/include/mavros_msgs/mavros_msgs/msg/detail/timesync_status__builder.hpp
[1.285s] -- Up-to-date symlink: /home/nvidia/acfly_ws/install/mavros_msgs/include/mavros_msgs/mavros_msgs/msg/detail/timesync_status__struct.hpp
[1.285s] -- Up-to-date symlink: /home/nvidia/acfly_ws/install/mavros_msgs/include/mavros_msgs/mavros_msgs/msg/detail/timesync_status__traits.hpp
[1.285s] -- Up-to-date symlink: /home/nvidia/acfly_ws/install/mavros_msgs/include/mavros_msgs/mavros_msgs/msg/detail/timesync_status__type_support.hpp
[1.285s] -- Up-to-date symlink: /home/nvidia/acfly_ws/install/mavros_msgs/include/mavros_msgs/mavros_msgs/msg/detail/trajectory__builder.hpp
[1.285s] -- Up-to-date symlink: /home/nvidia/acfly_ws/install/mavros_msgs/include/mavros_msgs/mavros_msgs/msg/detail/trajectory__struct.hpp
[1.286s] -- Up-to-date symlink: /home/nvidia/acfly_ws/install/mavros_msgs/include/mavros_msgs/mavros_msgs/msg/detail/trajectory__traits.hpp
[1.286s] -- Up-to-date symlink: /home/nvidia/acfly_ws/install/mavros_msgs/include/mavros_msgs/mavros_msgs/msg/detail/trajectory__type_support.hpp
[1.286s] -- Up-to-date symlink: /home/nvidia/acfly_ws/install/mavros_msgs/include/mavros_msgs/mavros_msgs/msg/detail/tunnel__builder.hpp
[1.286s] -- Up-to-date symlink: /home/nvidia/acfly_ws/install/mavros_msgs/include/mavros_msgs/mavros_msgs/msg/detail/tunnel__struct.hpp
[1.286s] -- Up-to-date symlink: /home/nvidia/acfly_ws/install/mavros_msgs/include/mavros_msgs/mavros_msgs/msg/detail/tunnel__traits.hpp
[1.286s] -- Up-to-date symlink: /home/nvidia/acfly_ws/install/mavros_msgs/include/mavros_msgs/mavros_msgs/msg/detail/tunnel__type_support.hpp
[1.287s] -- Up-to-date symlink: /home/nvidia/acfly_ws/install/mavros_msgs/include/mavros_msgs/mavros_msgs/msg/detail/vehicle_info__builder.hpp
[1.287s] -- Up-to-date symlink: /home/nvidia/acfly_ws/install/mavros_msgs/include/mavros_msgs/mavros_msgs/msg/detail/vehicle_info__struct.hpp
[1.287s] -- Up-to-date symlink: /home/nvidia/acfly_ws/install/mavros_msgs/include/mavros_msgs/mavros_msgs/msg/detail/vehicle_info__traits.hpp
[1.287s] -- Up-to-date symlink: /home/nvidia/acfly_ws/install/mavros_msgs/include/mavros_msgs/mavros_msgs/msg/detail/vehicle_info__type_support.hpp
[1.287s] -- Up-to-date symlink: /home/nvidia/acfly_ws/install/mavros_msgs/include/mavros_msgs/mavros_msgs/msg/detail/vfr_hud__builder.hpp
[1.287s] -- Up-to-date symlink: /home/nvidia/acfly_ws/install/mavros_msgs/include/mavros_msgs/mavros_msgs/msg/detail/vfr_hud__struct.hpp
[1.287s] -- Up-to-date symlink: /home/nvidia/acfly_ws/install/mavros_msgs/include/mavros_msgs/mavros_msgs/msg/detail/vfr_hud__traits.hpp
[1.288s] -- Up-to-date symlink: /home/nvidia/acfly_ws/install/mavros_msgs/include/mavros_msgs/mavros_msgs/msg/detail/vfr_hud__type_support.hpp
[1.288s] -- Up-to-date symlink: /home/nvidia/acfly_ws/install/mavros_msgs/include/mavros_msgs/mavros_msgs/msg/detail/vibration__builder.hpp
[1.288s] -- Up-to-date symlink: /home/nvidia/acfly_ws/install/mavros_msgs/include/mavros_msgs/mavros_msgs/msg/detail/vibration__struct.hpp
[1.288s] -- Up-to-date symlink: /home/nvidia/acfly_ws/install/mavros_msgs/include/mavros_msgs/mavros_msgs/msg/detail/vibration__traits.hpp
[1.288s] -- Up-to-date symlink: /home/nvidia/acfly_ws/install/mavros_msgs/include/mavros_msgs/mavros_msgs/msg/detail/vibration__type_support.hpp
[1.288s] -- Up-to-date symlink: /home/nvidia/acfly_ws/install/mavros_msgs/include/mavros_msgs/mavros_msgs/msg/detail/waypoint__builder.hpp
[1.289s] -- Up-to-date symlink: /home/nvidia/acfly_ws/install/mavros_msgs/include/mavros_msgs/mavros_msgs/msg/detail/waypoint__struct.hpp
[1.289s] -- Up-to-date symlink: /home/nvidia/acfly_ws/install/mavros_msgs/include/mavros_msgs/mavros_msgs/msg/detail/waypoint__traits.hpp
[1.289s] -- Up-to-date symlink: /home/nvidia/acfly_ws/install/mavros_msgs/include/mavros_msgs/mavros_msgs/msg/detail/waypoint__type_support.hpp
[1.289s] -- Up-to-date symlink: /home/nvidia/acfly_ws/install/mavros_msgs/include/mavros_msgs/mavros_msgs/msg/detail/waypoint_list__builder.hpp
[1.289s] -- Up-to-date symlink: /home/nvidia/acfly_ws/install/mavros_msgs/include/mavros_msgs/mavros_msgs/msg/detail/waypoint_list__struct.hpp
[1.289s] -- Up-to-date symlink: /home/nvidia/acfly_ws/install/mavros_msgs/include/mavros_msgs/mavros_msgs/msg/detail/waypoint_list__traits.hpp
[1.289s] -- Up-to-date symlink: /home/nvidia/acfly_ws/install/mavros_msgs/include/mavros_msgs/mavros_msgs/msg/detail/waypoint_list__type_support.hpp
[1.290s] -- Up-to-date symlink: /home/nvidia/acfly_ws/install/mavros_msgs/include/mavros_msgs/mavros_msgs/msg/detail/waypoint_reached__builder.hpp
[1.290s] -- Up-to-date symlink: /home/nvidia/acfly_ws/install/mavros_msgs/include/mavros_msgs/mavros_msgs/msg/detail/waypoint_reached__struct.hpp
[1.290s] -- Up-to-date symlink: /home/nvidia/acfly_ws/install/mavros_msgs/include/mavros_msgs/mavros_msgs/msg/detail/waypoint_reached__traits.hpp
[1.290s] -- Up-to-date symlink: /home/nvidia/acfly_ws/install/mavros_msgs/include/mavros_msgs/mavros_msgs/msg/detail/waypoint_reached__type_support.hpp
[1.290s] -- Up-to-date symlink: /home/nvidia/acfly_ws/install/mavros_msgs/include/mavros_msgs/mavros_msgs/msg/detail/wheel_odom_stamped__builder.hpp
[1.290s] -- Up-to-date symlink: /home/nvidia/acfly_ws/install/mavros_msgs/include/mavros_msgs/mavros_msgs/msg/detail/wheel_odom_stamped__struct.hpp
[1.291s] -- Up-to-date symlink: /home/nvidia/acfly_ws/install/mavros_msgs/include/mavros_msgs/mavros_msgs/msg/detail/wheel_odom_stamped__traits.hpp
[1.291s] -- Up-to-date symlink: /home/nvidia/acfly_ws/install/mavros_msgs/include/mavros_msgs/mavros_msgs/msg/detail/wheel_odom_stamped__type_support.hpp
[1.291s] -- Up-to-date symlink: /home/nvidia/acfly_ws/install/mavros_msgs/include/mavros_msgs/mavros_msgs/msg/esc_info.hpp
[1.291s] -- Up-to-date symlink: /home/nvidia/acfly_ws/install/mavros_msgs/include/mavros_msgs/mavros_msgs/msg/esc_info_item.hpp
[1.291s] -- Up-to-date symlink: /home/nvidia/acfly_ws/install/mavros_msgs/include/mavros_msgs/mavros_msgs/msg/esc_status.hpp
[1.292s] -- Up-to-date symlink: /home/nvidia/acfly_ws/install/mavros_msgs/include/mavros_msgs/mavros_msgs/msg/esc_status_item.hpp
[1.292s] -- Up-to-date symlink: /home/nvidia/acfly_ws/install/mavros_msgs/include/mavros_msgs/mavros_msgs/msg/esc_telemetry.hpp
[1.292s] -- Up-to-date symlink: /home/nvidia/acfly_ws/install/mavros_msgs/include/mavros_msgs/mavros_msgs/msg/esc_telemetry_item.hpp
[1.292s] -- Up-to-date symlink: /home/nvidia/acfly_ws/install/mavros_msgs/include/mavros_msgs/mavros_msgs/msg/estimator_status.hpp
[1.293s] -- Up-to-date symlink: /home/nvidia/acfly_ws/install/mavros_msgs/include/mavros_msgs/mavros_msgs/msg/extended_state.hpp
[1.293s] -- Up-to-date symlink: /home/nvidia/acfly_ws/install/mavros_msgs/include/mavros_msgs/mavros_msgs/msg/file_entry.hpp
[1.293s] -- Up-to-date symlink: /home/nvidia/acfly_ws/install/mavros_msgs/include/mavros_msgs/mavros_msgs/msg/gimbal_device_attitude_status.hpp
[1.294s] -- Up-to-date symlink: /home/nvidia/acfly_ws/install/mavros_msgs/include/mavros_msgs/mavros_msgs/msg/gimbal_device_information.hpp
[1.294s] -- Up-to-date symlink: /home/nvidia/acfly_ws/install/mavros_msgs/include/mavros_msgs/mavros_msgs/msg/gimbal_device_set_attitude.hpp
[1.294s] -- Up-to-date symlink: /home/nvidia/acfly_ws/install/mavros_msgs/include/mavros_msgs/mavros_msgs/msg/gimbal_manager_information.hpp
[1.294s] -- Up-to-date symlink: /home/nvidia/acfly_ws/install/mavros_msgs/include/mavros_msgs/mavros_msgs/msg/gimbal_manager_set_attitude.hpp
[1.294s] -- Up-to-date symlink: /home/nvidia/acfly_ws/install/mavros_msgs/include/mavros_msgs/mavros_msgs/msg/gimbal_manager_set_pitchyaw.hpp
[1.294s] -- Up-to-date symlink: /home/nvidia/acfly_ws/install/mavros_msgs/include/mavros_msgs/mavros_msgs/msg/gimbal_manager_status.hpp
[1.294s] -- Up-to-date symlink: /home/nvidia/acfly_ws/install/mavros_msgs/include/mavros_msgs/mavros_msgs/msg/global_position_target.hpp
[1.295s] -- Up-to-date symlink: /home/nvidia/acfly_ws/install/mavros_msgs/include/mavros_msgs/mavros_msgs/msg/gpsinput.hpp
[1.295s] -- Up-to-date symlink: /home/nvidia/acfly_ws/install/mavros_msgs/include/mavros_msgs/mavros_msgs/msg/gpsraw.hpp
[1.295s] -- Up-to-date symlink: /home/nvidia/acfly_ws/install/mavros_msgs/include/mavros_msgs/mavros_msgs/msg/gpsrtk.hpp
[1.295s] -- Up-to-date symlink: /home/nvidia/acfly_ws/install/mavros_msgs/include/mavros_msgs/mavros_msgs/msg/hil_actuator_controls.hpp
[1.295s] -- Up-to-date symlink: /home/nvidia/acfly_ws/install/mavros_msgs/include/mavros_msgs/mavros_msgs/msg/hil_controls.hpp
[1.295s] -- Up-to-date symlink: /home/nvidia/acfly_ws/install/mavros_msgs/include/mavros_msgs/mavros_msgs/msg/hil_gps.hpp
[1.295s] -- Up-to-date symlink: /home/nvidia/acfly_ws/install/mavros_msgs/include/mavros_msgs/mavros_msgs/msg/hil_sensor.hpp
[1.296s] -- Up-to-date symlink: /home/nvidia/acfly_ws/install/mavros_msgs/include/mavros_msgs/mavros_msgs/msg/hil_state_quaternion.hpp
[1.296s] -- Up-to-date symlink: /home/nvidia/acfly_ws/install/mavros_msgs/include/mavros_msgs/mavros_msgs/msg/home_position.hpp
[1.296s] -- Up-to-date symlink: /home/nvidia/acfly_ws/install/mavros_msgs/include/mavros_msgs/mavros_msgs/msg/landing_target.hpp
[1.296s] -- Up-to-date symlink: /home/nvidia/acfly_ws/install/mavros_msgs/include/mavros_msgs/mavros_msgs/msg/log_data.hpp
[1.296s] -- Up-to-date symlink: /home/nvidia/acfly_ws/install/mavros_msgs/include/mavros_msgs/mavros_msgs/msg/log_entry.hpp
[1.296s] -- Up-to-date symlink: /home/nvidia/acfly_ws/install/mavros_msgs/include/mavros_msgs/mavros_msgs/msg/magnetometer_reporter.hpp
[1.297s] -- Up-to-date symlink: /home/nvidia/acfly_ws/install/mavros_msgs/include/mavros_msgs/mavros_msgs/msg/manual_control.hpp
[1.297s] -- Up-to-date symlink: /home/nvidia/acfly_ws/install/mavros_msgs/include/mavros_msgs/mavros_msgs/msg/mavlink.hpp
[1.297s] -- Up-to-date symlink: /home/nvidia/acfly_ws/install/mavros_msgs/include/mavros_msgs/mavros_msgs/msg/mount_control.hpp
[1.297s] -- Up-to-date symlink: /home/nvidia/acfly_ws/install/mavros_msgs/include/mavros_msgs/mavros_msgs/msg/nav_controller_output.hpp
[1.297s] -- Up-to-date symlink: /home/nvidia/acfly_ws/install/mavros_msgs/include/mavros_msgs/mavros_msgs/msg/onboard_computer_status.hpp
[1.297s] -- Up-to-date symlink: /home/nvidia/acfly_ws/install/mavros_msgs/include/mavros_msgs/mavros_msgs/msg/open_drone_id_basic_id.hpp
[1.297s] -- Up-to-date symlink: /home/nvidia/acfly_ws/install/mavros_msgs/include/mavros_msgs/mavros_msgs/msg/open_drone_id_operator_id.hpp
[1.298s] -- Up-to-date symlink: /home/nvidia/acfly_ws/install/mavros_msgs/include/mavros_msgs/mavros_msgs/msg/open_drone_id_self_id.hpp
[1.298s] -- Up-to-date symlink: /home/nvidia/acfly_ws/install/mavros_msgs/include/mavros_msgs/mavros_msgs/msg/open_drone_id_system.hpp
[1.298s] -- Up-to-date symlink: /home/nvidia/acfly_ws/install/mavros_msgs/include/mavros_msgs/mavros_msgs/msg/open_drone_id_system_update.hpp
[1.298s] -- Up-to-date symlink: /home/nvidia/acfly_ws/install/mavros_msgs/include/mavros_msgs/mavros_msgs/msg/optical_flow.hpp
[1.298s] -- Up-to-date symlink: /home/nvidia/acfly_ws/install/mavros_msgs/include/mavros_msgs/mavros_msgs/msg/optical_flow_rad.hpp
[1.298s] -- Up-to-date symlink: /home/nvidia/acfly_ws/install/mavros_msgs/include/mavros_msgs/mavros_msgs/msg/override_rc_in.hpp
[1.299s] -- Up-to-date symlink: /home/nvidia/acfly_ws/install/mavros_msgs/include/mavros_msgs/mavros_msgs/msg/param.hpp
[1.299s] -- Up-to-date symlink: /home/nvidia/acfly_ws/install/mavros_msgs/include/mavros_msgs/mavros_msgs/msg/param_event.hpp
[1.299s] -- Up-to-date symlink: /home/nvidia/acfly_ws/install/mavros_msgs/include/mavros_msgs/mavros_msgs/msg/param_value.hpp
[1.299s] -- Up-to-date symlink: /home/nvidia/acfly_ws/install/mavros_msgs/include/mavros_msgs/mavros_msgs/msg/play_tune_v2.hpp
[1.299s] -- Up-to-date symlink: /home/nvidia/acfly_ws/install/mavros_msgs/include/mavros_msgs/mavros_msgs/msg/position_target.hpp
[1.300s] -- Up-to-date symlink: /home/nvidia/acfly_ws/install/mavros_msgs/include/mavros_msgs/mavros_msgs/msg/radio_status.hpp
[1.300s] -- Up-to-date symlink: /home/nvidia/acfly_ws/install/mavros_msgs/include/mavros_msgs/mavros_msgs/msg/rc_in.hpp
[1.300s] -- Up-to-date symlink: /home/nvidia/acfly_ws/install/mavros_msgs/include/mavros_msgs/mavros_msgs/msg/rc_out.hpp
[1.300s] -- Up-to-date symlink: /home/nvidia/acfly_ws/install/mavros_msgs/include/mavros_msgs/mavros_msgs/msg/rosidl_generator_cpp__visibility_control.hpp
[1.300s] -- Up-to-date symlink: /home/nvidia/acfly_ws/install/mavros_msgs/include/mavros_msgs/mavros_msgs/msg/rtcm.hpp
[1.300s] -- Up-to-date symlink: /home/nvidia/acfly_ws/install/mavros_msgs/include/mavros_msgs/mavros_msgs/msg/rtk_baseline.hpp
[1.300s] -- Up-to-date symlink: /home/nvidia/acfly_ws/install/mavros_msgs/include/mavros_msgs/mavros_msgs/msg/state.hpp
[1.301s] -- Up-to-date symlink: /home/nvidia/acfly_ws/install/mavros_msgs/include/mavros_msgs/mavros_msgs/msg/status_event.hpp
[1.301s] -- Up-to-date symlink: /home/nvidia/acfly_ws/install/mavros_msgs/include/mavros_msgs/mavros_msgs/msg/status_text.hpp
[1.301s] -- Up-to-date symlink: /home/nvidia/acfly_ws/install/mavros_msgs/include/mavros_msgs/mavros_msgs/msg/sys_status.hpp
[1.301s] -- Up-to-date symlink: /home/nvidia/acfly_ws/install/mavros_msgs/include/mavros_msgs/mavros_msgs/msg/terrain_report.hpp
[1.301s] -- Up-to-date symlink: /home/nvidia/acfly_ws/install/mavros_msgs/include/mavros_msgs/mavros_msgs/msg/thrust.hpp
[1.301s] -- Up-to-date symlink: /home/nvidia/acfly_ws/install/mavros_msgs/include/mavros_msgs/mavros_msgs/msg/timesync_status.hpp
[1.302s] -- Up-to-date symlink: /home/nvidia/acfly_ws/install/mavros_msgs/include/mavros_msgs/mavros_msgs/msg/trajectory.hpp
[1.302s] -- Up-to-date symlink: /home/nvidia/acfly_ws/install/mavros_msgs/include/mavros_msgs/mavros_msgs/msg/tunnel.hpp
[1.302s] -- Up-to-date symlink: /home/nvidia/acfly_ws/install/mavros_msgs/include/mavros_msgs/mavros_msgs/msg/vehicle_info.hpp
[1.302s] -- Up-to-date symlink: /home/nvidia/acfly_ws/install/mavros_msgs/include/mavros_msgs/mavros_msgs/msg/vfr_hud.hpp
[1.302s] -- Up-to-date symlink: /home/nvidia/acfly_ws/install/mavros_msgs/include/mavros_msgs/mavros_msgs/msg/vibration.hpp
[1.302s] -- Up-to-date symlink: /home/nvidia/acfly_ws/install/mavros_msgs/include/mavros_msgs/mavros_msgs/msg/waypoint.hpp
[1.303s] -- Up-to-date symlink: /home/nvidia/acfly_ws/install/mavros_msgs/include/mavros_msgs/mavros_msgs/msg/waypoint_list.hpp
[1.303s] -- Up-to-date symlink: /home/nvidia/acfly_ws/install/mavros_msgs/include/mavros_msgs/mavros_msgs/msg/waypoint_reached.hpp
[1.303s] -- Up-to-date symlink: /home/nvidia/acfly_ws/install/mavros_msgs/include/mavros_msgs/mavros_msgs/msg/wheel_odom_stamped.hpp
[1.303s] -- Up-to-date symlink: /home/nvidia/acfly_ws/install/mavros_msgs/include/mavros_msgs/mavros_msgs/srv/command_ack.hpp
[1.303s] -- Up-to-date symlink: /home/nvidia/acfly_ws/install/mavros_msgs/include/mavros_msgs/mavros_msgs/srv/command_bool.hpp
[1.304s] -- Up-to-date symlink: /home/nvidia/acfly_ws/install/mavros_msgs/include/mavros_msgs/mavros_msgs/srv/command_home.hpp
[1.304s] -- Up-to-date symlink: /home/nvidia/acfly_ws/install/mavros_msgs/include/mavros_msgs/mavros_msgs/srv/command_int.hpp
[1.304s] -- Up-to-date symlink: /home/nvidia/acfly_ws/install/mavros_msgs/include/mavros_msgs/mavros_msgs/srv/command_long.hpp
[1.305s] -- Up-to-date symlink: /home/nvidia/acfly_ws/install/mavros_msgs/include/mavros_msgs/mavros_msgs/srv/command_tol.hpp
[1.305s] -- Up-to-date symlink: /home/nvidia/acfly_ws/install/mavros_msgs/include/mavros_msgs/mavros_msgs/srv/command_tol_local.hpp
[1.305s] -- Up-to-date symlink: /home/nvidia/acfly_ws/install/mavros_msgs/include/mavros_msgs/mavros_msgs/srv/command_trigger_control.hpp
[1.306s] -- Up-to-date symlink: /home/nvidia/acfly_ws/install/mavros_msgs/include/mavros_msgs/mavros_msgs/srv/command_trigger_interval.hpp
[1.306s] -- Up-to-date symlink: /home/nvidia/acfly_ws/install/mavros_msgs/include/mavros_msgs/mavros_msgs/srv/command_vtol_transition.hpp
[1.306s] -- Up-to-date symlink: /home/nvidia/acfly_ws/install/mavros_msgs/include/mavros_msgs/mavros_msgs/srv/detail/command_ack__builder.hpp
[1.307s] -- Up-to-date symlink: /home/nvidia/acfly_ws/install/mavros_msgs/include/mavros_msgs/mavros_msgs/srv/detail/command_ack__struct.hpp
[1.307s] -- Up-to-date symlink: /home/nvidia/acfly_ws/install/mavros_msgs/include/mavros_msgs/mavros_msgs/srv/detail/command_ack__traits.hpp
[1.307s] -- Up-to-date symlink: /home/nvidia/acfly_ws/install/mavros_msgs/include/mavros_msgs/mavros_msgs/srv/detail/command_ack__type_support.hpp
[1.307s] -- Up-to-date symlink: /home/nvidia/acfly_ws/install/mavros_msgs/include/mavros_msgs/mavros_msgs/srv/detail/command_bool__builder.hpp
[1.308s] -- Up-to-date symlink: /home/nvidia/acfly_ws/install/mavros_msgs/include/mavros_msgs/mavros_msgs/srv/detail/command_bool__struct.hpp
[1.308s] -- Up-to-date symlink: /home/nvidia/acfly_ws/install/mavros_msgs/include/mavros_msgs/mavros_msgs/srv/detail/command_bool__traits.hpp
[1.308s] -- Up-to-date symlink: /home/nvidia/acfly_ws/install/mavros_msgs/include/mavros_msgs/mavros_msgs/srv/detail/command_bool__type_support.hpp
[1.309s] -- Up-to-date symlink: /home/nvidia/acfly_ws/install/mavros_msgs/include/mavros_msgs/mavros_msgs/srv/detail/command_home__builder.hpp
[1.309s] -- Up-to-date symlink: /home/nvidia/acfly_ws/install/mavros_msgs/include/mavros_msgs/mavros_msgs/srv/detail/command_home__struct.hpp
[1.310s] -- Up-to-date symlink: /home/nvidia/acfly_ws/install/mavros_msgs/include/mavros_msgs/mavros_msgs/srv/detail/command_home__traits.hpp
[1.310s] -- Up-to-date symlink: /home/nvidia/acfly_ws/install/mavros_msgs/include/mavros_msgs/mavros_msgs/srv/detail/command_home__type_support.hpp
[1.310s] -- Up-to-date symlink: /home/nvidia/acfly_ws/install/mavros_msgs/include/mavros_msgs/mavros_msgs/srv/detail/command_int__builder.hpp
[1.310s] -- Up-to-date symlink: /home/nvidia/acfly_ws/install/mavros_msgs/include/mavros_msgs/mavros_msgs/srv/detail/command_int__struct.hpp
[1.311s] -- Up-to-date symlink: /home/nvidia/acfly_ws/install/mavros_msgs/include/mavros_msgs/mavros_msgs/srv/detail/command_int__traits.hpp
[1.311s] -- Up-to-date symlink: /home/nvidia/acfly_ws/install/mavros_msgs/include/mavros_msgs/mavros_msgs/srv/detail/command_int__type_support.hpp
[1.311s] -- Up-to-date symlink: /home/nvidia/acfly_ws/install/mavros_msgs/include/mavros_msgs/mavros_msgs/srv/detail/command_long__builder.hpp
[1.311s] -- Up-to-date symlink: /home/nvidia/acfly_ws/install/mavros_msgs/include/mavros_msgs/mavros_msgs/srv/detail/command_long__struct.hpp
[1.312s] -- Up-to-date symlink: /home/nvidia/acfly_ws/install/mavros_msgs/include/mavros_msgs/mavros_msgs/srv/detail/command_long__traits.hpp
[1.312s] -- Up-to-date symlink: /home/nvidia/acfly_ws/install/mavros_msgs/include/mavros_msgs/mavros_msgs/srv/detail/command_long__type_support.hpp
[1.312s] -- Up-to-date symlink: /home/nvidia/acfly_ws/install/mavros_msgs/include/mavros_msgs/mavros_msgs/srv/detail/command_tol__builder.hpp
[1.312s] -- Up-to-date symlink: /home/nvidia/acfly_ws/install/mavros_msgs/include/mavros_msgs/mavros_msgs/srv/detail/command_tol__struct.hpp
[1.312s] -- Up-to-date symlink: /home/nvidia/acfly_ws/install/mavros_msgs/include/mavros_msgs/mavros_msgs/srv/detail/command_tol__traits.hpp
[1.313s] -- Up-to-date symlink: /home/nvidia/acfly_ws/install/mavros_msgs/include/mavros_msgs/mavros_msgs/srv/detail/command_tol__type_support.hpp
[1.313s] -- Up-to-date symlink: /home/nvidia/acfly_ws/install/mavros_msgs/include/mavros_msgs/mavros_msgs/srv/detail/command_tol_local__builder.hpp
[1.313s] -- Up-to-date symlink: /home/nvidia/acfly_ws/install/mavros_msgs/include/mavros_msgs/mavros_msgs/srv/detail/command_tol_local__struct.hpp
[1.313s] -- Up-to-date symlink: /home/nvidia/acfly_ws/install/mavros_msgs/include/mavros_msgs/mavros_msgs/srv/detail/command_tol_local__traits.hpp
[1.314s] -- Up-to-date symlink: /home/nvidia/acfly_ws/install/mavros_msgs/include/mavros_msgs/mavros_msgs/srv/detail/command_tol_local__type_support.hpp
[1.314s] -- Up-to-date symlink: /home/nvidia/acfly_ws/install/mavros_msgs/include/mavros_msgs/mavros_msgs/srv/detail/command_trigger_control__builder.hpp
[1.314s] -- Up-to-date symlink: /home/nvidia/acfly_ws/install/mavros_msgs/include/mavros_msgs/mavros_msgs/srv/detail/command_trigger_control__struct.hpp
[1.315s] -- Up-to-date symlink: /home/nvidia/acfly_ws/install/mavros_msgs/include/mavros_msgs/mavros_msgs/srv/detail/command_trigger_control__traits.hpp
[1.315s] -- Up-to-date symlink: /home/nvidia/acfly_ws/install/mavros_msgs/include/mavros_msgs/mavros_msgs/srv/detail/command_trigger_control__type_support.hpp
[1.315s] -- Up-to-date symlink: /home/nvidia/acfly_ws/install/mavros_msgs/include/mavros_msgs/mavros_msgs/srv/detail/command_trigger_interval__builder.hpp
[1.315s] -- Up-to-date symlink: /home/nvidia/acfly_ws/install/mavros_msgs/include/mavros_msgs/mavros_msgs/srv/detail/command_trigger_interval__struct.hpp
[1.316s] -- Up-to-date symlink: /home/nvidia/acfly_ws/install/mavros_msgs/include/mavros_msgs/mavros_msgs/srv/detail/command_trigger_interval__traits.hpp
[1.316s] -- Up-to-date symlink: /home/nvidia/acfly_ws/install/mavros_msgs/include/mavros_msgs/mavros_msgs/srv/detail/command_trigger_interval__type_support.hpp
[1.316s] -- Up-to-date symlink: /home/nvidia/acfly_ws/install/mavros_msgs/include/mavros_msgs/mavros_msgs/srv/detail/command_vtol_transition__builder.hpp
[1.317s] -- Up-to-date symlink: /home/nvidia/acfly_ws/install/mavros_msgs/include/mavros_msgs/mavros_msgs/srv/detail/command_vtol_transition__struct.hpp
[1.317s] -- Up-to-date symlink: /home/nvidia/acfly_ws/install/mavros_msgs/include/mavros_msgs/mavros_msgs/srv/detail/command_vtol_transition__traits.hpp
[1.317s] -- Up-to-date symlink: /home/nvidia/acfly_ws/install/mavros_msgs/include/mavros_msgs/mavros_msgs/srv/detail/command_vtol_transition__type_support.hpp
[1.318s] -- Up-to-date symlink: /home/nvidia/acfly_ws/install/mavros_msgs/include/mavros_msgs/mavros_msgs/srv/detail/endpoint_add__builder.hpp
[1.318s] -- Up-to-date symlink: /home/nvidia/acfly_ws/install/mavros_msgs/include/mavros_msgs/mavros_msgs/srv/detail/endpoint_add__struct.hpp
[1.318s] -- Up-to-date symlink: /home/nvidia/acfly_ws/install/mavros_msgs/include/mavros_msgs/mavros_msgs/srv/detail/endpoint_add__traits.hpp
[1.318s] -- Up-to-date symlink: /home/nvidia/acfly_ws/install/mavros_msgs/include/mavros_msgs/mavros_msgs/srv/detail/endpoint_add__type_support.hpp
[1.319s] -- Up-to-date symlink: /home/nvidia/acfly_ws/install/mavros_msgs/include/mavros_msgs/mavros_msgs/srv/detail/endpoint_del__builder.hpp
[1.319s] -- Up-to-date symlink: /home/nvidia/acfly_ws/install/mavros_msgs/include/mavros_msgs/mavros_msgs/srv/detail/endpoint_del__struct.hpp
[1.319s] -- Up-to-date symlink: /home/nvidia/acfly_ws/install/mavros_msgs/include/mavros_msgs/mavros_msgs/srv/detail/endpoint_del__traits.hpp
[1.319s] -- Up-to-date symlink: /home/nvidia/acfly_ws/install/mavros_msgs/include/mavros_msgs/mavros_msgs/srv/detail/endpoint_del__type_support.hpp
[1.320s] -- Up-to-date symlink: /home/nvidia/acfly_ws/install/mavros_msgs/include/mavros_msgs/mavros_msgs/srv/detail/file_checksum__builder.hpp
[1.320s] -- Up-to-date symlink: /home/nvidia/acfly_ws/install/mavros_msgs/include/mavros_msgs/mavros_msgs/srv/detail/file_checksum__struct.hpp
[1.320s] -- Up-to-date symlink: /home/nvidia/acfly_ws/install/mavros_msgs/include/mavros_msgs/mavros_msgs/srv/detail/file_checksum__traits.hpp
[1.320s] -- Up-to-date symlink: /home/nvidia/acfly_ws/install/mavros_msgs/include/mavros_msgs/mavros_msgs/srv/detail/file_checksum__type_support.hpp
[1.320s] -- Up-to-date symlink: /home/nvidia/acfly_ws/install/mavros_msgs/include/mavros_msgs/mavros_msgs/srv/detail/file_close__builder.hpp
[1.320s] -- Up-to-date symlink: /home/nvidia/acfly_ws/install/mavros_msgs/include/mavros_msgs/mavros_msgs/srv/detail/file_close__struct.hpp
[1.321s] -- Up-to-date symlink: /home/nvidia/acfly_ws/install/mavros_msgs/include/mavros_msgs/mavros_msgs/srv/detail/file_close__traits.hpp
[1.321s] -- Up-to-date symlink: /home/nvidia/acfly_ws/install/mavros_msgs/include/mavros_msgs/mavros_msgs/srv/detail/file_close__type_support.hpp
[1.321s] -- Up-to-date symlink: /home/nvidia/acfly_ws/install/mavros_msgs/include/mavros_msgs/mavros_msgs/srv/detail/file_list__builder.hpp
[1.321s] -- Up-to-date symlink: /home/nvidia/acfly_ws/install/mavros_msgs/include/mavros_msgs/mavros_msgs/srv/detail/file_list__struct.hpp
[1.321s] -- Up-to-date symlink: /home/nvidia/acfly_ws/install/mavros_msgs/include/mavros_msgs/mavros_msgs/srv/detail/file_list__traits.hpp
[1.322s] -- Up-to-date symlink: /home/nvidia/acfly_ws/install/mavros_msgs/include/mavros_msgs/mavros_msgs/srv/detail/file_list__type_support.hpp
[1.322s] -- Up-to-date symlink: /home/nvidia/acfly_ws/install/mavros_msgs/include/mavros_msgs/mavros_msgs/srv/detail/file_make_dir__builder.hpp
[1.322s] -- Up-to-date symlink: /home/nvidia/acfly_ws/install/mavros_msgs/include/mavros_msgs/mavros_msgs/srv/detail/file_make_dir__struct.hpp
[1.322s] -- Up-to-date symlink: /home/nvidia/acfly_ws/install/mavros_msgs/include/mavros_msgs/mavros_msgs/srv/detail/file_make_dir__traits.hpp
[1.323s] -- Up-to-date symlink: /home/nvidia/acfly_ws/install/mavros_msgs/include/mavros_msgs/mavros_msgs/srv/detail/file_make_dir__type_support.hpp
[1.323s] -- Up-to-date symlink: /home/nvidia/acfly_ws/install/mavros_msgs/include/mavros_msgs/mavros_msgs/srv/detail/file_open__builder.hpp
[1.323s] -- Up-to-date symlink: /home/nvidia/acfly_ws/install/mavros_msgs/include/mavros_msgs/mavros_msgs/srv/detail/file_open__struct.hpp
[1.323s] -- Up-to-date symlink: /home/nvidia/acfly_ws/install/mavros_msgs/include/mavros_msgs/mavros_msgs/srv/detail/file_open__traits.hpp
[1.323s] -- Up-to-date symlink: /home/nvidia/acfly_ws/install/mavros_msgs/include/mavros_msgs/mavros_msgs/srv/detail/file_open__type_support.hpp
[1.324s] -- Up-to-date symlink: /home/nvidia/acfly_ws/install/mavros_msgs/include/mavros_msgs/mavros_msgs/srv/detail/file_read__builder.hpp
[1.324s] -- Up-to-date symlink: /home/nvidia/acfly_ws/install/mavros_msgs/include/mavros_msgs/mavros_msgs/srv/detail/file_read__struct.hpp
[1.324s] -- Up-to-date symlink: /home/nvidia/acfly_ws/install/mavros_msgs/include/mavros_msgs/mavros_msgs/srv/detail/file_read__traits.hpp
[1.324s] -- Up-to-date symlink: /home/nvidia/acfly_ws/install/mavros_msgs/include/mavros_msgs/mavros_msgs/srv/detail/file_read__type_support.hpp
[1.325s] -- Up-to-date symlink: /home/nvidia/acfly_ws/install/mavros_msgs/include/mavros_msgs/mavros_msgs/srv/detail/file_remove__builder.hpp
[1.325s] -- Up-to-date symlink: /home/nvidia/acfly_ws/install/mavros_msgs/include/mavros_msgs/mavros_msgs/srv/detail/file_remove__struct.hpp
[1.325s] -- Up-to-date symlink: /home/nvidia/acfly_ws/install/mavros_msgs/include/mavros_msgs/mavros_msgs/srv/detail/file_remove__traits.hpp
[1.325s] -- Up-to-date symlink: /home/nvidia/acfly_ws/install/mavros_msgs/include/mavros_msgs/mavros_msgs/srv/detail/file_remove__type_support.hpp
[1.326s] -- Up-to-date symlink: /home/nvidia/acfly_ws/install/mavros_msgs/include/mavros_msgs/mavros_msgs/srv/detail/file_remove_dir__builder.hpp
[1.326s] -- Up-to-date symlink: /home/nvidia/acfly_ws/install/mavros_msgs/include/mavros_msgs/mavros_msgs/srv/detail/file_remove_dir__struct.hpp
[1.326s] -- Up-to-date symlink: /home/nvidia/acfly_ws/install/mavros_msgs/include/mavros_msgs/mavros_msgs/srv/detail/file_remove_dir__traits.hpp
[1.326s] -- Up-to-date symlink: /home/nvidia/acfly_ws/install/mavros_msgs/include/mavros_msgs/mavros_msgs/srv/detail/file_remove_dir__type_support.hpp
[1.326s] -- Up-to-date symlink: /home/nvidia/acfly_ws/install/mavros_msgs/include/mavros_msgs/mavros_msgs/srv/detail/file_rename__builder.hpp
[1.327s] -- Up-to-date symlink: /home/nvidia/acfly_ws/install/mavros_msgs/include/mavros_msgs/mavros_msgs/srv/detail/file_rename__struct.hpp
[1.327s] -- Up-to-date symlink: /home/nvidia/acfly_ws/install/mavros_msgs/include/mavros_msgs/mavros_msgs/srv/detail/file_rename__traits.hpp
[1.327s] -- Up-to-date symlink: /home/nvidia/acfly_ws/install/mavros_msgs/include/mavros_msgs/mavros_msgs/srv/detail/file_rename__type_support.hpp
[1.327s] -- Up-to-date symlink: /home/nvidia/acfly_ws/install/mavros_msgs/include/mavros_msgs/mavros_msgs/srv/detail/file_truncate__builder.hpp
[1.328s] -- Up-to-date symlink: /home/nvidia/acfly_ws/install/mavros_msgs/include/mavros_msgs/mavros_msgs/srv/detail/file_truncate__struct.hpp
[1.328s] -- Up-to-date symlink: /home/nvidia/acfly_ws/install/mavros_msgs/include/mavros_msgs/mavros_msgs/srv/detail/file_truncate__traits.hpp
[1.328s] -- Up-to-date symlink: /home/nvidia/acfly_ws/install/mavros_msgs/include/mavros_msgs/mavros_msgs/srv/detail/file_truncate__type_support.hpp
[1.329s] -- Up-to-date symlink: /home/nvidia/acfly_ws/install/mavros_msgs/include/mavros_msgs/mavros_msgs/srv/detail/file_write__builder.hpp
[1.329s] -- Up-to-date symlink: /home/nvidia/acfly_ws/install/mavros_msgs/include/mavros_msgs/mavros_msgs/srv/detail/file_write__struct.hpp
[1.329s] -- Up-to-date symlink: /home/nvidia/acfly_ws/install/mavros_msgs/include/mavros_msgs/mavros_msgs/srv/detail/file_write__traits.hpp
[1.329s] -- Up-to-date symlink: /home/nvidia/acfly_ws/install/mavros_msgs/include/mavros_msgs/mavros_msgs/srv/detail/file_write__type_support.hpp
[1.329s] -- Up-to-date symlink: /home/nvidia/acfly_ws/install/mavros_msgs/include/mavros_msgs/mavros_msgs/srv/detail/gimbal_get_information__builder.hpp
[1.330s] -- Up-to-date symlink: /home/nvidia/acfly_ws/install/mavros_msgs/include/mavros_msgs/mavros_msgs/srv/detail/gimbal_get_information__struct.hpp
[1.330s] -- Up-to-date symlink: /home/nvidia/acfly_ws/install/mavros_msgs/include/mavros_msgs/mavros_msgs/srv/detail/gimbal_get_information__traits.hpp
[1.330s] -- Up-to-date symlink: /home/nvidia/acfly_ws/install/mavros_msgs/include/mavros_msgs/mavros_msgs/srv/detail/gimbal_get_information__type_support.hpp
[1.330s] -- Up-to-date symlink: /home/nvidia/acfly_ws/install/mavros_msgs/include/mavros_msgs/mavros_msgs/srv/detail/gimbal_manager_camera_track__builder.hpp
[1.330s] -- Up-to-date symlink: /home/nvidia/acfly_ws/install/mavros_msgs/include/mavros_msgs/mavros_msgs/srv/detail/gimbal_manager_camera_track__struct.hpp
[1.330s] -- Up-to-date symlink: /home/nvidia/acfly_ws/install/mavros_msgs/include/mavros_msgs/mavros_msgs/srv/detail/gimbal_manager_camera_track__traits.hpp
[1.331s] -- Up-to-date symlink: /home/nvidia/acfly_ws/install/mavros_msgs/include/mavros_msgs/mavros_msgs/srv/detail/gimbal_manager_camera_track__type_support.hpp
[1.331s] -- Up-to-date symlink: /home/nvidia/acfly_ws/install/mavros_msgs/include/mavros_msgs/mavros_msgs/srv/detail/gimbal_manager_configure__builder.hpp
[1.331s] -- Up-to-date symlink: /home/nvidia/acfly_ws/install/mavros_msgs/include/mavros_msgs/mavros_msgs/srv/detail/gimbal_manager_configure__struct.hpp
[1.331s] -- Up-to-date symlink: /home/nvidia/acfly_ws/install/mavros_msgs/include/mavros_msgs/mavros_msgs/srv/detail/gimbal_manager_configure__traits.hpp
[1.331s] -- Up-to-date symlink: /home/nvidia/acfly_ws/install/mavros_msgs/include/mavros_msgs/mavros_msgs/srv/detail/gimbal_manager_configure__type_support.hpp
[1.332s] -- Up-to-date symlink: /home/nvidia/acfly_ws/install/mavros_msgs/include/mavros_msgs/mavros_msgs/srv/detail/gimbal_manager_pitchyaw__builder.hpp
[1.332s] -- Up-to-date symlink: /home/nvidia/acfly_ws/install/mavros_msgs/include/mavros_msgs/mavros_msgs/srv/detail/gimbal_manager_pitchyaw__struct.hpp
[1.332s] -- Up-to-date symlink: /home/nvidia/acfly_ws/install/mavros_msgs/include/mavros_msgs/mavros_msgs/srv/detail/gimbal_manager_pitchyaw__traits.hpp
[1.332s] -- Up-to-date symlink: /home/nvidia/acfly_ws/install/mavros_msgs/include/mavros_msgs/mavros_msgs/srv/detail/gimbal_manager_pitchyaw__type_support.hpp
[1.332s] -- Up-to-date symlink: /home/nvidia/acfly_ws/install/mavros_msgs/include/mavros_msgs/mavros_msgs/srv/detail/gimbal_manager_set_roi__builder.hpp
[1.332s] -- Up-to-date symlink: /home/nvidia/acfly_ws/install/mavros_msgs/include/mavros_msgs/mavros_msgs/srv/detail/gimbal_manager_set_roi__struct.hpp
[1.332s] -- Up-to-date symlink: /home/nvidia/acfly_ws/install/mavros_msgs/include/mavros_msgs/mavros_msgs/srv/detail/gimbal_manager_set_roi__traits.hpp
[1.333s] -- Up-to-date symlink: /home/nvidia/acfly_ws/install/mavros_msgs/include/mavros_msgs/mavros_msgs/srv/detail/gimbal_manager_set_roi__type_support.hpp
[1.333s] -- Up-to-date symlink: /home/nvidia/acfly_ws/install/mavros_msgs/include/mavros_msgs/mavros_msgs/srv/detail/log_request_data__builder.hpp
[1.333s] -- Up-to-date symlink: /home/nvidia/acfly_ws/install/mavros_msgs/include/mavros_msgs/mavros_msgs/srv/detail/log_request_data__struct.hpp
[1.333s] -- Up-to-date symlink: /home/nvidia/acfly_ws/install/mavros_msgs/include/mavros_msgs/mavros_msgs/srv/detail/log_request_data__traits.hpp
[1.333s] -- Up-to-date symlink: /home/nvidia/acfly_ws/install/mavros_msgs/include/mavros_msgs/mavros_msgs/srv/detail/log_request_data__type_support.hpp
[1.333s] -- Up-to-date symlink: /home/nvidia/acfly_ws/install/mavros_msgs/include/mavros_msgs/mavros_msgs/srv/detail/log_request_end__builder.hpp
[1.333s] -- Up-to-date symlink: /home/nvidia/acfly_ws/install/mavros_msgs/include/mavros_msgs/mavros_msgs/srv/detail/log_request_end__struct.hpp
[1.334s] -- Up-to-date symlink: /home/nvidia/acfly_ws/install/mavros_msgs/include/mavros_msgs/mavros_msgs/srv/detail/log_request_end__traits.hpp
[1.334s] -- Up-to-date symlink: /home/nvidia/acfly_ws/install/mavros_msgs/include/mavros_msgs/mavros_msgs/srv/detail/log_request_end__type_support.hpp
[1.334s] -- Up-to-date symlink: /home/nvidia/acfly_ws/install/mavros_msgs/include/mavros_msgs/mavros_msgs/srv/detail/log_request_list__builder.hpp
[1.334s] -- Up-to-date symlink: /home/nvidia/acfly_ws/install/mavros_msgs/include/mavros_msgs/mavros_msgs/srv/detail/log_request_list__struct.hpp
[1.334s] -- Up-to-date symlink: /home/nvidia/acfly_ws/install/mavros_msgs/include/mavros_msgs/mavros_msgs/srv/detail/log_request_list__traits.hpp
[1.334s] -- Up-to-date symlink: /home/nvidia/acfly_ws/install/mavros_msgs/include/mavros_msgs/mavros_msgs/srv/detail/log_request_list__type_support.hpp
[1.335s] -- Up-to-date symlink: /home/nvidia/acfly_ws/install/mavros_msgs/include/mavros_msgs/mavros_msgs/srv/detail/message_interval__builder.hpp
[1.335s] -- Up-to-date symlink: /home/nvidia/acfly_ws/install/mavros_msgs/include/mavros_msgs/mavros_msgs/srv/detail/message_interval__struct.hpp
[1.335s] -- Up-to-date symlink: /home/nvidia/acfly_ws/install/mavros_msgs/include/mavros_msgs/mavros_msgs/srv/detail/message_interval__traits.hpp
[1.335s] -- Up-to-date symlink: /home/nvidia/acfly_ws/install/mavros_msgs/include/mavros_msgs/mavros_msgs/srv/detail/message_interval__type_support.hpp
[1.335s] -- Up-to-date symlink: /home/nvidia/acfly_ws/install/mavros_msgs/include/mavros_msgs/mavros_msgs/srv/detail/mount_configure__builder.hpp
[1.335s] -- Up-to-date symlink: /home/nvidia/acfly_ws/install/mavros_msgs/include/mavros_msgs/mavros_msgs/srv/detail/mount_configure__struct.hpp
[1.335s] -- Up-to-date symlink: /home/nvidia/acfly_ws/install/mavros_msgs/include/mavros_msgs/mavros_msgs/srv/detail/mount_configure__traits.hpp
[1.336s] -- Up-to-date symlink: /home/nvidia/acfly_ws/install/mavros_msgs/include/mavros_msgs/mavros_msgs/srv/detail/mount_configure__type_support.hpp
[1.336s] -- Up-to-date symlink: /home/nvidia/acfly_ws/install/mavros_msgs/include/mavros_msgs/mavros_msgs/srv/detail/param_get__builder.hpp
[1.336s] -- Up-to-date symlink: /home/nvidia/acfly_ws/install/mavros_msgs/include/mavros_msgs/mavros_msgs/srv/detail/param_get__struct.hpp
[1.336s] -- Up-to-date symlink: /home/nvidia/acfly_ws/install/mavros_msgs/include/mavros_msgs/mavros_msgs/srv/detail/param_get__traits.hpp
[1.337s] -- Up-to-date symlink: /home/nvidia/acfly_ws/install/mavros_msgs/include/mavros_msgs/mavros_msgs/srv/detail/param_get__type_support.hpp
[1.337s] -- Up-to-date symlink: /home/nvidia/acfly_ws/install/mavros_msgs/include/mavros_msgs/mavros_msgs/srv/detail/param_pull__builder.hpp
[1.337s] -- Up-to-date symlink: /home/nvidia/acfly_ws/install/mavros_msgs/include/mavros_msgs/mavros_msgs/srv/detail/param_pull__struct.hpp
[1.337s] -- Up-to-date symlink: /home/nvidia/acfly_ws/install/mavros_msgs/include/mavros_msgs/mavros_msgs/srv/detail/param_pull__traits.hpp
[1.337s] -- Up-to-date symlink: /home/nvidia/acfly_ws/install/mavros_msgs/include/mavros_msgs/mavros_msgs/srv/detail/param_pull__type_support.hpp
[1.338s] -- Up-to-date symlink: /home/nvidia/acfly_ws/install/mavros_msgs/include/mavros_msgs/mavros_msgs/srv/detail/param_push__builder.hpp
[1.338s] -- Up-to-date symlink: /home/nvidia/acfly_ws/install/mavros_msgs/include/mavros_msgs/mavros_msgs/srv/detail/param_push__struct.hpp
[1.338s] -- Up-to-date symlink: /home/nvidia/acfly_ws/install/mavros_msgs/include/mavros_msgs/mavros_msgs/srv/detail/param_push__traits.hpp
[1.338s] -- Up-to-date symlink: /home/nvidia/acfly_ws/install/mavros_msgs/include/mavros_msgs/mavros_msgs/srv/detail/param_push__type_support.hpp
[1.338s] -- Up-to-date symlink: /home/nvidia/acfly_ws/install/mavros_msgs/include/mavros_msgs/mavros_msgs/srv/detail/param_set__builder.hpp
[1.339s] -- Up-to-date symlink: /home/nvidia/acfly_ws/install/mavros_msgs/include/mavros_msgs/mavros_msgs/srv/detail/param_set__struct.hpp
[1.339s] -- Up-to-date symlink: /home/nvidia/acfly_ws/install/mavros_msgs/include/mavros_msgs/mavros_msgs/srv/detail/param_set__traits.hpp
[1.339s] -- Up-to-date symlink: /home/nvidia/acfly_ws/install/mavros_msgs/include/mavros_msgs/mavros_msgs/srv/detail/param_set__type_support.hpp
[1.339s] -- Up-to-date symlink: /home/nvidia/acfly_ws/install/mavros_msgs/include/mavros_msgs/mavros_msgs/srv/detail/param_set_v2__builder.hpp
[1.339s] -- Up-to-date symlink: /home/nvidia/acfly_ws/install/mavros_msgs/include/mavros_msgs/mavros_msgs/srv/detail/param_set_v2__struct.hpp
[1.339s] -- Up-to-date symlink: /home/nvidia/acfly_ws/install/mavros_msgs/include/mavros_msgs/mavros_msgs/srv/detail/param_set_v2__traits.hpp
[1.340s] -- Up-to-date symlink: /home/nvidia/acfly_ws/install/mavros_msgs/include/mavros_msgs/mavros_msgs/srv/detail/param_set_v2__type_support.hpp
[1.340s] -- Up-to-date symlink: /home/nvidia/acfly_ws/install/mavros_msgs/include/mavros_msgs/mavros_msgs/srv/detail/set_mav_frame__builder.hpp
[1.340s] -- Up-to-date symlink: /home/nvidia/acfly_ws/install/mavros_msgs/include/mavros_msgs/mavros_msgs/srv/detail/set_mav_frame__struct.hpp
[1.340s] -- Up-to-date symlink: /home/nvidia/acfly_ws/install/mavros_msgs/include/mavros_msgs/mavros_msgs/srv/detail/set_mav_frame__traits.hpp
[1.340s] -- Up-to-date symlink: /home/nvidia/acfly_ws/install/mavros_msgs/include/mavros_msgs/mavros_msgs/srv/detail/set_mav_frame__type_support.hpp
[1.341s] -- Up-to-date symlink: /home/nvidia/acfly_ws/install/mavros_msgs/include/mavros_msgs/mavros_msgs/srv/detail/set_mode__builder.hpp
[1.341s] -- Up-to-date symlink: /home/nvidia/acfly_ws/install/mavros_msgs/include/mavros_msgs/mavros_msgs/srv/detail/set_mode__struct.hpp
[1.341s] -- Up-to-date symlink: /home/nvidia/acfly_ws/install/mavros_msgs/include/mavros_msgs/mavros_msgs/srv/detail/set_mode__traits.hpp
[1.341s] -- Up-to-date symlink: /home/nvidia/acfly_ws/install/mavros_msgs/include/mavros_msgs/mavros_msgs/srv/detail/set_mode__type_support.hpp
[1.341s] -- Up-to-date symlink: /home/nvidia/acfly_ws/install/mavros_msgs/include/mavros_msgs/mavros_msgs/srv/detail/stream_rate__builder.hpp
[1.341s] -- Up-to-date symlink: /home/nvidia/acfly_ws/install/mavros_msgs/include/mavros_msgs/mavros_msgs/srv/detail/stream_rate__struct.hpp
[1.342s] -- Up-to-date symlink: /home/nvidia/acfly_ws/install/mavros_msgs/include/mavros_msgs/mavros_msgs/srv/detail/stream_rate__traits.hpp
[1.342s] -- Up-to-date symlink: /home/nvidia/acfly_ws/install/mavros_msgs/include/mavros_msgs/mavros_msgs/srv/detail/stream_rate__type_support.hpp
[1.342s] -- Up-to-date symlink: /home/nvidia/acfly_ws/install/mavros_msgs/include/mavros_msgs/mavros_msgs/srv/detail/vehicle_info_get__builder.hpp
[1.342s] -- Up-to-date symlink: /home/nvidia/acfly_ws/install/mavros_msgs/include/mavros_msgs/mavros_msgs/srv/detail/vehicle_info_get__struct.hpp
[1.342s] -- Up-to-date symlink: /home/nvidia/acfly_ws/install/mavros_msgs/include/mavros_msgs/mavros_msgs/srv/detail/vehicle_info_get__traits.hpp
[1.342s] -- Up-to-date symlink: /home/nvidia/acfly_ws/install/mavros_msgs/include/mavros_msgs/mavros_msgs/srv/detail/vehicle_info_get__type_support.hpp
[1.342s] -- Up-to-date symlink: /home/nvidia/acfly_ws/install/mavros_msgs/include/mavros_msgs/mavros_msgs/srv/detail/waypoint_clear__builder.hpp
[1.343s] -- Up-to-date symlink: /home/nvidia/acfly_ws/install/mavros_msgs/include/mavros_msgs/mavros_msgs/srv/detail/waypoint_clear__struct.hpp
[1.343s] -- Up-to-date symlink: /home/nvidia/acfly_ws/install/mavros_msgs/include/mavros_msgs/mavros_msgs/srv/detail/waypoint_clear__traits.hpp
[1.343s] -- Up-to-date symlink: /home/nvidia/acfly_ws/install/mavros_msgs/include/mavros_msgs/mavros_msgs/srv/detail/waypoint_clear__type_support.hpp
[1.343s] -- Up-to-date symlink: /home/nvidia/acfly_ws/install/mavros_msgs/include/mavros_msgs/mavros_msgs/srv/detail/waypoint_pull__builder.hpp
[1.343s] -- Up-to-date symlink: /home/nvidia/acfly_ws/install/mavros_msgs/include/mavros_msgs/mavros_msgs/srv/detail/waypoint_pull__struct.hpp
[1.343s] -- Up-to-date symlink: /home/nvidia/acfly_ws/install/mavros_msgs/include/mavros_msgs/mavros_msgs/srv/detail/waypoint_pull__traits.hpp
[1.344s] -- Up-to-date symlink: /home/nvidia/acfly_ws/install/mavros_msgs/include/mavros_msgs/mavros_msgs/srv/detail/waypoint_pull__type_support.hpp
[1.344s] -- Up-to-date symlink: /home/nvidia/acfly_ws/install/mavros_msgs/include/mavros_msgs/mavros_msgs/srv/detail/waypoint_push__builder.hpp
[1.344s] -- Up-to-date symlink: /home/nvidia/acfly_ws/install/mavros_msgs/include/mavros_msgs/mavros_msgs/srv/detail/waypoint_push__struct.hpp
[1.344s] -- Up-to-date symlink: /home/nvidia/acfly_ws/install/mavros_msgs/include/mavros_msgs/mavros_msgs/srv/detail/waypoint_push__traits.hpp
[1.344s] -- Up-to-date symlink: /home/nvidia/acfly_ws/install/mavros_msgs/include/mavros_msgs/mavros_msgs/srv/detail/waypoint_push__type_support.hpp
[1.345s] -- Up-to-date symlink: /home/nvidia/acfly_ws/install/mavros_msgs/include/mavros_msgs/mavros_msgs/srv/detail/waypoint_set_current__builder.hpp
[1.345s] -- Up-to-date symlink: /home/nvidia/acfly_ws/install/mavros_msgs/include/mavros_msgs/mavros_msgs/srv/detail/waypoint_set_current__struct.hpp
[1.345s] -- Up-to-date symlink: /home/nvidia/acfly_ws/install/mavros_msgs/include/mavros_msgs/mavros_msgs/srv/detail/waypoint_set_current__traits.hpp
[1.345s] -- Up-to-date symlink: /home/nvidia/acfly_ws/install/mavros_msgs/include/mavros_msgs/mavros_msgs/srv/detail/waypoint_set_current__type_support.hpp
[1.345s] -- Up-to-date symlink: /home/nvidia/acfly_ws/install/mavros_msgs/include/mavros_msgs/mavros_msgs/srv/endpoint_add.hpp
[1.345s] -- Up-to-date symlink: /home/nvidia/acfly_ws/install/mavros_msgs/include/mavros_msgs/mavros_msgs/srv/endpoint_del.hpp
[1.345s] -- Up-to-date symlink: /home/nvidia/acfly_ws/install/mavros_msgs/include/mavros_msgs/mavros_msgs/srv/file_checksum.hpp
[1.346s] -- Up-to-date symlink: /home/nvidia/acfly_ws/install/mavros_msgs/include/mavros_msgs/mavros_msgs/srv/file_close.hpp
[1.346s] -- Up-to-date symlink: /home/nvidia/acfly_ws/install/mavros_msgs/include/mavros_msgs/mavros_msgs/srv/file_list.hpp
[1.346s] -- Up-to-date symlink: /home/nvidia/acfly_ws/install/mavros_msgs/include/mavros_msgs/mavros_msgs/srv/file_make_dir.hpp
[1.346s] -- Up-to-date symlink: /home/nvidia/acfly_ws/install/mavros_msgs/include/mavros_msgs/mavros_msgs/srv/file_open.hpp
[1.347s] -- Up-to-date symlink: /home/nvidia/acfly_ws/install/mavros_msgs/include/mavros_msgs/mavros_msgs/srv/file_read.hpp
[1.347s] -- Up-to-date symlink: /home/nvidia/acfly_ws/install/mavros_msgs/include/mavros_msgs/mavros_msgs/srv/file_remove.hpp
[1.347s] -- Up-to-date symlink: /home/nvidia/acfly_ws/install/mavros_msgs/include/mavros_msgs/mavros_msgs/srv/file_remove_dir.hpp
[1.347s] -- Up-to-date symlink: /home/nvidia/acfly_ws/install/mavros_msgs/include/mavros_msgs/mavros_msgs/srv/file_rename.hpp
[1.347s] -- Up-to-date symlink: /home/nvidia/acfly_ws/install/mavros_msgs/include/mavros_msgs/mavros_msgs/srv/file_truncate.hpp
[1.348s] -- Up-to-date symlink: /home/nvidia/acfly_ws/install/mavros_msgs/include/mavros_msgs/mavros_msgs/srv/file_write.hpp
[1.348s] -- Up-to-date symlink: /home/nvidia/acfly_ws/install/mavros_msgs/include/mavros_msgs/mavros_msgs/srv/gimbal_get_information.hpp
[1.348s] -- Up-to-date symlink: /home/nvidia/acfly_ws/install/mavros_msgs/include/mavros_msgs/mavros_msgs/srv/gimbal_manager_camera_track.hpp
[1.348s] -- Up-to-date symlink: /home/nvidia/acfly_ws/install/mavros_msgs/include/mavros_msgs/mavros_msgs/srv/gimbal_manager_configure.hpp
[1.348s] -- Up-to-date symlink: /home/nvidia/acfly_ws/install/mavros_msgs/include/mavros_msgs/mavros_msgs/srv/gimbal_manager_pitchyaw.hpp
[1.348s] -- Up-to-date symlink: /home/nvidia/acfly_ws/install/mavros_msgs/include/mavros_msgs/mavros_msgs/srv/gimbal_manager_set_roi.hpp
[1.349s] -- Up-to-date symlink: /home/nvidia/acfly_ws/install/mavros_msgs/include/mavros_msgs/mavros_msgs/srv/log_request_data.hpp
[1.349s] -- Up-to-date symlink: /home/nvidia/acfly_ws/install/mavros_msgs/include/mavros_msgs/mavros_msgs/srv/log_request_end.hpp
[1.349s] -- Up-to-date symlink: /home/nvidia/acfly_ws/install/mavros_msgs/include/mavros_msgs/mavros_msgs/srv/log_request_list.hpp
[1.349s] -- Up-to-date symlink: /home/nvidia/acfly_ws/install/mavros_msgs/include/mavros_msgs/mavros_msgs/srv/message_interval.hpp
[1.349s] -- Up-to-date symlink: /home/nvidia/acfly_ws/install/mavros_msgs/include/mavros_msgs/mavros_msgs/srv/mount_configure.hpp
[1.349s] -- Up-to-date symlink: /home/nvidia/acfly_ws/install/mavros_msgs/include/mavros_msgs/mavros_msgs/srv/param_get.hpp
[1.350s] -- Up-to-date symlink: /home/nvidia/acfly_ws/install/mavros_msgs/include/mavros_msgs/mavros_msgs/srv/param_pull.hpp
[1.350s] -- Up-to-date symlink: /home/nvidia/acfly_ws/install/mavros_msgs/include/mavros_msgs/mavros_msgs/srv/param_push.hpp
[1.350s] -- Up-to-date symlink: /home/nvidia/acfly_ws/install/mavros_msgs/include/mavros_msgs/mavros_msgs/srv/param_set.hpp
[1.350s] -- Up-to-date symlink: /home/nvidia/acfly_ws/install/mavros_msgs/include/mavros_msgs/mavros_msgs/srv/param_set_v2.hpp
[1.350s] -- Up-to-date symlink: /home/nvidia/acfly_ws/install/mavros_msgs/include/mavros_msgs/mavros_msgs/srv/set_mav_frame.hpp
[1.351s] -- Up-to-date symlink: /home/nvidia/acfly_ws/install/mavros_msgs/include/mavros_msgs/mavros_msgs/srv/set_mode.hpp
[1.351s] -- Up-to-date symlink: /home/nvidia/acfly_ws/install/mavros_msgs/include/mavros_msgs/mavros_msgs/srv/stream_rate.hpp
[1.351s] -- Up-to-date symlink: /home/nvidia/acfly_ws/install/mavros_msgs/include/mavros_msgs/mavros_msgs/srv/vehicle_info_get.hpp
[1.351s] -- Up-to-date symlink: /home/nvidia/acfly_ws/install/mavros_msgs/include/mavros_msgs/mavros_msgs/srv/waypoint_clear.hpp
[1.351s] -- Up-to-date symlink: /home/nvidia/acfly_ws/install/mavros_msgs/include/mavros_msgs/mavros_msgs/srv/waypoint_pull.hpp
[1.351s] -- Up-to-date symlink: /home/nvidia/acfly_ws/install/mavros_msgs/include/mavros_msgs/mavros_msgs/srv/waypoint_push.hpp
[1.351s] -- Up-to-date symlink: /home/nvidia/acfly_ws/install/mavros_msgs/include/mavros_msgs/mavros_msgs/srv/waypoint_set_current.hpp
[1.357s] -- Up-to-date symlink: /home/nvidia/acfly_ws/install/mavros_msgs/include/mavros_msgs/mavros_msgs/msg/detail/actuator_control__rosidl_typesupport_fastrtps_cpp.hpp
[1.357s] -- Up-to-date symlink: /home/nvidia/acfly_ws/install/mavros_msgs/include/mavros_msgs/mavros_msgs/msg/detail/adsb_vehicle__rosidl_typesupport_fastrtps_cpp.hpp
[1.357s] -- Up-to-date symlink: /home/nvidia/acfly_ws/install/mavros_msgs/include/mavros_msgs/mavros_msgs/msg/detail/altitude__rosidl_typesupport_fastrtps_cpp.hpp
[1.358s] -- Up-to-date symlink: /home/nvidia/acfly_ws/install/mavros_msgs/include/mavros_msgs/mavros_msgs/msg/detail/attitude_target__rosidl_typesupport_fastrtps_cpp.hpp
[1.358s] -- Up-to-date symlink: /home/nvidia/acfly_ws/install/mavros_msgs/include/mavros_msgs/mavros_msgs/msg/detail/cam_imu_stamp__rosidl_typesupport_fastrtps_cpp.hpp
[1.358s] -- Up-to-date symlink: /home/nvidia/acfly_ws/install/mavros_msgs/include/mavros_msgs/mavros_msgs/msg/detail/camera_image_captured__rosidl_typesupport_fastrtps_cpp.hpp
[1.358s] -- Up-to-date symlink: /home/nvidia/acfly_ws/install/mavros_msgs/include/mavros_msgs/mavros_msgs/msg/detail/cellular_status__rosidl_typesupport_fastrtps_cpp.hpp
[1.358s] -- Up-to-date symlink: /home/nvidia/acfly_ws/install/mavros_msgs/include/mavros_msgs/mavros_msgs/msg/detail/command_code__rosidl_typesupport_fastrtps_cpp.hpp
[1.359s] -- Up-to-date symlink: /home/nvidia/acfly_ws/install/mavros_msgs/include/mavros_msgs/mavros_msgs/msg/detail/companion_process_status__rosidl_typesupport_fastrtps_cpp.hpp
[1.359s] -- Up-to-date symlink: /home/nvidia/acfly_ws/install/mavros_msgs/include/mavros_msgs/mavros_msgs/msg/detail/debug_value__rosidl_typesupport_fastrtps_cpp.hpp
[1.359s] -- Up-to-date symlink: /home/nvidia/acfly_ws/install/mavros_msgs/include/mavros_msgs/mavros_msgs/msg/detail/esc_info__rosidl_typesupport_fastrtps_cpp.hpp
[1.359s] -- Up-to-date symlink: /home/nvidia/acfly_ws/install/mavros_msgs/include/mavros_msgs/mavros_msgs/msg/detail/esc_info_item__rosidl_typesupport_fastrtps_cpp.hpp
[1.360s] -- Up-to-date symlink: /home/nvidia/acfly_ws/install/mavros_msgs/include/mavros_msgs/mavros_msgs/msg/detail/esc_status__rosidl_typesupport_fastrtps_cpp.hpp
[1.360s] -- Up-to-date symlink: /home/nvidia/acfly_ws/install/mavros_msgs/include/mavros_msgs/mavros_msgs/msg/detail/esc_status_item__rosidl_typesupport_fastrtps_cpp.hpp
[1.360s] -- Up-to-date symlink: /home/nvidia/acfly_ws/install/mavros_msgs/include/mavros_msgs/mavros_msgs/msg/detail/esc_telemetry__rosidl_typesupport_fastrtps_cpp.hpp
[1.360s] -- Up-to-date symlink: /home/nvidia/acfly_ws/install/mavros_msgs/include/mavros_msgs/mavros_msgs/msg/detail/esc_telemetry_item__rosidl_typesupport_fastrtps_cpp.hpp
[1.360s] -- Up-to-date symlink: /home/nvidia/acfly_ws/install/mavros_msgs/include/mavros_msgs/mavros_msgs/msg/detail/estimator_status__rosidl_typesupport_fastrtps_cpp.hpp
[1.361s] -- Up-to-date symlink: /home/nvidia/acfly_ws/install/mavros_msgs/include/mavros_msgs/mavros_msgs/msg/detail/extended_state__rosidl_typesupport_fastrtps_cpp.hpp
[1.361s] -- Up-to-date symlink: /home/nvidia/acfly_ws/install/mavros_msgs/include/mavros_msgs/mavros_msgs/msg/detail/file_entry__rosidl_typesupport_fastrtps_cpp.hpp
[1.361s] -- Up-to-date symlink: /home/nvidia/acfly_ws/install/mavros_msgs/include/mavros_msgs/mavros_msgs/msg/detail/gimbal_device_attitude_status__rosidl_typesupport_fastrtps_cpp.hpp
[1.361s] -- Up-to-date symlink: /home/nvidia/acfly_ws/install/mavros_msgs/include/mavros_msgs/mavros_msgs/msg/detail/gimbal_device_information__rosidl_typesupport_fastrtps_cpp.hpp
[1.361s] -- Up-to-date symlink: /home/nvidia/acfly_ws/install/mavros_msgs/include/mavros_msgs/mavros_msgs/msg/detail/gimbal_device_set_attitude__rosidl_typesupport_fastrtps_cpp.hpp
[1.362s] -- Up-to-date symlink: /home/nvidia/acfly_ws/install/mavros_msgs/include/mavros_msgs/mavros_msgs/msg/detail/gimbal_manager_information__rosidl_typesupport_fastrtps_cpp.hpp
[1.362s] -- Up-to-date symlink: /home/nvidia/acfly_ws/install/mavros_msgs/include/mavros_msgs/mavros_msgs/msg/detail/gimbal_manager_set_attitude__rosidl_typesupport_fastrtps_cpp.hpp
[1.362s] -- Up-to-date symlink: /home/nvidia/acfly_ws/install/mavros_msgs/include/mavros_msgs/mavros_msgs/msg/detail/gimbal_manager_set_pitchyaw__rosidl_typesupport_fastrtps_cpp.hpp
[1.362s] -- Up-to-date symlink: /home/nvidia/acfly_ws/install/mavros_msgs/include/mavros_msgs/mavros_msgs/msg/detail/gimbal_manager_status__rosidl_typesupport_fastrtps_cpp.hpp
[1.362s] -- Up-to-date symlink: /home/nvidia/acfly_ws/install/mavros_msgs/include/mavros_msgs/mavros_msgs/msg/detail/global_position_target__rosidl_typesupport_fastrtps_cpp.hpp
[1.363s] -- Up-to-date symlink: /home/nvidia/acfly_ws/install/mavros_msgs/include/mavros_msgs/mavros_msgs/msg/detail/gpsinput__rosidl_typesupport_fastrtps_cpp.hpp
[1.363s] -- Up-to-date symlink: /home/nvidia/acfly_ws/install/mavros_msgs/include/mavros_msgs/mavros_msgs/msg/detail/gpsraw__rosidl_typesupport_fastrtps_cpp.hpp
[1.363s] -- Up-to-date symlink: /home/nvidia/acfly_ws/install/mavros_msgs/include/mavros_msgs/mavros_msgs/msg/detail/gpsrtk__rosidl_typesupport_fastrtps_cpp.hpp
[1.363s] -- Up-to-date symlink: /home/nvidia/acfly_ws/install/mavros_msgs/include/mavros_msgs/mavros_msgs/msg/detail/hil_actuator_controls__rosidl_typesupport_fastrtps_cpp.hpp
[1.363s] -- Up-to-date symlink: /home/nvidia/acfly_ws/install/mavros_msgs/include/mavros_msgs/mavros_msgs/msg/detail/hil_controls__rosidl_typesupport_fastrtps_cpp.hpp
[1.364s] -- Up-to-date symlink: /home/nvidia/acfly_ws/install/mavros_msgs/include/mavros_msgs/mavros_msgs/msg/detail/hil_gps__rosidl_typesupport_fastrtps_cpp.hpp
[1.364s] -- Up-to-date symlink: /home/nvidia/acfly_ws/install/mavros_msgs/include/mavros_msgs/mavros_msgs/msg/detail/hil_sensor__rosidl_typesupport_fastrtps_cpp.hpp
[1.364s] -- Up-to-date symlink: /home/nvidia/acfly_ws/install/mavros_msgs/include/mavros_msgs/mavros_msgs/msg/detail/hil_state_quaternion__rosidl_typesupport_fastrtps_cpp.hpp
[1.364s] -- Up-to-date symlink: /home/nvidia/acfly_ws/install/mavros_msgs/include/mavros_msgs/mavros_msgs/msg/detail/home_position__rosidl_typesupport_fastrtps_cpp.hpp
[1.364s] -- Up-to-date symlink: /home/nvidia/acfly_ws/install/mavros_msgs/include/mavros_msgs/mavros_msgs/msg/detail/landing_target__rosidl_typesupport_fastrtps_cpp.hpp
[1.364s] -- Up-to-date symlink: /home/nvidia/acfly_ws/install/mavros_msgs/include/mavros_msgs/mavros_msgs/msg/detail/log_data__rosidl_typesupport_fastrtps_cpp.hpp
[1.365s] -- Up-to-date symlink: /home/nvidia/acfly_ws/install/mavros_msgs/include/mavros_msgs/mavros_msgs/msg/detail/log_entry__rosidl_typesupport_fastrtps_cpp.hpp
[1.365s] -- Up-to-date symlink: /home/nvidia/acfly_ws/install/mavros_msgs/include/mavros_msgs/mavros_msgs/msg/detail/magnetometer_reporter__rosidl_typesupport_fastrtps_cpp.hpp
[1.365s] -- Up-to-date symlink: /home/nvidia/acfly_ws/install/mavros_msgs/include/mavros_msgs/mavros_msgs/msg/detail/manual_control__rosidl_typesupport_fastrtps_cpp.hpp
[1.365s] -- Up-to-date symlink: /home/nvidia/acfly_ws/install/mavros_msgs/include/mavros_msgs/mavros_msgs/msg/detail/mavlink__rosidl_typesupport_fastrtps_cpp.hpp
[1.365s] -- Up-to-date symlink: /home/nvidia/acfly_ws/install/mavros_msgs/include/mavros_msgs/mavros_msgs/msg/detail/mount_control__rosidl_typesupport_fastrtps_cpp.hpp
[1.366s] -- Up-to-date symlink: /home/nvidia/acfly_ws/install/mavros_msgs/include/mavros_msgs/mavros_msgs/msg/detail/nav_controller_output__rosidl_typesupport_fastrtps_cpp.hpp
[1.366s] -- Up-to-date symlink: /home/nvidia/acfly_ws/install/mavros_msgs/include/mavros_msgs/mavros_msgs/msg/detail/onboard_computer_status__rosidl_typesupport_fastrtps_cpp.hpp
[1.366s] -- Up-to-date symlink: /home/nvidia/acfly_ws/install/mavros_msgs/include/mavros_msgs/mavros_msgs/msg/detail/open_drone_id_basic_id__rosidl_typesupport_fastrtps_cpp.hpp
[1.366s] -- Up-to-date symlink: /home/nvidia/acfly_ws/install/mavros_msgs/include/mavros_msgs/mavros_msgs/msg/detail/open_drone_id_operator_id__rosidl_typesupport_fastrtps_cpp.hpp
[1.366s] -- Up-to-date symlink: /home/nvidia/acfly_ws/install/mavros_msgs/include/mavros_msgs/mavros_msgs/msg/detail/open_drone_id_self_id__rosidl_typesupport_fastrtps_cpp.hpp
[1.367s] -- Up-to-date symlink: /home/nvidia/acfly_ws/install/mavros_msgs/include/mavros_msgs/mavros_msgs/msg/detail/open_drone_id_system__rosidl_typesupport_fastrtps_cpp.hpp
[1.367s] -- Up-to-date symlink: /home/nvidia/acfly_ws/install/mavros_msgs/include/mavros_msgs/mavros_msgs/msg/detail/open_drone_id_system_update__rosidl_typesupport_fastrtps_cpp.hpp
[1.367s] -- Up-to-date symlink: /home/nvidia/acfly_ws/install/mavros_msgs/include/mavros_msgs/mavros_msgs/msg/detail/optical_flow__rosidl_typesupport_fastrtps_cpp.hpp
[1.367s] -- Up-to-date symlink: /home/nvidia/acfly_ws/install/mavros_msgs/include/mavros_msgs/mavros_msgs/msg/detail/optical_flow_rad__rosidl_typesupport_fastrtps_cpp.hpp
[1.367s] -- Up-to-date symlink: /home/nvidia/acfly_ws/install/mavros_msgs/include/mavros_msgs/mavros_msgs/msg/detail/override_rc_in__rosidl_typesupport_fastrtps_cpp.hpp
[1.368s] -- Up-to-date symlink: /home/nvidia/acfly_ws/install/mavros_msgs/include/mavros_msgs/mavros_msgs/msg/detail/param__rosidl_typesupport_fastrtps_cpp.hpp
[1.368s] -- Up-to-date symlink: /home/nvidia/acfly_ws/install/mavros_msgs/include/mavros_msgs/mavros_msgs/msg/detail/param_event__rosidl_typesupport_fastrtps_cpp.hpp
[1.368s] -- Up-to-date symlink: /home/nvidia/acfly_ws/install/mavros_msgs/include/mavros_msgs/mavros_msgs/msg/detail/param_value__rosidl_typesupport_fastrtps_cpp.hpp
[1.368s] -- Up-to-date symlink: /home/nvidia/acfly_ws/install/mavros_msgs/include/mavros_msgs/mavros_msgs/msg/detail/play_tune_v2__rosidl_typesupport_fastrtps_cpp.hpp
[1.368s] -- Up-to-date symlink: /home/nvidia/acfly_ws/install/mavros_msgs/include/mavros_msgs/mavros_msgs/msg/detail/position_target__rosidl_typesupport_fastrtps_cpp.hpp
[1.369s] -- Up-to-date symlink: /home/nvidia/acfly_ws/install/mavros_msgs/include/mavros_msgs/mavros_msgs/msg/detail/radio_status__rosidl_typesupport_fastrtps_cpp.hpp
[1.369s] -- Up-to-date symlink: /home/nvidia/acfly_ws/install/mavros_msgs/include/mavros_msgs/mavros_msgs/msg/detail/rc_in__rosidl_typesupport_fastrtps_cpp.hpp
[1.369s] -- Up-to-date symlink: /home/nvidia/acfly_ws/install/mavros_msgs/include/mavros_msgs/mavros_msgs/msg/detail/rc_out__rosidl_typesupport_fastrtps_cpp.hpp
[1.369s] -- Up-to-date symlink: /home/nvidia/acfly_ws/install/mavros_msgs/include/mavros_msgs/mavros_msgs/msg/detail/rtcm__rosidl_typesupport_fastrtps_cpp.hpp
[1.369s] -- Up-to-date symlink: /home/nvidia/acfly_ws/install/mavros_msgs/include/mavros_msgs/mavros_msgs/msg/detail/rtk_baseline__rosidl_typesupport_fastrtps_cpp.hpp
[1.369s] -- Up-to-date symlink: /home/nvidia/acfly_ws/install/mavros_msgs/include/mavros_msgs/mavros_msgs/msg/detail/state__rosidl_typesupport_fastrtps_cpp.hpp
[1.370s] -- Up-to-date symlink: /home/nvidia/acfly_ws/install/mavros_msgs/include/mavros_msgs/mavros_msgs/msg/detail/status_event__rosidl_typesupport_fastrtps_cpp.hpp
[1.370s] -- Up-to-date symlink: /home/nvidia/acfly_ws/install/mavros_msgs/include/mavros_msgs/mavros_msgs/msg/detail/status_text__rosidl_typesupport_fastrtps_cpp.hpp
[1.370s] -- Up-to-date symlink: /home/nvidia/acfly_ws/install/mavros_msgs/include/mavros_msgs/mavros_msgs/msg/detail/sys_status__rosidl_typesupport_fastrtps_cpp.hpp
[1.370s] -- Up-to-date symlink: /home/nvidia/acfly_ws/install/mavros_msgs/include/mavros_msgs/mavros_msgs/msg/detail/terrain_report__rosidl_typesupport_fastrtps_cpp.hpp
[1.370s] -- Up-to-date symlink: /home/nvidia/acfly_ws/install/mavros_msgs/include/mavros_msgs/mavros_msgs/msg/detail/thrust__rosidl_typesupport_fastrtps_cpp.hpp
[1.371s] -- Up-to-date symlink: /home/nvidia/acfly_ws/install/mavros_msgs/include/mavros_msgs/mavros_msgs/msg/detail/timesync_status__rosidl_typesupport_fastrtps_cpp.hpp
[1.371s] -- Up-to-date symlink: /home/nvidia/acfly_ws/install/mavros_msgs/include/mavros_msgs/mavros_msgs/msg/detail/trajectory__rosidl_typesupport_fastrtps_cpp.hpp
[1.371s] -- Up-to-date symlink: /home/nvidia/acfly_ws/install/mavros_msgs/include/mavros_msgs/mavros_msgs/msg/detail/tunnel__rosidl_typesupport_fastrtps_cpp.hpp
[1.371s] -- Up-to-date symlink: /home/nvidia/acfly_ws/install/mavros_msgs/include/mavros_msgs/mavros_msgs/msg/detail/vehicle_info__rosidl_typesupport_fastrtps_cpp.hpp
[1.371s] -- Up-to-date symlink: /home/nvidia/acfly_ws/install/mavros_msgs/include/mavros_msgs/mavros_msgs/msg/detail/vfr_hud__rosidl_typesupport_fastrtps_cpp.hpp
[1.372s] -- Up-to-date symlink: /home/nvidia/acfly_ws/install/mavros_msgs/include/mavros_msgs/mavros_msgs/msg/detail/vibration__rosidl_typesupport_fastrtps_cpp.hpp
[1.372s] -- Up-to-date symlink: /home/nvidia/acfly_ws/install/mavros_msgs/include/mavros_msgs/mavros_msgs/msg/detail/waypoint__rosidl_typesupport_fastrtps_cpp.hpp
[1.372s] -- Up-to-date symlink: /home/nvidia/acfly_ws/install/mavros_msgs/include/mavros_msgs/mavros_msgs/msg/detail/waypoint_list__rosidl_typesupport_fastrtps_cpp.hpp
[1.372s] -- Up-to-date symlink: /home/nvidia/acfly_ws/install/mavros_msgs/include/mavros_msgs/mavros_msgs/msg/detail/waypoint_reached__rosidl_typesupport_fastrtps_cpp.hpp
[1.373s] -- Up-to-date symlink: /home/nvidia/acfly_ws/install/mavros_msgs/include/mavros_msgs/mavros_msgs/msg/detail/wheel_odom_stamped__rosidl_typesupport_fastrtps_cpp.hpp
[1.373s] -- Up-to-date symlink: /home/nvidia/acfly_ws/install/mavros_msgs/include/mavros_msgs/mavros_msgs/msg/rosidl_typesupport_fastrtps_cpp__visibility_control.h
[1.373s] -- Up-to-date symlink: /home/nvidia/acfly_ws/install/mavros_msgs/include/mavros_msgs/mavros_msgs/srv/detail/command_ack__rosidl_typesupport_fastrtps_cpp.hpp
[1.373s] -- Up-to-date symlink: /home/nvidia/acfly_ws/install/mavros_msgs/include/mavros_msgs/mavros_msgs/srv/detail/command_bool__rosidl_typesupport_fastrtps_cpp.hpp
[1.373s] -- Up-to-date symlink: /home/nvidia/acfly_ws/install/mavros_msgs/include/mavros_msgs/mavros_msgs/srv/detail/command_home__rosidl_typesupport_fastrtps_cpp.hpp
[1.373s] -- Up-to-date symlink: /home/nvidia/acfly_ws/install/mavros_msgs/include/mavros_msgs/mavros_msgs/srv/detail/command_int__rosidl_typesupport_fastrtps_cpp.hpp
[1.374s] -- Up-to-date symlink: /home/nvidia/acfly_ws/install/mavros_msgs/include/mavros_msgs/mavros_msgs/srv/detail/command_long__rosidl_typesupport_fastrtps_cpp.hpp
[1.374s] -- Up-to-date symlink: /home/nvidia/acfly_ws/install/mavros_msgs/include/mavros_msgs/mavros_msgs/srv/detail/command_tol__rosidl_typesupport_fastrtps_cpp.hpp
[1.374s] -- Up-to-date symlink: /home/nvidia/acfly_ws/install/mavros_msgs/include/mavros_msgs/mavros_msgs/srv/detail/command_tol_local__rosidl_typesupport_fastrtps_cpp.hpp
[1.374s] -- Up-to-date symlink: /home/nvidia/acfly_ws/install/mavros_msgs/include/mavros_msgs/mavros_msgs/srv/detail/command_trigger_control__rosidl_typesupport_fastrtps_cpp.hpp
[1.374s] -- Up-to-date symlink: /home/nvidia/acfly_ws/install/mavros_msgs/include/mavros_msgs/mavros_msgs/srv/detail/command_trigger_interval__rosidl_typesupport_fastrtps_cpp.hpp
[1.375s] -- Up-to-date symlink: /home/nvidia/acfly_ws/install/mavros_msgs/include/mavros_msgs/mavros_msgs/srv/detail/command_vtol_transition__rosidl_typesupport_fastrtps_cpp.hpp
[1.375s] -- Up-to-date symlink: /home/nvidia/acfly_ws/install/mavros_msgs/include/mavros_msgs/mavros_msgs/srv/detail/endpoint_add__rosidl_typesupport_fastrtps_cpp.hpp
[1.375s] -- Up-to-date symlink: /home/nvidia/acfly_ws/install/mavros_msgs/include/mavros_msgs/mavros_msgs/srv/detail/endpoint_del__rosidl_typesupport_fastrtps_cpp.hpp
[1.375s] -- Up-to-date symlink: /home/nvidia/acfly_ws/install/mavros_msgs/include/mavros_msgs/mavros_msgs/srv/detail/file_checksum__rosidl_typesupport_fastrtps_cpp.hpp
[1.376s] -- Up-to-date symlink: /home/nvidia/acfly_ws/install/mavros_msgs/include/mavros_msgs/mavros_msgs/srv/detail/file_close__rosidl_typesupport_fastrtps_cpp.hpp
[1.376s] -- Up-to-date symlink: /home/nvidia/acfly_ws/install/mavros_msgs/include/mavros_msgs/mavros_msgs/srv/detail/file_list__rosidl_typesupport_fastrtps_cpp.hpp
[1.376s] -- Up-to-date symlink: /home/nvidia/acfly_ws/install/mavros_msgs/include/mavros_msgs/mavros_msgs/srv/detail/file_make_dir__rosidl_typesupport_fastrtps_cpp.hpp
[1.376s] -- Up-to-date symlink: /home/nvidia/acfly_ws/install/mavros_msgs/include/mavros_msgs/mavros_msgs/srv/detail/file_open__rosidl_typesupport_fastrtps_cpp.hpp
[1.377s] -- Up-to-date symlink: /home/nvidia/acfly_ws/install/mavros_msgs/include/mavros_msgs/mavros_msgs/srv/detail/file_read__rosidl_typesupport_fastrtps_cpp.hpp
[1.377s] -- Up-to-date symlink: /home/nvidia/acfly_ws/install/mavros_msgs/include/mavros_msgs/mavros_msgs/srv/detail/file_remove__rosidl_typesupport_fastrtps_cpp.hpp
[1.377s] -- Up-to-date symlink: /home/nvidia/acfly_ws/install/mavros_msgs/include/mavros_msgs/mavros_msgs/srv/detail/file_remove_dir__rosidl_typesupport_fastrtps_cpp.hpp
[1.377s] -- Up-to-date symlink: /home/nvidia/acfly_ws/install/mavros_msgs/include/mavros_msgs/mavros_msgs/srv/detail/file_rename__rosidl_typesupport_fastrtps_cpp.hpp
[1.377s] -- Up-to-date symlink: /home/nvidia/acfly_ws/install/mavros_msgs/include/mavros_msgs/mavros_msgs/srv/detail/file_truncate__rosidl_typesupport_fastrtps_cpp.hpp
[1.378s] -- Up-to-date symlink: /home/nvidia/acfly_ws/install/mavros_msgs/include/mavros_msgs/mavros_msgs/srv/detail/file_write__rosidl_typesupport_fastrtps_cpp.hpp
[1.378s] -- Up-to-date symlink: /home/nvidia/acfly_ws/install/mavros_msgs/include/mavros_msgs/mavros_msgs/srv/detail/gimbal_get_information__rosidl_typesupport_fastrtps_cpp.hpp
[1.378s] -- Up-to-date symlink: /home/nvidia/acfly_ws/install/mavros_msgs/include/mavros_msgs/mavros_msgs/srv/detail/gimbal_manager_camera_track__rosidl_typesupport_fastrtps_cpp.hpp
[1.378s] -- Up-to-date symlink: /home/nvidia/acfly_ws/install/mavros_msgs/include/mavros_msgs/mavros_msgs/srv/detail/gimbal_manager_configure__rosidl_typesupport_fastrtps_cpp.hpp
[1.378s] -- Up-to-date symlink: /home/nvidia/acfly_ws/install/mavros_msgs/include/mavros_msgs/mavros_msgs/srv/detail/gimbal_manager_pitchyaw__rosidl_typesupport_fastrtps_cpp.hpp
[1.379s] -- Up-to-date symlink: /home/nvidia/acfly_ws/install/mavros_msgs/include/mavros_msgs/mavros_msgs/srv/detail/gimbal_manager_set_roi__rosidl_typesupport_fastrtps_cpp.hpp
[1.379s] -- Up-to-date symlink: /home/nvidia/acfly_ws/install/mavros_msgs/include/mavros_msgs/mavros_msgs/srv/detail/log_request_data__rosidl_typesupport_fastrtps_cpp.hpp
[1.379s] -- Up-to-date symlink: /home/nvidia/acfly_ws/install/mavros_msgs/include/mavros_msgs/mavros_msgs/srv/detail/log_request_end__rosidl_typesupport_fastrtps_cpp.hpp
[1.379s] -- Up-to-date symlink: /home/nvidia/acfly_ws/install/mavros_msgs/include/mavros_msgs/mavros_msgs/srv/detail/log_request_list__rosidl_typesupport_fastrtps_cpp.hpp
[1.379s] -- Up-to-date symlink: /home/nvidia/acfly_ws/install/mavros_msgs/include/mavros_msgs/mavros_msgs/srv/detail/message_interval__rosidl_typesupport_fastrtps_cpp.hpp
[1.380s] -- Up-to-date symlink: /home/nvidia/acfly_ws/install/mavros_msgs/include/mavros_msgs/mavros_msgs/srv/detail/mount_configure__rosidl_typesupport_fastrtps_cpp.hpp
[1.380s] -- Up-to-date symlink: /home/nvidia/acfly_ws/install/mavros_msgs/include/mavros_msgs/mavros_msgs/srv/detail/param_get__rosidl_typesupport_fastrtps_cpp.hpp
[1.380s] -- Up-to-date symlink: /home/nvidia/acfly_ws/install/mavros_msgs/include/mavros_msgs/mavros_msgs/srv/detail/param_pull__rosidl_typesupport_fastrtps_cpp.hpp
[1.380s] -- Up-to-date symlink: /home/nvidia/acfly_ws/install/mavros_msgs/include/mavros_msgs/mavros_msgs/srv/detail/param_push__rosidl_typesupport_fastrtps_cpp.hpp
[1.380s] -- Up-to-date symlink: /home/nvidia/acfly_ws/install/mavros_msgs/include/mavros_msgs/mavros_msgs/srv/detail/param_set__rosidl_typesupport_fastrtps_cpp.hpp
[1.381s] -- Up-to-date symlink: /home/nvidia/acfly_ws/install/mavros_msgs/include/mavros_msgs/mavros_msgs/srv/detail/param_set_v2__rosidl_typesupport_fastrtps_cpp.hpp
[1.381s] -- Up-to-date symlink: /home/nvidia/acfly_ws/install/mavros_msgs/include/mavros_msgs/mavros_msgs/srv/detail/set_mav_frame__rosidl_typesupport_fastrtps_cpp.hpp
[1.381s] -- Up-to-date symlink: /home/nvidia/acfly_ws/install/mavros_msgs/include/mavros_msgs/mavros_msgs/srv/detail/set_mode__rosidl_typesupport_fastrtps_cpp.hpp
[1.381s] -- Up-to-date symlink: /home/nvidia/acfly_ws/install/mavros_msgs/include/mavros_msgs/mavros_msgs/srv/detail/stream_rate__rosidl_typesupport_fastrtps_cpp.hpp
[1.382s] -- Up-to-date symlink: /home/nvidia/acfly_ws/install/mavros_msgs/include/mavros_msgs/mavros_msgs/srv/detail/vehicle_info_get__rosidl_typesupport_fastrtps_cpp.hpp
[1.382s] -- Up-to-date symlink: /home/nvidia/acfly_ws/install/mavros_msgs/include/mavros_msgs/mavros_msgs/srv/detail/waypoint_clear__rosidl_typesupport_fastrtps_cpp.hpp
[1.382s] -- Up-to-date symlink: /home/nvidia/acfly_ws/install/mavros_msgs/include/mavros_msgs/mavros_msgs/srv/detail/waypoint_pull__rosidl_typesupport_fastrtps_cpp.hpp
[1.382s] -- Up-to-date symlink: /home/nvidia/acfly_ws/install/mavros_msgs/include/mavros_msgs/mavros_msgs/srv/detail/waypoint_push__rosidl_typesupport_fastrtps_cpp.hpp
[1.382s] -- Up-to-date symlink: /home/nvidia/acfly_ws/install/mavros_msgs/include/mavros_msgs/mavros_msgs/srv/detail/waypoint_set_current__rosidl_typesupport_fastrtps_cpp.hpp
[1.385s] -- Up-to-date symlink: /home/nvidia/acfly_ws/install/mavros_msgs/include/mavros_msgs/mavros_msgs/msg/detail/actuator_control__rosidl_typesupport_introspection_cpp.hpp
[1.385s] -- Up-to-date symlink: /home/nvidia/acfly_ws/install/mavros_msgs/include/mavros_msgs/mavros_msgs/msg/detail/adsb_vehicle__rosidl_typesupport_introspection_cpp.hpp
[1.386s] -- Up-to-date symlink: /home/nvidia/acfly_ws/install/mavros_msgs/include/mavros_msgs/mavros_msgs/msg/detail/altitude__rosidl_typesupport_introspection_cpp.hpp
[1.386s] -- Up-to-date symlink: /home/nvidia/acfly_ws/install/mavros_msgs/include/mavros_msgs/mavros_msgs/msg/detail/attitude_target__rosidl_typesupport_introspection_cpp.hpp
[1.386s] -- Up-to-date symlink: /home/nvidia/acfly_ws/install/mavros_msgs/include/mavros_msgs/mavros_msgs/msg/detail/cam_imu_stamp__rosidl_typesupport_introspection_cpp.hpp
[1.386s] -- Up-to-date symlink: /home/nvidia/acfly_ws/install/mavros_msgs/include/mavros_msgs/mavros_msgs/msg/detail/camera_image_captured__rosidl_typesupport_introspection_cpp.hpp
[1.386s] -- Up-to-date symlink: /home/nvidia/acfly_ws/install/mavros_msgs/include/mavros_msgs/mavros_msgs/msg/detail/cellular_status__rosidl_typesupport_introspection_cpp.hpp
[1.387s] -- Up-to-date symlink: /home/nvidia/acfly_ws/install/mavros_msgs/include/mavros_msgs/mavros_msgs/msg/detail/command_code__rosidl_typesupport_introspection_cpp.hpp
[1.387s] -- Up-to-date symlink: /home/nvidia/acfly_ws/install/mavros_msgs/include/mavros_msgs/mavros_msgs/msg/detail/companion_process_status__rosidl_typesupport_introspection_cpp.hpp
[1.387s] -- Up-to-date symlink: /home/nvidia/acfly_ws/install/mavros_msgs/include/mavros_msgs/mavros_msgs/msg/detail/debug_value__rosidl_typesupport_introspection_cpp.hpp
[1.387s] -- Up-to-date symlink: /home/nvidia/acfly_ws/install/mavros_msgs/include/mavros_msgs/mavros_msgs/msg/detail/esc_info__rosidl_typesupport_introspection_cpp.hpp
[1.387s] -- Up-to-date symlink: /home/nvidia/acfly_ws/install/mavros_msgs/include/mavros_msgs/mavros_msgs/msg/detail/esc_info_item__rosidl_typesupport_introspection_cpp.hpp
[1.387s] -- Up-to-date symlink: /home/nvidia/acfly_ws/install/mavros_msgs/include/mavros_msgs/mavros_msgs/msg/detail/esc_status__rosidl_typesupport_introspection_cpp.hpp
[1.388s] -- Up-to-date symlink: /home/nvidia/acfly_ws/install/mavros_msgs/include/mavros_msgs/mavros_msgs/msg/detail/esc_status_item__rosidl_typesupport_introspection_cpp.hpp
[1.388s] -- Up-to-date symlink: /home/nvidia/acfly_ws/install/mavros_msgs/include/mavros_msgs/mavros_msgs/msg/detail/esc_telemetry__rosidl_typesupport_introspection_cpp.hpp
[1.388s] -- Up-to-date symlink: /home/nvidia/acfly_ws/install/mavros_msgs/include/mavros_msgs/mavros_msgs/msg/detail/esc_telemetry_item__rosidl_typesupport_introspection_cpp.hpp
[1.388s] -- Up-to-date symlink: /home/nvidia/acfly_ws/install/mavros_msgs/include/mavros_msgs/mavros_msgs/msg/detail/estimator_status__rosidl_typesupport_introspection_cpp.hpp
[1.388s] -- Up-to-date symlink: /home/nvidia/acfly_ws/install/mavros_msgs/include/mavros_msgs/mavros_msgs/msg/detail/extended_state__rosidl_typesupport_introspection_cpp.hpp
[1.388s] -- Up-to-date symlink: /home/nvidia/acfly_ws/install/mavros_msgs/include/mavros_msgs/mavros_msgs/msg/detail/file_entry__rosidl_typesupport_introspection_cpp.hpp
[1.389s] -- Up-to-date symlink: /home/nvidia/acfly_ws/install/mavros_msgs/include/mavros_msgs/mavros_msgs/msg/detail/gimbal_device_attitude_status__rosidl_typesupport_introspection_cpp.hpp
[1.389s] -- Up-to-date symlink: /home/nvidia/acfly_ws/install/mavros_msgs/include/mavros_msgs/mavros_msgs/msg/detail/gimbal_device_information__rosidl_typesupport_introspection_cpp.hpp
[1.389s] -- Up-to-date symlink: /home/nvidia/acfly_ws/install/mavros_msgs/include/mavros_msgs/mavros_msgs/msg/detail/gimbal_device_set_attitude__rosidl_typesupport_introspection_cpp.hpp
[1.389s] -- Up-to-date symlink: /home/nvidia/acfly_ws/install/mavros_msgs/include/mavros_msgs/mavros_msgs/msg/detail/gimbal_manager_information__rosidl_typesupport_introspection_cpp.hpp
[1.389s] -- Up-to-date symlink: /home/nvidia/acfly_ws/install/mavros_msgs/include/mavros_msgs/mavros_msgs/msg/detail/gimbal_manager_set_attitude__rosidl_typesupport_introspection_cpp.hpp
[1.390s] -- Up-to-date symlink: /home/nvidia/acfly_ws/install/mavros_msgs/include/mavros_msgs/mavros_msgs/msg/detail/gimbal_manager_set_pitchyaw__rosidl_typesupport_introspection_cpp.hpp
[1.390s] -- Up-to-date symlink: /home/nvidia/acfly_ws/install/mavros_msgs/include/mavros_msgs/mavros_msgs/msg/detail/gimbal_manager_status__rosidl_typesupport_introspection_cpp.hpp
[1.390s] -- Up-to-date symlink: /home/nvidia/acfly_ws/install/mavros_msgs/include/mavros_msgs/mavros_msgs/msg/detail/global_position_target__rosidl_typesupport_introspection_cpp.hpp
[1.390s] -- Up-to-date symlink: /home/nvidia/acfly_ws/install/mavros_msgs/include/mavros_msgs/mavros_msgs/msg/detail/gpsinput__rosidl_typesupport_introspection_cpp.hpp
[1.390s] -- Up-to-date symlink: /home/nvidia/acfly_ws/install/mavros_msgs/include/mavros_msgs/mavros_msgs/msg/detail/gpsraw__rosidl_typesupport_introspection_cpp.hpp
[1.391s] -- Up-to-date symlink: /home/nvidia/acfly_ws/install/mavros_msgs/include/mavros_msgs/mavros_msgs/msg/detail/gpsrtk__rosidl_typesupport_introspection_cpp.hpp
[1.391s] -- Up-to-date symlink: /home/nvidia/acfly_ws/install/mavros_msgs/include/mavros_msgs/mavros_msgs/msg/detail/hil_actuator_controls__rosidl_typesupport_introspection_cpp.hpp
[1.391s] -- Up-to-date symlink: /home/nvidia/acfly_ws/install/mavros_msgs/include/mavros_msgs/mavros_msgs/msg/detail/hil_controls__rosidl_typesupport_introspection_cpp.hpp
[1.391s] -- Up-to-date symlink: /home/nvidia/acfly_ws/install/mavros_msgs/include/mavros_msgs/mavros_msgs/msg/detail/hil_gps__rosidl_typesupport_introspection_cpp.hpp
[1.391s] -- Up-to-date symlink: /home/nvidia/acfly_ws/install/mavros_msgs/include/mavros_msgs/mavros_msgs/msg/detail/hil_sensor__rosidl_typesupport_introspection_cpp.hpp
[1.392s] -- Up-to-date symlink: /home/nvidia/acfly_ws/install/mavros_msgs/include/mavros_msgs/mavros_msgs/msg/detail/hil_state_quaternion__rosidl_typesupport_introspection_cpp.hpp
[1.392s] -- Up-to-date symlink: /home/nvidia/acfly_ws/install/mavros_msgs/include/mavros_msgs/mavros_msgs/msg/detail/home_position__rosidl_typesupport_introspection_cpp.hpp
[1.395s] -- Up-to-date symlink: /home/nvidia/acfly_ws/install/mavros_msgs/include/mavros_msgs/mavros_msgs/msg/detail/landing_target__rosidl_typesupport_introspection_cpp.hpp
[1.395s] -- Up-to-date symlink: /home/nvidia/acfly_ws/install/mavros_msgs/include/mavros_msgs/mavros_msgs/msg/detail/log_data__rosidl_typesupport_introspection_cpp.hpp
[1.395s] -- Up-to-date symlink: /home/nvidia/acfly_ws/install/mavros_msgs/include/mavros_msgs/mavros_msgs/msg/detail/log_entry__rosidl_typesupport_introspection_cpp.hpp
[1.395s] -- Up-to-date symlink: /home/nvidia/acfly_ws/install/mavros_msgs/include/mavros_msgs/mavros_msgs/msg/detail/magnetometer_reporter__rosidl_typesupport_introspection_cpp.hpp
[1.395s] -- Up-to-date symlink: /home/nvidia/acfly_ws/install/mavros_msgs/include/mavros_msgs/mavros_msgs/msg/detail/manual_control__rosidl_typesupport_introspection_cpp.hpp
[1.395s] -- Up-to-date symlink: /home/nvidia/acfly_ws/install/mavros_msgs/include/mavros_msgs/mavros_msgs/msg/detail/mavlink__rosidl_typesupport_introspection_cpp.hpp
[1.395s] -- Up-to-date symlink: /home/nvidia/acfly_ws/install/mavros_msgs/include/mavros_msgs/mavros_msgs/msg/detail/mount_control__rosidl_typesupport_introspection_cpp.hpp
[1.395s] -- Up-to-date symlink: /home/nvidia/acfly_ws/install/mavros_msgs/include/mavros_msgs/mavros_msgs/msg/detail/nav_controller_output__rosidl_typesupport_introspection_cpp.hpp
[1.396s] -- Up-to-date symlink: /home/nvidia/acfly_ws/install/mavros_msgs/include/mavros_msgs/mavros_msgs/msg/detail/onboard_computer_status__rosidl_typesupport_introspection_cpp.hpp
[1.396s] -- Up-to-date symlink: /home/nvidia/acfly_ws/install/mavros_msgs/include/mavros_msgs/mavros_msgs/msg/detail/open_drone_id_basic_id__rosidl_typesupport_introspection_cpp.hpp
[1.396s] -- Up-to-date symlink: /home/nvidia/acfly_ws/install/mavros_msgs/include/mavros_msgs/mavros_msgs/msg/detail/open_drone_id_operator_id__rosidl_typesupport_introspection_cpp.hpp
[1.396s] -- Up-to-date symlink: /home/nvidia/acfly_ws/install/mavros_msgs/include/mavros_msgs/mavros_msgs/msg/detail/open_drone_id_self_id__rosidl_typesupport_introspection_cpp.hpp
[1.396s] -- Up-to-date symlink: /home/nvidia/acfly_ws/install/mavros_msgs/include/mavros_msgs/mavros_msgs/msg/detail/open_drone_id_system__rosidl_typesupport_introspection_cpp.hpp
[1.396s] -- Up-to-date symlink: /home/nvidia/acfly_ws/install/mavros_msgs/include/mavros_msgs/mavros_msgs/msg/detail/open_drone_id_system_update__rosidl_typesupport_introspection_cpp.hpp
[1.396s] -- Up-to-date symlink: /home/nvidia/acfly_ws/install/mavros_msgs/include/mavros_msgs/mavros_msgs/msg/detail/optical_flow__rosidl_typesupport_introspection_cpp.hpp
[1.396s] -- Up-to-date symlink: /home/nvidia/acfly_ws/install/mavros_msgs/include/mavros_msgs/mavros_msgs/msg/detail/optical_flow_rad__rosidl_typesupport_introspection_cpp.hpp
[1.397s] -- Up-to-date symlink: /home/nvidia/acfly_ws/install/mavros_msgs/include/mavros_msgs/mavros_msgs/msg/detail/override_rc_in__rosidl_typesupport_introspection_cpp.hpp
[1.397s] -- Up-to-date symlink: /home/nvidia/acfly_ws/install/mavros_msgs/include/mavros_msgs/mavros_msgs/msg/detail/param__rosidl_typesupport_introspection_cpp.hpp
[1.397s] -- Up-to-date symlink: /home/nvidia/acfly_ws/install/mavros_msgs/include/mavros_msgs/mavros_msgs/msg/detail/param_event__rosidl_typesupport_introspection_cpp.hpp
[1.397s] -- Up-to-date symlink: /home/nvidia/acfly_ws/install/mavros_msgs/include/mavros_msgs/mavros_msgs/msg/detail/param_value__rosidl_typesupport_introspection_cpp.hpp
[1.397s] -- Up-to-date symlink: /home/nvidia/acfly_ws/install/mavros_msgs/include/mavros_msgs/mavros_msgs/msg/detail/play_tune_v2__rosidl_typesupport_introspection_cpp.hpp
[1.397s] -- Up-to-date symlink: /home/nvidia/acfly_ws/install/mavros_msgs/include/mavros_msgs/mavros_msgs/msg/detail/position_target__rosidl_typesupport_introspection_cpp.hpp
[1.397s] -- Up-to-date symlink: /home/nvidia/acfly_ws/install/mavros_msgs/include/mavros_msgs/mavros_msgs/msg/detail/radio_status__rosidl_typesupport_introspection_cpp.hpp
[1.397s] -- Up-to-date symlink: /home/nvidia/acfly_ws/install/mavros_msgs/include/mavros_msgs/mavros_msgs/msg/detail/rc_in__rosidl_typesupport_introspection_cpp.hpp
[1.398s] -- Up-to-date symlink: /home/nvidia/acfly_ws/install/mavros_msgs/include/mavros_msgs/mavros_msgs/msg/detail/rc_out__rosidl_typesupport_introspection_cpp.hpp
[1.398s] -- Up-to-date symlink: /home/nvidia/acfly_ws/install/mavros_msgs/include/mavros_msgs/mavros_msgs/msg/detail/rtcm__rosidl_typesupport_introspection_cpp.hpp
[1.398s] -- Up-to-date symlink: /home/nvidia/acfly_ws/install/mavros_msgs/include/mavros_msgs/mavros_msgs/msg/detail/rtk_baseline__rosidl_typesupport_introspection_cpp.hpp
[1.398s] -- Up-to-date symlink: /home/nvidia/acfly_ws/install/mavros_msgs/include/mavros_msgs/mavros_msgs/msg/detail/state__rosidl_typesupport_introspection_cpp.hpp
[1.398s] -- Up-to-date symlink: /home/nvidia/acfly_ws/install/mavros_msgs/include/mavros_msgs/mavros_msgs/msg/detail/status_event__rosidl_typesupport_introspection_cpp.hpp
[1.398s] -- Up-to-date symlink: /home/nvidia/acfly_ws/install/mavros_msgs/include/mavros_msgs/mavros_msgs/msg/detail/status_text__rosidl_typesupport_introspection_cpp.hpp
[1.398s] -- Up-to-date symlink: /home/nvidia/acfly_ws/install/mavros_msgs/include/mavros_msgs/mavros_msgs/msg/detail/sys_status__rosidl_typesupport_introspection_cpp.hpp
[1.398s] -- Up-to-date symlink: /home/nvidia/acfly_ws/install/mavros_msgs/include/mavros_msgs/mavros_msgs/msg/detail/terrain_report__rosidl_typesupport_introspection_cpp.hpp
[1.399s] -- Up-to-date symlink: /home/nvidia/acfly_ws/install/mavros_msgs/include/mavros_msgs/mavros_msgs/msg/detail/thrust__rosidl_typesupport_introspection_cpp.hpp
[1.399s] -- Up-to-date symlink: /home/nvidia/acfly_ws/install/mavros_msgs/include/mavros_msgs/mavros_msgs/msg/detail/timesync_status__rosidl_typesupport_introspection_cpp.hpp
[1.399s] -- Up-to-date symlink: /home/nvidia/acfly_ws/install/mavros_msgs/include/mavros_msgs/mavros_msgs/msg/detail/trajectory__rosidl_typesupport_introspection_cpp.hpp
[1.399s] -- Up-to-date symlink: /home/nvidia/acfly_ws/install/mavros_msgs/include/mavros_msgs/mavros_msgs/msg/detail/tunnel__rosidl_typesupport_introspection_cpp.hpp
[1.399s] -- Up-to-date symlink: /home/nvidia/acfly_ws/install/mavros_msgs/include/mavros_msgs/mavros_msgs/msg/detail/vehicle_info__rosidl_typesupport_introspection_cpp.hpp
[1.399s] -- Up-to-date symlink: /home/nvidia/acfly_ws/install/mavros_msgs/include/mavros_msgs/mavros_msgs/msg/detail/vfr_hud__rosidl_typesupport_introspection_cpp.hpp
[1.399s] -- Up-to-date symlink: /home/nvidia/acfly_ws/install/mavros_msgs/include/mavros_msgs/mavros_msgs/msg/detail/vibration__rosidl_typesupport_introspection_cpp.hpp
[1.399s] -- Up-to-date symlink: /home/nvidia/acfly_ws/install/mavros_msgs/include/mavros_msgs/mavros_msgs/msg/detail/waypoint__rosidl_typesupport_introspection_cpp.hpp
[1.399s] -- Up-to-date symlink: /home/nvidia/acfly_ws/install/mavros_msgs/include/mavros_msgs/mavros_msgs/msg/detail/waypoint_list__rosidl_typesupport_introspection_cpp.hpp
[1.400s] -- Up-to-date symlink: /home/nvidia/acfly_ws/install/mavros_msgs/include/mavros_msgs/mavros_msgs/msg/detail/waypoint_reached__rosidl_typesupport_introspection_cpp.hpp
[1.400s] -- Up-to-date symlink: /home/nvidia/acfly_ws/install/mavros_msgs/include/mavros_msgs/mavros_msgs/msg/detail/wheel_odom_stamped__rosidl_typesupport_introspection_cpp.hpp
[1.400s] -- Up-to-date symlink: /home/nvidia/acfly_ws/install/mavros_msgs/include/mavros_msgs/mavros_msgs/srv/detail/command_ack__rosidl_typesupport_introspection_cpp.hpp
[1.400s] -- Up-to-date symlink: /home/nvidia/acfly_ws/install/mavros_msgs/include/mavros_msgs/mavros_msgs/srv/detail/command_bool__rosidl_typesupport_introspection_cpp.hpp
[1.400s] -- Up-to-date symlink: /home/nvidia/acfly_ws/install/mavros_msgs/include/mavros_msgs/mavros_msgs/srv/detail/command_home__rosidl_typesupport_introspection_cpp.hpp
[1.401s] -- Up-to-date symlink: /home/nvidia/acfly_ws/install/mavros_msgs/include/mavros_msgs/mavros_msgs/srv/detail/command_int__rosidl_typesupport_introspection_cpp.hpp
[1.401s] -- Up-to-date symlink: /home/nvidia/acfly_ws/install/mavros_msgs/include/mavros_msgs/mavros_msgs/srv/detail/command_long__rosidl_typesupport_introspection_cpp.hpp
[1.401s] -- Up-to-date symlink: /home/nvidia/acfly_ws/install/mavros_msgs/include/mavros_msgs/mavros_msgs/srv/detail/command_tol__rosidl_typesupport_introspection_cpp.hpp
[1.401s] -- Up-to-date symlink: /home/nvidia/acfly_ws/install/mavros_msgs/include/mavros_msgs/mavros_msgs/srv/detail/command_tol_local__rosidl_typesupport_introspection_cpp.hpp
[1.401s] -- Up-to-date symlink: /home/nvidia/acfly_ws/install/mavros_msgs/include/mavros_msgs/mavros_msgs/srv/detail/command_trigger_control__rosidl_typesupport_introspection_cpp.hpp
[1.402s] -- Up-to-date symlink: /home/nvidia/acfly_ws/install/mavros_msgs/include/mavros_msgs/mavros_msgs/srv/detail/command_trigger_interval__rosidl_typesupport_introspection_cpp.hpp
[1.402s] -- Up-to-date symlink: /home/nvidia/acfly_ws/install/mavros_msgs/include/mavros_msgs/mavros_msgs/srv/detail/command_vtol_transition__rosidl_typesupport_introspection_cpp.hpp
[1.402s] -- Up-to-date symlink: /home/nvidia/acfly_ws/install/mavros_msgs/include/mavros_msgs/mavros_msgs/srv/detail/endpoint_add__rosidl_typesupport_introspection_cpp.hpp
[1.403s] -- Up-to-date symlink: /home/nvidia/acfly_ws/install/mavros_msgs/include/mavros_msgs/mavros_msgs/srv/detail/endpoint_del__rosidl_typesupport_introspection_cpp.hpp
[1.403s] -- Up-to-date symlink: /home/nvidia/acfly_ws/install/mavros_msgs/include/mavros_msgs/mavros_msgs/srv/detail/file_checksum__rosidl_typesupport_introspection_cpp.hpp
[1.403s] -- Up-to-date symlink: /home/nvidia/acfly_ws/install/mavros_msgs/include/mavros_msgs/mavros_msgs/srv/detail/file_close__rosidl_typesupport_introspection_cpp.hpp
[1.403s] -- Up-to-date symlink: /home/nvidia/acfly_ws/install/mavros_msgs/include/mavros_msgs/mavros_msgs/srv/detail/file_list__rosidl_typesupport_introspection_cpp.hpp
[1.403s] -- Up-to-date symlink: /home/nvidia/acfly_ws/install/mavros_msgs/include/mavros_msgs/mavros_msgs/srv/detail/file_make_dir__rosidl_typesupport_introspection_cpp.hpp
[1.404s] -- Up-to-date symlink: /home/nvidia/acfly_ws/install/mavros_msgs/include/mavros_msgs/mavros_msgs/srv/detail/file_open__rosidl_typesupport_introspection_cpp.hpp
[1.404s] -- Up-to-date symlink: /home/nvidia/acfly_ws/install/mavros_msgs/include/mavros_msgs/mavros_msgs/srv/detail/file_read__rosidl_typesupport_introspection_cpp.hpp
[1.404s] -- Up-to-date symlink: /home/nvidia/acfly_ws/install/mavros_msgs/include/mavros_msgs/mavros_msgs/srv/detail/file_remove__rosidl_typesupport_introspection_cpp.hpp
[1.404s] -- Up-to-date symlink: /home/nvidia/acfly_ws/install/mavros_msgs/include/mavros_msgs/mavros_msgs/srv/detail/file_remove_dir__rosidl_typesupport_introspection_cpp.hpp
[1.405s] -- Up-to-date symlink: /home/nvidia/acfly_ws/install/mavros_msgs/include/mavros_msgs/mavros_msgs/srv/detail/file_rename__rosidl_typesupport_introspection_cpp.hpp
[1.405s] -- Up-to-date symlink: /home/nvidia/acfly_ws/install/mavros_msgs/include/mavros_msgs/mavros_msgs/srv/detail/file_truncate__rosidl_typesupport_introspection_cpp.hpp
[1.405s] -- Up-to-date symlink: /home/nvidia/acfly_ws/install/mavros_msgs/include/mavros_msgs/mavros_msgs/srv/detail/file_write__rosidl_typesupport_introspection_cpp.hpp
[1.405s] -- Up-to-date symlink: /home/nvidia/acfly_ws/install/mavros_msgs/include/mavros_msgs/mavros_msgs/srv/detail/gimbal_get_information__rosidl_typesupport_introspection_cpp.hpp
[1.406s] -- Up-to-date symlink: /home/nvidia/acfly_ws/install/mavros_msgs/include/mavros_msgs/mavros_msgs/srv/detail/gimbal_manager_camera_track__rosidl_typesupport_introspection_cpp.hpp
[1.406s] -- Up-to-date symlink: /home/nvidia/acfly_ws/install/mavros_msgs/include/mavros_msgs/mavros_msgs/srv/detail/gimbal_manager_configure__rosidl_typesupport_introspection_cpp.hpp
[1.406s] -- Up-to-date symlink: /home/nvidia/acfly_ws/install/mavros_msgs/include/mavros_msgs/mavros_msgs/srv/detail/gimbal_manager_pitchyaw__rosidl_typesupport_introspection_cpp.hpp
[1.406s] -- Up-to-date symlink: /home/nvidia/acfly_ws/install/mavros_msgs/include/mavros_msgs/mavros_msgs/srv/detail/gimbal_manager_set_roi__rosidl_typesupport_introspection_cpp.hpp
[1.407s] -- Up-to-date symlink: /home/nvidia/acfly_ws/install/mavros_msgs/include/mavros_msgs/mavros_msgs/srv/detail/log_request_data__rosidl_typesupport_introspection_cpp.hpp
[1.407s] -- Up-to-date symlink: /home/nvidia/acfly_ws/install/mavros_msgs/include/mavros_msgs/mavros_msgs/srv/detail/log_request_end__rosidl_typesupport_introspection_cpp.hpp
[1.407s] -- Up-to-date symlink: /home/nvidia/acfly_ws/install/mavros_msgs/include/mavros_msgs/mavros_msgs/srv/detail/log_request_list__rosidl_typesupport_introspection_cpp.hpp
[1.407s] -- Up-to-date symlink: /home/nvidia/acfly_ws/install/mavros_msgs/include/mavros_msgs/mavros_msgs/srv/detail/message_interval__rosidl_typesupport_introspection_cpp.hpp
[1.407s] -- Up-to-date symlink: /home/nvidia/acfly_ws/install/mavros_msgs/include/mavros_msgs/mavros_msgs/srv/detail/mount_configure__rosidl_typesupport_introspection_cpp.hpp
[1.408s] -- Up-to-date symlink: /home/nvidia/acfly_ws/install/mavros_msgs/include/mavros_msgs/mavros_msgs/srv/detail/param_get__rosidl_typesupport_introspection_cpp.hpp
[1.408s] -- Up-to-date symlink: /home/nvidia/acfly_ws/install/mavros_msgs/include/mavros_msgs/mavros_msgs/srv/detail/param_pull__rosidl_typesupport_introspection_cpp.hpp
[1.408s] -- Up-to-date symlink: /home/nvidia/acfly_ws/install/mavros_msgs/include/mavros_msgs/mavros_msgs/srv/detail/param_push__rosidl_typesupport_introspection_cpp.hpp
[1.408s] -- Up-to-date symlink: /home/nvidia/acfly_ws/install/mavros_msgs/include/mavros_msgs/mavros_msgs/srv/detail/param_set__rosidl_typesupport_introspection_cpp.hpp
[1.408s] -- Up-to-date symlink: /home/nvidia/acfly_ws/install/mavros_msgs/include/mavros_msgs/mavros_msgs/srv/detail/param_set_v2__rosidl_typesupport_introspection_cpp.hpp
[1.409s] -- Up-to-date symlink: /home/nvidia/acfly_ws/install/mavros_msgs/include/mavros_msgs/mavros_msgs/srv/detail/set_mav_frame__rosidl_typesupport_introspection_cpp.hpp
[1.409s] -- Up-to-date symlink: /home/nvidia/acfly_ws/install/mavros_msgs/include/mavros_msgs/mavros_msgs/srv/detail/set_mode__rosidl_typesupport_introspection_cpp.hpp
[1.409s] -- Up-to-date symlink: /home/nvidia/acfly_ws/install/mavros_msgs/include/mavros_msgs/mavros_msgs/srv/detail/stream_rate__rosidl_typesupport_introspection_cpp.hpp
[1.409s] -- Up-to-date symlink: /home/nvidia/acfly_ws/install/mavros_msgs/include/mavros_msgs/mavros_msgs/srv/detail/vehicle_info_get__rosidl_typesupport_introspection_cpp.hpp
[1.410s] -- Up-to-date symlink: /home/nvidia/acfly_ws/install/mavros_msgs/include/mavros_msgs/mavros_msgs/srv/detail/waypoint_clear__rosidl_typesupport_introspection_cpp.hpp
[1.410s] -- Up-to-date symlink: /home/nvidia/acfly_ws/install/mavros_msgs/include/mavros_msgs/mavros_msgs/srv/detail/waypoint_pull__rosidl_typesupport_introspection_cpp.hpp
[1.410s] -- Up-to-date symlink: /home/nvidia/acfly_ws/install/mavros_msgs/include/mavros_msgs/mavros_msgs/srv/detail/waypoint_push__rosidl_typesupport_introspection_cpp.hpp
[1.410s] -- Up-to-date symlink: /home/nvidia/acfly_ws/install/mavros_msgs/include/mavros_msgs/mavros_msgs/srv/detail/waypoint_set_current__rosidl_typesupport_introspection_cpp.hpp
[1.410s] -- Up-to-date symlink: /home/nvidia/acfly_ws/install/mavros_msgs/share/mavros_msgs/environment/pythonpath.sh
[1.411s] -- Up-to-date symlink: /home/nvidia/acfly_ws/install/mavros_msgs/share/mavros_msgs/environment/pythonpath.dsv
[1.411s] -- Up-to-date symlink: /home/nvidia/acfly_ws/install/mavros_msgs/local/lib/python3.10/dist-packages/mavros_msgs-2.12.0-py3.10.egg-info/PKG-INFO
[1.411s] -- Up-to-date symlink: /home/nvidia/acfly_ws/install/mavros_msgs/local/lib/python3.10/dist-packages/mavros_msgs-2.12.0-py3.10.egg-info/SOURCES.txt
[1.412s] -- Up-to-date symlink: /home/nvidia/acfly_ws/install/mavros_msgs/local/lib/python3.10/dist-packages/mavros_msgs-2.12.0-py3.10.egg-info/dependency_links.txt
[1.412s] -- Up-to-date symlink: /home/nvidia/acfly_ws/install/mavros_msgs/local/lib/python3.10/dist-packages/mavros_msgs-2.12.0-py3.10.egg-info/top_level.txt
[1.418s] -- Up-to-date symlink: /home/nvidia/acfly_ws/install/mavros_msgs/local/lib/python3.10/dist-packages/mavros_msgs/__init__.py
[1.418s] -- Up-to-date symlink: /home/nvidia/acfly_ws/install/mavros_msgs/local/lib/python3.10/dist-packages/mavros_msgs/_mavros_msgs_s.ep.rosidl_typesupport_c.c
[1.418s] -- Up-to-date symlink: /home/nvidia/acfly_ws/install/mavros_msgs/local/lib/python3.10/dist-packages/mavros_msgs/_mavros_msgs_s.ep.rosidl_typesupport_fastrtps_c.c
[1.418s] -- Up-to-date symlink: /home/nvidia/acfly_ws/install/mavros_msgs/local/lib/python3.10/dist-packages/mavros_msgs/_mavros_msgs_s.ep.rosidl_typesupport_introspection_c.c
[1.418s] -- Up-to-date symlink: /home/nvidia/acfly_ws/install/mavros_msgs/local/lib/python3.10/dist-packages/mavros_msgs/libmavros_msgs__rosidl_generator_py.so
[1.418s] -- Up-to-date symlink: /home/nvidia/acfly_ws/install/mavros_msgs/local/lib/python3.10/dist-packages/mavros_msgs/mavros_msgs_s__rosidl_typesupport_c.cpython-310-aarch64-linux-gnu.so
[1.419s] -- Up-to-date symlink: /home/nvidia/acfly_ws/install/mavros_msgs/local/lib/python3.10/dist-packages/mavros_msgs/mavros_msgs_s__rosidl_typesupport_fastrtps_c.cpython-310-aarch64-linux-gnu.so
[1.419s] -- Up-to-date symlink: /home/nvidia/acfly_ws/install/mavros_msgs/local/lib/python3.10/dist-packages/mavros_msgs/mavros_msgs_s__rosidl_typesupport_introspection_c.cpython-310-aarch64-linux-gnu.so
[1.419s] -- Up-to-date symlink: /home/nvidia/acfly_ws/install/mavros_msgs/local/lib/python3.10/dist-packages/mavros_msgs/msg/__init__.py
[1.419s] -- Up-to-date symlink: /home/nvidia/acfly_ws/install/mavros_msgs/local/lib/python3.10/dist-packages/mavros_msgs/msg/_actuator_control.py
[1.420s] -- Up-to-date symlink: /home/nvidia/acfly_ws/install/mavros_msgs/local/lib/python3.10/dist-packages/mavros_msgs/msg/_actuator_control_s.c
[1.420s] -- Up-to-date symlink: /home/nvidia/acfly_ws/install/mavros_msgs/local/lib/python3.10/dist-packages/mavros_msgs/msg/_adsb_vehicle.py
[1.420s] -- Up-to-date symlink: /home/nvidia/acfly_ws/install/mavros_msgs/local/lib/python3.10/dist-packages/mavros_msgs/msg/_adsb_vehicle_s.c
[1.420s] -- Up-to-date symlink: /home/nvidia/acfly_ws/install/mavros_msgs/local/lib/python3.10/dist-packages/mavros_msgs/msg/_altitude.py
[1.421s] -- Up-to-date symlink: /home/nvidia/acfly_ws/install/mavros_msgs/local/lib/python3.10/dist-packages/mavros_msgs/msg/_altitude_s.c
[1.421s] -- Up-to-date symlink: /home/nvidia/acfly_ws/install/mavros_msgs/local/lib/python3.10/dist-packages/mavros_msgs/msg/_attitude_target.py
[1.421s] -- Up-to-date symlink: /home/nvidia/acfly_ws/install/mavros_msgs/local/lib/python3.10/dist-packages/mavros_msgs/msg/_attitude_target_s.c
[1.421s] -- Up-to-date symlink: /home/nvidia/acfly_ws/install/mavros_msgs/local/lib/python3.10/dist-packages/mavros_msgs/msg/_cam_imu_stamp.py
[1.422s] -- Up-to-date symlink: /home/nvidia/acfly_ws/install/mavros_msgs/local/lib/python3.10/dist-packages/mavros_msgs/msg/_cam_imu_stamp_s.c
[1.422s] -- Up-to-date symlink: /home/nvidia/acfly_ws/install/mavros_msgs/local/lib/python3.10/dist-packages/mavros_msgs/msg/_camera_image_captured.py
[1.422s] -- Up-to-date symlink: /home/nvidia/acfly_ws/install/mavros_msgs/local/lib/python3.10/dist-packages/mavros_msgs/msg/_camera_image_captured_s.c
[1.422s] -- Up-to-date symlink: /home/nvidia/acfly_ws/install/mavros_msgs/local/lib/python3.10/dist-packages/mavros_msgs/msg/_cellular_status.py
[1.422s] -- Up-to-date symlink: /home/nvidia/acfly_ws/install/mavros_msgs/local/lib/python3.10/dist-packages/mavros_msgs/msg/_cellular_status_s.c
[1.422s] -- Up-to-date symlink: /home/nvidia/acfly_ws/install/mavros_msgs/local/lib/python3.10/dist-packages/mavros_msgs/msg/_command_code.py
[1.423s] -- Up-to-date symlink: /home/nvidia/acfly_ws/install/mavros_msgs/local/lib/python3.10/dist-packages/mavros_msgs/msg/_command_code_s.c
[1.423s] -- Up-to-date symlink: /home/nvidia/acfly_ws/install/mavros_msgs/local/lib/python3.10/dist-packages/mavros_msgs/msg/_companion_process_status.py
[1.423s] -- Up-to-date symlink: /home/nvidia/acfly_ws/install/mavros_msgs/local/lib/python3.10/dist-packages/mavros_msgs/msg/_companion_process_status_s.c
[1.423s] -- Up-to-date symlink: /home/nvidia/acfly_ws/install/mavros_msgs/local/lib/python3.10/dist-packages/mavros_msgs/msg/_debug_value.py
[1.423s] -- Up-to-date symlink: /home/nvidia/acfly_ws/install/mavros_msgs/local/lib/python3.10/dist-packages/mavros_msgs/msg/_debug_value_s.c
[1.424s] -- Up-to-date symlink: /home/nvidia/acfly_ws/install/mavros_msgs/local/lib/python3.10/dist-packages/mavros_msgs/msg/_esc_info.py
[1.424s] -- Up-to-date symlink: /home/nvidia/acfly_ws/install/mavros_msgs/local/lib/python3.10/dist-packages/mavros_msgs/msg/_esc_info_item.py
[1.424s] -- Up-to-date symlink: /home/nvidia/acfly_ws/install/mavros_msgs/local/lib/python3.10/dist-packages/mavros_msgs/msg/_esc_info_item_s.c
[1.424s] -- Up-to-date symlink: /home/nvidia/acfly_ws/install/mavros_msgs/local/lib/python3.10/dist-packages/mavros_msgs/msg/_esc_info_s.c
[1.425s] -- Up-to-date symlink: /home/nvidia/acfly_ws/install/mavros_msgs/local/lib/python3.10/dist-packages/mavros_msgs/msg/_esc_status.py
[1.425s] -- Up-to-date symlink: /home/nvidia/acfly_ws/install/mavros_msgs/local/lib/python3.10/dist-packages/mavros_msgs/msg/_esc_status_item.py
[1.425s] -- Up-to-date symlink: /home/nvidia/acfly_ws/install/mavros_msgs/local/lib/python3.10/dist-packages/mavros_msgs/msg/_esc_status_item_s.c
[1.425s] -- Up-to-date symlink: /home/nvidia/acfly_ws/install/mavros_msgs/local/lib/python3.10/dist-packages/mavros_msgs/msg/_esc_status_s.c
[1.425s] -- Up-to-date symlink: /home/nvidia/acfly_ws/install/mavros_msgs/local/lib/python3.10/dist-packages/mavros_msgs/msg/_esc_telemetry.py
[1.426s] -- Up-to-date symlink: /home/nvidia/acfly_ws/install/mavros_msgs/local/lib/python3.10/dist-packages/mavros_msgs/msg/_esc_telemetry_item.py
[1.426s] -- Up-to-date symlink: /home/nvidia/acfly_ws/install/mavros_msgs/local/lib/python3.10/dist-packages/mavros_msgs/msg/_esc_telemetry_item_s.c
[1.426s] -- Up-to-date symlink: /home/nvidia/acfly_ws/install/mavros_msgs/local/lib/python3.10/dist-packages/mavros_msgs/msg/_esc_telemetry_s.c
[1.426s] -- Up-to-date symlink: /home/nvidia/acfly_ws/install/mavros_msgs/local/lib/python3.10/dist-packages/mavros_msgs/msg/_estimator_status.py
[1.426s] -- Up-to-date symlink: /home/nvidia/acfly_ws/install/mavros_msgs/local/lib/python3.10/dist-packages/mavros_msgs/msg/_estimator_status_s.c
[1.427s] -- Up-to-date symlink: /home/nvidia/acfly_ws/install/mavros_msgs/local/lib/python3.10/dist-packages/mavros_msgs/msg/_extended_state.py
[1.427s] -- Up-to-date symlink: /home/nvidia/acfly_ws/install/mavros_msgs/local/lib/python3.10/dist-packages/mavros_msgs/msg/_extended_state_s.c
[1.427s] -- Up-to-date symlink: /home/nvidia/acfly_ws/install/mavros_msgs/local/lib/python3.10/dist-packages/mavros_msgs/msg/_file_entry.py
[1.427s] -- Up-to-date symlink: /home/nvidia/acfly_ws/install/mavros_msgs/local/lib/python3.10/dist-packages/mavros_msgs/msg/_file_entry_s.c
[1.427s] -- Up-to-date symlink: /home/nvidia/acfly_ws/install/mavros_msgs/local/lib/python3.10/dist-packages/mavros_msgs/msg/_gimbal_device_attitude_status.py
[1.428s] -- Up-to-date symlink: /home/nvidia/acfly_ws/install/mavros_msgs/local/lib/python3.10/dist-packages/mavros_msgs/msg/_gimbal_device_attitude_status_s.c
[1.428s] -- Up-to-date symlink: /home/nvidia/acfly_ws/install/mavros_msgs/local/lib/python3.10/dist-packages/mavros_msgs/msg/_gimbal_device_information.py
[1.428s] -- Up-to-date symlink: /home/nvidia/acfly_ws/install/mavros_msgs/local/lib/python3.10/dist-packages/mavros_msgs/msg/_gimbal_device_information_s.c
[1.428s] -- Up-to-date symlink: /home/nvidia/acfly_ws/install/mavros_msgs/local/lib/python3.10/dist-packages/mavros_msgs/msg/_gimbal_device_set_attitude.py
[1.428s] -- Up-to-date symlink: /home/nvidia/acfly_ws/install/mavros_msgs/local/lib/python3.10/dist-packages/mavros_msgs/msg/_gimbal_device_set_attitude_s.c
[1.429s] -- Up-to-date symlink: /home/nvidia/acfly_ws/install/mavros_msgs/local/lib/python3.10/dist-packages/mavros_msgs/msg/_gimbal_manager_information.py
[1.429s] -- Up-to-date symlink: /home/nvidia/acfly_ws/install/mavros_msgs/local/lib/python3.10/dist-packages/mavros_msgs/msg/_gimbal_manager_information_s.c
[1.429s] -- Up-to-date symlink: /home/nvidia/acfly_ws/install/mavros_msgs/local/lib/python3.10/dist-packages/mavros_msgs/msg/_gimbal_manager_set_attitude.py
[1.429s] -- Up-to-date symlink: /home/nvidia/acfly_ws/install/mavros_msgs/local/lib/python3.10/dist-packages/mavros_msgs/msg/_gimbal_manager_set_attitude_s.c
[1.430s] -- Up-to-date symlink: /home/nvidia/acfly_ws/install/mavros_msgs/local/lib/python3.10/dist-packages/mavros_msgs/msg/_gimbal_manager_set_pitchyaw.py
[1.430s] -- Up-to-date symlink: /home/nvidia/acfly_ws/install/mavros_msgs/local/lib/python3.10/dist-packages/mavros_msgs/msg/_gimbal_manager_set_pitchyaw_s.c
[1.430s] -- Up-to-date symlink: /home/nvidia/acfly_ws/install/mavros_msgs/local/lib/python3.10/dist-packages/mavros_msgs/msg/_gimbal_manager_status.py
[1.430s] -- Up-to-date symlink: /home/nvidia/acfly_ws/install/mavros_msgs/local/lib/python3.10/dist-packages/mavros_msgs/msg/_gimbal_manager_status_s.c
[1.430s] -- Up-to-date symlink: /home/nvidia/acfly_ws/install/mavros_msgs/local/lib/python3.10/dist-packages/mavros_msgs/msg/_global_position_target.py
[1.431s] -- Up-to-date symlink: /home/nvidia/acfly_ws/install/mavros_msgs/local/lib/python3.10/dist-packages/mavros_msgs/msg/_global_position_target_s.c
[1.431s] -- Up-to-date symlink: /home/nvidia/acfly_ws/install/mavros_msgs/local/lib/python3.10/dist-packages/mavros_msgs/msg/_gpsinput.py
[1.431s] -- Up-to-date symlink: /home/nvidia/acfly_ws/install/mavros_msgs/local/lib/python3.10/dist-packages/mavros_msgs/msg/_gpsinput_s.c
[1.431s] -- Up-to-date symlink: /home/nvidia/acfly_ws/install/mavros_msgs/local/lib/python3.10/dist-packages/mavros_msgs/msg/_gpsraw.py
[1.431s] -- Up-to-date symlink: /home/nvidia/acfly_ws/install/mavros_msgs/local/lib/python3.10/dist-packages/mavros_msgs/msg/_gpsraw_s.c
[1.432s] -- Up-to-date symlink: /home/nvidia/acfly_ws/install/mavros_msgs/local/lib/python3.10/dist-packages/mavros_msgs/msg/_gpsrtk.py
[1.432s] -- Up-to-date symlink: /home/nvidia/acfly_ws/install/mavros_msgs/local/lib/python3.10/dist-packages/mavros_msgs/msg/_gpsrtk_s.c
[1.432s] -- Up-to-date symlink: /home/nvidia/acfly_ws/install/mavros_msgs/local/lib/python3.10/dist-packages/mavros_msgs/msg/_hil_actuator_controls.py
[1.432s] -- Up-to-date symlink: /home/nvidia/acfly_ws/install/mavros_msgs/local/lib/python3.10/dist-packages/mavros_msgs/msg/_hil_actuator_controls_s.c
[1.432s] -- Up-to-date symlink: /home/nvidia/acfly_ws/install/mavros_msgs/local/lib/python3.10/dist-packages/mavros_msgs/msg/_hil_controls.py
[1.433s] -- Up-to-date symlink: /home/nvidia/acfly_ws/install/mavros_msgs/local/lib/python3.10/dist-packages/mavros_msgs/msg/_hil_controls_s.c
[1.433s] -- Up-to-date symlink: /home/nvidia/acfly_ws/install/mavros_msgs/local/lib/python3.10/dist-packages/mavros_msgs/msg/_hil_gps.py
[1.433s] -- Up-to-date symlink: /home/nvidia/acfly_ws/install/mavros_msgs/local/lib/python3.10/dist-packages/mavros_msgs/msg/_hil_gps_s.c
[1.433s] -- Up-to-date symlink: /home/nvidia/acfly_ws/install/mavros_msgs/local/lib/python3.10/dist-packages/mavros_msgs/msg/_hil_sensor.py
[1.434s] -- Up-to-date symlink: /home/nvidia/acfly_ws/install/mavros_msgs/local/lib/python3.10/dist-packages/mavros_msgs/msg/_hil_sensor_s.c
[1.434s] -- Up-to-date symlink: /home/nvidia/acfly_ws/install/mavros_msgs/local/lib/python3.10/dist-packages/mavros_msgs/msg/_hil_state_quaternion.py
[1.434s] -- Up-to-date symlink: /home/nvidia/acfly_ws/install/mavros_msgs/local/lib/python3.10/dist-packages/mavros_msgs/msg/_hil_state_quaternion_s.c
[1.434s] -- Up-to-date symlink: /home/nvidia/acfly_ws/install/mavros_msgs/local/lib/python3.10/dist-packages/mavros_msgs/msg/_home_position.py
[1.434s] -- Up-to-date symlink: /home/nvidia/acfly_ws/install/mavros_msgs/local/lib/python3.10/dist-packages/mavros_msgs/msg/_home_position_s.c
[1.435s] -- Up-to-date symlink: /home/nvidia/acfly_ws/install/mavros_msgs/local/lib/python3.10/dist-packages/mavros_msgs/msg/_landing_target.py
[1.435s] -- Up-to-date symlink: /home/nvidia/acfly_ws/install/mavros_msgs/local/lib/python3.10/dist-packages/mavros_msgs/msg/_landing_target_s.c
[1.435s] -- Up-to-date symlink: /home/nvidia/acfly_ws/install/mavros_msgs/local/lib/python3.10/dist-packages/mavros_msgs/msg/_log_data.py
[1.435s] -- Up-to-date symlink: /home/nvidia/acfly_ws/install/mavros_msgs/local/lib/python3.10/dist-packages/mavros_msgs/msg/_log_data_s.c
[1.435s] -- Up-to-date symlink: /home/nvidia/acfly_ws/install/mavros_msgs/local/lib/python3.10/dist-packages/mavros_msgs/msg/_log_entry.py
[1.436s] -- Up-to-date symlink: /home/nvidia/acfly_ws/install/mavros_msgs/local/lib/python3.10/dist-packages/mavros_msgs/msg/_log_entry_s.c
[1.436s] -- Up-to-date symlink: /home/nvidia/acfly_ws/install/mavros_msgs/local/lib/python3.10/dist-packages/mavros_msgs/msg/_magnetometer_reporter.py
[1.436s] -- Up-to-date symlink: /home/nvidia/acfly_ws/install/mavros_msgs/local/lib/python3.10/dist-packages/mavros_msgs/msg/_magnetometer_reporter_s.c
[1.436s] -- Up-to-date symlink: /home/nvidia/acfly_ws/install/mavros_msgs/local/lib/python3.10/dist-packages/mavros_msgs/msg/_manual_control.py
[1.437s] -- Up-to-date symlink: /home/nvidia/acfly_ws/install/mavros_msgs/local/lib/python3.10/dist-packages/mavros_msgs/msg/_manual_control_s.c
[1.437s] -- Up-to-date symlink: /home/nvidia/acfly_ws/install/mavros_msgs/local/lib/python3.10/dist-packages/mavros_msgs/msg/_mavlink.py
[1.437s] -- Up-to-date symlink: /home/nvidia/acfly_ws/install/mavros_msgs/local/lib/python3.10/dist-packages/mavros_msgs/msg/_mavlink_s.c
[1.437s] -- Up-to-date symlink: /home/nvidia/acfly_ws/install/mavros_msgs/local/lib/python3.10/dist-packages/mavros_msgs/msg/_mount_control.py
[1.437s] -- Up-to-date symlink: /home/nvidia/acfly_ws/install/mavros_msgs/local/lib/python3.10/dist-packages/mavros_msgs/msg/_mount_control_s.c
[1.437s] -- Up-to-date symlink: /home/nvidia/acfly_ws/install/mavros_msgs/local/lib/python3.10/dist-packages/mavros_msgs/msg/_nav_controller_output.py
[1.438s] -- Up-to-date symlink: /home/nvidia/acfly_ws/install/mavros_msgs/local/lib/python3.10/dist-packages/mavros_msgs/msg/_nav_controller_output_s.c
[1.438s] -- Up-to-date symlink: /home/nvidia/acfly_ws/install/mavros_msgs/local/lib/python3.10/dist-packages/mavros_msgs/msg/_onboard_computer_status.py
[1.438s] -- Up-to-date symlink: /home/nvidia/acfly_ws/install/mavros_msgs/local/lib/python3.10/dist-packages/mavros_msgs/msg/_onboard_computer_status_s.c
[1.438s] -- Up-to-date symlink: /home/nvidia/acfly_ws/install/mavros_msgs/local/lib/python3.10/dist-packages/mavros_msgs/msg/_open_drone_id_basic_id.py
[1.439s] -- Up-to-date symlink: /home/nvidia/acfly_ws/install/mavros_msgs/local/lib/python3.10/dist-packages/mavros_msgs/msg/_open_drone_id_basic_id_s.c
[1.439s] -- Up-to-date symlink: /home/nvidia/acfly_ws/install/mavros_msgs/local/lib/python3.10/dist-packages/mavros_msgs/msg/_open_drone_id_operator_id.py
[1.439s] -- Up-to-date symlink: /home/nvidia/acfly_ws/install/mavros_msgs/local/lib/python3.10/dist-packages/mavros_msgs/msg/_open_drone_id_operator_id_s.c
[1.439s] -- Up-to-date symlink: /home/nvidia/acfly_ws/install/mavros_msgs/local/lib/python3.10/dist-packages/mavros_msgs/msg/_open_drone_id_self_id.py
[1.439s] -- Up-to-date symlink: /home/nvidia/acfly_ws/install/mavros_msgs/local/lib/python3.10/dist-packages/mavros_msgs/msg/_open_drone_id_self_id_s.c
[1.439s] -- Up-to-date symlink: /home/nvidia/acfly_ws/install/mavros_msgs/local/lib/python3.10/dist-packages/mavros_msgs/msg/_open_drone_id_system.py
[1.440s] -- Up-to-date symlink: /home/nvidia/acfly_ws/install/mavros_msgs/local/lib/python3.10/dist-packages/mavros_msgs/msg/_open_drone_id_system_s.c
[1.440s] -- Up-to-date symlink: /home/nvidia/acfly_ws/install/mavros_msgs/local/lib/python3.10/dist-packages/mavros_msgs/msg/_open_drone_id_system_update.py
[1.440s] -- Up-to-date symlink: /home/nvidia/acfly_ws/install/mavros_msgs/local/lib/python3.10/dist-packages/mavros_msgs/msg/_open_drone_id_system_update_s.c
[1.440s] -- Up-to-date symlink: /home/nvidia/acfly_ws/install/mavros_msgs/local/lib/python3.10/dist-packages/mavros_msgs/msg/_optical_flow.py
[1.440s] -- Up-to-date symlink: /home/nvidia/acfly_ws/install/mavros_msgs/local/lib/python3.10/dist-packages/mavros_msgs/msg/_optical_flow_rad.py
[1.441s] -- Up-to-date symlink: /home/nvidia/acfly_ws/install/mavros_msgs/local/lib/python3.10/dist-packages/mavros_msgs/msg/_optical_flow_rad_s.c
[1.441s] -- Up-to-date symlink: /home/nvidia/acfly_ws/install/mavros_msgs/local/lib/python3.10/dist-packages/mavros_msgs/msg/_optical_flow_s.c
[1.441s] -- Up-to-date symlink: /home/nvidia/acfly_ws/install/mavros_msgs/local/lib/python3.10/dist-packages/mavros_msgs/msg/_override_rc_in.py
[1.441s] -- Up-to-date symlink: /home/nvidia/acfly_ws/install/mavros_msgs/local/lib/python3.10/dist-packages/mavros_msgs/msg/_override_rc_in_s.c
[1.442s] -- Up-to-date symlink: /home/nvidia/acfly_ws/install/mavros_msgs/local/lib/python3.10/dist-packages/mavros_msgs/msg/_param.py
[1.442s] -- Up-to-date symlink: /home/nvidia/acfly_ws/install/mavros_msgs/local/lib/python3.10/dist-packages/mavros_msgs/msg/_param_event.py
[1.442s] -- Up-to-date symlink: /home/nvidia/acfly_ws/install/mavros_msgs/local/lib/python3.10/dist-packages/mavros_msgs/msg/_param_event_s.c
[1.442s] -- Up-to-date symlink: /home/nvidia/acfly_ws/install/mavros_msgs/local/lib/python3.10/dist-packages/mavros_msgs/msg/_param_s.c
[1.442s] -- Up-to-date symlink: /home/nvidia/acfly_ws/install/mavros_msgs/local/lib/python3.10/dist-packages/mavros_msgs/msg/_param_value.py
[1.443s] -- Up-to-date symlink: /home/nvidia/acfly_ws/install/mavros_msgs/local/lib/python3.10/dist-packages/mavros_msgs/msg/_param_value_s.c
[1.443s] -- Up-to-date symlink: /home/nvidia/acfly_ws/install/mavros_msgs/local/lib/python3.10/dist-packages/mavros_msgs/msg/_play_tune_v2.py
[1.443s] -- Up-to-date symlink: /home/nvidia/acfly_ws/install/mavros_msgs/local/lib/python3.10/dist-packages/mavros_msgs/msg/_play_tune_v2_s.c
[1.443s] -- Up-to-date symlink: /home/nvidia/acfly_ws/install/mavros_msgs/local/lib/python3.10/dist-packages/mavros_msgs/msg/_position_target.py
[1.443s] -- Up-to-date symlink: /home/nvidia/acfly_ws/install/mavros_msgs/local/lib/python3.10/dist-packages/mavros_msgs/msg/_position_target_s.c
[1.444s] -- Up-to-date symlink: /home/nvidia/acfly_ws/install/mavros_msgs/local/lib/python3.10/dist-packages/mavros_msgs/msg/_radio_status.py
[1.444s] -- Up-to-date symlink: /home/nvidia/acfly_ws/install/mavros_msgs/local/lib/python3.10/dist-packages/mavros_msgs/msg/_radio_status_s.c
[1.444s] -- Up-to-date symlink: /home/nvidia/acfly_ws/install/mavros_msgs/local/lib/python3.10/dist-packages/mavros_msgs/msg/_rc_in.py
[1.444s] -- Up-to-date symlink: /home/nvidia/acfly_ws/install/mavros_msgs/local/lib/python3.10/dist-packages/mavros_msgs/msg/_rc_in_s.c
[1.445s] -- Up-to-date symlink: /home/nvidia/acfly_ws/install/mavros_msgs/local/lib/python3.10/dist-packages/mavros_msgs/msg/_rc_out.py
[1.445s] -- Up-to-date symlink: /home/nvidia/acfly_ws/install/mavros_msgs/local/lib/python3.10/dist-packages/mavros_msgs/msg/_rc_out_s.c
[1.445s] -- Up-to-date symlink: /home/nvidia/acfly_ws/install/mavros_msgs/local/lib/python3.10/dist-packages/mavros_msgs/msg/_rtcm.py
[1.445s] -- Up-to-date symlink: /home/nvidia/acfly_ws/install/mavros_msgs/local/lib/python3.10/dist-packages/mavros_msgs/msg/_rtcm_s.c
[1.445s] -- Up-to-date symlink: /home/nvidia/acfly_ws/install/mavros_msgs/local/lib/python3.10/dist-packages/mavros_msgs/msg/_rtk_baseline.py
[1.445s] -- Up-to-date symlink: /home/nvidia/acfly_ws/install/mavros_msgs/local/lib/python3.10/dist-packages/mavros_msgs/msg/_rtk_baseline_s.c
[1.446s] -- Up-to-date symlink: /home/nvidia/acfly_ws/install/mavros_msgs/local/lib/python3.10/dist-packages/mavros_msgs/msg/_state.py
[1.446s] -- Up-to-date symlink: /home/nvidia/acfly_ws/install/mavros_msgs/local/lib/python3.10/dist-packages/mavros_msgs/msg/_state_s.c
[1.446s] -- Up-to-date symlink: /home/nvidia/acfly_ws/install/mavros_msgs/local/lib/python3.10/dist-packages/mavros_msgs/msg/_status_event.py
[1.446s] -- Up-to-date symlink: /home/nvidia/acfly_ws/install/mavros_msgs/local/lib/python3.10/dist-packages/mavros_msgs/msg/_status_event_s.c
[1.447s] -- Up-to-date symlink: /home/nvidia/acfly_ws/install/mavros_msgs/local/lib/python3.10/dist-packages/mavros_msgs/msg/_status_text.py
[1.447s] -- Up-to-date symlink: /home/nvidia/acfly_ws/install/mavros_msgs/local/lib/python3.10/dist-packages/mavros_msgs/msg/_status_text_s.c
[1.447s] -- Up-to-date symlink: /home/nvidia/acfly_ws/install/mavros_msgs/local/lib/python3.10/dist-packages/mavros_msgs/msg/_sys_status.py
[1.447s] -- Up-to-date symlink: /home/nvidia/acfly_ws/install/mavros_msgs/local/lib/python3.10/dist-packages/mavros_msgs/msg/_sys_status_s.c
[1.447s] -- Up-to-date symlink: /home/nvidia/acfly_ws/install/mavros_msgs/local/lib/python3.10/dist-packages/mavros_msgs/msg/_terrain_report.py
[1.448s] -- Up-to-date symlink: /home/nvidia/acfly_ws/install/mavros_msgs/local/lib/python3.10/dist-packages/mavros_msgs/msg/_terrain_report_s.c
[1.448s] -- Up-to-date symlink: /home/nvidia/acfly_ws/install/mavros_msgs/local/lib/python3.10/dist-packages/mavros_msgs/msg/_thrust.py
[1.448s] -- Up-to-date symlink: /home/nvidia/acfly_ws/install/mavros_msgs/local/lib/python3.10/dist-packages/mavros_msgs/msg/_thrust_s.c
[1.448s] -- Up-to-date symlink: /home/nvidia/acfly_ws/install/mavros_msgs/local/lib/python3.10/dist-packages/mavros_msgs/msg/_timesync_status.py
[1.449s] -- Up-to-date symlink: /home/nvidia/acfly_ws/install/mavros_msgs/local/lib/python3.10/dist-packages/mavros_msgs/msg/_timesync_status_s.c
[1.449s] -- Up-to-date symlink: /home/nvidia/acfly_ws/install/mavros_msgs/local/lib/python3.10/dist-packages/mavros_msgs/msg/_trajectory.py
[1.449s] -- Up-to-date symlink: /home/nvidia/acfly_ws/install/mavros_msgs/local/lib/python3.10/dist-packages/mavros_msgs/msg/_trajectory_s.c
[1.449s] -- Up-to-date symlink: /home/nvidia/acfly_ws/install/mavros_msgs/local/lib/python3.10/dist-packages/mavros_msgs/msg/_tunnel.py
[1.449s] -- Up-to-date symlink: /home/nvidia/acfly_ws/install/mavros_msgs/local/lib/python3.10/dist-packages/mavros_msgs/msg/_tunnel_s.c
[1.450s] -- Up-to-date symlink: /home/nvidia/acfly_ws/install/mavros_msgs/local/lib/python3.10/dist-packages/mavros_msgs/msg/_vehicle_info.py
[1.450s] -- Up-to-date symlink: /home/nvidia/acfly_ws/install/mavros_msgs/local/lib/python3.10/dist-packages/mavros_msgs/msg/_vehicle_info_s.c
[1.450s] -- Up-to-date symlink: /home/nvidia/acfly_ws/install/mavros_msgs/local/lib/python3.10/dist-packages/mavros_msgs/msg/_vfr_hud.py
[1.450s] -- Up-to-date symlink: /home/nvidia/acfly_ws/install/mavros_msgs/local/lib/python3.10/dist-packages/mavros_msgs/msg/_vfr_hud_s.c
[1.450s] -- Up-to-date symlink: /home/nvidia/acfly_ws/install/mavros_msgs/local/lib/python3.10/dist-packages/mavros_msgs/msg/_vibration.py
[1.451s] -- Up-to-date symlink: /home/nvidia/acfly_ws/install/mavros_msgs/local/lib/python3.10/dist-packages/mavros_msgs/msg/_vibration_s.c
[1.451s] -- Up-to-date symlink: /home/nvidia/acfly_ws/install/mavros_msgs/local/lib/python3.10/dist-packages/mavros_msgs/msg/_waypoint.py
[1.451s] -- Up-to-date symlink: /home/nvidia/acfly_ws/install/mavros_msgs/local/lib/python3.10/dist-packages/mavros_msgs/msg/_waypoint_list.py
[1.451s] -- Up-to-date symlink: /home/nvidia/acfly_ws/install/mavros_msgs/local/lib/python3.10/dist-packages/mavros_msgs/msg/_waypoint_list_s.c
[1.451s] -- Up-to-date symlink: /home/nvidia/acfly_ws/install/mavros_msgs/local/lib/python3.10/dist-packages/mavros_msgs/msg/_waypoint_reached.py
[1.452s] -- Up-to-date symlink: /home/nvidia/acfly_ws/install/mavros_msgs/local/lib/python3.10/dist-packages/mavros_msgs/msg/_waypoint_reached_s.c
[1.452s] -- Up-to-date symlink: /home/nvidia/acfly_ws/install/mavros_msgs/local/lib/python3.10/dist-packages/mavros_msgs/msg/_waypoint_s.c
[1.452s] -- Up-to-date symlink: /home/nvidia/acfly_ws/install/mavros_msgs/local/lib/python3.10/dist-packages/mavros_msgs/msg/_wheel_odom_stamped.py
[1.453s] -- Up-to-date symlink: /home/nvidia/acfly_ws/install/mavros_msgs/local/lib/python3.10/dist-packages/mavros_msgs/msg/_wheel_odom_stamped_s.c
[1.453s] -- Up-to-date symlink: /home/nvidia/acfly_ws/install/mavros_msgs/local/lib/python3.10/dist-packages/mavros_msgs/srv/__init__.py
[1.453s] -- Up-to-date symlink: /home/nvidia/acfly_ws/install/mavros_msgs/local/lib/python3.10/dist-packages/mavros_msgs/srv/_command_ack.py
[1.453s] -- Up-to-date symlink: /home/nvidia/acfly_ws/install/mavros_msgs/local/lib/python3.10/dist-packages/mavros_msgs/srv/_command_ack_s.c
[1.453s] -- Up-to-date symlink: /home/nvidia/acfly_ws/install/mavros_msgs/local/lib/python3.10/dist-packages/mavros_msgs/srv/_command_bool.py
[1.454s] -- Up-to-date symlink: /home/nvidia/acfly_ws/install/mavros_msgs/local/lib/python3.10/dist-packages/mavros_msgs/srv/_command_bool_s.c
[1.454s] -- Up-to-date symlink: /home/nvidia/acfly_ws/install/mavros_msgs/local/lib/python3.10/dist-packages/mavros_msgs/srv/_command_home.py
[1.454s] -- Up-to-date symlink: /home/nvidia/acfly_ws/install/mavros_msgs/local/lib/python3.10/dist-packages/mavros_msgs/srv/_command_home_s.c
[1.454s] -- Up-to-date symlink: /home/nvidia/acfly_ws/install/mavros_msgs/local/lib/python3.10/dist-packages/mavros_msgs/srv/_command_int.py
[1.455s] -- Up-to-date symlink: /home/nvidia/acfly_ws/install/mavros_msgs/local/lib/python3.10/dist-packages/mavros_msgs/srv/_command_int_s.c
[1.455s] -- Up-to-date symlink: /home/nvidia/acfly_ws/install/mavros_msgs/local/lib/python3.10/dist-packages/mavros_msgs/srv/_command_long.py
[1.455s] -- Up-to-date symlink: /home/nvidia/acfly_ws/install/mavros_msgs/local/lib/python3.10/dist-packages/mavros_msgs/srv/_command_long_s.c
[1.455s] -- Up-to-date symlink: /home/nvidia/acfly_ws/install/mavros_msgs/local/lib/python3.10/dist-packages/mavros_msgs/srv/_command_tol.py
[1.455s] -- Up-to-date symlink: /home/nvidia/acfly_ws/install/mavros_msgs/local/lib/python3.10/dist-packages/mavros_msgs/srv/_command_tol_local.py
[1.456s] -- Up-to-date symlink: /home/nvidia/acfly_ws/install/mavros_msgs/local/lib/python3.10/dist-packages/mavros_msgs/srv/_command_tol_local_s.c
[1.456s] -- Up-to-date symlink: /home/nvidia/acfly_ws/install/mavros_msgs/local/lib/python3.10/dist-packages/mavros_msgs/srv/_command_tol_s.c
[1.456s] -- Up-to-date symlink: /home/nvidia/acfly_ws/install/mavros_msgs/local/lib/python3.10/dist-packages/mavros_msgs/srv/_command_trigger_control.py
[1.457s] -- Up-to-date symlink: /home/nvidia/acfly_ws/install/mavros_msgs/local/lib/python3.10/dist-packages/mavros_msgs/srv/_command_trigger_control_s.c
[1.457s] -- Up-to-date symlink: /home/nvidia/acfly_ws/install/mavros_msgs/local/lib/python3.10/dist-packages/mavros_msgs/srv/_command_trigger_interval.py
[1.457s] -- Up-to-date symlink: /home/nvidia/acfly_ws/install/mavros_msgs/local/lib/python3.10/dist-packages/mavros_msgs/srv/_command_trigger_interval_s.c
[1.457s] -- Up-to-date symlink: /home/nvidia/acfly_ws/install/mavros_msgs/local/lib/python3.10/dist-packages/mavros_msgs/srv/_command_vtol_transition.py
[1.457s] -- Up-to-date symlink: /home/nvidia/acfly_ws/install/mavros_msgs/local/lib/python3.10/dist-packages/mavros_msgs/srv/_command_vtol_transition_s.c
[1.458s] -- Up-to-date symlink: /home/nvidia/acfly_ws/install/mavros_msgs/local/lib/python3.10/dist-packages/mavros_msgs/srv/_endpoint_add.py
[1.458s] -- Up-to-date symlink: /home/nvidia/acfly_ws/install/mavros_msgs/local/lib/python3.10/dist-packages/mavros_msgs/srv/_endpoint_add_s.c
[1.458s] -- Up-to-date symlink: /home/nvidia/acfly_ws/install/mavros_msgs/local/lib/python3.10/dist-packages/mavros_msgs/srv/_endpoint_del.py
[1.458s] -- Up-to-date symlink: /home/nvidia/acfly_ws/install/mavros_msgs/local/lib/python3.10/dist-packages/mavros_msgs/srv/_endpoint_del_s.c
[1.459s] -- Up-to-date symlink: /home/nvidia/acfly_ws/install/mavros_msgs/local/lib/python3.10/dist-packages/mavros_msgs/srv/_file_checksum.py
[1.459s] -- Up-to-date symlink: /home/nvidia/acfly_ws/install/mavros_msgs/local/lib/python3.10/dist-packages/mavros_msgs/srv/_file_checksum_s.c
[1.459s] -- Up-to-date symlink: /home/nvidia/acfly_ws/install/mavros_msgs/local/lib/python3.10/dist-packages/mavros_msgs/srv/_file_close.py
[1.459s] -- Up-to-date symlink: /home/nvidia/acfly_ws/install/mavros_msgs/local/lib/python3.10/dist-packages/mavros_msgs/srv/_file_close_s.c
[1.459s] -- Up-to-date symlink: /home/nvidia/acfly_ws/install/mavros_msgs/local/lib/python3.10/dist-packages/mavros_msgs/srv/_file_list.py
[1.460s] -- Up-to-date symlink: /home/nvidia/acfly_ws/install/mavros_msgs/local/lib/python3.10/dist-packages/mavros_msgs/srv/_file_list_s.c
[1.460s] -- Up-to-date symlink: /home/nvidia/acfly_ws/install/mavros_msgs/local/lib/python3.10/dist-packages/mavros_msgs/srv/_file_make_dir.py
[1.460s] -- Up-to-date symlink: /home/nvidia/acfly_ws/install/mavros_msgs/local/lib/python3.10/dist-packages/mavros_msgs/srv/_file_make_dir_s.c
[1.460s] -- Up-to-date symlink: /home/nvidia/acfly_ws/install/mavros_msgs/local/lib/python3.10/dist-packages/mavros_msgs/srv/_file_open.py
[1.461s] -- Up-to-date symlink: /home/nvidia/acfly_ws/install/mavros_msgs/local/lib/python3.10/dist-packages/mavros_msgs/srv/_file_open_s.c
[1.461s] -- Up-to-date symlink: /home/nvidia/acfly_ws/install/mavros_msgs/local/lib/python3.10/dist-packages/mavros_msgs/srv/_file_read.py
[1.461s] -- Up-to-date symlink: /home/nvidia/acfly_ws/install/mavros_msgs/local/lib/python3.10/dist-packages/mavros_msgs/srv/_file_read_s.c
[1.461s] -- Up-to-date symlink: /home/nvidia/acfly_ws/install/mavros_msgs/local/lib/python3.10/dist-packages/mavros_msgs/srv/_file_remove.py
[1.461s] -- Up-to-date symlink: /home/nvidia/acfly_ws/install/mavros_msgs/local/lib/python3.10/dist-packages/mavros_msgs/srv/_file_remove_dir.py
[1.462s] -- Up-to-date symlink: /home/nvidia/acfly_ws/install/mavros_msgs/local/lib/python3.10/dist-packages/mavros_msgs/srv/_file_remove_dir_s.c
[1.462s] -- Up-to-date symlink: /home/nvidia/acfly_ws/install/mavros_msgs/local/lib/python3.10/dist-packages/mavros_msgs/srv/_file_remove_s.c
[1.462s] -- Up-to-date symlink: /home/nvidia/acfly_ws/install/mavros_msgs/local/lib/python3.10/dist-packages/mavros_msgs/srv/_file_rename.py
[1.462s] -- Up-to-date symlink: /home/nvidia/acfly_ws/install/mavros_msgs/local/lib/python3.10/dist-packages/mavros_msgs/srv/_file_rename_s.c
[1.463s] -- Up-to-date symlink: /home/nvidia/acfly_ws/install/mavros_msgs/local/lib/python3.10/dist-packages/mavros_msgs/srv/_file_truncate.py
[1.463s] -- Up-to-date symlink: /home/nvidia/acfly_ws/install/mavros_msgs/local/lib/python3.10/dist-packages/mavros_msgs/srv/_file_truncate_s.c
[1.463s] -- Up-to-date symlink: /home/nvidia/acfly_ws/install/mavros_msgs/local/lib/python3.10/dist-packages/mavros_msgs/srv/_file_write.py
[1.463s] -- Up-to-date symlink: /home/nvidia/acfly_ws/install/mavros_msgs/local/lib/python3.10/dist-packages/mavros_msgs/srv/_file_write_s.c
[1.463s] -- Up-to-date symlink: /home/nvidia/acfly_ws/install/mavros_msgs/local/lib/python3.10/dist-packages/mavros_msgs/srv/_gimbal_get_information.py
[1.464s] -- Up-to-date symlink: /home/nvidia/acfly_ws/install/mavros_msgs/local/lib/python3.10/dist-packages/mavros_msgs/srv/_gimbal_get_information_s.c
[1.464s] -- Up-to-date symlink: /home/nvidia/acfly_ws/install/mavros_msgs/local/lib/python3.10/dist-packages/mavros_msgs/srv/_gimbal_manager_camera_track.py
[1.464s] -- Up-to-date symlink: /home/nvidia/acfly_ws/install/mavros_msgs/local/lib/python3.10/dist-packages/mavros_msgs/srv/_gimbal_manager_camera_track_s.c
[1.464s] -- Up-to-date symlink: /home/nvidia/acfly_ws/install/mavros_msgs/local/lib/python3.10/dist-packages/mavros_msgs/srv/_gimbal_manager_configure.py
[1.464s] -- Up-to-date symlink: /home/nvidia/acfly_ws/install/mavros_msgs/local/lib/python3.10/dist-packages/mavros_msgs/srv/_gimbal_manager_configure_s.c
[1.465s] -- Up-to-date symlink: /home/nvidia/acfly_ws/install/mavros_msgs/local/lib/python3.10/dist-packages/mavros_msgs/srv/_gimbal_manager_pitchyaw.py
[1.465s] -- Up-to-date symlink: /home/nvidia/acfly_ws/install/mavros_msgs/local/lib/python3.10/dist-packages/mavros_msgs/srv/_gimbal_manager_pitchyaw_s.c
[1.465s] -- Up-to-date symlink: /home/nvidia/acfly_ws/install/mavros_msgs/local/lib/python3.10/dist-packages/mavros_msgs/srv/_gimbal_manager_set_roi.py
[1.465s] -- Up-to-date symlink: /home/nvidia/acfly_ws/install/mavros_msgs/local/lib/python3.10/dist-packages/mavros_msgs/srv/_gimbal_manager_set_roi_s.c
[1.466s] -- Up-to-date symlink: /home/nvidia/acfly_ws/install/mavros_msgs/local/lib/python3.10/dist-packages/mavros_msgs/srv/_log_request_data.py
[1.466s] -- Up-to-date symlink: /home/nvidia/acfly_ws/install/mavros_msgs/local/lib/python3.10/dist-packages/mavros_msgs/srv/_log_request_data_s.c
[1.466s] -- Up-to-date symlink: /home/nvidia/acfly_ws/install/mavros_msgs/local/lib/python3.10/dist-packages/mavros_msgs/srv/_log_request_end.py
[1.466s] -- Up-to-date symlink: /home/nvidia/acfly_ws/install/mavros_msgs/local/lib/python3.10/dist-packages/mavros_msgs/srv/_log_request_end_s.c
[1.466s] -- Up-to-date symlink: /home/nvidia/acfly_ws/install/mavros_msgs/local/lib/python3.10/dist-packages/mavros_msgs/srv/_log_request_list.py
[1.467s] -- Up-to-date symlink: /home/nvidia/acfly_ws/install/mavros_msgs/local/lib/python3.10/dist-packages/mavros_msgs/srv/_log_request_list_s.c
[1.467s] -- Up-to-date symlink: /home/nvidia/acfly_ws/install/mavros_msgs/local/lib/python3.10/dist-packages/mavros_msgs/srv/_message_interval.py
[1.467s] -- Up-to-date symlink: /home/nvidia/acfly_ws/install/mavros_msgs/local/lib/python3.10/dist-packages/mavros_msgs/srv/_message_interval_s.c
[1.467s] -- Up-to-date symlink: /home/nvidia/acfly_ws/install/mavros_msgs/local/lib/python3.10/dist-packages/mavros_msgs/srv/_mount_configure.py
[1.467s] -- Up-to-date symlink: /home/nvidia/acfly_ws/install/mavros_msgs/local/lib/python3.10/dist-packages/mavros_msgs/srv/_mount_configure_s.c
[1.468s] -- Up-to-date symlink: /home/nvidia/acfly_ws/install/mavros_msgs/local/lib/python3.10/dist-packages/mavros_msgs/srv/_param_get.py
[1.468s] -- Up-to-date symlink: /home/nvidia/acfly_ws/install/mavros_msgs/local/lib/python3.10/dist-packages/mavros_msgs/srv/_param_get_s.c
[1.468s] -- Up-to-date symlink: /home/nvidia/acfly_ws/install/mavros_msgs/local/lib/python3.10/dist-packages/mavros_msgs/srv/_param_pull.py
[1.468s] -- Up-to-date symlink: /home/nvidia/acfly_ws/install/mavros_msgs/local/lib/python3.10/dist-packages/mavros_msgs/srv/_param_pull_s.c
[1.468s] -- Up-to-date symlink: /home/nvidia/acfly_ws/install/mavros_msgs/local/lib/python3.10/dist-packages/mavros_msgs/srv/_param_push.py
[1.469s] -- Up-to-date symlink: /home/nvidia/acfly_ws/install/mavros_msgs/local/lib/python3.10/dist-packages/mavros_msgs/srv/_param_push_s.c
[1.469s] -- Up-to-date symlink: /home/nvidia/acfly_ws/install/mavros_msgs/local/lib/python3.10/dist-packages/mavros_msgs/srv/_param_set.py
[1.469s] -- Up-to-date symlink: /home/nvidia/acfly_ws/install/mavros_msgs/local/lib/python3.10/dist-packages/mavros_msgs/srv/_param_set_s.c
[1.469s] -- Up-to-date symlink: /home/nvidia/acfly_ws/install/mavros_msgs/local/lib/python3.10/dist-packages/mavros_msgs/srv/_param_set_v2.py
[1.470s] -- Up-to-date symlink: /home/nvidia/acfly_ws/install/mavros_msgs/local/lib/python3.10/dist-packages/mavros_msgs/srv/_param_set_v2_s.c
[1.470s] -- Up-to-date symlink: /home/nvidia/acfly_ws/install/mavros_msgs/local/lib/python3.10/dist-packages/mavros_msgs/srv/_set_mav_frame.py
[1.470s] -- Up-to-date symlink: /home/nvidia/acfly_ws/install/mavros_msgs/local/lib/python3.10/dist-packages/mavros_msgs/srv/_set_mav_frame_s.c
[1.470s] -- Up-to-date symlink: /home/nvidia/acfly_ws/install/mavros_msgs/local/lib/python3.10/dist-packages/mavros_msgs/srv/_set_mode.py
[1.470s] -- Up-to-date symlink: /home/nvidia/acfly_ws/install/mavros_msgs/local/lib/python3.10/dist-packages/mavros_msgs/srv/_set_mode_s.c
[1.471s] -- Up-to-date symlink: /home/nvidia/acfly_ws/install/mavros_msgs/local/lib/python3.10/dist-packages/mavros_msgs/srv/_stream_rate.py
[1.471s] -- Up-to-date symlink: /home/nvidia/acfly_ws/install/mavros_msgs/local/lib/python3.10/dist-packages/mavros_msgs/srv/_stream_rate_s.c
[1.471s] -- Up-to-date symlink: /home/nvidia/acfly_ws/install/mavros_msgs/local/lib/python3.10/dist-packages/mavros_msgs/srv/_vehicle_info_get.py
[1.471s] -- Up-to-date symlink: /home/nvidia/acfly_ws/install/mavros_msgs/local/lib/python3.10/dist-packages/mavros_msgs/srv/_vehicle_info_get_s.c
[1.471s] -- Up-to-date symlink: /home/nvidia/acfly_ws/install/mavros_msgs/local/lib/python3.10/dist-packages/mavros_msgs/srv/_waypoint_clear.py
[1.472s] -- Up-to-date symlink: /home/nvidia/acfly_ws/install/mavros_msgs/local/lib/python3.10/dist-packages/mavros_msgs/srv/_waypoint_clear_s.c
[1.472s] -- Up-to-date symlink: /home/nvidia/acfly_ws/install/mavros_msgs/local/lib/python3.10/dist-packages/mavros_msgs/srv/_waypoint_pull.py
[1.472s] -- Up-to-date symlink: /home/nvidia/acfly_ws/install/mavros_msgs/local/lib/python3.10/dist-packages/mavros_msgs/srv/_waypoint_pull_s.c
[1.472s] -- Up-to-date symlink: /home/nvidia/acfly_ws/install/mavros_msgs/local/lib/python3.10/dist-packages/mavros_msgs/srv/_waypoint_push.py
[1.473s] -- Up-to-date symlink: /home/nvidia/acfly_ws/install/mavros_msgs/local/lib/python3.10/dist-packages/mavros_msgs/srv/_waypoint_push_s.c
[1.473s] -- Up-to-date symlink: /home/nvidia/acfly_ws/install/mavros_msgs/local/lib/python3.10/dist-packages/mavros_msgs/srv/_waypoint_set_current.py
[1.473s] -- Up-to-date symlink: /home/nvidia/acfly_ws/install/mavros_msgs/local/lib/python3.10/dist-packages/mavros_msgs/srv/_waypoint_set_current_s.c
[1.474s] -- Up-to-date symlink: /home/nvidia/acfly_ws/install/mavros_msgs/local/lib/python3.10/dist-packages/mavros_msgs/mavros_msgs_s__rosidl_typesupport_fastrtps_c.cpython-310-aarch64-linux-gnu.so
[1.474s] -- Up-to-date symlink: /home/nvidia/acfly_ws/install/mavros_msgs/local/lib/python3.10/dist-packages/mavros_msgs/mavros_msgs_s__rosidl_typesupport_introspection_c.cpython-310-aarch64-linux-gnu.so
[1.474s] -- Up-to-date symlink: /home/nvidia/acfly_ws/install/mavros_msgs/local/lib/python3.10/dist-packages/mavros_msgs/mavros_msgs_s__rosidl_typesupport_c.cpython-310-aarch64-linux-gnu.so
[1.475s] -- Up-to-date symlink: /home/nvidia/acfly_ws/install/mavros_msgs/share/ament_index/resource_index/rust_packages/mavros_msgs
[1.476s] -- Up-to-date symlink: /home/nvidia/acfly_ws/install/mavros_msgs/share/mavros_msgs/rust/Cargo.toml
[1.476s] -- Up-to-date symlink: /home/nvidia/acfly_ws/install/mavros_msgs/share/mavros_msgs/rust/build.rs
[1.476s] -- Up-to-date symlink: /home/nvidia/acfly_ws/install/mavros_msgs/share/mavros_msgs/rust/src/lib.rs
[1.476s] -- Up-to-date symlink: /home/nvidia/acfly_ws/install/mavros_msgs/share/mavros_msgs/rust/src/msg.rs
[1.477s] -- Up-to-date symlink: /home/nvidia/acfly_ws/install/mavros_msgs/share/mavros_msgs/rust/src/msg/rmw.rs
[1.477s] -- Up-to-date symlink: /home/nvidia/acfly_ws/install/mavros_msgs/share/mavros_msgs/rust/src/srv.rs
[1.477s] -- Up-to-date symlink: /home/nvidia/acfly_ws/install/mavros_msgs/share/mavros_msgs/rust/src/srv/rmw.rs
[1.478s] -- Up-to-date symlink: /home/nvidia/acfly_ws/install/mavros_msgs/share/mavros_msgs/msg/ADSBVehicle.idl
[1.478s] -- Up-to-date symlink: /home/nvidia/acfly_ws/install/mavros_msgs/share/mavros_msgs/msg/ActuatorControl.idl
[1.478s] -- Up-to-date symlink: /home/nvidia/acfly_ws/install/mavros_msgs/share/mavros_msgs/msg/Altitude.idl
[1.479s] -- Up-to-date symlink: /home/nvidia/acfly_ws/install/mavros_msgs/share/mavros_msgs/msg/AttitudeTarget.idl
[1.479s] -- Up-to-date symlink: /home/nvidia/acfly_ws/install/mavros_msgs/share/mavros_msgs/msg/CamIMUStamp.idl
[1.479s] -- Up-to-date symlink: /home/nvidia/acfly_ws/install/mavros_msgs/share/mavros_msgs/msg/CameraImageCaptured.idl
[1.479s] -- Up-to-date symlink: /home/nvidia/acfly_ws/install/mavros_msgs/share/mavros_msgs/msg/CellularStatus.idl
[1.480s] -- Up-to-date symlink: /home/nvidia/acfly_ws/install/mavros_msgs/share/mavros_msgs/msg/CommandCode.idl
[1.480s] -- Up-to-date symlink: /home/nvidia/acfly_ws/install/mavros_msgs/share/mavros_msgs/msg/CompanionProcessStatus.idl
[1.480s] -- Up-to-date symlink: /home/nvidia/acfly_ws/install/mavros_msgs/share/mavros_msgs/msg/DebugValue.idl
[1.480s] -- Up-to-date symlink: /home/nvidia/acfly_ws/install/mavros_msgs/share/mavros_msgs/msg/ESCInfo.idl
[1.481s] -- Up-to-date symlink: /home/nvidia/acfly_ws/install/mavros_msgs/share/mavros_msgs/msg/ESCInfoItem.idl
[1.481s] -- Up-to-date symlink: /home/nvidia/acfly_ws/install/mavros_msgs/share/mavros_msgs/msg/ESCStatus.idl
[1.481s] -- Up-to-date symlink: /home/nvidia/acfly_ws/install/mavros_msgs/share/mavros_msgs/msg/ESCStatusItem.idl
[1.482s] -- Up-to-date symlink: /home/nvidia/acfly_ws/install/mavros_msgs/share/mavros_msgs/msg/ESCTelemetry.idl
[1.482s] -- Up-to-date symlink: /home/nvidia/acfly_ws/install/mavros_msgs/share/mavros_msgs/msg/ESCTelemetryItem.idl
[1.482s] -- Up-to-date symlink: /home/nvidia/acfly_ws/install/mavros_msgs/share/mavros_msgs/msg/EstimatorStatus.idl
[1.482s] -- Up-to-date symlink: /home/nvidia/acfly_ws/install/mavros_msgs/share/mavros_msgs/msg/ExtendedState.idl
[1.483s] -- Up-to-date symlink: /home/nvidia/acfly_ws/install/mavros_msgs/share/mavros_msgs/msg/FileEntry.idl
[1.483s] -- Up-to-date symlink: /home/nvidia/acfly_ws/install/mavros_msgs/share/mavros_msgs/msg/GPSINPUT.idl
[1.483s] -- Up-to-date symlink: /home/nvidia/acfly_ws/install/mavros_msgs/share/mavros_msgs/msg/GPSRAW.idl
[1.484s] -- Up-to-date symlink: /home/nvidia/acfly_ws/install/mavros_msgs/share/mavros_msgs/msg/GPSRTK.idl
[1.484s] -- Up-to-date symlink: /home/nvidia/acfly_ws/install/mavros_msgs/share/mavros_msgs/msg/GimbalDeviceAttitudeStatus.idl
[1.484s] -- Up-to-date symlink: /home/nvidia/acfly_ws/install/mavros_msgs/share/mavros_msgs/msg/GimbalDeviceInformation.idl
[1.485s] -- Up-to-date symlink: /home/nvidia/acfly_ws/install/mavros_msgs/share/mavros_msgs/msg/GimbalDeviceSetAttitude.idl
[1.485s] -- Up-to-date symlink: /home/nvidia/acfly_ws/install/mavros_msgs/share/mavros_msgs/msg/GimbalManagerInformation.idl
[1.485s] -- Up-to-date symlink: /home/nvidia/acfly_ws/install/mavros_msgs/share/mavros_msgs/msg/GimbalManagerSetAttitude.idl
[1.485s] -- Up-to-date symlink: /home/nvidia/acfly_ws/install/mavros_msgs/share/mavros_msgs/msg/GimbalManagerSetPitchyaw.idl
[1.485s] -- Up-to-date symlink: /home/nvidia/acfly_ws/install/mavros_msgs/share/mavros_msgs/msg/GimbalManagerStatus.idl
[1.486s] -- Up-to-date symlink: /home/nvidia/acfly_ws/install/mavros_msgs/share/mavros_msgs/msg/GlobalPositionTarget.idl
[1.486s] -- Up-to-date symlink: /home/nvidia/acfly_ws/install/mavros_msgs/share/mavros_msgs/msg/HilActuatorControls.idl
[1.486s] -- Up-to-date symlink: /home/nvidia/acfly_ws/install/mavros_msgs/share/mavros_msgs/msg/HilControls.idl
[1.487s] -- Up-to-date symlink: /home/nvidia/acfly_ws/install/mavros_msgs/share/mavros_msgs/msg/HilGPS.idl
[1.487s] -- Up-to-date symlink: /home/nvidia/acfly_ws/install/mavros_msgs/share/mavros_msgs/msg/HilSensor.idl
[1.487s] -- Up-to-date symlink: /home/nvidia/acfly_ws/install/mavros_msgs/share/mavros_msgs/msg/HilStateQuaternion.idl
[1.487s] -- Up-to-date symlink: /home/nvidia/acfly_ws/install/mavros_msgs/share/mavros_msgs/msg/HomePosition.idl
[1.488s] -- Up-to-date symlink: /home/nvidia/acfly_ws/install/mavros_msgs/share/mavros_msgs/msg/LandingTarget.idl
[1.488s] -- Up-to-date symlink: /home/nvidia/acfly_ws/install/mavros_msgs/share/mavros_msgs/msg/LogData.idl
[1.488s] -- Up-to-date symlink: /home/nvidia/acfly_ws/install/mavros_msgs/share/mavros_msgs/msg/LogEntry.idl
[1.488s] -- Up-to-date symlink: /home/nvidia/acfly_ws/install/mavros_msgs/share/mavros_msgs/msg/MagnetometerReporter.idl
[1.489s] -- Up-to-date symlink: /home/nvidia/acfly_ws/install/mavros_msgs/share/mavros_msgs/msg/ManualControl.idl
[1.489s] -- Up-to-date symlink: /home/nvidia/acfly_ws/install/mavros_msgs/share/mavros_msgs/msg/Mavlink.idl
[1.489s] -- Up-to-date symlink: /home/nvidia/acfly_ws/install/mavros_msgs/share/mavros_msgs/msg/MountControl.idl
[1.490s] -- Up-to-date symlink: /home/nvidia/acfly_ws/install/mavros_msgs/share/mavros_msgs/msg/NavControllerOutput.idl
[1.490s] -- Up-to-date symlink: /home/nvidia/acfly_ws/install/mavros_msgs/share/mavros_msgs/msg/OnboardComputerStatus.idl
[1.490s] -- Up-to-date symlink: /home/nvidia/acfly_ws/install/mavros_msgs/share/mavros_msgs/msg/OpenDroneIDBasicID.idl
[1.490s] -- Up-to-date symlink: /home/nvidia/acfly_ws/install/mavros_msgs/share/mavros_msgs/msg/OpenDroneIDOperatorID.idl
[1.491s] -- Up-to-date symlink: /home/nvidia/acfly_ws/install/mavros_msgs/share/mavros_msgs/msg/OpenDroneIDSelfID.idl
[1.491s] -- Up-to-date symlink: /home/nvidia/acfly_ws/install/mavros_msgs/share/mavros_msgs/msg/OpenDroneIDSystem.idl
[1.491s] -- Up-to-date symlink: /home/nvidia/acfly_ws/install/mavros_msgs/share/mavros_msgs/msg/OpenDroneIDSystemUpdate.idl
[1.492s] -- Up-to-date symlink: /home/nvidia/acfly_ws/install/mavros_msgs/share/mavros_msgs/msg/OpticalFlow.idl
[1.492s] -- Up-to-date symlink: /home/nvidia/acfly_ws/install/mavros_msgs/share/mavros_msgs/msg/OpticalFlowRad.idl
[1.492s] -- Up-to-date symlink: /home/nvidia/acfly_ws/install/mavros_msgs/share/mavros_msgs/msg/OverrideRCIn.idl
[1.492s] -- Up-to-date symlink: /home/nvidia/acfly_ws/install/mavros_msgs/share/mavros_msgs/msg/Param.idl
[1.493s] -- Up-to-date symlink: /home/nvidia/acfly_ws/install/mavros_msgs/share/mavros_msgs/msg/ParamEvent.idl
[1.493s] -- Up-to-date symlink: /home/nvidia/acfly_ws/install/mavros_msgs/share/mavros_msgs/msg/ParamValue.idl
[1.493s] -- Up-to-date symlink: /home/nvidia/acfly_ws/install/mavros_msgs/share/mavros_msgs/msg/PlayTuneV2.idl
[1.494s] -- Up-to-date symlink: /home/nvidia/acfly_ws/install/mavros_msgs/share/mavros_msgs/msg/PositionTarget.idl
[1.494s] -- Up-to-date symlink: /home/nvidia/acfly_ws/install/mavros_msgs/share/mavros_msgs/msg/RCIn.idl
[1.494s] -- Up-to-date symlink: /home/nvidia/acfly_ws/install/mavros_msgs/share/mavros_msgs/msg/RCOut.idl
[1.494s] -- Up-to-date symlink: /home/nvidia/acfly_ws/install/mavros_msgs/share/mavros_msgs/msg/RTCM.idl
[1.495s] -- Up-to-date symlink: /home/nvidia/acfly_ws/install/mavros_msgs/share/mavros_msgs/msg/RTKBaseline.idl
[1.495s] -- Up-to-date symlink: /home/nvidia/acfly_ws/install/mavros_msgs/share/mavros_msgs/msg/RadioStatus.idl
[1.495s] -- Up-to-date symlink: /home/nvidia/acfly_ws/install/mavros_msgs/share/mavros_msgs/msg/State.idl
[1.495s] -- Up-to-date symlink: /home/nvidia/acfly_ws/install/mavros_msgs/share/mavros_msgs/msg/StatusEvent.idl
[1.496s] -- Up-to-date symlink: /home/nvidia/acfly_ws/install/mavros_msgs/share/mavros_msgs/msg/StatusText.idl
[1.496s] -- Up-to-date symlink: /home/nvidia/acfly_ws/install/mavros_msgs/share/mavros_msgs/msg/SysStatus.idl
[1.496s] -- Up-to-date symlink: /home/nvidia/acfly_ws/install/mavros_msgs/share/mavros_msgs/msg/TerrainReport.idl
[1.497s] -- Up-to-date symlink: /home/nvidia/acfly_ws/install/mavros_msgs/share/mavros_msgs/msg/Thrust.idl
[1.497s] -- Up-to-date symlink: /home/nvidia/acfly_ws/install/mavros_msgs/share/mavros_msgs/msg/TimesyncStatus.idl
[1.497s] -- Up-to-date symlink: /home/nvidia/acfly_ws/install/mavros_msgs/share/mavros_msgs/msg/Trajectory.idl
[1.497s] -- Up-to-date symlink: /home/nvidia/acfly_ws/install/mavros_msgs/share/mavros_msgs/msg/Tunnel.idl
[1.498s] -- Up-to-date symlink: /home/nvidia/acfly_ws/install/mavros_msgs/share/mavros_msgs/msg/VehicleInfo.idl
[1.498s] -- Up-to-date symlink: /home/nvidia/acfly_ws/install/mavros_msgs/share/mavros_msgs/msg/VfrHud.idl
[1.498s] -- Up-to-date symlink: /home/nvidia/acfly_ws/install/mavros_msgs/share/mavros_msgs/msg/Vibration.idl
[1.498s] -- Up-to-date symlink: /home/nvidia/acfly_ws/install/mavros_msgs/share/mavros_msgs/msg/Waypoint.idl
[1.499s] -- Up-to-date symlink: /home/nvidia/acfly_ws/install/mavros_msgs/share/mavros_msgs/msg/WaypointList.idl
[1.499s] -- Up-to-date symlink: /home/nvidia/acfly_ws/install/mavros_msgs/share/mavros_msgs/msg/WaypointReached.idl
[1.499s] -- Up-to-date symlink: /home/nvidia/acfly_ws/install/mavros_msgs/share/mavros_msgs/msg/WheelOdomStamped.idl
[1.500s] -- Up-to-date symlink: /home/nvidia/acfly_ws/install/mavros_msgs/share/mavros_msgs/srv/CommandAck.idl
[1.500s] -- Up-to-date symlink: /home/nvidia/acfly_ws/install/mavros_msgs/share/mavros_msgs/srv/CommandBool.idl
[1.500s] -- Up-to-date symlink: /home/nvidia/acfly_ws/install/mavros_msgs/share/mavros_msgs/srv/CommandHome.idl
[1.501s] -- Up-to-date symlink: /home/nvidia/acfly_ws/install/mavros_msgs/share/mavros_msgs/srv/CommandInt.idl
[1.501s] -- Up-to-date symlink: /home/nvidia/acfly_ws/install/mavros_msgs/share/mavros_msgs/srv/CommandLong.idl
[1.502s] -- Up-to-date symlink: /home/nvidia/acfly_ws/install/mavros_msgs/share/mavros_msgs/srv/CommandTOL.idl
[1.502s] -- Up-to-date symlink: /home/nvidia/acfly_ws/install/mavros_msgs/share/mavros_msgs/srv/CommandTOLLocal.idl
[1.502s] -- Up-to-date symlink: /home/nvidia/acfly_ws/install/mavros_msgs/share/mavros_msgs/srv/CommandTriggerControl.idl
[1.502s] -- Up-to-date symlink: /home/nvidia/acfly_ws/install/mavros_msgs/share/mavros_msgs/srv/CommandTriggerInterval.idl
[1.502s] -- Up-to-date symlink: /home/nvidia/acfly_ws/install/mavros_msgs/share/mavros_msgs/srv/CommandVtolTransition.idl
[1.502s] -- Up-to-date symlink: /home/nvidia/acfly_ws/install/mavros_msgs/share/mavros_msgs/srv/EndpointAdd.idl
[1.503s] -- Up-to-date symlink: /home/nvidia/acfly_ws/install/mavros_msgs/share/mavros_msgs/srv/EndpointDel.idl
[1.503s] -- Up-to-date symlink: /home/nvidia/acfly_ws/install/mavros_msgs/share/mavros_msgs/srv/FileChecksum.idl
[1.503s] -- Up-to-date symlink: /home/nvidia/acfly_ws/install/mavros_msgs/share/mavros_msgs/srv/FileClose.idl
[1.503s] -- Up-to-date symlink: /home/nvidia/acfly_ws/install/mavros_msgs/share/mavros_msgs/srv/FileList.idl
[1.504s] -- Up-to-date symlink: /home/nvidia/acfly_ws/install/mavros_msgs/share/mavros_msgs/srv/FileMakeDir.idl
[1.504s] -- Up-to-date symlink: /home/nvidia/acfly_ws/install/mavros_msgs/share/mavros_msgs/srv/FileOpen.idl
[1.504s] -- Up-to-date symlink: /home/nvidia/acfly_ws/install/mavros_msgs/share/mavros_msgs/srv/FileRead.idl
[1.504s] -- Up-to-date symlink: /home/nvidia/acfly_ws/install/mavros_msgs/share/mavros_msgs/srv/FileRemove.idl
[1.505s] -- Up-to-date symlink: /home/nvidia/acfly_ws/install/mavros_msgs/share/mavros_msgs/srv/FileRemoveDir.idl
[1.505s] -- Up-to-date symlink: /home/nvidia/acfly_ws/install/mavros_msgs/share/mavros_msgs/srv/FileRename.idl
[1.505s] -- Up-to-date symlink: /home/nvidia/acfly_ws/install/mavros_msgs/share/mavros_msgs/srv/FileTruncate.idl
[1.505s] -- Up-to-date symlink: /home/nvidia/acfly_ws/install/mavros_msgs/share/mavros_msgs/srv/FileWrite.idl
[1.506s] -- Up-to-date symlink: /home/nvidia/acfly_ws/install/mavros_msgs/share/mavros_msgs/srv/GimbalGetInformation.idl
[1.506s] -- Up-to-date symlink: /home/nvidia/acfly_ws/install/mavros_msgs/share/mavros_msgs/srv/GimbalManagerCameraTrack.idl
[1.506s] -- Up-to-date symlink: /home/nvidia/acfly_ws/install/mavros_msgs/share/mavros_msgs/srv/GimbalManagerConfigure.idl
[1.506s] -- Up-to-date symlink: /home/nvidia/acfly_ws/install/mavros_msgs/share/mavros_msgs/srv/GimbalManagerPitchyaw.idl
[1.507s] -- Up-to-date symlink: /home/nvidia/acfly_ws/install/mavros_msgs/share/mavros_msgs/srv/GimbalManagerSetRoi.idl
[1.507s] -- Up-to-date symlink: /home/nvidia/acfly_ws/install/mavros_msgs/share/mavros_msgs/srv/LogRequestData.idl
[1.507s] -- Up-to-date symlink: /home/nvidia/acfly_ws/install/mavros_msgs/share/mavros_msgs/srv/LogRequestEnd.idl
[1.508s] -- Up-to-date symlink: /home/nvidia/acfly_ws/install/mavros_msgs/share/mavros_msgs/srv/LogRequestList.idl
[1.508s] -- Up-to-date symlink: /home/nvidia/acfly_ws/install/mavros_msgs/share/mavros_msgs/srv/MessageInterval.idl
[1.508s] -- Up-to-date symlink: /home/nvidia/acfly_ws/install/mavros_msgs/share/mavros_msgs/srv/MountConfigure.idl
[1.508s] -- Up-to-date symlink: /home/nvidia/acfly_ws/install/mavros_msgs/share/mavros_msgs/srv/ParamGet.idl
[1.509s] -- Up-to-date symlink: /home/nvidia/acfly_ws/install/mavros_msgs/share/mavros_msgs/srv/ParamPull.idl
[1.509s] -- Up-to-date symlink: /home/nvidia/acfly_ws/install/mavros_msgs/share/mavros_msgs/srv/ParamPush.idl
[1.509s] -- Up-to-date symlink: /home/nvidia/acfly_ws/install/mavros_msgs/share/mavros_msgs/srv/ParamSet.idl
[1.509s] -- Up-to-date symlink: /home/nvidia/acfly_ws/install/mavros_msgs/share/mavros_msgs/srv/ParamSetV2.idl
[1.510s] -- Up-to-date symlink: /home/nvidia/acfly_ws/install/mavros_msgs/share/mavros_msgs/srv/SetMavFrame.idl
[1.510s] -- Up-to-date symlink: /home/nvidia/acfly_ws/install/mavros_msgs/share/mavros_msgs/srv/SetMode.idl
[1.510s] -- Up-to-date symlink: /home/nvidia/acfly_ws/install/mavros_msgs/share/mavros_msgs/srv/StreamRate.idl
[1.510s] -- Up-to-date symlink: /home/nvidia/acfly_ws/install/mavros_msgs/share/mavros_msgs/srv/VehicleInfoGet.idl
[1.511s] -- Up-to-date symlink: /home/nvidia/acfly_ws/install/mavros_msgs/share/mavros_msgs/srv/WaypointClear.idl
[1.511s] -- Up-to-date symlink: /home/nvidia/acfly_ws/install/mavros_msgs/share/mavros_msgs/srv/WaypointPull.idl
[1.511s] -- Up-to-date symlink: /home/nvidia/acfly_ws/install/mavros_msgs/share/mavros_msgs/srv/WaypointPush.idl
[1.511s] -- Up-to-date symlink: /home/nvidia/acfly_ws/install/mavros_msgs/share/mavros_msgs/srv/WaypointSetCurrent.idl
[1.512s] -- Up-to-date symlink: /home/nvidia/acfly_ws/install/mavros_msgs/share/mavros_msgs/msg/ADSBVehicle.msg
[1.512s] -- Up-to-date symlink: /home/nvidia/acfly_ws/install/mavros_msgs/share/mavros_msgs/msg/ActuatorControl.msg
[1.512s] -- Up-to-date symlink: /home/nvidia/acfly_ws/install/mavros_msgs/share/mavros_msgs/msg/Altitude.msg
[1.513s] -- Up-to-date symlink: /home/nvidia/acfly_ws/install/mavros_msgs/share/mavros_msgs/msg/AttitudeTarget.msg
[1.513s] -- Up-to-date symlink: /home/nvidia/acfly_ws/install/mavros_msgs/share/mavros_msgs/msg/CamIMUStamp.msg
[1.513s] -- Up-to-date symlink: /home/nvidia/acfly_ws/install/mavros_msgs/share/mavros_msgs/msg/CameraImageCaptured.msg
[1.513s] -- Up-to-date symlink: /home/nvidia/acfly_ws/install/mavros_msgs/share/mavros_msgs/msg/CellularStatus.msg
[1.514s] -- Up-to-date symlink: /home/nvidia/acfly_ws/install/mavros_msgs/share/mavros_msgs/msg/CommandCode.msg
[1.514s] -- Up-to-date symlink: /home/nvidia/acfly_ws/install/mavros_msgs/share/mavros_msgs/msg/CompanionProcessStatus.msg
[1.514s] -- Up-to-date symlink: /home/nvidia/acfly_ws/install/mavros_msgs/share/mavros_msgs/msg/DebugValue.msg
[1.514s] -- Up-to-date symlink: /home/nvidia/acfly_ws/install/mavros_msgs/share/mavros_msgs/msg/ESCInfo.msg
[1.515s] -- Up-to-date symlink: /home/nvidia/acfly_ws/install/mavros_msgs/share/mavros_msgs/msg/ESCInfoItem.msg
[1.515s] -- Up-to-date symlink: /home/nvidia/acfly_ws/install/mavros_msgs/share/mavros_msgs/msg/ESCStatus.msg
[1.515s] -- Up-to-date symlink: /home/nvidia/acfly_ws/install/mavros_msgs/share/mavros_msgs/msg/ESCStatusItem.msg
[1.515s] -- Up-to-date symlink: /home/nvidia/acfly_ws/install/mavros_msgs/share/mavros_msgs/msg/ESCTelemetry.msg
[1.516s] -- Up-to-date symlink: /home/nvidia/acfly_ws/install/mavros_msgs/share/mavros_msgs/msg/ESCTelemetryItem.msg
[1.516s] -- Up-to-date symlink: /home/nvidia/acfly_ws/install/mavros_msgs/share/mavros_msgs/msg/EstimatorStatus.msg
[1.516s] -- Up-to-date symlink: /home/nvidia/acfly_ws/install/mavros_msgs/share/mavros_msgs/msg/ExtendedState.msg
[1.517s] -- Up-to-date symlink: /home/nvidia/acfly_ws/install/mavros_msgs/share/mavros_msgs/msg/FileEntry.msg
[1.517s] -- Up-to-date symlink: /home/nvidia/acfly_ws/install/mavros_msgs/share/mavros_msgs/msg/GPSINPUT.msg
[1.517s] -- Up-to-date symlink: /home/nvidia/acfly_ws/install/mavros_msgs/share/mavros_msgs/msg/GPSRAW.msg
[1.517s] -- Up-to-date symlink: /home/nvidia/acfly_ws/install/mavros_msgs/share/mavros_msgs/msg/GPSRTK.msg
[1.518s] -- Up-to-date symlink: /home/nvidia/acfly_ws/install/mavros_msgs/share/mavros_msgs/msg/GimbalDeviceAttitudeStatus.msg
[1.518s] -- Up-to-date symlink: /home/nvidia/acfly_ws/install/mavros_msgs/share/mavros_msgs/msg/GimbalDeviceInformation.msg
[1.518s] -- Up-to-date symlink: /home/nvidia/acfly_ws/install/mavros_msgs/share/mavros_msgs/msg/GimbalDeviceSetAttitude.msg
[1.518s] -- Up-to-date symlink: /home/nvidia/acfly_ws/install/mavros_msgs/share/mavros_msgs/msg/GimbalManagerInformation.msg
[1.519s] -- Up-to-date symlink: /home/nvidia/acfly_ws/install/mavros_msgs/share/mavros_msgs/msg/GimbalManagerSetAttitude.msg
[1.519s] -- Up-to-date symlink: /home/nvidia/acfly_ws/install/mavros_msgs/share/mavros_msgs/msg/GimbalManagerSetPitchyaw.msg
[1.519s] -- Up-to-date symlink: /home/nvidia/acfly_ws/install/mavros_msgs/share/mavros_msgs/msg/GimbalManagerStatus.msg
[1.520s] -- Up-to-date symlink: /home/nvidia/acfly_ws/install/mavros_msgs/share/mavros_msgs/msg/GlobalPositionTarget.msg
[1.520s] -- Up-to-date symlink: /home/nvidia/acfly_ws/install/mavros_msgs/share/mavros_msgs/msg/HilActuatorControls.msg
[1.520s] -- Up-to-date symlink: /home/nvidia/acfly_ws/install/mavros_msgs/share/mavros_msgs/msg/HilControls.msg
[1.520s] -- Up-to-date symlink: /home/nvidia/acfly_ws/install/mavros_msgs/share/mavros_msgs/msg/HilGPS.msg
[1.521s] -- Up-to-date symlink: /home/nvidia/acfly_ws/install/mavros_msgs/share/mavros_msgs/msg/HilSensor.msg
[1.521s] -- Up-to-date symlink: /home/nvidia/acfly_ws/install/mavros_msgs/share/mavros_msgs/msg/HilStateQuaternion.msg
[1.521s] -- Up-to-date symlink: /home/nvidia/acfly_ws/install/mavros_msgs/share/mavros_msgs/msg/HomePosition.msg
[1.521s] -- Up-to-date symlink: /home/nvidia/acfly_ws/install/mavros_msgs/share/mavros_msgs/msg/LandingTarget.msg
[1.522s] -- Up-to-date symlink: /home/nvidia/acfly_ws/install/mavros_msgs/share/mavros_msgs/msg/LogData.msg
[1.522s] -- Up-to-date symlink: /home/nvidia/acfly_ws/install/mavros_msgs/share/mavros_msgs/msg/LogEntry.msg
[1.522s] -- Up-to-date symlink: /home/nvidia/acfly_ws/install/mavros_msgs/share/mavros_msgs/msg/MagnetometerReporter.msg
[1.523s] -- Up-to-date symlink: /home/nvidia/acfly_ws/install/mavros_msgs/share/mavros_msgs/msg/ManualControl.msg
[1.523s] -- Up-to-date symlink: /home/nvidia/acfly_ws/install/mavros_msgs/share/mavros_msgs/msg/Mavlink.msg
[1.523s] -- Up-to-date symlink: /home/nvidia/acfly_ws/install/mavros_msgs/share/mavros_msgs/msg/MountControl.msg
[1.523s] -- Up-to-date symlink: /home/nvidia/acfly_ws/install/mavros_msgs/share/mavros_msgs/msg/NavControllerOutput.msg
[1.524s] -- Up-to-date symlink: /home/nvidia/acfly_ws/install/mavros_msgs/share/mavros_msgs/msg/OnboardComputerStatus.msg
[1.524s] -- Up-to-date symlink: /home/nvidia/acfly_ws/install/mavros_msgs/share/mavros_msgs/msg/OpenDroneIDBasicID.msg
[1.524s] -- Up-to-date symlink: /home/nvidia/acfly_ws/install/mavros_msgs/share/mavros_msgs/msg/OpenDroneIDOperatorID.msg
[1.524s] -- Up-to-date symlink: /home/nvidia/acfly_ws/install/mavros_msgs/share/mavros_msgs/msg/OpenDroneIDSelfID.msg
[1.525s] -- Up-to-date symlink: /home/nvidia/acfly_ws/install/mavros_msgs/share/mavros_msgs/msg/OpenDroneIDSystem.msg
[1.525s] -- Up-to-date symlink: /home/nvidia/acfly_ws/install/mavros_msgs/share/mavros_msgs/msg/OpenDroneIDSystemUpdate.msg
[1.526s] -- Up-to-date symlink: /home/nvidia/acfly_ws/install/mavros_msgs/share/mavros_msgs/msg/OpticalFlow.msg
[1.526s] -- Up-to-date symlink: /home/nvidia/acfly_ws/install/mavros_msgs/share/mavros_msgs/msg/OpticalFlowRad.msg
[1.526s] -- Up-to-date symlink: /home/nvidia/acfly_ws/install/mavros_msgs/share/mavros_msgs/msg/OverrideRCIn.msg
[1.526s] -- Up-to-date symlink: /home/nvidia/acfly_ws/install/mavros_msgs/share/mavros_msgs/msg/Param.msg
[1.526s] -- Up-to-date symlink: /home/nvidia/acfly_ws/install/mavros_msgs/share/mavros_msgs/msg/ParamEvent.msg
[1.527s] -- Up-to-date symlink: /home/nvidia/acfly_ws/install/mavros_msgs/share/mavros_msgs/msg/ParamValue.msg
[1.527s] -- Up-to-date symlink: /home/nvidia/acfly_ws/install/mavros_msgs/share/mavros_msgs/msg/PlayTuneV2.msg
[1.527s] -- Up-to-date symlink: /home/nvidia/acfly_ws/install/mavros_msgs/share/mavros_msgs/msg/PositionTarget.msg
[1.527s] -- Up-to-date symlink: /home/nvidia/acfly_ws/install/mavros_msgs/share/mavros_msgs/msg/RCIn.msg
[1.528s] -- Up-to-date symlink: /home/nvidia/acfly_ws/install/mavros_msgs/share/mavros_msgs/msg/RCOut.msg
[1.528s] -- Up-to-date symlink: /home/nvidia/acfly_ws/install/mavros_msgs/share/mavros_msgs/msg/RTCM.msg
[1.528s] -- Up-to-date symlink: /home/nvidia/acfly_ws/install/mavros_msgs/share/mavros_msgs/msg/RTKBaseline.msg
[1.529s] -- Up-to-date symlink: /home/nvidia/acfly_ws/install/mavros_msgs/share/mavros_msgs/msg/RadioStatus.msg
[1.529s] -- Up-to-date symlink: /home/nvidia/acfly_ws/install/mavros_msgs/share/mavros_msgs/msg/State.msg
[1.529s] -- Up-to-date symlink: /home/nvidia/acfly_ws/install/mavros_msgs/share/mavros_msgs/msg/StatusEvent.msg
[1.529s] -- Up-to-date symlink: /home/nvidia/acfly_ws/install/mavros_msgs/share/mavros_msgs/msg/StatusText.msg
[1.530s] -- Up-to-date symlink: /home/nvidia/acfly_ws/install/mavros_msgs/share/mavros_msgs/msg/SysStatus.msg
[1.530s] -- Up-to-date symlink: /home/nvidia/acfly_ws/install/mavros_msgs/share/mavros_msgs/msg/TerrainReport.msg
[1.530s] -- Up-to-date symlink: /home/nvidia/acfly_ws/install/mavros_msgs/share/mavros_msgs/msg/Thrust.msg
[1.531s] -- Up-to-date symlink: /home/nvidia/acfly_ws/install/mavros_msgs/share/mavros_msgs/msg/TimesyncStatus.msg
[1.531s] -- Up-to-date symlink: /home/nvidia/acfly_ws/install/mavros_msgs/share/mavros_msgs/msg/Trajectory.msg
[1.531s] -- Up-to-date symlink: /home/nvidia/acfly_ws/install/mavros_msgs/share/mavros_msgs/msg/Tunnel.msg
[1.531s] -- Up-to-date symlink: /home/nvidia/acfly_ws/install/mavros_msgs/share/mavros_msgs/msg/VehicleInfo.msg
[1.532s] -- Up-to-date symlink: /home/nvidia/acfly_ws/install/mavros_msgs/share/mavros_msgs/msg/VfrHud.msg
[1.532s] -- Up-to-date symlink: /home/nvidia/acfly_ws/install/mavros_msgs/share/mavros_msgs/msg/Vibration.msg
[1.532s] -- Up-to-date symlink: /home/nvidia/acfly_ws/install/mavros_msgs/share/mavros_msgs/msg/Waypoint.msg
[1.532s] -- Up-to-date symlink: /home/nvidia/acfly_ws/install/mavros_msgs/share/mavros_msgs/msg/WaypointList.msg
[1.533s] -- Up-to-date symlink: /home/nvidia/acfly_ws/install/mavros_msgs/share/mavros_msgs/msg/WaypointReached.msg
[1.533s] -- Up-to-date symlink: /home/nvidia/acfly_ws/install/mavros_msgs/share/mavros_msgs/msg/WheelOdomStamped.msg
[1.533s] -- Up-to-date symlink: /home/nvidia/acfly_ws/install/mavros_msgs/share/mavros_msgs/srv/CommandAck.srv
[1.534s] -- Up-to-date symlink: /home/nvidia/acfly_ws/install/mavros_msgs/share/mavros_msgs/srv/CommandAck_Request.msg
[1.534s] -- Up-to-date symlink: /home/nvidia/acfly_ws/install/mavros_msgs/share/mavros_msgs/srv/CommandAck_Response.msg
[1.534s] -- Up-to-date symlink: /home/nvidia/acfly_ws/install/mavros_msgs/share/mavros_msgs/srv/CommandBool.srv
[1.534s] -- Up-to-date symlink: /home/nvidia/acfly_ws/install/mavros_msgs/share/mavros_msgs/srv/CommandBool_Request.msg
[1.534s] -- Up-to-date symlink: /home/nvidia/acfly_ws/install/mavros_msgs/share/mavros_msgs/srv/CommandBool_Response.msg
[1.535s] -- Up-to-date symlink: /home/nvidia/acfly_ws/install/mavros_msgs/share/mavros_msgs/srv/CommandHome.srv
[1.535s] -- Up-to-date symlink: /home/nvidia/acfly_ws/install/mavros_msgs/share/mavros_msgs/srv/CommandHome_Request.msg
[1.535s] -- Up-to-date symlink: /home/nvidia/acfly_ws/install/mavros_msgs/share/mavros_msgs/srv/CommandHome_Response.msg
[1.535s] -- Up-to-date symlink: /home/nvidia/acfly_ws/install/mavros_msgs/share/mavros_msgs/srv/CommandInt.srv
[1.536s] -- Up-to-date symlink: /home/nvidia/acfly_ws/install/mavros_msgs/share/mavros_msgs/srv/CommandInt_Request.msg
[1.536s] -- Up-to-date symlink: /home/nvidia/acfly_ws/install/mavros_msgs/share/mavros_msgs/srv/CommandInt_Response.msg
[1.536s] -- Up-to-date symlink: /home/nvidia/acfly_ws/install/mavros_msgs/share/mavros_msgs/srv/CommandLong.srv
[1.537s] -- Up-to-date symlink: /home/nvidia/acfly_ws/install/mavros_msgs/share/mavros_msgs/srv/CommandLong_Request.msg
[1.537s] -- Up-to-date symlink: /home/nvidia/acfly_ws/install/mavros_msgs/share/mavros_msgs/srv/CommandLong_Response.msg
[1.537s] -- Up-to-date symlink: /home/nvidia/acfly_ws/install/mavros_msgs/share/mavros_msgs/srv/CommandTOL.srv
[1.537s] -- Up-to-date symlink: /home/nvidia/acfly_ws/install/mavros_msgs/share/mavros_msgs/srv/CommandTOL_Request.msg
[1.537s] -- Up-to-date symlink: /home/nvidia/acfly_ws/install/mavros_msgs/share/mavros_msgs/srv/CommandTOL_Response.msg
[1.538s] -- Up-to-date symlink: /home/nvidia/acfly_ws/install/mavros_msgs/share/mavros_msgs/srv/CommandTOLLocal.srv
[1.538s] -- Up-to-date symlink: /home/nvidia/acfly_ws/install/mavros_msgs/share/mavros_msgs/srv/CommandTOLLocal_Request.msg
[1.538s] -- Up-to-date symlink: /home/nvidia/acfly_ws/install/mavros_msgs/share/mavros_msgs/srv/CommandTOLLocal_Response.msg
[1.539s] -- Up-to-date symlink: /home/nvidia/acfly_ws/install/mavros_msgs/share/mavros_msgs/srv/CommandTriggerControl.srv
[1.539s] -- Up-to-date symlink: /home/nvidia/acfly_ws/install/mavros_msgs/share/mavros_msgs/srv/CommandTriggerControl_Request.msg
[1.539s] -- Up-to-date symlink: /home/nvidia/acfly_ws/install/mavros_msgs/share/mavros_msgs/srv/CommandTriggerControl_Response.msg
[1.539s] -- Up-to-date symlink: /home/nvidia/acfly_ws/install/mavros_msgs/share/mavros_msgs/srv/CommandTriggerInterval.srv
[1.540s] -- Up-to-date symlink: /home/nvidia/acfly_ws/install/mavros_msgs/share/mavros_msgs/srv/CommandTriggerInterval_Request.msg
[1.540s] -- Up-to-date symlink: /home/nvidia/acfly_ws/install/mavros_msgs/share/mavros_msgs/srv/CommandTriggerInterval_Response.msg
[1.540s] -- Up-to-date symlink: /home/nvidia/acfly_ws/install/mavros_msgs/share/mavros_msgs/srv/CommandVtolTransition.srv
[1.541s] -- Up-to-date symlink: /home/nvidia/acfly_ws/install/mavros_msgs/share/mavros_msgs/srv/CommandVtolTransition_Request.msg
[1.541s] -- Up-to-date symlink: /home/nvidia/acfly_ws/install/mavros_msgs/share/mavros_msgs/srv/CommandVtolTransition_Response.msg
[1.541s] -- Up-to-date symlink: /home/nvidia/acfly_ws/install/mavros_msgs/share/mavros_msgs/srv/EndpointAdd.srv
[1.541s] -- Up-to-date symlink: /home/nvidia/acfly_ws/install/mavros_msgs/share/mavros_msgs/srv/EndpointAdd_Request.msg
[1.542s] -- Up-to-date symlink: /home/nvidia/acfly_ws/install/mavros_msgs/share/mavros_msgs/srv/EndpointAdd_Response.msg
[1.542s] -- Up-to-date symlink: /home/nvidia/acfly_ws/install/mavros_msgs/share/mavros_msgs/srv/EndpointDel.srv
[1.542s] -- Up-to-date symlink: /home/nvidia/acfly_ws/install/mavros_msgs/share/mavros_msgs/srv/EndpointDel_Request.msg
[1.542s] -- Up-to-date symlink: /home/nvidia/acfly_ws/install/mavros_msgs/share/mavros_msgs/srv/EndpointDel_Response.msg
[1.543s] -- Up-to-date symlink: /home/nvidia/acfly_ws/install/mavros_msgs/share/mavros_msgs/srv/FileChecksum.srv
[1.543s] -- Up-to-date symlink: /home/nvidia/acfly_ws/install/mavros_msgs/share/mavros_msgs/srv/FileChecksum_Request.msg
[1.543s] -- Up-to-date symlink: /home/nvidia/acfly_ws/install/mavros_msgs/share/mavros_msgs/srv/FileChecksum_Response.msg
[1.543s] -- Up-to-date symlink: /home/nvidia/acfly_ws/install/mavros_msgs/share/mavros_msgs/srv/FileClose.srv
[1.544s] -- Up-to-date symlink: /home/nvidia/acfly_ws/install/mavros_msgs/share/mavros_msgs/srv/FileClose_Request.msg
[1.544s] -- Up-to-date symlink: /home/nvidia/acfly_ws/install/mavros_msgs/share/mavros_msgs/srv/FileClose_Response.msg
[1.544s] -- Up-to-date symlink: /home/nvidia/acfly_ws/install/mavros_msgs/share/mavros_msgs/srv/FileList.srv
[1.545s] -- Up-to-date symlink: /home/nvidia/acfly_ws/install/mavros_msgs/share/mavros_msgs/srv/FileList_Request.msg
[1.545s] -- Up-to-date symlink: /home/nvidia/acfly_ws/install/mavros_msgs/share/mavros_msgs/srv/FileList_Response.msg
[1.545s] -- Up-to-date symlink: /home/nvidia/acfly_ws/install/mavros_msgs/share/mavros_msgs/srv/FileMakeDir.srv
[1.545s] -- Up-to-date symlink: /home/nvidia/acfly_ws/install/mavros_msgs/share/mavros_msgs/srv/FileMakeDir_Request.msg
[1.546s] -- Up-to-date symlink: /home/nvidia/acfly_ws/install/mavros_msgs/share/mavros_msgs/srv/FileMakeDir_Response.msg
[1.546s] -- Up-to-date symlink: /home/nvidia/acfly_ws/install/mavros_msgs/share/mavros_msgs/srv/FileOpen.srv
[1.546s] -- Up-to-date symlink: /home/nvidia/acfly_ws/install/mavros_msgs/share/mavros_msgs/srv/FileOpen_Request.msg
[1.547s] -- Up-to-date symlink: /home/nvidia/acfly_ws/install/mavros_msgs/share/mavros_msgs/srv/FileOpen_Response.msg
[1.547s] -- Up-to-date symlink: /home/nvidia/acfly_ws/install/mavros_msgs/share/mavros_msgs/srv/FileRead.srv
[1.547s] -- Up-to-date symlink: /home/nvidia/acfly_ws/install/mavros_msgs/share/mavros_msgs/srv/FileRead_Request.msg
[1.547s] -- Up-to-date symlink: /home/nvidia/acfly_ws/install/mavros_msgs/share/mavros_msgs/srv/FileRead_Response.msg
[1.548s] -- Up-to-date symlink: /home/nvidia/acfly_ws/install/mavros_msgs/share/mavros_msgs/srv/FileRemove.srv
[1.548s] -- Up-to-date symlink: /home/nvidia/acfly_ws/install/mavros_msgs/share/mavros_msgs/srv/FileRemove_Request.msg
[1.548s] -- Up-to-date symlink: /home/nvidia/acfly_ws/install/mavros_msgs/share/mavros_msgs/srv/FileRemove_Response.msg
[1.548s] -- Up-to-date symlink: /home/nvidia/acfly_ws/install/mavros_msgs/share/mavros_msgs/srv/FileRemoveDir.srv
[1.548s] -- Up-to-date symlink: /home/nvidia/acfly_ws/install/mavros_msgs/share/mavros_msgs/srv/FileRemoveDir_Request.msg
[1.549s] -- Up-to-date symlink: /home/nvidia/acfly_ws/install/mavros_msgs/share/mavros_msgs/srv/FileRemoveDir_Response.msg
[1.549s] -- Up-to-date symlink: /home/nvidia/acfly_ws/install/mavros_msgs/share/mavros_msgs/srv/FileRename.srv
[1.549s] -- Up-to-date symlink: /home/nvidia/acfly_ws/install/mavros_msgs/share/mavros_msgs/srv/FileRename_Request.msg
[1.550s] -- Up-to-date symlink: /home/nvidia/acfly_ws/install/mavros_msgs/share/mavros_msgs/srv/FileRename_Response.msg
[1.550s] -- Up-to-date symlink: /home/nvidia/acfly_ws/install/mavros_msgs/share/mavros_msgs/srv/FileTruncate.srv
[1.550s] -- Up-to-date symlink: /home/nvidia/acfly_ws/install/mavros_msgs/share/mavros_msgs/srv/FileTruncate_Request.msg
[1.550s] -- Up-to-date symlink: /home/nvidia/acfly_ws/install/mavros_msgs/share/mavros_msgs/srv/FileTruncate_Response.msg
[1.551s] -- Up-to-date symlink: /home/nvidia/acfly_ws/install/mavros_msgs/share/mavros_msgs/srv/FileWrite.srv
[1.551s] -- Up-to-date symlink: /home/nvidia/acfly_ws/install/mavros_msgs/share/mavros_msgs/srv/FileWrite_Request.msg
[1.551s] -- Up-to-date symlink: /home/nvidia/acfly_ws/install/mavros_msgs/share/mavros_msgs/srv/FileWrite_Response.msg
[1.551s] -- Up-to-date symlink: /home/nvidia/acfly_ws/install/mavros_msgs/share/mavros_msgs/srv/GimbalGetInformation.srv
[1.552s] -- Up-to-date symlink: /home/nvidia/acfly_ws/install/mavros_msgs/share/mavros_msgs/srv/GimbalGetInformation_Request.msg
[1.552s] -- Up-to-date symlink: /home/nvidia/acfly_ws/install/mavros_msgs/share/mavros_msgs/srv/GimbalGetInformation_Response.msg
[1.552s] -- Up-to-date symlink: /home/nvidia/acfly_ws/install/mavros_msgs/share/mavros_msgs/srv/GimbalManagerCameraTrack.srv
[1.552s] -- Up-to-date symlink: /home/nvidia/acfly_ws/install/mavros_msgs/share/mavros_msgs/srv/GimbalManagerCameraTrack_Request.msg
[1.553s] -- Up-to-date symlink: /home/nvidia/acfly_ws/install/mavros_msgs/share/mavros_msgs/srv/GimbalManagerCameraTrack_Response.msg
[1.553s] -- Up-to-date symlink: /home/nvidia/acfly_ws/install/mavros_msgs/share/mavros_msgs/srv/GimbalManagerConfigure.srv
[1.553s] -- Up-to-date symlink: /home/nvidia/acfly_ws/install/mavros_msgs/share/mavros_msgs/srv/GimbalManagerConfigure_Request.msg
[1.553s] -- Up-to-date symlink: /home/nvidia/acfly_ws/install/mavros_msgs/share/mavros_msgs/srv/GimbalManagerConfigure_Response.msg
[1.554s] -- Up-to-date symlink: /home/nvidia/acfly_ws/install/mavros_msgs/share/mavros_msgs/srv/GimbalManagerPitchyaw.srv
[1.554s] -- Up-to-date symlink: /home/nvidia/acfly_ws/install/mavros_msgs/share/mavros_msgs/srv/GimbalManagerPitchyaw_Request.msg
[1.554s] -- Up-to-date symlink: /home/nvidia/acfly_ws/install/mavros_msgs/share/mavros_msgs/srv/GimbalManagerPitchyaw_Response.msg
[1.554s] -- Up-to-date symlink: /home/nvidia/acfly_ws/install/mavros_msgs/share/mavros_msgs/srv/GimbalManagerSetRoi.srv
[1.555s] -- Up-to-date symlink: /home/nvidia/acfly_ws/install/mavros_msgs/share/mavros_msgs/srv/GimbalManagerSetRoi_Request.msg
[1.555s] -- Up-to-date symlink: /home/nvidia/acfly_ws/install/mavros_msgs/share/mavros_msgs/srv/GimbalManagerSetRoi_Response.msg
[1.555s] -- Up-to-date symlink: /home/nvidia/acfly_ws/install/mavros_msgs/share/mavros_msgs/srv/LogRequestData.srv
[1.555s] -- Up-to-date symlink: /home/nvidia/acfly_ws/install/mavros_msgs/share/mavros_msgs/srv/LogRequestData_Request.msg
[1.556s] -- Up-to-date symlink: /home/nvidia/acfly_ws/install/mavros_msgs/share/mavros_msgs/srv/LogRequestData_Response.msg
[1.556s] -- Up-to-date symlink: /home/nvidia/acfly_ws/install/mavros_msgs/share/mavros_msgs/srv/LogRequestEnd.srv
[1.556s] -- Up-to-date symlink: /home/nvidia/acfly_ws/install/mavros_msgs/share/mavros_msgs/srv/LogRequestEnd_Request.msg
[1.557s] -- Up-to-date symlink: /home/nvidia/acfly_ws/install/mavros_msgs/share/mavros_msgs/srv/LogRequestEnd_Response.msg
[1.557s] -- Up-to-date symlink: /home/nvidia/acfly_ws/install/mavros_msgs/share/mavros_msgs/srv/LogRequestList.srv
[1.557s] -- Up-to-date symlink: /home/nvidia/acfly_ws/install/mavros_msgs/share/mavros_msgs/srv/LogRequestList_Request.msg
[1.557s] -- Up-to-date symlink: /home/nvidia/acfly_ws/install/mavros_msgs/share/mavros_msgs/srv/LogRequestList_Response.msg
[1.558s] -- Up-to-date symlink: /home/nvidia/acfly_ws/install/mavros_msgs/share/mavros_msgs/srv/MessageInterval.srv
[1.558s] -- Up-to-date symlink: /home/nvidia/acfly_ws/install/mavros_msgs/share/mavros_msgs/srv/MessageInterval_Request.msg
[1.558s] -- Up-to-date symlink: /home/nvidia/acfly_ws/install/mavros_msgs/share/mavros_msgs/srv/MessageInterval_Response.msg
[1.558s] -- Up-to-date symlink: /home/nvidia/acfly_ws/install/mavros_msgs/share/mavros_msgs/srv/MountConfigure.srv
[1.559s] -- Up-to-date symlink: /home/nvidia/acfly_ws/install/mavros_msgs/share/mavros_msgs/srv/MountConfigure_Request.msg
[1.559s] -- Up-to-date symlink: /home/nvidia/acfly_ws/install/mavros_msgs/share/mavros_msgs/srv/MountConfigure_Response.msg
[1.559s] -- Up-to-date symlink: /home/nvidia/acfly_ws/install/mavros_msgs/share/mavros_msgs/srv/ParamGet.srv
[1.559s] -- Up-to-date symlink: /home/nvidia/acfly_ws/install/mavros_msgs/share/mavros_msgs/srv/ParamGet_Request.msg
[1.560s] -- Up-to-date symlink: /home/nvidia/acfly_ws/install/mavros_msgs/share/mavros_msgs/srv/ParamGet_Response.msg
[1.560s] -- Up-to-date symlink: /home/nvidia/acfly_ws/install/mavros_msgs/share/mavros_msgs/srv/ParamPull.srv
[1.560s] -- Up-to-date symlink: /home/nvidia/acfly_ws/install/mavros_msgs/share/mavros_msgs/srv/ParamPull_Request.msg
[1.560s] -- Up-to-date symlink: /home/nvidia/acfly_ws/install/mavros_msgs/share/mavros_msgs/srv/ParamPull_Response.msg
[1.561s] -- Up-to-date symlink: /home/nvidia/acfly_ws/install/mavros_msgs/share/mavros_msgs/srv/ParamPush.srv
[1.561s] -- Up-to-date symlink: /home/nvidia/acfly_ws/install/mavros_msgs/share/mavros_msgs/srv/ParamPush_Request.msg
[1.561s] -- Up-to-date symlink: /home/nvidia/acfly_ws/install/mavros_msgs/share/mavros_msgs/srv/ParamPush_Response.msg
[1.562s] -- Up-to-date symlink: /home/nvidia/acfly_ws/install/mavros_msgs/share/mavros_msgs/srv/ParamSet.srv
[1.562s] -- Up-to-date symlink: /home/nvidia/acfly_ws/install/mavros_msgs/share/mavros_msgs/srv/ParamSet_Request.msg
[1.562s] -- Up-to-date symlink: /home/nvidia/acfly_ws/install/mavros_msgs/share/mavros_msgs/srv/ParamSet_Response.msg
[1.562s] -- Up-to-date symlink: /home/nvidia/acfly_ws/install/mavros_msgs/share/mavros_msgs/srv/ParamSetV2.srv
[1.563s] -- Up-to-date symlink: /home/nvidia/acfly_ws/install/mavros_msgs/share/mavros_msgs/srv/ParamSetV2_Request.msg
[1.563s] -- Up-to-date symlink: /home/nvidia/acfly_ws/install/mavros_msgs/share/mavros_msgs/srv/ParamSetV2_Response.msg
[1.563s] -- Up-to-date symlink: /home/nvidia/acfly_ws/install/mavros_msgs/share/mavros_msgs/srv/SetMavFrame.srv
[1.564s] -- Up-to-date symlink: /home/nvidia/acfly_ws/install/mavros_msgs/share/mavros_msgs/srv/SetMavFrame_Request.msg
[1.564s] -- Up-to-date symlink: /home/nvidia/acfly_ws/install/mavros_msgs/share/mavros_msgs/srv/SetMavFrame_Response.msg
[1.564s] -- Up-to-date symlink: /home/nvidia/acfly_ws/install/mavros_msgs/share/mavros_msgs/srv/SetMode.srv
[1.565s] -- Up-to-date symlink: /home/nvidia/acfly_ws/install/mavros_msgs/share/mavros_msgs/srv/SetMode_Request.msg
[1.565s] -- Up-to-date symlink: /home/nvidia/acfly_ws/install/mavros_msgs/share/mavros_msgs/srv/SetMode_Response.msg
[1.565s] -- Up-to-date symlink: /home/nvidia/acfly_ws/install/mavros_msgs/share/mavros_msgs/srv/StreamRate.srv
[1.565s] -- Up-to-date symlink: /home/nvidia/acfly_ws/install/mavros_msgs/share/mavros_msgs/srv/StreamRate_Request.msg
[1.565s] -- Up-to-date symlink: /home/nvidia/acfly_ws/install/mavros_msgs/share/mavros_msgs/srv/StreamRate_Response.msg
[1.566s] -- Up-to-date symlink: /home/nvidia/acfly_ws/install/mavros_msgs/share/mavros_msgs/srv/VehicleInfoGet.srv
[1.566s] -- Up-to-date symlink: /home/nvidia/acfly_ws/install/mavros_msgs/share/mavros_msgs/srv/VehicleInfoGet_Request.msg
[1.566s] -- Up-to-date symlink: /home/nvidia/acfly_ws/install/mavros_msgs/share/mavros_msgs/srv/VehicleInfoGet_Response.msg
[1.567s] -- Up-to-date symlink: /home/nvidia/acfly_ws/install/mavros_msgs/share/mavros_msgs/srv/WaypointClear.srv
[1.567s] -- Up-to-date symlink: /home/nvidia/acfly_ws/install/mavros_msgs/share/mavros_msgs/srv/WaypointClear_Request.msg
[1.567s] -- Up-to-date symlink: /home/nvidia/acfly_ws/install/mavros_msgs/share/mavros_msgs/srv/WaypointClear_Response.msg
[1.567s] -- Up-to-date symlink: /home/nvidia/acfly_ws/install/mavros_msgs/share/mavros_msgs/srv/WaypointPull.srv
[1.568s] -- Up-to-date symlink: /home/nvidia/acfly_ws/install/mavros_msgs/share/mavros_msgs/srv/WaypointPull_Request.msg
[1.568s] -- Up-to-date symlink: /home/nvidia/acfly_ws/install/mavros_msgs/share/mavros_msgs/srv/WaypointPull_Response.msg
[1.568s] -- Up-to-date symlink: /home/nvidia/acfly_ws/install/mavros_msgs/share/mavros_msgs/srv/WaypointPush.srv
[1.568s] -- Up-to-date symlink: /home/nvidia/acfly_ws/install/mavros_msgs/share/mavros_msgs/srv/WaypointPush_Request.msg
[1.569s] -- Up-to-date symlink: /home/nvidia/acfly_ws/install/mavros_msgs/share/mavros_msgs/srv/WaypointPush_Response.msg
[1.569s] -- Up-to-date symlink: /home/nvidia/acfly_ws/install/mavros_msgs/share/mavros_msgs/srv/WaypointSetCurrent.srv
[1.569s] -- Up-to-date symlink: /home/nvidia/acfly_ws/install/mavros_msgs/share/mavros_msgs/srv/WaypointSetCurrent_Request.msg
[1.569s] -- Up-to-date symlink: /home/nvidia/acfly_ws/install/mavros_msgs/share/mavros_msgs/srv/WaypointSetCurrent_Response.msg
[1.570s] -- Up-to-date symlink: /home/nvidia/acfly_ws/install/mavros_msgs/share/mavros_msgs/mavros_msgs_mapping_rule.yaml
[1.570s] -- Up-to-date symlink: /home/nvidia/acfly_ws/install/mavros_msgs/share/ament_index/resource_index/package_run_dependencies/mavros_msgs
[1.570s] -- Up-to-date symlink: /home/nvidia/acfly_ws/install/mavros_msgs/share/ament_index/resource_index/parent_prefix_path/mavros_msgs
[1.570s] -- Up-to-date symlink: /home/nvidia/acfly_ws/install/mavros_msgs/share/mavros_msgs/environment/ament_prefix_path.sh
[1.571s] -- Up-to-date symlink: /home/nvidia/acfly_ws/install/mavros_msgs/share/mavros_msgs/environment/ament_prefix_path.dsv
[1.571s] -- Up-to-date symlink: /home/nvidia/acfly_ws/install/mavros_msgs/share/mavros_msgs/environment/path.sh
[1.571s] -- Up-to-date symlink: /home/nvidia/acfly_ws/install/mavros_msgs/share/mavros_msgs/environment/path.dsv
[1.571s] -- Up-to-date symlink: /home/nvidia/acfly_ws/install/mavros_msgs/share/mavros_msgs/local_setup.bash
[1.572s] -- Up-to-date symlink: /home/nvidia/acfly_ws/install/mavros_msgs/share/mavros_msgs/local_setup.sh
[1.572s] -- Up-to-date symlink: /home/nvidia/acfly_ws/install/mavros_msgs/share/mavros_msgs/local_setup.zsh
[1.572s] -- Up-to-date symlink: /home/nvidia/acfly_ws/install/mavros_msgs/share/mavros_msgs/local_setup.dsv
[1.572s] -- Symlinking: /home/nvidia/acfly_ws/install/mavros_msgs/share/mavros_msgs/package.dsv
[1.589s] -- Up-to-date symlink: /home/nvidia/acfly_ws/install/mavros_msgs/share/ament_index/resource_index/packages/mavros_msgs
[1.589s] -- Up-to-date symlink: /home/nvidia/acfly_ws/install/mavros_msgs/share/mavros_msgs/cmake/rosidl_cmake-extras.cmake
[1.589s] -- Up-to-date symlink: /home/nvidia/acfly_ws/install/mavros_msgs/share/mavros_msgs/cmake/ament_cmake_export_dependencies-extras.cmake
[1.590s] -- Up-to-date symlink: /home/nvidia/acfly_ws/install/mavros_msgs/share/mavros_msgs/cmake/ament_cmake_export_include_directories-extras.cmake
[1.590s] -- Up-to-date symlink: /home/nvidia/acfly_ws/install/mavros_msgs/share/mavros_msgs/cmake/ament_cmake_export_libraries-extras.cmake
[1.590s] -- Up-to-date symlink: /home/nvidia/acfly_ws/install/mavros_msgs/share/mavros_msgs/cmake/ament_cmake_export_targets-extras.cmake
[1.590s] -- Up-to-date symlink: /home/nvidia/acfly_ws/install/mavros_msgs/share/mavros_msgs/cmake/rosidl_cmake_export_typesupport_targets-extras.cmake
[1.590s] -- Up-to-date symlink: /home/nvidia/acfly_ws/install/mavros_msgs/share/mavros_msgs/cmake/rosidl_cmake_export_typesupport_libraries-extras.cmake
[1.591s] -- Up-to-date symlink: /home/nvidia/acfly_ws/install/mavros_msgs/share/mavros_msgs/cmake/rosidl_cmake_aggregate_target-extras.cmake
[1.591s] -- Up-to-date symlink: /home/nvidia/acfly_ws/install/mavros_msgs/share/mavros_msgs/cmake/mavros_msgsConfig.cmake
[1.591s] -- Up-to-date symlink: /home/nvidia/acfly_ws/install/mavros_msgs/share/mavros_msgs/cmake/mavros_msgsConfig-version.cmake
[1.591s] -- Up-to-date symlink: /home/nvidia/acfly_ws/install/mavros_msgs/share/mavros_msgs/package.xml
[1.592s] -- Up-to-date: /home/nvidia/acfly_ws/install/mavros_msgs/lib/libmavros_msgs__rosidl_generator_c.so
[1.592s] -- Up-to-date: /home/nvidia/acfly_ws/install/mavros_msgs/lib/libmavros_msgs__rosidl_typesupport_fastrtps_c.so
[1.593s] -- Up-to-date: /home/nvidia/acfly_ws/install/mavros_msgs/lib/libmavros_msgs__rosidl_typesupport_introspection_c.so
[1.593s] -- Up-to-date: /home/nvidia/acfly_ws/install/mavros_msgs/lib/libmavros_msgs__rosidl_typesupport_c.so
[1.593s] -- Up-to-date: /home/nvidia/acfly_ws/install/mavros_msgs/lib/libmavros_msgs__rosidl_typesupport_fastrtps_cpp.so
[1.594s] -- Up-to-date: /home/nvidia/acfly_ws/install/mavros_msgs/lib/libmavros_msgs__rosidl_typesupport_introspection_cpp.so
[1.594s] -- Up-to-date: /home/nvidia/acfly_ws/install/mavros_msgs/lib/libmavros_msgs__rosidl_typesupport_cpp.so
[1.690s] Listing '/home/nvidia/acfly_ws/install/mavros_msgs/local/lib/python3.10/dist-packages/mavros_msgs'...
[1.691s] Listing '/home/nvidia/acfly_ws/install/mavros_msgs/local/lib/python3.10/dist-packages/mavros_msgs/msg'...
[1.691s] Listing '/home/nvidia/acfly_ws/install/mavros_msgs/local/lib/python3.10/dist-packages/mavros_msgs/srv'...
[1.704s] -- Up-to-date: /home/nvidia/acfly_ws/install/mavros_msgs/lib/libmavros_msgs__rosidl_generator_py.so
[1.704s] -- Up-to-date: /home/nvidia/acfly_ws/install/mavros_msgs/include/mavros_msgs
[1.704s] -- Up-to-date: /home/nvidia/acfly_ws/install/mavros_msgs/include/mavros_msgs/mavros_msgs
[1.704s] -- Up-to-date: /home/nvidia/acfly_ws/install/mavros_msgs/include/mavros_msgs/mavros_msgs/mavlink_convert.hpp
[1.706s] -- Up-to-date: /home/nvidia/acfly_ws/install/mavros_msgs/share/mavros_msgs/cmake/export_mavros_msgs__rosidl_generator_cExport.cmake
[1.706s] -- Up-to-date: /home/nvidia/acfly_ws/install/mavros_msgs/share/mavros_msgs/cmake/export_mavros_msgs__rosidl_generator_cExport-noconfig.cmake
[1.707s] -- Up-to-date: /home/nvidia/acfly_ws/install/mavros_msgs/share/mavros_msgs/cmake/export_mavros_msgs__rosidl_typesupport_fastrtps_cExport.cmake
[1.707s] -- Up-to-date: /home/nvidia/acfly_ws/install/mavros_msgs/share/mavros_msgs/cmake/export_mavros_msgs__rosidl_typesupport_fastrtps_cExport-noconfig.cmake
[1.707s] -- Up-to-date: /home/nvidia/acfly_ws/install/mavros_msgs/share/mavros_msgs/cmake/mavros_msgs__rosidl_typesupport_introspection_cExport.cmake
[1.707s] -- Up-to-date: /home/nvidia/acfly_ws/install/mavros_msgs/share/mavros_msgs/cmake/mavros_msgs__rosidl_typesupport_introspection_cExport-noconfig.cmake
[1.708s] -- Up-to-date: /home/nvidia/acfly_ws/install/mavros_msgs/share/mavros_msgs/cmake/mavros_msgs__rosidl_typesupport_cExport.cmake
[1.708s] -- Up-to-date: /home/nvidia/acfly_ws/install/mavros_msgs/share/mavros_msgs/cmake/mavros_msgs__rosidl_typesupport_cExport-noconfig.cmake
[1.709s] -- Up-to-date: /home/nvidia/acfly_ws/install/mavros_msgs/share/mavros_msgs/cmake/export_mavros_msgs__rosidl_generator_cppExport.cmake
[1.709s] -- Up-to-date: /home/nvidia/acfly_ws/install/mavros_msgs/share/mavros_msgs/cmake/export_mavros_msgs__rosidl_typesupport_fastrtps_cppExport.cmake
[1.709s] -- Up-to-date: /home/nvidia/acfly_ws/install/mavros_msgs/share/mavros_msgs/cmake/export_mavros_msgs__rosidl_typesupport_fastrtps_cppExport-noconfig.cmake
[1.710s] -- Up-to-date: /home/nvidia/acfly_ws/install/mavros_msgs/share/mavros_msgs/cmake/mavros_msgs__rosidl_typesupport_introspection_cppExport.cmake
[1.710s] -- Up-to-date: /home/nvidia/acfly_ws/install/mavros_msgs/share/mavros_msgs/cmake/mavros_msgs__rosidl_typesupport_introspection_cppExport-noconfig.cmake
[1.711s] -- Up-to-date: /home/nvidia/acfly_ws/install/mavros_msgs/share/mavros_msgs/cmake/mavros_msgs__rosidl_typesupport_cppExport.cmake
[1.711s] -- Up-to-date: /home/nvidia/acfly_ws/install/mavros_msgs/share/mavros_msgs/cmake/mavros_msgs__rosidl_typesupport_cppExport-noconfig.cmake
[1.711s] -- Up-to-date: /home/nvidia/acfly_ws/install/mavros_msgs/share/mavros_msgs/cmake/export_mavros_msgs__rosidl_generator_pyExport.cmake
[1.712s] -- Up-to-date: /home/nvidia/acfly_ws/install/mavros_msgs/share/mavros_msgs/cmake/export_mavros_msgs__rosidl_generator_pyExport-noconfig.cmake
[1.728s] Invoked command in '/home/nvidia/acfly_ws/build/mavros_msgs' returned '0': CMAKE_PREFIX_PATH=${CMAKE_PREFIX_PATH}:/home/nvidia/ws_orbbec/install/gemini_vision:/opt/ros/humble /usr/bin/cmake --install /home/nvidia/acfly_ws/build/mavros_msgs
