[0.061s] Invoking command in '/home/nvidia/acfly_ws/build/mavros_msgs': CMAKE_PREFIX_PATH=${CMAKE_PREFIX_PATH}:/home/nvidia/ws_orbbec/install/gemini_vision:/opt/ros/humble /usr/bin/cmake --build /home/nvidia/acfly_ws/build/mavros_msgs -- -j8 -l8
[0.507s] [35m[1mConsolidate compiler generated dependencies of target mavros_msgs__rosidl_generator_c[0m
[0.512s] [  1%] Built target mavros_msgs__rs
[0.544s] [  1%] Built target mavros_msgs__cpp
[0.559s] [  1%] Built target ament_cmake_python_symlink_mavros_msgs
[0.640s] [ 13%] Built target mavros_msgs__rosidl_generator_c
[0.688s] [35m[1mConsolidate compiler generated dependencies of target mavros_msgs__rosidl_typesupport_cpp[0m
[0.748s] [35m[1mConsolidate compiler generated dependencies of target mavros_msgs__rosidl_typesupport_fastrtps_cpp[0m
[0.767s] [35m[1mConsolidate compiler generated dependencies of target mavros_msgs__rosidl_typesupport_fastrtps_c[0m
[0.785s] [35m[1mConsolidate compiler generated dependencies of target mavros_msgs__rosidl_typesupport_c[0m
[0.786s] [35m[1mConsolidate compiler generated dependencies of target mavros_msgs__rosidl_typesupport_introspection_cpp[0m
[0.833s] [35m[1mConsolidate compiler generated dependencies of target mavros_msgs__rosidl_typesupport_introspection_c[0m
[0.935s] [ 26%] Built target mavros_msgs__rosidl_typesupport_c
[1.046s] [ 38%] Built target mavros_msgs__rosidl_typesupport_cpp
[1.073s] [ 51%] Built target mavros_msgs__rosidl_typesupport_introspection_c
[1.095s] [ 64%] Built target mavros_msgs__rosidl_typesupport_fastrtps_c
[1.144s] [ 76%] Built target mavros_msgs__rosidl_typesupport_introspection_cpp
[1.157s] [ 88%] Built target mavros_msgs__rosidl_typesupport_fastrtps_cpp
[1.217s] [ 88%] Built target mavros_msgs
[1.547s] running egg_info
[1.551s] writing mavros_msgs.egg-info/PKG-INFO
[1.554s] writing dependency_links to mavros_msgs.egg-info/dependency_links.txt
[1.556s] writing top-level names to mavros_msgs.egg-info/top_level.txt
[1.603s] reading manifest file 'mavros_msgs.egg-info/SOURCES.txt'
[1.607s] writing manifest file 'mavros_msgs.egg-info/SOURCES.txt'
[1.654s] [ 88%] Built target mavros_msgs__py
[1.656s] [ 88%] Built target ament_cmake_python_build_mavros_msgs_egg
[1.658s] [35m[1mConsolidate compiler generated dependencies of target mavros_msgs__rosidl_generator_py[0m
[1.707s] [100%] Built target mavros_msgs__rosidl_generator_py
[1.734s] [35m[1mConsolidate compiler generated dependencies of target mavros_msgs__rosidl_typesupport_introspection_c__pyext[0m
[1.735s] [35m[1mConsolidate compiler generated dependencies of target mavros_msgs__rosidl_typesupport_c__pyext[0m
[1.753s] [35m[1mConsolidate compiler generated dependencies of target mavros_msgs__rosidl_typesupport_fastrtps_c__pyext[0m
[1.774s] [100%] Built target mavros_msgs__rosidl_typesupport_c__pyext
[1.775s] [100%] Built target mavros_msgs__rosidl_typesupport_introspection_c__pyext
[1.790s] [100%] Built target mavros_msgs__rosidl_typesupport_fastrtps_c__pyext
[1.829s] Invoked command in '/home/nvidia/acfly_ws/build/mavros_msgs' returned '0': CMAKE_PREFIX_PATH=${CMAKE_PREFIX_PATH}:/home/nvidia/ws_orbbec/install/gemini_vision:/opt/ros/humble /usr/bin/cmake --build /home/nvidia/acfly_ws/build/mavros_msgs -- -j8 -l8
[1.832s] Invoking command in '/home/nvidia/acfly_ws/build/mavros_msgs': CMAKE_PREFIX_PATH=${CMAKE_PREFIX_PATH}:/home/nvidia/ws_orbbec/install/gemini_vision:/opt/ros/humble /usr/bin/cmake --install /home/nvidia/acfly_ws/build/mavros_msgs
[1.849s] -- Install configuration: ""
[1.851s] -- Execute custom install script
[1.851s] -- Up-to-date symlink: /home/nvidia/acfly_ws/install/mavros_msgs/share/ament_index/resource_index/rosidl_interfaces/mavros_msgs
[1.858s] -- Up-to-date symlink: /home/nvidia/acfly_ws/install/mavros_msgs/include/mavros_msgs/mavros_msgs/msg/actuator_control.h
[1.858s] -- Up-to-date symlink: /home/nvidia/acfly_ws/install/mavros_msgs/include/mavros_msgs/mavros_msgs/msg/adsb_vehicle.h
[1.858s] -- Up-to-date symlink: /home/nvidia/acfly_ws/install/mavros_msgs/include/mavros_msgs/mavros_msgs/msg/altitude.h
[1.859s] -- Up-to-date symlink: /home/nvidia/acfly_ws/install/mavros_msgs/include/mavros_msgs/mavros_msgs/msg/attitude_target.h
[1.859s] -- Up-to-date symlink: /home/nvidia/acfly_ws/install/mavros_msgs/include/mavros_msgs/mavros_msgs/msg/cam_imu_stamp.h
[1.859s] -- Up-to-date symlink: /home/nvidia/acfly_ws/install/mavros_msgs/include/mavros_msgs/mavros_msgs/msg/camera_image_captured.h
[1.859s] -- Up-to-date symlink: /home/nvidia/acfly_ws/install/mavros_msgs/include/mavros_msgs/mavros_msgs/msg/cellular_status.h
[1.859s] -- Up-to-date symlink: /home/nvidia/acfly_ws/install/mavros_msgs/include/mavros_msgs/mavros_msgs/msg/command_code.h
[1.860s] -- Up-to-date symlink: /home/nvidia/acfly_ws/install/mavros_msgs/include/mavros_msgs/mavros_msgs/msg/companion_process_status.h
[1.860s] -- Up-to-date symlink: /home/nvidia/acfly_ws/install/mavros_msgs/include/mavros_msgs/mavros_msgs/msg/debug_value.h
[1.860s] -- Up-to-date symlink: /home/nvidia/acfly_ws/install/mavros_msgs/include/mavros_msgs/mavros_msgs/msg/detail/actuator_control__functions.h
[1.860s] -- Up-to-date symlink: /home/nvidia/acfly_ws/install/mavros_msgs/include/mavros_msgs/mavros_msgs/msg/detail/actuator_control__struct.h
[1.860s] -- Up-to-date symlink: /home/nvidia/acfly_ws/install/mavros_msgs/include/mavros_msgs/mavros_msgs/msg/detail/actuator_control__type_support.h
[1.861s] -- Up-to-date symlink: /home/nvidia/acfly_ws/install/mavros_msgs/include/mavros_msgs/mavros_msgs/msg/detail/adsb_vehicle__functions.h
[1.861s] -- Up-to-date symlink: /home/nvidia/acfly_ws/install/mavros_msgs/include/mavros_msgs/mavros_msgs/msg/detail/adsb_vehicle__struct.h
[1.861s] -- Up-to-date symlink: /home/nvidia/acfly_ws/install/mavros_msgs/include/mavros_msgs/mavros_msgs/msg/detail/adsb_vehicle__type_support.h
[1.861s] -- Up-to-date symlink: /home/nvidia/acfly_ws/install/mavros_msgs/include/mavros_msgs/mavros_msgs/msg/detail/altitude__functions.h
[1.862s] -- Up-to-date symlink: /home/nvidia/acfly_ws/install/mavros_msgs/include/mavros_msgs/mavros_msgs/msg/detail/altitude__struct.h
[1.862s] -- Up-to-date symlink: /home/nvidia/acfly_ws/install/mavros_msgs/include/mavros_msgs/mavros_msgs/msg/detail/altitude__type_support.h
[1.862s] -- Up-to-date symlink: /home/nvidia/acfly_ws/install/mavros_msgs/include/mavros_msgs/mavros_msgs/msg/detail/attitude_target__functions.h
[1.862s] -- Up-to-date symlink: /home/nvidia/acfly_ws/install/mavros_msgs/include/mavros_msgs/mavros_msgs/msg/detail/attitude_target__struct.h
[1.863s] -- Up-to-date symlink: /home/nvidia/acfly_ws/install/mavros_msgs/include/mavros_msgs/mavros_msgs/msg/detail/attitude_target__type_support.h
[1.863s] -- Up-to-date symlink: /home/nvidia/acfly_ws/install/mavros_msgs/include/mavros_msgs/mavros_msgs/msg/detail/cam_imu_stamp__functions.h
[1.864s] -- Up-to-date symlink: /home/nvidia/acfly_ws/install/mavros_msgs/include/mavros_msgs/mavros_msgs/msg/detail/cam_imu_stamp__struct.h
[1.867s] -- Up-to-date symlink: /home/nvidia/acfly_ws/install/mavros_msgs/include/mavros_msgs/mavros_msgs/msg/detail/cam_imu_stamp__type_support.h
[1.867s] -- Up-to-date symlink: /home/nvidia/acfly_ws/install/mavros_msgs/include/mavros_msgs/mavros_msgs/msg/detail/camera_image_captured__functions.h
[1.868s] -- Up-to-date symlink: /home/nvidia/acfly_ws/install/mavros_msgs/include/mavros_msgs/mavros_msgs/msg/detail/camera_image_captured__struct.h
[1.868s] -- Up-to-date symlink: /home/nvidia/acfly_ws/install/mavros_msgs/include/mavros_msgs/mavros_msgs/msg/detail/camera_image_captured__type_support.h
[1.869s] -- Up-to-date symlink: /home/nvidia/acfly_ws/install/mavros_msgs/include/mavros_msgs/mavros_msgs/msg/detail/cellular_status__functions.h
[1.869s] -- Up-to-date symlink: /home/nvidia/acfly_ws/install/mavros_msgs/include/mavros_msgs/mavros_msgs/msg/detail/cellular_status__struct.h
[1.869s] -- Up-to-date symlink: /home/nvidia/acfly_ws/install/mavros_msgs/include/mavros_msgs/mavros_msgs/msg/detail/cellular_status__type_support.h
[1.870s] -- Up-to-date symlink: /home/nvidia/acfly_ws/install/mavros_msgs/include/mavros_msgs/mavros_msgs/msg/detail/command_code__functions.h
[1.870s] -- Up-to-date symlink: /home/nvidia/acfly_ws/install/mavros_msgs/include/mavros_msgs/mavros_msgs/msg/detail/command_code__struct.h
[1.871s] -- Up-to-date symlink: /home/nvidia/acfly_ws/install/mavros_msgs/include/mavros_msgs/mavros_msgs/msg/detail/command_code__type_support.h
[1.871s] -- Up-to-date symlink: /home/nvidia/acfly_ws/install/mavros_msgs/include/mavros_msgs/mavros_msgs/msg/detail/companion_process_status__functions.h
[1.872s] -- Up-to-date symlink: /home/nvidia/acfly_ws/install/mavros_msgs/include/mavros_msgs/mavros_msgs/msg/detail/companion_process_status__struct.h
[1.872s] -- Up-to-date symlink: /home/nvidia/acfly_ws/install/mavros_msgs/include/mavros_msgs/mavros_msgs/msg/detail/companion_process_status__type_support.h
[1.874s] -- Up-to-date symlink: /home/nvidia/acfly_ws/install/mavros_msgs/include/mavros_msgs/mavros_msgs/msg/detail/debug_value__functions.h
[1.874s] -- Up-to-date symlink: /home/nvidia/acfly_ws/install/mavros_msgs/include/mavros_msgs/mavros_msgs/msg/detail/debug_value__struct.h
[1.875s] -- Up-to-date symlink: /home/nvidia/acfly_ws/install/mavros_msgs/include/mavros_msgs/mavros_msgs/msg/detail/debug_value__type_support.h
[1.875s] -- Up-to-date symlink: /home/nvidia/acfly_ws/install/mavros_msgs/include/mavros_msgs/mavros_msgs/msg/detail/esc_info__functions.h
[1.876s] -- Up-to-date symlink: /home/nvidia/acfly_ws/install/mavros_msgs/include/mavros_msgs/mavros_msgs/msg/detail/esc_info__struct.h
[1.876s] -- Up-to-date symlink: /home/nvidia/acfly_ws/install/mavros_msgs/include/mavros_msgs/mavros_msgs/msg/detail/esc_info__type_support.h
[1.877s] -- Up-to-date symlink: /home/nvidia/acfly_ws/install/mavros_msgs/include/mavros_msgs/mavros_msgs/msg/detail/esc_info_item__functions.h
[1.879s] -- Up-to-date symlink: /home/nvidia/acfly_ws/install/mavros_msgs/include/mavros_msgs/mavros_msgs/msg/detail/esc_info_item__struct.h
[1.882s] -- Up-to-date symlink: /home/nvidia/acfly_ws/install/mavros_msgs/include/mavros_msgs/mavros_msgs/msg/detail/esc_info_item__type_support.h
[1.882s] -- Up-to-date symlink: /home/nvidia/acfly_ws/install/mavros_msgs/include/mavros_msgs/mavros_msgs/msg/detail/esc_status__functions.h
[1.883s] -- Up-to-date symlink: /home/nvidia/acfly_ws/install/mavros_msgs/include/mavros_msgs/mavros_msgs/msg/detail/esc_status__struct.h
[1.888s] -- Up-to-date symlink: /home/nvidia/acfly_ws/install/mavros_msgs/include/mavros_msgs/mavros_msgs/msg/detail/esc_status__type_support.h
[1.888s] -- Up-to-date symlink: /home/nvidia/acfly_ws/install/mavros_msgs/include/mavros_msgs/mavros_msgs/msg/detail/esc_status_item__functions.h
[1.889s] -- Up-to-date symlink: /home/nvidia/acfly_ws/install/mavros_msgs/include/mavros_msgs/mavros_msgs/msg/detail/esc_status_item__struct.h
[1.889s] -- Up-to-date symlink: /home/nvidia/acfly_ws/install/mavros_msgs/include/mavros_msgs/mavros_msgs/msg/detail/esc_status_item__type_support.h
[1.890s] -- Up-to-date symlink: /home/nvidia/acfly_ws/install/mavros_msgs/include/mavros_msgs/mavros_msgs/msg/detail/esc_telemetry__functions.h
[1.890s] -- Up-to-date symlink: /home/nvidia/acfly_ws/install/mavros_msgs/include/mavros_msgs/mavros_msgs/msg/detail/esc_telemetry__struct.h
[1.890s] -- Up-to-date symlink: /home/nvidia/acfly_ws/install/mavros_msgs/include/mavros_msgs/mavros_msgs/msg/detail/esc_telemetry__type_support.h
[1.891s] -- Up-to-date symlink: /home/nvidia/acfly_ws/install/mavros_msgs/include/mavros_msgs/mavros_msgs/msg/detail/esc_telemetry_item__functions.h
[1.892s] -- Up-to-date symlink: /home/nvidia/acfly_ws/install/mavros_msgs/include/mavros_msgs/mavros_msgs/msg/detail/esc_telemetry_item__struct.h
[1.892s] -- Up-to-date symlink: /home/nvidia/acfly_ws/install/mavros_msgs/include/mavros_msgs/mavros_msgs/msg/detail/esc_telemetry_item__type_support.h
[1.892s] -- Up-to-date symlink: /home/nvidia/acfly_ws/install/mavros_msgs/include/mavros_msgs/mavros_msgs/msg/detail/estimator_status__functions.h
[1.893s] -- Up-to-date symlink: /home/nvidia/acfly_ws/install/mavros_msgs/include/mavros_msgs/mavros_msgs/msg/detail/estimator_status__struct.h
[1.893s] -- Up-to-date symlink: /home/nvidia/acfly_ws/install/mavros_msgs/include/mavros_msgs/mavros_msgs/msg/detail/estimator_status__type_support.h
[1.893s] -- Up-to-date symlink: /home/nvidia/acfly_ws/install/mavros_msgs/include/mavros_msgs/mavros_msgs/msg/detail/extended_state__functions.h
[1.894s] -- Up-to-date symlink: /home/nvidia/acfly_ws/install/mavros_msgs/include/mavros_msgs/mavros_msgs/msg/detail/extended_state__struct.h
[1.894s] -- Up-to-date symlink: /home/nvidia/acfly_ws/install/mavros_msgs/include/mavros_msgs/mavros_msgs/msg/detail/extended_state__type_support.h
[1.894s] -- Up-to-date symlink: /home/nvidia/acfly_ws/install/mavros_msgs/include/mavros_msgs/mavros_msgs/msg/detail/file_entry__functions.h
[1.894s] -- Up-to-date symlink: /home/nvidia/acfly_ws/install/mavros_msgs/include/mavros_msgs/mavros_msgs/msg/detail/file_entry__struct.h
[1.896s] -- Up-to-date symlink: /home/nvidia/acfly_ws/install/mavros_msgs/include/mavros_msgs/mavros_msgs/msg/detail/file_entry__type_support.h
[1.896s] -- Up-to-date symlink: /home/nvidia/acfly_ws/install/mavros_msgs/include/mavros_msgs/mavros_msgs/msg/detail/gimbal_device_attitude_status__functions.h
[1.896s] -- Up-to-date symlink: /home/nvidia/acfly_ws/install/mavros_msgs/include/mavros_msgs/mavros_msgs/msg/detail/gimbal_device_attitude_status__struct.h
[1.897s] -- Up-to-date symlink: /home/nvidia/acfly_ws/install/mavros_msgs/include/mavros_msgs/mavros_msgs/msg/detail/gimbal_device_attitude_status__type_support.h
[1.897s] -- Up-to-date symlink: /home/nvidia/acfly_ws/install/mavros_msgs/include/mavros_msgs/mavros_msgs/msg/detail/gimbal_device_information__functions.h
[1.897s] -- Up-to-date symlink: /home/nvidia/acfly_ws/install/mavros_msgs/include/mavros_msgs/mavros_msgs/msg/detail/gimbal_device_information__struct.h
[1.897s] -- Up-to-date symlink: /home/nvidia/acfly_ws/install/mavros_msgs/include/mavros_msgs/mavros_msgs/msg/detail/gimbal_device_information__type_support.h
[1.897s] -- Up-to-date symlink: /home/nvidia/acfly_ws/install/mavros_msgs/include/mavros_msgs/mavros_msgs/msg/detail/gimbal_device_set_attitude__functions.h
[1.898s] -- Up-to-date symlink: /home/nvidia/acfly_ws/install/mavros_msgs/include/mavros_msgs/mavros_msgs/msg/detail/gimbal_device_set_attitude__struct.h
[1.898s] -- Up-to-date symlink: /home/nvidia/acfly_ws/install/mavros_msgs/include/mavros_msgs/mavros_msgs/msg/detail/gimbal_device_set_attitude__type_support.h
[1.898s] -- Up-to-date symlink: /home/nvidia/acfly_ws/install/mavros_msgs/include/mavros_msgs/mavros_msgs/msg/detail/gimbal_manager_information__functions.h
[1.898s] -- Up-to-date symlink: /home/nvidia/acfly_ws/install/mavros_msgs/include/mavros_msgs/mavros_msgs/msg/detail/gimbal_manager_information__struct.h
[1.898s] -- Up-to-date symlink: /home/nvidia/acfly_ws/install/mavros_msgs/include/mavros_msgs/mavros_msgs/msg/detail/gimbal_manager_information__type_support.h
[1.898s] -- Up-to-date symlink: /home/nvidia/acfly_ws/install/mavros_msgs/include/mavros_msgs/mavros_msgs/msg/detail/gimbal_manager_set_attitude__functions.h
[1.899s] -- Up-to-date symlink: /home/nvidia/acfly_ws/install/mavros_msgs/include/mavros_msgs/mavros_msgs/msg/detail/gimbal_manager_set_attitude__struct.h
[1.899s] -- Up-to-date symlink: /home/nvidia/acfly_ws/install/mavros_msgs/include/mavros_msgs/mavros_msgs/msg/detail/gimbal_manager_set_attitude__type_support.h
[1.899s] -- Up-to-date symlink: /home/nvidia/acfly_ws/install/mavros_msgs/include/mavros_msgs/mavros_msgs/msg/detail/gimbal_manager_set_pitchyaw__functions.h
[1.899s] -- Up-to-date symlink: /home/nvidia/acfly_ws/install/mavros_msgs/include/mavros_msgs/mavros_msgs/msg/detail/gimbal_manager_set_pitchyaw__struct.h
[1.899s] -- Up-to-date symlink: /home/nvidia/acfly_ws/install/mavros_msgs/include/mavros_msgs/mavros_msgs/msg/detail/gimbal_manager_set_pitchyaw__type_support.h
[1.900s] -- Up-to-date symlink: /home/nvidia/acfly_ws/install/mavros_msgs/include/mavros_msgs/mavros_msgs/msg/detail/gimbal_manager_status__functions.h
[1.900s] -- Up-to-date symlink: /home/nvidia/acfly_ws/install/mavros_msgs/include/mavros_msgs/mavros_msgs/msg/detail/gimbal_manager_status__struct.h
[1.900s] -- Up-to-date symlink: /home/nvidia/acfly_ws/install/mavros_msgs/include/mavros_msgs/mavros_msgs/msg/detail/gimbal_manager_status__type_support.h
[1.900s] -- Up-to-date symlink: /home/nvidia/acfly_ws/install/mavros_msgs/include/mavros_msgs/mavros_msgs/msg/detail/global_position_target__functions.h
[1.901s] -- Up-to-date symlink: /home/nvidia/acfly_ws/install/mavros_msgs/include/mavros_msgs/mavros_msgs/msg/detail/global_position_target__struct.h
[1.901s] -- Up-to-date symlink: /home/nvidia/acfly_ws/install/mavros_msgs/include/mavros_msgs/mavros_msgs/msg/detail/global_position_target__type_support.h
[1.901s] -- Up-to-date symlink: /home/nvidia/acfly_ws/install/mavros_msgs/include/mavros_msgs/mavros_msgs/msg/detail/gpsinput__functions.h
[1.902s] -- Up-to-date symlink: /home/nvidia/acfly_ws/install/mavros_msgs/include/mavros_msgs/mavros_msgs/msg/detail/gpsinput__struct.h
[1.902s] -- Up-to-date symlink: /home/nvidia/acfly_ws/install/mavros_msgs/include/mavros_msgs/mavros_msgs/msg/detail/gpsinput__type_support.h
[1.902s] -- Up-to-date symlink: /home/nvidia/acfly_ws/install/mavros_msgs/include/mavros_msgs/mavros_msgs/msg/detail/gpsraw__functions.h
[1.903s] -- Up-to-date symlink: /home/nvidia/acfly_ws/install/mavros_msgs/include/mavros_msgs/mavros_msgs/msg/detail/gpsraw__struct.h
[1.904s] -- Up-to-date symlink: /home/nvidia/acfly_ws/install/mavros_msgs/include/mavros_msgs/mavros_msgs/msg/detail/gpsraw__type_support.h
[1.904s] -- Up-to-date symlink: /home/nvidia/acfly_ws/install/mavros_msgs/include/mavros_msgs/mavros_msgs/msg/detail/gpsrtk__functions.h
[1.904s] -- Up-to-date symlink: /home/nvidia/acfly_ws/install/mavros_msgs/include/mavros_msgs/mavros_msgs/msg/detail/gpsrtk__struct.h
[1.905s] -- Up-to-date symlink: /home/nvidia/acfly_ws/install/mavros_msgs/include/mavros_msgs/mavros_msgs/msg/detail/gpsrtk__type_support.h
[1.905s] -- Up-to-date symlink: /home/nvidia/acfly_ws/install/mavros_msgs/include/mavros_msgs/mavros_msgs/msg/detail/hil_actuator_controls__functions.h
[1.906s] -- Up-to-date symlink: /home/nvidia/acfly_ws/install/mavros_msgs/include/mavros_msgs/mavros_msgs/msg/detail/hil_actuator_controls__struct.h
[1.906s] -- Up-to-date symlink: /home/nvidia/acfly_ws/install/mavros_msgs/include/mavros_msgs/mavros_msgs/msg/detail/hil_actuator_controls__type_support.h
[1.906s] -- Up-to-date symlink: /home/nvidia/acfly_ws/install/mavros_msgs/include/mavros_msgs/mavros_msgs/msg/detail/hil_controls__functions.h
[1.906s] -- Up-to-date symlink: /home/nvidia/acfly_ws/install/mavros_msgs/include/mavros_msgs/mavros_msgs/msg/detail/hil_controls__struct.h
[1.908s] -- Up-to-date symlink: /home/nvidia/acfly_ws/install/mavros_msgs/include/mavros_msgs/mavros_msgs/msg/detail/hil_controls__type_support.h
[1.908s] -- Up-to-date symlink: /home/nvidia/acfly_ws/install/mavros_msgs/include/mavros_msgs/mavros_msgs/msg/detail/hil_gps__functions.h
[1.908s] -- Up-to-date symlink: /home/nvidia/acfly_ws/install/mavros_msgs/include/mavros_msgs/mavros_msgs/msg/detail/hil_gps__struct.h
[1.909s] -- Up-to-date symlink: /home/nvidia/acfly_ws/install/mavros_msgs/include/mavros_msgs/mavros_msgs/msg/detail/hil_gps__type_support.h
[1.909s] -- Up-to-date symlink: /home/nvidia/acfly_ws/install/mavros_msgs/include/mavros_msgs/mavros_msgs/msg/detail/hil_sensor__functions.h
[1.909s] -- Up-to-date symlink: /home/nvidia/acfly_ws/install/mavros_msgs/include/mavros_msgs/mavros_msgs/msg/detail/hil_sensor__struct.h
[1.910s] -- Up-to-date symlink: /home/nvidia/acfly_ws/install/mavros_msgs/include/mavros_msgs/mavros_msgs/msg/detail/hil_sensor__type_support.h
[1.911s] -- Up-to-date symlink: /home/nvidia/acfly_ws/install/mavros_msgs/include/mavros_msgs/mavros_msgs/msg/detail/hil_state_quaternion__functions.h
[1.912s] -- Up-to-date symlink: /home/nvidia/acfly_ws/install/mavros_msgs/include/mavros_msgs/mavros_msgs/msg/detail/hil_state_quaternion__struct.h
[1.912s] -- Up-to-date symlink: /home/nvidia/acfly_ws/install/mavros_msgs/include/mavros_msgs/mavros_msgs/msg/detail/hil_state_quaternion__type_support.h
[1.913s] -- Up-to-date symlink: /home/nvidia/acfly_ws/install/mavros_msgs/include/mavros_msgs/mavros_msgs/msg/detail/home_position__functions.h
[1.913s] -- Up-to-date symlink: /home/nvidia/acfly_ws/install/mavros_msgs/include/mavros_msgs/mavros_msgs/msg/detail/home_position__struct.h
[1.913s] -- Up-to-date symlink: /home/nvidia/acfly_ws/install/mavros_msgs/include/mavros_msgs/mavros_msgs/msg/detail/home_position__type_support.h
[1.914s] -- Up-to-date symlink: /home/nvidia/acfly_ws/install/mavros_msgs/include/mavros_msgs/mavros_msgs/msg/detail/landing_target__functions.h
[1.914s] -- Up-to-date symlink: /home/nvidia/acfly_ws/install/mavros_msgs/include/mavros_msgs/mavros_msgs/msg/detail/landing_target__struct.h
[1.914s] -- Up-to-date symlink: /home/nvidia/acfly_ws/install/mavros_msgs/include/mavros_msgs/mavros_msgs/msg/detail/landing_target__type_support.h
[1.915s] -- Up-to-date symlink: /home/nvidia/acfly_ws/install/mavros_msgs/include/mavros_msgs/mavros_msgs/msg/detail/log_data__functions.h
[1.915s] -- Up-to-date symlink: /home/nvidia/acfly_ws/install/mavros_msgs/include/mavros_msgs/mavros_msgs/msg/detail/log_data__struct.h
[1.915s] -- Up-to-date symlink: /home/nvidia/acfly_ws/install/mavros_msgs/include/mavros_msgs/mavros_msgs/msg/detail/log_data__type_support.h
[1.916s] -- Up-to-date symlink: /home/nvidia/acfly_ws/install/mavros_msgs/include/mavros_msgs/mavros_msgs/msg/detail/log_entry__functions.h
[1.916s] -- Up-to-date symlink: /home/nvidia/acfly_ws/install/mavros_msgs/include/mavros_msgs/mavros_msgs/msg/detail/log_entry__struct.h
[1.917s] -- Up-to-date symlink: /home/nvidia/acfly_ws/install/mavros_msgs/include/mavros_msgs/mavros_msgs/msg/detail/log_entry__type_support.h
[1.917s] -- Up-to-date symlink: /home/nvidia/acfly_ws/install/mavros_msgs/include/mavros_msgs/mavros_msgs/msg/detail/magnetometer_reporter__functions.h
[1.917s] -- Up-to-date symlink: /home/nvidia/acfly_ws/install/mavros_msgs/include/mavros_msgs/mavros_msgs/msg/detail/magnetometer_reporter__struct.h
[1.918s] -- Up-to-date symlink: /home/nvidia/acfly_ws/install/mavros_msgs/include/mavros_msgs/mavros_msgs/msg/detail/magnetometer_reporter__type_support.h
[1.918s] -- Up-to-date symlink: /home/nvidia/acfly_ws/install/mavros_msgs/include/mavros_msgs/mavros_msgs/msg/detail/manual_control__functions.h
[1.918s] -- Up-to-date symlink: /home/nvidia/acfly_ws/install/mavros_msgs/include/mavros_msgs/mavros_msgs/msg/detail/manual_control__struct.h
[1.919s] -- Up-to-date symlink: /home/nvidia/acfly_ws/install/mavros_msgs/include/mavros_msgs/mavros_msgs/msg/detail/manual_control__type_support.h
[1.919s] -- Up-to-date symlink: /home/nvidia/acfly_ws/install/mavros_msgs/include/mavros_msgs/mavros_msgs/msg/detail/mavlink__functions.h
[1.919s] -- Up-to-date symlink: /home/nvidia/acfly_ws/install/mavros_msgs/include/mavros_msgs/mavros_msgs/msg/detail/mavlink__struct.h
[1.920s] -- Up-to-date symlink: /home/nvidia/acfly_ws/install/mavros_msgs/include/mavros_msgs/mavros_msgs/msg/detail/mavlink__type_support.h
[1.920s] -- Up-to-date symlink: /home/nvidia/acfly_ws/install/mavros_msgs/include/mavros_msgs/mavros_msgs/msg/detail/mount_control__functions.h
[1.921s] -- Up-to-date symlink: /home/nvidia/acfly_ws/install/mavros_msgs/include/mavros_msgs/mavros_msgs/msg/detail/mount_control__struct.h
[1.922s] -- Up-to-date symlink: /home/nvidia/acfly_ws/install/mavros_msgs/include/mavros_msgs/mavros_msgs/msg/detail/mount_control__type_support.h
[1.922s] -- Up-to-date symlink: /home/nvidia/acfly_ws/install/mavros_msgs/include/mavros_msgs/mavros_msgs/msg/detail/nav_controller_output__functions.h
[1.922s] -- Up-to-date symlink: /home/nvidia/acfly_ws/install/mavros_msgs/include/mavros_msgs/mavros_msgs/msg/detail/nav_controller_output__struct.h
[1.922s] -- Up-to-date symlink: /home/nvidia/acfly_ws/install/mavros_msgs/include/mavros_msgs/mavros_msgs/msg/detail/nav_controller_output__type_support.h
[1.923s] -- Up-to-date symlink: /home/nvidia/acfly_ws/install/mavros_msgs/include/mavros_msgs/mavros_msgs/msg/detail/onboard_computer_status__functions.h
[1.923s] -- Up-to-date symlink: /home/nvidia/acfly_ws/install/mavros_msgs/include/mavros_msgs/mavros_msgs/msg/detail/onboard_computer_status__struct.h
[1.923s] -- Up-to-date symlink: /home/nvidia/acfly_ws/install/mavros_msgs/include/mavros_msgs/mavros_msgs/msg/detail/onboard_computer_status__type_support.h
[1.923s] -- Up-to-date symlink: /home/nvidia/acfly_ws/install/mavros_msgs/include/mavros_msgs/mavros_msgs/msg/detail/open_drone_id_basic_id__functions.h
[1.923s] -- Up-to-date symlink: /home/nvidia/acfly_ws/install/mavros_msgs/include/mavros_msgs/mavros_msgs/msg/detail/open_drone_id_basic_id__struct.h
[1.924s] -- Up-to-date symlink: /home/nvidia/acfly_ws/install/mavros_msgs/include/mavros_msgs/mavros_msgs/msg/detail/open_drone_id_basic_id__type_support.h
[1.924s] -- Up-to-date symlink: /home/nvidia/acfly_ws/install/mavros_msgs/include/mavros_msgs/mavros_msgs/msg/detail/open_drone_id_operator_id__functions.h
[1.924s] -- Up-to-date symlink: /home/nvidia/acfly_ws/install/mavros_msgs/include/mavros_msgs/mavros_msgs/msg/detail/open_drone_id_operator_id__struct.h
[1.924s] -- Up-to-date symlink: /home/nvidia/acfly_ws/install/mavros_msgs/include/mavros_msgs/mavros_msgs/msg/detail/open_drone_id_operator_id__type_support.h
[1.925s] -- Up-to-date symlink: /home/nvidia/acfly_ws/install/mavros_msgs/include/mavros_msgs/mavros_msgs/msg/detail/open_drone_id_self_id__functions.h
[1.925s] -- Up-to-date symlink: /home/nvidia/acfly_ws/install/mavros_msgs/include/mavros_msgs/mavros_msgs/msg/detail/open_drone_id_self_id__struct.h
[1.925s] -- Up-to-date symlink: /home/nvidia/acfly_ws/install/mavros_msgs/include/mavros_msgs/mavros_msgs/msg/detail/open_drone_id_self_id__type_support.h
[1.925s] -- Up-to-date symlink: /home/nvidia/acfly_ws/install/mavros_msgs/include/mavros_msgs/mavros_msgs/msg/detail/open_drone_id_system__functions.h
[1.925s] -- Up-to-date symlink: /home/nvidia/acfly_ws/install/mavros_msgs/include/mavros_msgs/mavros_msgs/msg/detail/open_drone_id_system__struct.h
[1.926s] -- Up-to-date symlink: /home/nvidia/acfly_ws/install/mavros_msgs/include/mavros_msgs/mavros_msgs/msg/detail/open_drone_id_system__type_support.h
[1.927s] -- Up-to-date symlink: /home/nvidia/acfly_ws/install/mavros_msgs/include/mavros_msgs/mavros_msgs/msg/detail/open_drone_id_system_update__functions.h
[1.927s] -- Up-to-date symlink: /home/nvidia/acfly_ws/install/mavros_msgs/include/mavros_msgs/mavros_msgs/msg/detail/open_drone_id_system_update__struct.h
[1.927s] -- Up-to-date symlink: /home/nvidia/acfly_ws/install/mavros_msgs/include/mavros_msgs/mavros_msgs/msg/detail/open_drone_id_system_update__type_support.h
[1.928s] -- Up-to-date symlink: /home/nvidia/acfly_ws/install/mavros_msgs/include/mavros_msgs/mavros_msgs/msg/detail/optical_flow__functions.h
[1.928s] -- Up-to-date symlink: /home/nvidia/acfly_ws/install/mavros_msgs/include/mavros_msgs/mavros_msgs/msg/detail/optical_flow__struct.h
[1.928s] -- Up-to-date symlink: /home/nvidia/acfly_ws/install/mavros_msgs/include/mavros_msgs/mavros_msgs/msg/detail/optical_flow__type_support.h
[1.928s] -- Up-to-date symlink: /home/nvidia/acfly_ws/install/mavros_msgs/include/mavros_msgs/mavros_msgs/msg/detail/optical_flow_rad__functions.h
[1.928s] -- Up-to-date symlink: /home/nvidia/acfly_ws/install/mavros_msgs/include/mavros_msgs/mavros_msgs/msg/detail/optical_flow_rad__struct.h
[1.929s] -- Up-to-date symlink: /home/nvidia/acfly_ws/install/mavros_msgs/include/mavros_msgs/mavros_msgs/msg/detail/optical_flow_rad__type_support.h
[1.929s] -- Up-to-date symlink: /home/nvidia/acfly_ws/install/mavros_msgs/include/mavros_msgs/mavros_msgs/msg/detail/override_rc_in__functions.h
[1.929s] -- Up-to-date symlink: /home/nvidia/acfly_ws/install/mavros_msgs/include/mavros_msgs/mavros_msgs/msg/detail/override_rc_in__struct.h
[1.930s] -- Up-to-date symlink: /home/nvidia/acfly_ws/install/mavros_msgs/include/mavros_msgs/mavros_msgs/msg/detail/override_rc_in__type_support.h
[1.930s] -- Up-to-date symlink: /home/nvidia/acfly_ws/install/mavros_msgs/include/mavros_msgs/mavros_msgs/msg/detail/param__functions.h
[1.930s] -- Up-to-date symlink: /home/nvidia/acfly_ws/install/mavros_msgs/include/mavros_msgs/mavros_msgs/msg/detail/param__struct.h
[1.931s] -- Up-to-date symlink: /home/nvidia/acfly_ws/install/mavros_msgs/include/mavros_msgs/mavros_msgs/msg/detail/param__type_support.h
[1.931s] -- Up-to-date symlink: /home/nvidia/acfly_ws/install/mavros_msgs/include/mavros_msgs/mavros_msgs/msg/detail/param_event__functions.h
[1.932s] -- Up-to-date symlink: /home/nvidia/acfly_ws/install/mavros_msgs/include/mavros_msgs/mavros_msgs/msg/detail/param_event__struct.h
[1.933s] -- Up-to-date symlink: /home/nvidia/acfly_ws/install/mavros_msgs/include/mavros_msgs/mavros_msgs/msg/detail/param_event__type_support.h
[1.933s] -- Up-to-date symlink: /home/nvidia/acfly_ws/install/mavros_msgs/include/mavros_msgs/mavros_msgs/msg/detail/param_value__functions.h
[1.934s] -- Up-to-date symlink: /home/nvidia/acfly_ws/install/mavros_msgs/include/mavros_msgs/mavros_msgs/msg/detail/param_value__struct.h
[1.934s] -- Up-to-date symlink: /home/nvidia/acfly_ws/install/mavros_msgs/include/mavros_msgs/mavros_msgs/msg/detail/param_value__type_support.h
[1.935s] -- Up-to-date symlink: /home/nvidia/acfly_ws/install/mavros_msgs/include/mavros_msgs/mavros_msgs/msg/detail/play_tune_v2__functions.h
[1.936s] -- Up-to-date symlink: /home/nvidia/acfly_ws/install/mavros_msgs/include/mavros_msgs/mavros_msgs/msg/detail/play_tune_v2__struct.h
[1.936s] -- Up-to-date symlink: /home/nvidia/acfly_ws/install/mavros_msgs/include/mavros_msgs/mavros_msgs/msg/detail/play_tune_v2__type_support.h
[1.938s] -- Up-to-date symlink: /home/nvidia/acfly_ws/install/mavros_msgs/include/mavros_msgs/mavros_msgs/msg/detail/position_target__functions.h
[1.939s] -- Up-to-date symlink: /home/nvidia/acfly_ws/install/mavros_msgs/include/mavros_msgs/mavros_msgs/msg/detail/position_target__struct.h
[1.940s] -- Up-to-date symlink: /home/nvidia/acfly_ws/install/mavros_msgs/include/mavros_msgs/mavros_msgs/msg/detail/position_target__type_support.h
[1.940s] -- Up-to-date symlink: /home/nvidia/acfly_ws/install/mavros_msgs/include/mavros_msgs/mavros_msgs/msg/detail/radio_status__functions.h
[1.941s] -- Up-to-date symlink: /home/nvidia/acfly_ws/install/mavros_msgs/include/mavros_msgs/mavros_msgs/msg/detail/radio_status__struct.h
[1.941s] -- Up-to-date symlink: /home/nvidia/acfly_ws/install/mavros_msgs/include/mavros_msgs/mavros_msgs/msg/detail/radio_status__type_support.h
[1.941s] -- Up-to-date symlink: /home/nvidia/acfly_ws/install/mavros_msgs/include/mavros_msgs/mavros_msgs/msg/detail/rc_in__functions.h
[1.941s] -- Up-to-date symlink: /home/nvidia/acfly_ws/install/mavros_msgs/include/mavros_msgs/mavros_msgs/msg/detail/rc_in__struct.h
[1.942s] -- Up-to-date symlink: /home/nvidia/acfly_ws/install/mavros_msgs/include/mavros_msgs/mavros_msgs/msg/detail/rc_in__type_support.h
[1.942s] -- Up-to-date symlink: /home/nvidia/acfly_ws/install/mavros_msgs/include/mavros_msgs/mavros_msgs/msg/detail/rc_out__functions.h
[1.942s] -- Up-to-date symlink: /home/nvidia/acfly_ws/install/mavros_msgs/include/mavros_msgs/mavros_msgs/msg/detail/rc_out__struct.h
[1.943s] -- Up-to-date symlink: /home/nvidia/acfly_ws/install/mavros_msgs/include/mavros_msgs/mavros_msgs/msg/detail/rc_out__type_support.h
[1.943s] -- Up-to-date symlink: /home/nvidia/acfly_ws/install/mavros_msgs/include/mavros_msgs/mavros_msgs/msg/detail/rtcm__functions.h
[1.943s] -- Up-to-date symlink: /home/nvidia/acfly_ws/install/mavros_msgs/include/mavros_msgs/mavros_msgs/msg/detail/rtcm__struct.h
[1.943s] -- Up-to-date symlink: /home/nvidia/acfly_ws/install/mavros_msgs/include/mavros_msgs/mavros_msgs/msg/detail/rtcm__type_support.h
[1.944s] -- Up-to-date symlink: /home/nvidia/acfly_ws/install/mavros_msgs/include/mavros_msgs/mavros_msgs/msg/detail/rtk_baseline__functions.h
[1.944s] -- Up-to-date symlink: /home/nvidia/acfly_ws/install/mavros_msgs/include/mavros_msgs/mavros_msgs/msg/detail/rtk_baseline__struct.h
[1.944s] -- Up-to-date symlink: /home/nvidia/acfly_ws/install/mavros_msgs/include/mavros_msgs/mavros_msgs/msg/detail/rtk_baseline__type_support.h
[1.944s] -- Up-to-date symlink: /home/nvidia/acfly_ws/install/mavros_msgs/include/mavros_msgs/mavros_msgs/msg/detail/state__functions.h
[1.945s] -- Up-to-date symlink: /home/nvidia/acfly_ws/install/mavros_msgs/include/mavros_msgs/mavros_msgs/msg/detail/state__struct.h
[1.945s] -- Up-to-date symlink: /home/nvidia/acfly_ws/install/mavros_msgs/include/mavros_msgs/mavros_msgs/msg/detail/state__type_support.h
[1.945s] -- Up-to-date symlink: /home/nvidia/acfly_ws/install/mavros_msgs/include/mavros_msgs/mavros_msgs/msg/detail/status_event__functions.h
[1.945s] -- Up-to-date symlink: /home/nvidia/acfly_ws/install/mavros_msgs/include/mavros_msgs/mavros_msgs/msg/detail/status_event__struct.h
[1.946s] -- Up-to-date symlink: /home/nvidia/acfly_ws/install/mavros_msgs/include/mavros_msgs/mavros_msgs/msg/detail/status_event__type_support.h
[1.946s] -- Up-to-date symlink: /home/nvidia/acfly_ws/install/mavros_msgs/include/mavros_msgs/mavros_msgs/msg/detail/status_text__functions.h
[1.947s] -- Up-to-date symlink: /home/nvidia/acfly_ws/install/mavros_msgs/include/mavros_msgs/mavros_msgs/msg/detail/status_text__struct.h
[1.947s] -- Up-to-date symlink: /home/nvidia/acfly_ws/install/mavros_msgs/include/mavros_msgs/mavros_msgs/msg/detail/status_text__type_support.h
[1.947s] -- Up-to-date symlink: /home/nvidia/acfly_ws/install/mavros_msgs/include/mavros_msgs/mavros_msgs/msg/detail/sys_status__functions.h
[1.947s] -- Up-to-date symlink: /home/nvidia/acfly_ws/install/mavros_msgs/include/mavros_msgs/mavros_msgs/msg/detail/sys_status__struct.h
[1.948s] -- Up-to-date symlink: /home/nvidia/acfly_ws/install/mavros_msgs/include/mavros_msgs/mavros_msgs/msg/detail/sys_status__type_support.h
[1.948s] -- Up-to-date symlink: /home/nvidia/acfly_ws/install/mavros_msgs/include/mavros_msgs/mavros_msgs/msg/detail/terrain_report__functions.h
[1.948s] -- Up-to-date symlink: /home/nvidia/acfly_ws/install/mavros_msgs/include/mavros_msgs/mavros_msgs/msg/detail/terrain_report__struct.h
[1.948s] -- Up-to-date symlink: /home/nvidia/acfly_ws/install/mavros_msgs/include/mavros_msgs/mavros_msgs/msg/detail/terrain_report__type_support.h
[1.948s] -- Up-to-date symlink: /home/nvidia/acfly_ws/install/mavros_msgs/include/mavros_msgs/mavros_msgs/msg/detail/thrust__functions.h
[1.949s] -- Up-to-date symlink: /home/nvidia/acfly_ws/install/mavros_msgs/include/mavros_msgs/mavros_msgs/msg/detail/thrust__struct.h
[1.949s] -- Up-to-date symlink: /home/nvidia/acfly_ws/install/mavros_msgs/include/mavros_msgs/mavros_msgs/msg/detail/thrust__type_support.h
[1.949s] -- Up-to-date symlink: /home/nvidia/acfly_ws/install/mavros_msgs/include/mavros_msgs/mavros_msgs/msg/detail/timesync_status__functions.h
[1.949s] -- Up-to-date symlink: /home/nvidia/acfly_ws/install/mavros_msgs/include/mavros_msgs/mavros_msgs/msg/detail/timesync_status__struct.h
[1.950s] -- Up-to-date symlink: /home/nvidia/acfly_ws/install/mavros_msgs/include/mavros_msgs/mavros_msgs/msg/detail/timesync_status__type_support.h
[1.950s] -- Up-to-date symlink: /home/nvidia/acfly_ws/install/mavros_msgs/include/mavros_msgs/mavros_msgs/msg/detail/trajectory__functions.h
[1.950s] -- Up-to-date symlink: /home/nvidia/acfly_ws/install/mavros_msgs/include/mavros_msgs/mavros_msgs/msg/detail/trajectory__struct.h
[1.951s] -- Up-to-date symlink: /home/nvidia/acfly_ws/install/mavros_msgs/include/mavros_msgs/mavros_msgs/msg/detail/trajectory__type_support.h
[1.951s] -- Up-to-date symlink: /home/nvidia/acfly_ws/install/mavros_msgs/include/mavros_msgs/mavros_msgs/msg/detail/tunnel__functions.h
[1.951s] -- Up-to-date symlink: /home/nvidia/acfly_ws/install/mavros_msgs/include/mavros_msgs/mavros_msgs/msg/detail/tunnel__struct.h
[1.952s] -- Up-to-date symlink: /home/nvidia/acfly_ws/install/mavros_msgs/include/mavros_msgs/mavros_msgs/msg/detail/tunnel__type_support.h
[1.952s] -- Up-to-date symlink: /home/nvidia/acfly_ws/install/mavros_msgs/include/mavros_msgs/mavros_msgs/msg/detail/vehicle_info__functions.h
[1.952s] -- Up-to-date symlink: /home/nvidia/acfly_ws/install/mavros_msgs/include/mavros_msgs/mavros_msgs/msg/detail/vehicle_info__struct.h
[1.953s] -- Up-to-date symlink: /home/nvidia/acfly_ws/install/mavros_msgs/include/mavros_msgs/mavros_msgs/msg/detail/vehicle_info__type_support.h
[1.953s] -- Up-to-date symlink: /home/nvidia/acfly_ws/install/mavros_msgs/include/mavros_msgs/mavros_msgs/msg/detail/vfr_hud__functions.h
[1.953s] -- Up-to-date symlink: /home/nvidia/acfly_ws/install/mavros_msgs/include/mavros_msgs/mavros_msgs/msg/detail/vfr_hud__struct.h
[1.953s] -- Up-to-date symlink: /home/nvidia/acfly_ws/install/mavros_msgs/include/mavros_msgs/mavros_msgs/msg/detail/vfr_hud__type_support.h
[1.954s] -- Up-to-date symlink: /home/nvidia/acfly_ws/install/mavros_msgs/include/mavros_msgs/mavros_msgs/msg/detail/vibration__functions.h
[1.954s] -- Up-to-date symlink: /home/nvidia/acfly_ws/install/mavros_msgs/include/mavros_msgs/mavros_msgs/msg/detail/vibration__struct.h
[1.954s] -- Up-to-date symlink: /home/nvidia/acfly_ws/install/mavros_msgs/include/mavros_msgs/mavros_msgs/msg/detail/vibration__type_support.h
[1.955s] -- Up-to-date symlink: /home/nvidia/acfly_ws/install/mavros_msgs/include/mavros_msgs/mavros_msgs/msg/detail/waypoint__functions.h
[1.955s] -- Up-to-date symlink: /home/nvidia/acfly_ws/install/mavros_msgs/include/mavros_msgs/mavros_msgs/msg/detail/waypoint__struct.h
[1.955s] -- Up-to-date symlink: /home/nvidia/acfly_ws/install/mavros_msgs/include/mavros_msgs/mavros_msgs/msg/detail/waypoint__type_support.h
[1.955s] -- Up-to-date symlink: /home/nvidia/acfly_ws/install/mavros_msgs/include/mavros_msgs/mavros_msgs/msg/detail/waypoint_list__functions.h
[1.956s] -- Up-to-date symlink: /home/nvidia/acfly_ws/install/mavros_msgs/include/mavros_msgs/mavros_msgs/msg/detail/waypoint_list__struct.h
[1.956s] -- Up-to-date symlink: /home/nvidia/acfly_ws/install/mavros_msgs/include/mavros_msgs/mavros_msgs/msg/detail/waypoint_list__type_support.h
[1.957s] -- Up-to-date symlink: /home/nvidia/acfly_ws/install/mavros_msgs/include/mavros_msgs/mavros_msgs/msg/detail/waypoint_reached__functions.h
[1.957s] -- Up-to-date symlink: /home/nvidia/acfly_ws/install/mavros_msgs/include/mavros_msgs/mavros_msgs/msg/detail/waypoint_reached__struct.h
[1.957s] -- Up-to-date symlink: /home/nvidia/acfly_ws/install/mavros_msgs/include/mavros_msgs/mavros_msgs/msg/detail/waypoint_reached__type_support.h
[1.958s] -- Up-to-date symlink: /home/nvidia/acfly_ws/install/mavros_msgs/include/mavros_msgs/mavros_msgs/msg/detail/wheel_odom_stamped__functions.h
[1.958s] -- Up-to-date symlink: /home/nvidia/acfly_ws/install/mavros_msgs/include/mavros_msgs/mavros_msgs/msg/detail/wheel_odom_stamped__struct.h
[1.958s] -- Up-to-date symlink: /home/nvidia/acfly_ws/install/mavros_msgs/include/mavros_msgs/mavros_msgs/msg/detail/wheel_odom_stamped__type_support.h
[1.958s] -- Up-to-date symlink: /home/nvidia/acfly_ws/install/mavros_msgs/include/mavros_msgs/mavros_msgs/msg/esc_info.h
[1.959s] -- Up-to-date symlink: /home/nvidia/acfly_ws/install/mavros_msgs/include/mavros_msgs/mavros_msgs/msg/esc_info_item.h
[1.959s] -- Up-to-date symlink: /home/nvidia/acfly_ws/install/mavros_msgs/include/mavros_msgs/mavros_msgs/msg/esc_status.h
[1.959s] -- Up-to-date symlink: /home/nvidia/acfly_ws/install/mavros_msgs/include/mavros_msgs/mavros_msgs/msg/esc_status_item.h
[1.960s] -- Up-to-date symlink: /home/nvidia/acfly_ws/install/mavros_msgs/include/mavros_msgs/mavros_msgs/msg/esc_telemetry.h
[1.960s] -- Up-to-date symlink: /home/nvidia/acfly_ws/install/mavros_msgs/include/mavros_msgs/mavros_msgs/msg/esc_telemetry_item.h
[1.960s] -- Up-to-date symlink: /home/nvidia/acfly_ws/install/mavros_msgs/include/mavros_msgs/mavros_msgs/msg/estimator_status.h
[1.961s] -- Up-to-date symlink: /home/nvidia/acfly_ws/install/mavros_msgs/include/mavros_msgs/mavros_msgs/msg/extended_state.h
[1.962s] -- Up-to-date symlink: /home/nvidia/acfly_ws/install/mavros_msgs/include/mavros_msgs/mavros_msgs/msg/file_entry.h
[1.962s] -- Up-to-date symlink: /home/nvidia/acfly_ws/install/mavros_msgs/include/mavros_msgs/mavros_msgs/msg/gimbal_device_attitude_status.h
[1.963s] -- Up-to-date symlink: /home/nvidia/acfly_ws/install/mavros_msgs/include/mavros_msgs/mavros_msgs/msg/gimbal_device_information.h
[1.964s] -- Up-to-date symlink: /home/nvidia/acfly_ws/install/mavros_msgs/include/mavros_msgs/mavros_msgs/msg/gimbal_device_set_attitude.h
[1.964s] -- Up-to-date symlink: /home/nvidia/acfly_ws/install/mavros_msgs/include/mavros_msgs/mavros_msgs/msg/gimbal_manager_information.h
[1.964s] -- Up-to-date symlink: /home/nvidia/acfly_ws/install/mavros_msgs/include/mavros_msgs/mavros_msgs/msg/gimbal_manager_set_attitude.h
[1.964s] -- Up-to-date symlink: /home/nvidia/acfly_ws/install/mavros_msgs/include/mavros_msgs/mavros_msgs/msg/gimbal_manager_set_pitchyaw.h
[1.965s] -- Up-to-date symlink: /home/nvidia/acfly_ws/install/mavros_msgs/include/mavros_msgs/mavros_msgs/msg/gimbal_manager_status.h
[1.965s] -- Up-to-date symlink: /home/nvidia/acfly_ws/install/mavros_msgs/include/mavros_msgs/mavros_msgs/msg/global_position_target.h
[1.965s] -- Up-to-date symlink: /home/nvidia/acfly_ws/install/mavros_msgs/include/mavros_msgs/mavros_msgs/msg/gpsinput.h
[1.966s] -- Up-to-date symlink: /home/nvidia/acfly_ws/install/mavros_msgs/include/mavros_msgs/mavros_msgs/msg/gpsraw.h
[1.966s] -- Up-to-date symlink: /home/nvidia/acfly_ws/install/mavros_msgs/include/mavros_msgs/mavros_msgs/msg/gpsrtk.h
[1.966s] -- Up-to-date symlink: /home/nvidia/acfly_ws/install/mavros_msgs/include/mavros_msgs/mavros_msgs/msg/hil_actuator_controls.h
[1.967s] -- Up-to-date symlink: /home/nvidia/acfly_ws/install/mavros_msgs/include/mavros_msgs/mavros_msgs/msg/hil_controls.h
[1.967s] -- Up-to-date symlink: /home/nvidia/acfly_ws/install/mavros_msgs/include/mavros_msgs/mavros_msgs/msg/hil_gps.h
[1.967s] -- Up-to-date symlink: /home/nvidia/acfly_ws/install/mavros_msgs/include/mavros_msgs/mavros_msgs/msg/hil_sensor.h
[1.968s] -- Up-to-date symlink: /home/nvidia/acfly_ws/install/mavros_msgs/include/mavros_msgs/mavros_msgs/msg/hil_state_quaternion.h
[1.968s] -- Up-to-date symlink: /home/nvidia/acfly_ws/install/mavros_msgs/include/mavros_msgs/mavros_msgs/msg/home_position.h
[1.968s] -- Up-to-date symlink: /home/nvidia/acfly_ws/install/mavros_msgs/include/mavros_msgs/mavros_msgs/msg/landing_target.h
[1.968s] -- Up-to-date symlink: /home/nvidia/acfly_ws/install/mavros_msgs/include/mavros_msgs/mavros_msgs/msg/log_data.h
[1.969s] -- Up-to-date symlink: /home/nvidia/acfly_ws/install/mavros_msgs/include/mavros_msgs/mavros_msgs/msg/log_entry.h
[1.969s] -- Up-to-date symlink: /home/nvidia/acfly_ws/install/mavros_msgs/include/mavros_msgs/mavros_msgs/msg/magnetometer_reporter.h
[1.969s] -- Up-to-date symlink: /home/nvidia/acfly_ws/install/mavros_msgs/include/mavros_msgs/mavros_msgs/msg/manual_control.h
[1.969s] -- Up-to-date symlink: /home/nvidia/acfly_ws/install/mavros_msgs/include/mavros_msgs/mavros_msgs/msg/mavlink.h
[1.970s] -- Up-to-date symlink: /home/nvidia/acfly_ws/install/mavros_msgs/include/mavros_msgs/mavros_msgs/msg/mount_control.h
[1.970s] -- Up-to-date symlink: /home/nvidia/acfly_ws/install/mavros_msgs/include/mavros_msgs/mavros_msgs/msg/nav_controller_output.h
[1.970s] -- Up-to-date symlink: /home/nvidia/acfly_ws/install/mavros_msgs/include/mavros_msgs/mavros_msgs/msg/onboard_computer_status.h
[1.970s] -- Up-to-date symlink: /home/nvidia/acfly_ws/install/mavros_msgs/include/mavros_msgs/mavros_msgs/msg/open_drone_id_basic_id.h
[1.970s] -- Up-to-date symlink: /home/nvidia/acfly_ws/install/mavros_msgs/include/mavros_msgs/mavros_msgs/msg/open_drone_id_operator_id.h
[1.970s] -- Up-to-date symlink: /home/nvidia/acfly_ws/install/mavros_msgs/include/mavros_msgs/mavros_msgs/msg/open_drone_id_self_id.h
[1.971s] -- Up-to-date symlink: /home/nvidia/acfly_ws/install/mavros_msgs/include/mavros_msgs/mavros_msgs/msg/open_drone_id_system.h
[1.971s] -- Up-to-date symlink: /home/nvidia/acfly_ws/install/mavros_msgs/include/mavros_msgs/mavros_msgs/msg/open_drone_id_system_update.h
[1.971s] -- Up-to-date symlink: /home/nvidia/acfly_ws/install/mavros_msgs/include/mavros_msgs/mavros_msgs/msg/optical_flow.h
[1.971s] -- Up-to-date symlink: /home/nvidia/acfly_ws/install/mavros_msgs/include/mavros_msgs/mavros_msgs/msg/optical_flow_rad.h
[1.971s] -- Up-to-date symlink: /home/nvidia/acfly_ws/install/mavros_msgs/include/mavros_msgs/mavros_msgs/msg/override_rc_in.h
[1.971s] -- Up-to-date symlink: /home/nvidia/acfly_ws/install/mavros_msgs/include/mavros_msgs/mavros_msgs/msg/param.h
[1.971s] -- Up-to-date symlink: /home/nvidia/acfly_ws/install/mavros_msgs/include/mavros_msgs/mavros_msgs/msg/param_event.h
[1.971s] -- Up-to-date symlink: /home/nvidia/acfly_ws/install/mavros_msgs/include/mavros_msgs/mavros_msgs/msg/param_value.h
[1.971s] -- Up-to-date symlink: /home/nvidia/acfly_ws/install/mavros_msgs/include/mavros_msgs/mavros_msgs/msg/play_tune_v2.h
[1.971s] -- Up-to-date symlink: /home/nvidia/acfly_ws/install/mavros_msgs/include/mavros_msgs/mavros_msgs/msg/position_target.h
[1.972s] -- Up-to-date symlink: /home/nvidia/acfly_ws/install/mavros_msgs/include/mavros_msgs/mavros_msgs/msg/radio_status.h
[1.972s] -- Up-to-date symlink: /home/nvidia/acfly_ws/install/mavros_msgs/include/mavros_msgs/mavros_msgs/msg/rc_in.h
[1.972s] -- Up-to-date symlink: /home/nvidia/acfly_ws/install/mavros_msgs/include/mavros_msgs/mavros_msgs/msg/rc_out.h
[1.972s] -- Up-to-date symlink: /home/nvidia/acfly_ws/install/mavros_msgs/include/mavros_msgs/mavros_msgs/msg/rosidl_generator_c__visibility_control.h
[1.972s] -- Up-to-date symlink: /home/nvidia/acfly_ws/install/mavros_msgs/include/mavros_msgs/mavros_msgs/msg/rtcm.h
[1.972s] -- Up-to-date symlink: /home/nvidia/acfly_ws/install/mavros_msgs/include/mavros_msgs/mavros_msgs/msg/rtk_baseline.h
[1.972s] -- Up-to-date symlink: /home/nvidia/acfly_ws/install/mavros_msgs/include/mavros_msgs/mavros_msgs/msg/state.h
[1.972s] -- Up-to-date symlink: /home/nvidia/acfly_ws/install/mavros_msgs/include/mavros_msgs/mavros_msgs/msg/status_event.h
[1.972s] -- Up-to-date symlink: /home/nvidia/acfly_ws/install/mavros_msgs/include/mavros_msgs/mavros_msgs/msg/status_text.h
[1.973s] -- Up-to-date symlink: /home/nvidia/acfly_ws/install/mavros_msgs/include/mavros_msgs/mavros_msgs/msg/sys_status.h
[1.973s] -- Up-to-date symlink: /home/nvidia/acfly_ws/install/mavros_msgs/include/mavros_msgs/mavros_msgs/msg/terrain_report.h
[1.973s] -- Up-to-date symlink: /home/nvidia/acfly_ws/install/mavros_msgs/include/mavros_msgs/mavros_msgs/msg/thrust.h
[1.973s] -- Up-to-date symlink: /home/nvidia/acfly_ws/install/mavros_msgs/include/mavros_msgs/mavros_msgs/msg/timesync_status.h
[1.973s] -- Up-to-date symlink: /home/nvidia/acfly_ws/install/mavros_msgs/include/mavros_msgs/mavros_msgs/msg/trajectory.h
[1.973s] -- Up-to-date symlink: /home/nvidia/acfly_ws/install/mavros_msgs/include/mavros_msgs/mavros_msgs/msg/tunnel.h
[1.973s] -- Up-to-date symlink: /home/nvidia/acfly_ws/install/mavros_msgs/include/mavros_msgs/mavros_msgs/msg/vehicle_info.h
[1.973s] -- Up-to-date symlink: /home/nvidia/acfly_ws/install/mavros_msgs/include/mavros_msgs/mavros_msgs/msg/vfr_hud.h
[1.973s] -- Up-to-date symlink: /home/nvidia/acfly_ws/install/mavros_msgs/include/mavros_msgs/mavros_msgs/msg/vibration.h
[1.974s] -- Up-to-date symlink: /home/nvidia/acfly_ws/install/mavros_msgs/include/mavros_msgs/mavros_msgs/msg/waypoint.h
[1.974s] -- Up-to-date symlink: /home/nvidia/acfly_ws/install/mavros_msgs/include/mavros_msgs/mavros_msgs/msg/waypoint_list.h
[1.974s] -- Up-to-date symlink: /home/nvidia/acfly_ws/install/mavros_msgs/include/mavros_msgs/mavros_msgs/msg/waypoint_reached.h
[1.974s] -- Up-to-date symlink: /home/nvidia/acfly_ws/install/mavros_msgs/include/mavros_msgs/mavros_msgs/msg/wheel_odom_stamped.h
[1.974s] -- Up-to-date symlink: /home/nvidia/acfly_ws/install/mavros_msgs/include/mavros_msgs/mavros_msgs/srv/command_ack.h
[1.974s] -- Up-to-date symlink: /home/nvidia/acfly_ws/install/mavros_msgs/include/mavros_msgs/mavros_msgs/srv/command_bool.h
[1.974s] -- Up-to-date symlink: /home/nvidia/acfly_ws/install/mavros_msgs/include/mavros_msgs/mavros_msgs/srv/command_home.h
[1.974s] -- Up-to-date symlink: /home/nvidia/acfly_ws/install/mavros_msgs/include/mavros_msgs/mavros_msgs/srv/command_int.h
[1.974s] -- Up-to-date symlink: /home/nvidia/acfly_ws/install/mavros_msgs/include/mavros_msgs/mavros_msgs/srv/command_long.h
[1.975s] -- Up-to-date symlink: /home/nvidia/acfly_ws/install/mavros_msgs/include/mavros_msgs/mavros_msgs/srv/command_tol.h
[1.975s] -- Up-to-date symlink: /home/nvidia/acfly_ws/install/mavros_msgs/include/mavros_msgs/mavros_msgs/srv/command_tol_local.h
[1.975s] -- Up-to-date symlink: /home/nvidia/acfly_ws/install/mavros_msgs/include/mavros_msgs/mavros_msgs/srv/command_trigger_control.h
[1.975s] -- Up-to-date symlink: /home/nvidia/acfly_ws/install/mavros_msgs/include/mavros_msgs/mavros_msgs/srv/command_trigger_interval.h
[1.975s] -- Up-to-date symlink: /home/nvidia/acfly_ws/install/mavros_msgs/include/mavros_msgs/mavros_msgs/srv/command_vtol_transition.h
[1.975s] -- Up-to-date symlink: /home/nvidia/acfly_ws/install/mavros_msgs/include/mavros_msgs/mavros_msgs/srv/detail/command_ack__functions.h
[1.975s] -- Up-to-date symlink: /home/nvidia/acfly_ws/install/mavros_msgs/include/mavros_msgs/mavros_msgs/srv/detail/command_ack__struct.h
[1.975s] -- Up-to-date symlink: /home/nvidia/acfly_ws/install/mavros_msgs/include/mavros_msgs/mavros_msgs/srv/detail/command_ack__type_support.h
[1.976s] -- Up-to-date symlink: /home/nvidia/acfly_ws/install/mavros_msgs/include/mavros_msgs/mavros_msgs/srv/detail/command_bool__functions.h
[1.976s] -- Up-to-date symlink: /home/nvidia/acfly_ws/install/mavros_msgs/include/mavros_msgs/mavros_msgs/srv/detail/command_bool__struct.h
[1.976s] -- Up-to-date symlink: /home/nvidia/acfly_ws/install/mavros_msgs/include/mavros_msgs/mavros_msgs/srv/detail/command_bool__type_support.h
[1.976s] -- Up-to-date symlink: /home/nvidia/acfly_ws/install/mavros_msgs/include/mavros_msgs/mavros_msgs/srv/detail/command_home__functions.h
[1.976s] -- Up-to-date symlink: /home/nvidia/acfly_ws/install/mavros_msgs/include/mavros_msgs/mavros_msgs/srv/detail/command_home__struct.h
[1.976s] -- Up-to-date symlink: /home/nvidia/acfly_ws/install/mavros_msgs/include/mavros_msgs/mavros_msgs/srv/detail/command_home__type_support.h
[1.976s] -- Up-to-date symlink: /home/nvidia/acfly_ws/install/mavros_msgs/include/mavros_msgs/mavros_msgs/srv/detail/command_int__functions.h
[1.976s] -- Up-to-date symlink: /home/nvidia/acfly_ws/install/mavros_msgs/include/mavros_msgs/mavros_msgs/srv/detail/command_int__struct.h
[1.976s] -- Up-to-date symlink: /home/nvidia/acfly_ws/install/mavros_msgs/include/mavros_msgs/mavros_msgs/srv/detail/command_int__type_support.h
[1.977s] -- Up-to-date symlink: /home/nvidia/acfly_ws/install/mavros_msgs/include/mavros_msgs/mavros_msgs/srv/detail/command_long__functions.h
[1.977s] -- Up-to-date symlink: /home/nvidia/acfly_ws/install/mavros_msgs/include/mavros_msgs/mavros_msgs/srv/detail/command_long__struct.h
[1.977s] -- Up-to-date symlink: /home/nvidia/acfly_ws/install/mavros_msgs/include/mavros_msgs/mavros_msgs/srv/detail/command_long__type_support.h
[1.977s] -- Up-to-date symlink: /home/nvidia/acfly_ws/install/mavros_msgs/include/mavros_msgs/mavros_msgs/srv/detail/command_tol__functions.h
[1.977s] -- Up-to-date symlink: /home/nvidia/acfly_ws/install/mavros_msgs/include/mavros_msgs/mavros_msgs/srv/detail/command_tol__struct.h
[1.977s] -- Up-to-date symlink: /home/nvidia/acfly_ws/install/mavros_msgs/include/mavros_msgs/mavros_msgs/srv/detail/command_tol__type_support.h
[1.977s] -- Up-to-date symlink: /home/nvidia/acfly_ws/install/mavros_msgs/include/mavros_msgs/mavros_msgs/srv/detail/command_tol_local__functions.h
[1.977s] -- Up-to-date symlink: /home/nvidia/acfly_ws/install/mavros_msgs/include/mavros_msgs/mavros_msgs/srv/detail/command_tol_local__struct.h
[1.977s] -- Up-to-date symlink: /home/nvidia/acfly_ws/install/mavros_msgs/include/mavros_msgs/mavros_msgs/srv/detail/command_tol_local__type_support.h
[1.977s] -- Up-to-date symlink: /home/nvidia/acfly_ws/install/mavros_msgs/include/mavros_msgs/mavros_msgs/srv/detail/command_trigger_control__functions.h
[1.978s] -- Up-to-date symlink: /home/nvidia/acfly_ws/install/mavros_msgs/include/mavros_msgs/mavros_msgs/srv/detail/command_trigger_control__struct.h
[1.978s] -- Up-to-date symlink: /home/nvidia/acfly_ws/install/mavros_msgs/include/mavros_msgs/mavros_msgs/srv/detail/command_trigger_control__type_support.h
[1.978s] -- Up-to-date symlink: /home/nvidia/acfly_ws/install/mavros_msgs/include/mavros_msgs/mavros_msgs/srv/detail/command_trigger_interval__functions.h
[1.978s] -- Up-to-date symlink: /home/nvidia/acfly_ws/install/mavros_msgs/include/mavros_msgs/mavros_msgs/srv/detail/command_trigger_interval__struct.h
[1.978s] -- Up-to-date symlink: /home/nvidia/acfly_ws/install/mavros_msgs/include/mavros_msgs/mavros_msgs/srv/detail/command_trigger_interval__type_support.h
[1.978s] -- Up-to-date symlink: /home/nvidia/acfly_ws/install/mavros_msgs/include/mavros_msgs/mavros_msgs/srv/detail/command_vtol_transition__functions.h
[1.978s] -- Up-to-date symlink: /home/nvidia/acfly_ws/install/mavros_msgs/include/mavros_msgs/mavros_msgs/srv/detail/command_vtol_transition__struct.h
[1.978s] -- Up-to-date symlink: /home/nvidia/acfly_ws/install/mavros_msgs/include/mavros_msgs/mavros_msgs/srv/detail/command_vtol_transition__type_support.h
[1.979s] -- Up-to-date symlink: /home/nvidia/acfly_ws/install/mavros_msgs/include/mavros_msgs/mavros_msgs/srv/detail/endpoint_add__functions.h
[1.979s] -- Up-to-date symlink: /home/nvidia/acfly_ws/install/mavros_msgs/include/mavros_msgs/mavros_msgs/srv/detail/endpoint_add__struct.h
[1.979s] -- Up-to-date symlink: /home/nvidia/acfly_ws/install/mavros_msgs/include/mavros_msgs/mavros_msgs/srv/detail/endpoint_add__type_support.h
[1.980s] -- Up-to-date symlink: /home/nvidia/acfly_ws/install/mavros_msgs/include/mavros_msgs/mavros_msgs/srv/detail/endpoint_del__functions.h
[1.980s] -- Up-to-date symlink: /home/nvidia/acfly_ws/install/mavros_msgs/include/mavros_msgs/mavros_msgs/srv/detail/endpoint_del__struct.h
[1.980s] -- Up-to-date symlink: /home/nvidia/acfly_ws/install/mavros_msgs/include/mavros_msgs/mavros_msgs/srv/detail/endpoint_del__type_support.h
[1.980s] -- Up-to-date symlink: /home/nvidia/acfly_ws/install/mavros_msgs/include/mavros_msgs/mavros_msgs/srv/detail/file_checksum__functions.h
[1.980s] -- Up-to-date symlink: /home/nvidia/acfly_ws/install/mavros_msgs/include/mavros_msgs/mavros_msgs/srv/detail/file_checksum__struct.h
[1.981s] -- Up-to-date symlink: /home/nvidia/acfly_ws/install/mavros_msgs/include/mavros_msgs/mavros_msgs/srv/detail/file_checksum__type_support.h
[1.981s] -- Up-to-date symlink: /home/nvidia/acfly_ws/install/mavros_msgs/include/mavros_msgs/mavros_msgs/srv/detail/file_close__functions.h
[1.981s] -- Up-to-date symlink: /home/nvidia/acfly_ws/install/mavros_msgs/include/mavros_msgs/mavros_msgs/srv/detail/file_close__struct.h
[1.981s] -- Up-to-date symlink: /home/nvidia/acfly_ws/install/mavros_msgs/include/mavros_msgs/mavros_msgs/srv/detail/file_close__type_support.h
[1.981s] -- Up-to-date symlink: /home/nvidia/acfly_ws/install/mavros_msgs/include/mavros_msgs/mavros_msgs/srv/detail/file_list__functions.h
[1.981s] -- Up-to-date symlink: /home/nvidia/acfly_ws/install/mavros_msgs/include/mavros_msgs/mavros_msgs/srv/detail/file_list__struct.h
[1.982s] -- Up-to-date symlink: /home/nvidia/acfly_ws/install/mavros_msgs/include/mavros_msgs/mavros_msgs/srv/detail/file_list__type_support.h
[1.982s] -- Up-to-date symlink: /home/nvidia/acfly_ws/install/mavros_msgs/include/mavros_msgs/mavros_msgs/srv/detail/file_make_dir__functions.h
[1.982s] -- Up-to-date symlink: /home/nvidia/acfly_ws/install/mavros_msgs/include/mavros_msgs/mavros_msgs/srv/detail/file_make_dir__struct.h
[1.982s] -- Up-to-date symlink: /home/nvidia/acfly_ws/install/mavros_msgs/include/mavros_msgs/mavros_msgs/srv/detail/file_make_dir__type_support.h
[1.982s] -- Up-to-date symlink: /home/nvidia/acfly_ws/install/mavros_msgs/include/mavros_msgs/mavros_msgs/srv/detail/file_open__functions.h
[1.982s] -- Up-to-date symlink: /home/nvidia/acfly_ws/install/mavros_msgs/include/mavros_msgs/mavros_msgs/srv/detail/file_open__struct.h
[1.982s] -- Up-to-date symlink: /home/nvidia/acfly_ws/install/mavros_msgs/include/mavros_msgs/mavros_msgs/srv/detail/file_open__type_support.h
[1.982s] -- Up-to-date symlink: /home/nvidia/acfly_ws/install/mavros_msgs/include/mavros_msgs/mavros_msgs/srv/detail/file_read__functions.h
[1.982s] -- Up-to-date symlink: /home/nvidia/acfly_ws/install/mavros_msgs/include/mavros_msgs/mavros_msgs/srv/detail/file_read__struct.h
[1.983s] -- Up-to-date symlink: /home/nvidia/acfly_ws/install/mavros_msgs/include/mavros_msgs/mavros_msgs/srv/detail/file_read__type_support.h
[1.983s] -- Up-to-date symlink: /home/nvidia/acfly_ws/install/mavros_msgs/include/mavros_msgs/mavros_msgs/srv/detail/file_remove__functions.h
[1.983s] -- Up-to-date symlink: /home/nvidia/acfly_ws/install/mavros_msgs/include/mavros_msgs/mavros_msgs/srv/detail/file_remove__struct.h
[1.983s] -- Up-to-date symlink: /home/nvidia/acfly_ws/install/mavros_msgs/include/mavros_msgs/mavros_msgs/srv/detail/file_remove__type_support.h
[1.983s] -- Up-to-date symlink: /home/nvidia/acfly_ws/install/mavros_msgs/include/mavros_msgs/mavros_msgs/srv/detail/file_remove_dir__functions.h
[1.983s] -- Up-to-date symlink: /home/nvidia/acfly_ws/install/mavros_msgs/include/mavros_msgs/mavros_msgs/srv/detail/file_remove_dir__struct.h
[1.983s] -- Up-to-date symlink: /home/nvidia/acfly_ws/install/mavros_msgs/include/mavros_msgs/mavros_msgs/srv/detail/file_remove_dir__type_support.h
[1.983s] -- Up-to-date symlink: /home/nvidia/acfly_ws/install/mavros_msgs/include/mavros_msgs/mavros_msgs/srv/detail/file_rename__functions.h
[1.984s] -- Up-to-date symlink: /home/nvidia/acfly_ws/install/mavros_msgs/include/mavros_msgs/mavros_msgs/srv/detail/file_rename__struct.h
[1.984s] -- Up-to-date symlink: /home/nvidia/acfly_ws/install/mavros_msgs/include/mavros_msgs/mavros_msgs/srv/detail/file_rename__type_support.h
[1.984s] -- Up-to-date symlink: /home/nvidia/acfly_ws/install/mavros_msgs/include/mavros_msgs/mavros_msgs/srv/detail/file_truncate__functions.h
[1.984s] -- Up-to-date symlink: /home/nvidia/acfly_ws/install/mavros_msgs/include/mavros_msgs/mavros_msgs/srv/detail/file_truncate__struct.h
[1.984s] -- Up-to-date symlink: /home/nvidia/acfly_ws/install/mavros_msgs/include/mavros_msgs/mavros_msgs/srv/detail/file_truncate__type_support.h
[1.984s] -- Up-to-date symlink: /home/nvidia/acfly_ws/install/mavros_msgs/include/mavros_msgs/mavros_msgs/srv/detail/file_write__functions.h
[1.984s] -- Up-to-date symlink: /home/nvidia/acfly_ws/install/mavros_msgs/include/mavros_msgs/mavros_msgs/srv/detail/file_write__struct.h
[1.984s] -- Up-to-date symlink: /home/nvidia/acfly_ws/install/mavros_msgs/include/mavros_msgs/mavros_msgs/srv/detail/file_write__type_support.h
[1.984s] -- Up-to-date symlink: /home/nvidia/acfly_ws/install/mavros_msgs/include/mavros_msgs/mavros_msgs/srv/detail/gimbal_get_information__functions.h
[1.985s] -- Up-to-date symlink: /home/nvidia/acfly_ws/install/mavros_msgs/include/mavros_msgs/mavros_msgs/srv/detail/gimbal_get_information__struct.h
[1.985s] -- Up-to-date symlink: /home/nvidia/acfly_ws/install/mavros_msgs/include/mavros_msgs/mavros_msgs/srv/detail/gimbal_get_information__type_support.h
[1.985s] -- Up-to-date symlink: /home/nvidia/acfly_ws/install/mavros_msgs/include/mavros_msgs/mavros_msgs/srv/detail/gimbal_manager_camera_track__functions.h
[1.985s] -- Up-to-date symlink: /home/nvidia/acfly_ws/install/mavros_msgs/include/mavros_msgs/mavros_msgs/srv/detail/gimbal_manager_camera_track__struct.h
[1.985s] -- Up-to-date symlink: /home/nvidia/acfly_ws/install/mavros_msgs/include/mavros_msgs/mavros_msgs/srv/detail/gimbal_manager_camera_track__type_support.h
[1.985s] -- Up-to-date symlink: /home/nvidia/acfly_ws/install/mavros_msgs/include/mavros_msgs/mavros_msgs/srv/detail/gimbal_manager_configure__functions.h
[1.985s] -- Up-to-date symlink: /home/nvidia/acfly_ws/install/mavros_msgs/include/mavros_msgs/mavros_msgs/srv/detail/gimbal_manager_configure__struct.h
[1.986s] -- Up-to-date symlink: /home/nvidia/acfly_ws/install/mavros_msgs/include/mavros_msgs/mavros_msgs/srv/detail/gimbal_manager_configure__type_support.h
[1.986s] -- Up-to-date symlink: /home/nvidia/acfly_ws/install/mavros_msgs/include/mavros_msgs/mavros_msgs/srv/detail/gimbal_manager_pitchyaw__functions.h
[1.986s] -- Up-to-date symlink: /home/nvidia/acfly_ws/install/mavros_msgs/include/mavros_msgs/mavros_msgs/srv/detail/gimbal_manager_pitchyaw__struct.h
[1.986s] -- Up-to-date symlink: /home/nvidia/acfly_ws/install/mavros_msgs/include/mavros_msgs/mavros_msgs/srv/detail/gimbal_manager_pitchyaw__type_support.h
[1.986s] -- Up-to-date symlink: /home/nvidia/acfly_ws/install/mavros_msgs/include/mavros_msgs/mavros_msgs/srv/detail/gimbal_manager_set_roi__functions.h
[1.986s] -- Up-to-date symlink: /home/nvidia/acfly_ws/install/mavros_msgs/include/mavros_msgs/mavros_msgs/srv/detail/gimbal_manager_set_roi__struct.h
[1.986s] -- Up-to-date symlink: /home/nvidia/acfly_ws/install/mavros_msgs/include/mavros_msgs/mavros_msgs/srv/detail/gimbal_manager_set_roi__type_support.h
[1.987s] -- Up-to-date symlink: /home/nvidia/acfly_ws/install/mavros_msgs/include/mavros_msgs/mavros_msgs/srv/detail/log_request_data__functions.h
[1.987s] -- Up-to-date symlink: /home/nvidia/acfly_ws/install/mavros_msgs/include/mavros_msgs/mavros_msgs/srv/detail/log_request_data__struct.h
[1.987s] -- Up-to-date symlink: /home/nvidia/acfly_ws/install/mavros_msgs/include/mavros_msgs/mavros_msgs/srv/detail/log_request_data__type_support.h
[1.987s] -- Up-to-date symlink: /home/nvidia/acfly_ws/install/mavros_msgs/include/mavros_msgs/mavros_msgs/srv/detail/log_request_end__functions.h
[1.987s] -- Up-to-date symlink: /home/nvidia/acfly_ws/install/mavros_msgs/include/mavros_msgs/mavros_msgs/srv/detail/log_request_end__struct.h
[1.987s] -- Up-to-date symlink: /home/nvidia/acfly_ws/install/mavros_msgs/include/mavros_msgs/mavros_msgs/srv/detail/log_request_end__type_support.h
[1.987s] -- Up-to-date symlink: /home/nvidia/acfly_ws/install/mavros_msgs/include/mavros_msgs/mavros_msgs/srv/detail/log_request_list__functions.h
[1.987s] -- Up-to-date symlink: /home/nvidia/acfly_ws/install/mavros_msgs/include/mavros_msgs/mavros_msgs/srv/detail/log_request_list__struct.h
[1.988s] -- Up-to-date symlink: /home/nvidia/acfly_ws/install/mavros_msgs/include/mavros_msgs/mavros_msgs/srv/detail/log_request_list__type_support.h
[1.988s] -- Up-to-date symlink: /home/nvidia/acfly_ws/install/mavros_msgs/include/mavros_msgs/mavros_msgs/srv/detail/message_interval__functions.h
[1.988s] -- Up-to-date symlink: /home/nvidia/acfly_ws/install/mavros_msgs/include/mavros_msgs/mavros_msgs/srv/detail/message_interval__struct.h
[1.988s] -- Up-to-date symlink: /home/nvidia/acfly_ws/install/mavros_msgs/include/mavros_msgs/mavros_msgs/srv/detail/message_interval__type_support.h
[1.988s] -- Up-to-date symlink: /home/nvidia/acfly_ws/install/mavros_msgs/include/mavros_msgs/mavros_msgs/srv/detail/mount_configure__functions.h
[1.988s] -- Up-to-date symlink: /home/nvidia/acfly_ws/install/mavros_msgs/include/mavros_msgs/mavros_msgs/srv/detail/mount_configure__struct.h
[1.988s] -- Up-to-date symlink: /home/nvidia/acfly_ws/install/mavros_msgs/include/mavros_msgs/mavros_msgs/srv/detail/mount_configure__type_support.h
[1.988s] -- Up-to-date symlink: /home/nvidia/acfly_ws/install/mavros_msgs/include/mavros_msgs/mavros_msgs/srv/detail/param_get__functions.h
[1.989s] -- Up-to-date symlink: /home/nvidia/acfly_ws/install/mavros_msgs/include/mavros_msgs/mavros_msgs/srv/detail/param_get__struct.h
[1.989s] -- Up-to-date symlink: /home/nvidia/acfly_ws/install/mavros_msgs/include/mavros_msgs/mavros_msgs/srv/detail/param_get__type_support.h
[1.989s] -- Up-to-date symlink: /home/nvidia/acfly_ws/install/mavros_msgs/include/mavros_msgs/mavros_msgs/srv/detail/param_pull__functions.h
[1.989s] -- Up-to-date symlink: /home/nvidia/acfly_ws/install/mavros_msgs/include/mavros_msgs/mavros_msgs/srv/detail/param_pull__struct.h
[1.989s] -- Up-to-date symlink: /home/nvidia/acfly_ws/install/mavros_msgs/include/mavros_msgs/mavros_msgs/srv/detail/param_pull__type_support.h
[1.990s] -- Up-to-date symlink: /home/nvidia/acfly_ws/install/mavros_msgs/include/mavros_msgs/mavros_msgs/srv/detail/param_push__functions.h
[1.990s] -- Up-to-date symlink: /home/nvidia/acfly_ws/install/mavros_msgs/include/mavros_msgs/mavros_msgs/srv/detail/param_push__struct.h
[1.990s] -- Up-to-date symlink: /home/nvidia/acfly_ws/install/mavros_msgs/include/mavros_msgs/mavros_msgs/srv/detail/param_push__type_support.h
[1.990s] -- Up-to-date symlink: /home/nvidia/acfly_ws/install/mavros_msgs/include/mavros_msgs/mavros_msgs/srv/detail/param_set__functions.h
[1.990s] -- Up-to-date symlink: /home/nvidia/acfly_ws/install/mavros_msgs/include/mavros_msgs/mavros_msgs/srv/detail/param_set__struct.h
[1.990s] -- Up-to-date symlink: /home/nvidia/acfly_ws/install/mavros_msgs/include/mavros_msgs/mavros_msgs/srv/detail/param_set__type_support.h
[1.990s] -- Up-to-date symlink: /home/nvidia/acfly_ws/install/mavros_msgs/include/mavros_msgs/mavros_msgs/srv/detail/param_set_v2__functions.h
[1.990s] -- Up-to-date symlink: /home/nvidia/acfly_ws/install/mavros_msgs/include/mavros_msgs/mavros_msgs/srv/detail/param_set_v2__struct.h
[1.991s] -- Up-to-date symlink: /home/nvidia/acfly_ws/install/mavros_msgs/include/mavros_msgs/mavros_msgs/srv/detail/param_set_v2__type_support.h
[1.991s] -- Up-to-date symlink: /home/nvidia/acfly_ws/install/mavros_msgs/include/mavros_msgs/mavros_msgs/srv/detail/set_mav_frame__functions.h
[1.991s] -- Up-to-date symlink: /home/nvidia/acfly_ws/install/mavros_msgs/include/mavros_msgs/mavros_msgs/srv/detail/set_mav_frame__struct.h
[1.991s] -- Up-to-date symlink: /home/nvidia/acfly_ws/install/mavros_msgs/include/mavros_msgs/mavros_msgs/srv/detail/set_mav_frame__type_support.h
[1.991s] -- Up-to-date symlink: /home/nvidia/acfly_ws/install/mavros_msgs/include/mavros_msgs/mavros_msgs/srv/detail/set_mode__functions.h
[1.991s] -- Up-to-date symlink: /home/nvidia/acfly_ws/install/mavros_msgs/include/mavros_msgs/mavros_msgs/srv/detail/set_mode__struct.h
[1.991s] -- Up-to-date symlink: /home/nvidia/acfly_ws/install/mavros_msgs/include/mavros_msgs/mavros_msgs/srv/detail/set_mode__type_support.h
[1.991s] -- Up-to-date symlink: /home/nvidia/acfly_ws/install/mavros_msgs/include/mavros_msgs/mavros_msgs/srv/detail/stream_rate__functions.h
[1.992s] -- Up-to-date symlink: /home/nvidia/acfly_ws/install/mavros_msgs/include/mavros_msgs/mavros_msgs/srv/detail/stream_rate__struct.h
[1.992s] -- Up-to-date symlink: /home/nvidia/acfly_ws/install/mavros_msgs/include/mavros_msgs/mavros_msgs/srv/detail/stream_rate__type_support.h
[1.992s] -- Up-to-date symlink: /home/nvidia/acfly_ws/install/mavros_msgs/include/mavros_msgs/mavros_msgs/srv/detail/vehicle_info_get__functions.h
[1.992s] -- Up-to-date symlink: /home/nvidia/acfly_ws/install/mavros_msgs/include/mavros_msgs/mavros_msgs/srv/detail/vehicle_info_get__struct.h
[1.992s] -- Up-to-date symlink: /home/nvidia/acfly_ws/install/mavros_msgs/include/mavros_msgs/mavros_msgs/srv/detail/vehicle_info_get__type_support.h
[1.992s] -- Up-to-date symlink: /home/nvidia/acfly_ws/install/mavros_msgs/include/mavros_msgs/mavros_msgs/srv/detail/waypoint_clear__functions.h
[1.992s] -- Up-to-date symlink: /home/nvidia/acfly_ws/install/mavros_msgs/include/mavros_msgs/mavros_msgs/srv/detail/waypoint_clear__struct.h
[1.992s] -- Up-to-date symlink: /home/nvidia/acfly_ws/install/mavros_msgs/include/mavros_msgs/mavros_msgs/srv/detail/waypoint_clear__type_support.h
[1.992s] -- Up-to-date symlink: /home/nvidia/acfly_ws/install/mavros_msgs/include/mavros_msgs/mavros_msgs/srv/detail/waypoint_pull__functions.h
[1.993s] -- Up-to-date symlink: /home/nvidia/acfly_ws/install/mavros_msgs/include/mavros_msgs/mavros_msgs/srv/detail/waypoint_pull__struct.h
[1.993s] -- Up-to-date symlink: /home/nvidia/acfly_ws/install/mavros_msgs/include/mavros_msgs/mavros_msgs/srv/detail/waypoint_pull__type_support.h
[1.993s] -- Up-to-date symlink: /home/nvidia/acfly_ws/install/mavros_msgs/include/mavros_msgs/mavros_msgs/srv/detail/waypoint_push__functions.h
[1.993s] -- Up-to-date symlink: /home/nvidia/acfly_ws/install/mavros_msgs/include/mavros_msgs/mavros_msgs/srv/detail/waypoint_push__struct.h
[1.993s] -- Up-to-date symlink: /home/nvidia/acfly_ws/install/mavros_msgs/include/mavros_msgs/mavros_msgs/srv/detail/waypoint_push__type_support.h
[1.993s] -- Up-to-date symlink: /home/nvidia/acfly_ws/install/mavros_msgs/include/mavros_msgs/mavros_msgs/srv/detail/waypoint_set_current__functions.h
[1.993s] -- Up-to-date symlink: /home/nvidia/acfly_ws/install/mavros_msgs/include/mavros_msgs/mavros_msgs/srv/detail/waypoint_set_current__struct.h
[1.993s] -- Up-to-date symlink: /home/nvidia/acfly_ws/install/mavros_msgs/include/mavros_msgs/mavros_msgs/srv/detail/waypoint_set_current__type_support.h
[1.993s] -- Up-to-date symlink: /home/nvidia/acfly_ws/install/mavros_msgs/include/mavros_msgs/mavros_msgs/srv/endpoint_add.h
[1.993s] -- Up-to-date symlink: /home/nvidia/acfly_ws/install/mavros_msgs/include/mavros_msgs/mavros_msgs/srv/endpoint_del.h
[1.993s] -- Up-to-date symlink: /home/nvidia/acfly_ws/install/mavros_msgs/include/mavros_msgs/mavros_msgs/srv/file_checksum.h
[1.994s] -- Up-to-date symlink: /home/nvidia/acfly_ws/install/mavros_msgs/include/mavros_msgs/mavros_msgs/srv/file_close.h
[1.994s] -- Up-to-date symlink: /home/nvidia/acfly_ws/install/mavros_msgs/include/mavros_msgs/mavros_msgs/srv/file_list.h
[1.994s] -- Up-to-date symlink: /home/nvidia/acfly_ws/install/mavros_msgs/include/mavros_msgs/mavros_msgs/srv/file_make_dir.h
[1.994s] -- Up-to-date symlink: /home/nvidia/acfly_ws/install/mavros_msgs/include/mavros_msgs/mavros_msgs/srv/file_open.h
[1.994s] -- Up-to-date symlink: /home/nvidia/acfly_ws/install/mavros_msgs/include/mavros_msgs/mavros_msgs/srv/file_read.h
[1.994s] -- Up-to-date symlink: /home/nvidia/acfly_ws/install/mavros_msgs/include/mavros_msgs/mavros_msgs/srv/file_remove.h
[1.994s] -- Up-to-date symlink: /home/nvidia/acfly_ws/install/mavros_msgs/include/mavros_msgs/mavros_msgs/srv/file_remove_dir.h
[1.994s] -- Up-to-date symlink: /home/nvidia/acfly_ws/install/mavros_msgs/include/mavros_msgs/mavros_msgs/srv/file_rename.h
[1.994s] -- Up-to-date symlink: /home/nvidia/acfly_ws/install/mavros_msgs/include/mavros_msgs/mavros_msgs/srv/file_truncate.h
[1.994s] -- Up-to-date symlink: /home/nvidia/acfly_ws/install/mavros_msgs/include/mavros_msgs/mavros_msgs/srv/file_write.h
[1.994s] -- Up-to-date symlink: /home/nvidia/acfly_ws/install/mavros_msgs/include/mavros_msgs/mavros_msgs/srv/gimbal_get_information.h
[1.995s] -- Up-to-date symlink: /home/nvidia/acfly_ws/install/mavros_msgs/include/mavros_msgs/mavros_msgs/srv/gimbal_manager_camera_track.h
[1.995s] -- Up-to-date symlink: /home/nvidia/acfly_ws/install/mavros_msgs/include/mavros_msgs/mavros_msgs/srv/gimbal_manager_configure.h
[1.995s] -- Up-to-date symlink: /home/nvidia/acfly_ws/install/mavros_msgs/include/mavros_msgs/mavros_msgs/srv/gimbal_manager_pitchyaw.h
[1.995s] -- Up-to-date symlink: /home/nvidia/acfly_ws/install/mavros_msgs/include/mavros_msgs/mavros_msgs/srv/gimbal_manager_set_roi.h
[1.995s] -- Up-to-date symlink: /home/nvidia/acfly_ws/install/mavros_msgs/include/mavros_msgs/mavros_msgs/srv/log_request_data.h
[1.995s] -- Up-to-date symlink: /home/nvidia/acfly_ws/install/mavros_msgs/include/mavros_msgs/mavros_msgs/srv/log_request_end.h
[1.995s] -- Up-to-date symlink: /home/nvidia/acfly_ws/install/mavros_msgs/include/mavros_msgs/mavros_msgs/srv/log_request_list.h
[1.995s] -- Up-to-date symlink: /home/nvidia/acfly_ws/install/mavros_msgs/include/mavros_msgs/mavros_msgs/srv/message_interval.h
[1.995s] -- Up-to-date symlink: /home/nvidia/acfly_ws/install/mavros_msgs/include/mavros_msgs/mavros_msgs/srv/mount_configure.h
[1.995s] -- Up-to-date symlink: /home/nvidia/acfly_ws/install/mavros_msgs/include/mavros_msgs/mavros_msgs/srv/param_get.h
[1.995s] -- Up-to-date symlink: /home/nvidia/acfly_ws/install/mavros_msgs/include/mavros_msgs/mavros_msgs/srv/param_pull.h
[1.996s] -- Up-to-date symlink: /home/nvidia/acfly_ws/install/mavros_msgs/include/mavros_msgs/mavros_msgs/srv/param_push.h
[1.996s] -- Up-to-date symlink: /home/nvidia/acfly_ws/install/mavros_msgs/include/mavros_msgs/mavros_msgs/srv/param_set.h
[1.996s] -- Up-to-date symlink: /home/nvidia/acfly_ws/install/mavros_msgs/include/mavros_msgs/mavros_msgs/srv/param_set_v2.h
[1.996s] -- Up-to-date symlink: /home/nvidia/acfly_ws/install/mavros_msgs/include/mavros_msgs/mavros_msgs/srv/set_mav_frame.h
[1.996s] -- Up-to-date symlink: /home/nvidia/acfly_ws/install/mavros_msgs/include/mavros_msgs/mavros_msgs/srv/set_mode.h
[1.996s] -- Up-to-date symlink: /home/nvidia/acfly_ws/install/mavros_msgs/include/mavros_msgs/mavros_msgs/srv/stream_rate.h
[1.996s] -- Up-to-date symlink: /home/nvidia/acfly_ws/install/mavros_msgs/include/mavros_msgs/mavros_msgs/srv/vehicle_info_get.h
[1.996s] -- Up-to-date symlink: /home/nvidia/acfly_ws/install/mavros_msgs/include/mavros_msgs/mavros_msgs/srv/waypoint_clear.h
[1.996s] -- Up-to-date symlink: /home/nvidia/acfly_ws/install/mavros_msgs/include/mavros_msgs/mavros_msgs/srv/waypoint_pull.h
[1.996s] -- Up-to-date symlink: /home/nvidia/acfly_ws/install/mavros_msgs/include/mavros_msgs/mavros_msgs/srv/waypoint_push.h
[1.997s] -- Up-to-date symlink: /home/nvidia/acfly_ws/install/mavros_msgs/include/mavros_msgs/mavros_msgs/srv/waypoint_set_current.h
[1.997s] -- Up-to-date symlink: /home/nvidia/acfly_ws/install/mavros_msgs/share/mavros_msgs/environment/library_path.sh
[1.997s] -- Up-to-date symlink: /home/nvidia/acfly_ws/install/mavros_msgs/share/mavros_msgs/environment/library_path.dsv
[1.997s] -- Up-to-date symlink: /home/nvidia/acfly_ws/install/mavros_msgs/include/mavros_msgs/mavros_msgs/msg/detail/actuator_control__rosidl_typesupport_fastrtps_c.h
[1.997s] -- Up-to-date symlink: /home/nvidia/acfly_ws/install/mavros_msgs/include/mavros_msgs/mavros_msgs/msg/detail/adsb_vehicle__rosidl_typesupport_fastrtps_c.h
[1.997s] -- Up-to-date symlink: /home/nvidia/acfly_ws/install/mavros_msgs/include/mavros_msgs/mavros_msgs/msg/detail/altitude__rosidl_typesupport_fastrtps_c.h
[1.997s] -- Up-to-date symlink: /home/nvidia/acfly_ws/install/mavros_msgs/include/mavros_msgs/mavros_msgs/msg/detail/attitude_target__rosidl_typesupport_fastrtps_c.h
[1.997s] -- Up-to-date symlink: /home/nvidia/acfly_ws/install/mavros_msgs/include/mavros_msgs/mavros_msgs/msg/detail/cam_imu_stamp__rosidl_typesupport_fastrtps_c.h
[1.997s] -- Up-to-date symlink: /home/nvidia/acfly_ws/install/mavros_msgs/include/mavros_msgs/mavros_msgs/msg/detail/camera_image_captured__rosidl_typesupport_fastrtps_c.h
[1.997s] -- Up-to-date symlink: /home/nvidia/acfly_ws/install/mavros_msgs/include/mavros_msgs/mavros_msgs/msg/detail/cellular_status__rosidl_typesupport_fastrtps_c.h
[1.997s] -- Up-to-date symlink: /home/nvidia/acfly_ws/install/mavros_msgs/include/mavros_msgs/mavros_msgs/msg/detail/command_code__rosidl_typesupport_fastrtps_c.h
[1.998s] -- Up-to-date symlink: /home/nvidia/acfly_ws/install/mavros_msgs/include/mavros_msgs/mavros_msgs/msg/detail/companion_process_status__rosidl_typesupport_fastrtps_c.h
[1.998s] -- Up-to-date symlink: /home/nvidia/acfly_ws/install/mavros_msgs/include/mavros_msgs/mavros_msgs/msg/detail/debug_value__rosidl_typesupport_fastrtps_c.h
[1.998s] -- Up-to-date symlink: /home/nvidia/acfly_ws/install/mavros_msgs/include/mavros_msgs/mavros_msgs/msg/detail/esc_info__rosidl_typesupport_fastrtps_c.h
[1.998s] -- Up-to-date symlink: /home/nvidia/acfly_ws/install/mavros_msgs/include/mavros_msgs/mavros_msgs/msg/detail/esc_info_item__rosidl_typesupport_fastrtps_c.h
[1.998s] -- Up-to-date symlink: /home/nvidia/acfly_ws/install/mavros_msgs/include/mavros_msgs/mavros_msgs/msg/detail/esc_status__rosidl_typesupport_fastrtps_c.h
[1.998s] -- Up-to-date symlink: /home/nvidia/acfly_ws/install/mavros_msgs/include/mavros_msgs/mavros_msgs/msg/detail/esc_status_item__rosidl_typesupport_fastrtps_c.h
[1.998s] -- Up-to-date symlink: /home/nvidia/acfly_ws/install/mavros_msgs/include/mavros_msgs/mavros_msgs/msg/detail/esc_telemetry__rosidl_typesupport_fastrtps_c.h
[1.998s] -- Up-to-date symlink: /home/nvidia/acfly_ws/install/mavros_msgs/include/mavros_msgs/mavros_msgs/msg/detail/esc_telemetry_item__rosidl_typesupport_fastrtps_c.h
[1.998s] -- Up-to-date symlink: /home/nvidia/acfly_ws/install/mavros_msgs/include/mavros_msgs/mavros_msgs/msg/detail/estimator_status__rosidl_typesupport_fastrtps_c.h
[1.998s] -- Up-to-date symlink: /home/nvidia/acfly_ws/install/mavros_msgs/include/mavros_msgs/mavros_msgs/msg/detail/extended_state__rosidl_typesupport_fastrtps_c.h
[1.999s] -- Up-to-date symlink: /home/nvidia/acfly_ws/install/mavros_msgs/include/mavros_msgs/mavros_msgs/msg/detail/file_entry__rosidl_typesupport_fastrtps_c.h
[1.999s] -- Up-to-date symlink: /home/nvidia/acfly_ws/install/mavros_msgs/include/mavros_msgs/mavros_msgs/msg/detail/gimbal_device_attitude_status__rosidl_typesupport_fastrtps_c.h
[1.999s] -- Up-to-date symlink: /home/nvidia/acfly_ws/install/mavros_msgs/include/mavros_msgs/mavros_msgs/msg/detail/gimbal_device_information__rosidl_typesupport_fastrtps_c.h
[1.999s] -- Up-to-date symlink: /home/nvidia/acfly_ws/install/mavros_msgs/include/mavros_msgs/mavros_msgs/msg/detail/gimbal_device_set_attitude__rosidl_typesupport_fastrtps_c.h
[1.999s] -- Up-to-date symlink: /home/nvidia/acfly_ws/install/mavros_msgs/include/mavros_msgs/mavros_msgs/msg/detail/gimbal_manager_information__rosidl_typesupport_fastrtps_c.h
[1.999s] -- Up-to-date symlink: /home/nvidia/acfly_ws/install/mavros_msgs/include/mavros_msgs/mavros_msgs/msg/detail/gimbal_manager_set_attitude__rosidl_typesupport_fastrtps_c.h
[1.999s] -- Up-to-date symlink: /home/nvidia/acfly_ws/install/mavros_msgs/include/mavros_msgs/mavros_msgs/msg/detail/gimbal_manager_set_pitchyaw__rosidl_typesupport_fastrtps_c.h
[1.999s] -- Up-to-date symlink: /home/nvidia/acfly_ws/install/mavros_msgs/include/mavros_msgs/mavros_msgs/msg/detail/gimbal_manager_status__rosidl_typesupport_fastrtps_c.h
[1.999s] -- Up-to-date symlink: /home/nvidia/acfly_ws/install/mavros_msgs/include/mavros_msgs/mavros_msgs/msg/detail/global_position_target__rosidl_typesupport_fastrtps_c.h
[2.000s] -- Up-to-date symlink: /home/nvidia/acfly_ws/install/mavros_msgs/include/mavros_msgs/mavros_msgs/msg/detail/gpsinput__rosidl_typesupport_fastrtps_c.h
[2.000s] -- Up-to-date symlink: /home/nvidia/acfly_ws/install/mavros_msgs/include/mavros_msgs/mavros_msgs/msg/detail/gpsraw__rosidl_typesupport_fastrtps_c.h
[2.000s] -- Up-to-date symlink: /home/nvidia/acfly_ws/install/mavros_msgs/include/mavros_msgs/mavros_msgs/msg/detail/gpsrtk__rosidl_typesupport_fastrtps_c.h
[2.000s] -- Up-to-date symlink: /home/nvidia/acfly_ws/install/mavros_msgs/include/mavros_msgs/mavros_msgs/msg/detail/hil_actuator_controls__rosidl_typesupport_fastrtps_c.h
[2.000s] -- Up-to-date symlink: /home/nvidia/acfly_ws/install/mavros_msgs/include/mavros_msgs/mavros_msgs/msg/detail/hil_controls__rosidl_typesupport_fastrtps_c.h
[2.000s] -- Up-to-date symlink: /home/nvidia/acfly_ws/install/mavros_msgs/include/mavros_msgs/mavros_msgs/msg/detail/hil_gps__rosidl_typesupport_fastrtps_c.h
[2.000s] -- Up-to-date symlink: /home/nvidia/acfly_ws/install/mavros_msgs/include/mavros_msgs/mavros_msgs/msg/detail/hil_sensor__rosidl_typesupport_fastrtps_c.h
[2.000s] -- Up-to-date symlink: /home/nvidia/acfly_ws/install/mavros_msgs/include/mavros_msgs/mavros_msgs/msg/detail/hil_state_quaternion__rosidl_typesupport_fastrtps_c.h
[2.001s] -- Up-to-date symlink: /home/nvidia/acfly_ws/install/mavros_msgs/include/mavros_msgs/mavros_msgs/msg/detail/home_position__rosidl_typesupport_fastrtps_c.h
[2.001s] -- Up-to-date symlink: /home/nvidia/acfly_ws/install/mavros_msgs/include/mavros_msgs/mavros_msgs/msg/detail/landing_target__rosidl_typesupport_fastrtps_c.h
[2.001s] -- Up-to-date symlink: /home/nvidia/acfly_ws/install/mavros_msgs/include/mavros_msgs/mavros_msgs/msg/detail/log_data__rosidl_typesupport_fastrtps_c.h
[2.001s] -- Up-to-date symlink: /home/nvidia/acfly_ws/install/mavros_msgs/include/mavros_msgs/mavros_msgs/msg/detail/log_entry__rosidl_typesupport_fastrtps_c.h
[2.001s] -- Up-to-date symlink: /home/nvidia/acfly_ws/install/mavros_msgs/include/mavros_msgs/mavros_msgs/msg/detail/magnetometer_reporter__rosidl_typesupport_fastrtps_c.h
[2.001s] -- Up-to-date symlink: /home/nvidia/acfly_ws/install/mavros_msgs/include/mavros_msgs/mavros_msgs/msg/detail/manual_control__rosidl_typesupport_fastrtps_c.h
[2.001s] -- Up-to-date symlink: /home/nvidia/acfly_ws/install/mavros_msgs/include/mavros_msgs/mavros_msgs/msg/detail/mavlink__rosidl_typesupport_fastrtps_c.h
[2.001s] -- Up-to-date symlink: /home/nvidia/acfly_ws/install/mavros_msgs/include/mavros_msgs/mavros_msgs/msg/detail/mount_control__rosidl_typesupport_fastrtps_c.h
[2.002s] -- Up-to-date symlink: /home/nvidia/acfly_ws/install/mavros_msgs/include/mavros_msgs/mavros_msgs/msg/detail/nav_controller_output__rosidl_typesupport_fastrtps_c.h
[2.002s] -- Up-to-date symlink: /home/nvidia/acfly_ws/install/mavros_msgs/include/mavros_msgs/mavros_msgs/msg/detail/onboard_computer_status__rosidl_typesupport_fastrtps_c.h
[2.002s] -- Up-to-date symlink: /home/nvidia/acfly_ws/install/mavros_msgs/include/mavros_msgs/mavros_msgs/msg/detail/open_drone_id_basic_id__rosidl_typesupport_fastrtps_c.h
[2.002s] -- Up-to-date symlink: /home/nvidia/acfly_ws/install/mavros_msgs/include/mavros_msgs/mavros_msgs/msg/detail/open_drone_id_operator_id__rosidl_typesupport_fastrtps_c.h
[2.002s] -- Up-to-date symlink: /home/nvidia/acfly_ws/install/mavros_msgs/include/mavros_msgs/mavros_msgs/msg/detail/open_drone_id_self_id__rosidl_typesupport_fastrtps_c.h
[2.002s] -- Up-to-date symlink: /home/nvidia/acfly_ws/install/mavros_msgs/include/mavros_msgs/mavros_msgs/msg/detail/open_drone_id_system__rosidl_typesupport_fastrtps_c.h
[2.002s] -- Up-to-date symlink: /home/nvidia/acfly_ws/install/mavros_msgs/include/mavros_msgs/mavros_msgs/msg/detail/open_drone_id_system_update__rosidl_typesupport_fastrtps_c.h
[2.002s] -- Up-to-date symlink: /home/nvidia/acfly_ws/install/mavros_msgs/include/mavros_msgs/mavros_msgs/msg/detail/optical_flow__rosidl_typesupport_fastrtps_c.h
[2.003s] -- Up-to-date symlink: /home/nvidia/acfly_ws/install/mavros_msgs/include/mavros_msgs/mavros_msgs/msg/detail/optical_flow_rad__rosidl_typesupport_fastrtps_c.h
[2.003s] -- Up-to-date symlink: /home/nvidia/acfly_ws/install/mavros_msgs/include/mavros_msgs/mavros_msgs/msg/detail/override_rc_in__rosidl_typesupport_fastrtps_c.h
[2.003s] -- Up-to-date symlink: /home/nvidia/acfly_ws/install/mavros_msgs/include/mavros_msgs/mavros_msgs/msg/detail/param__rosidl_typesupport_fastrtps_c.h
[2.003s] -- Up-to-date symlink: /home/nvidia/acfly_ws/install/mavros_msgs/include/mavros_msgs/mavros_msgs/msg/detail/param_event__rosidl_typesupport_fastrtps_c.h
[2.003s] -- Up-to-date symlink: /home/nvidia/acfly_ws/install/mavros_msgs/include/mavros_msgs/mavros_msgs/msg/detail/param_value__rosidl_typesupport_fastrtps_c.h
[2.003s] -- Up-to-date symlink: /home/nvidia/acfly_ws/install/mavros_msgs/include/mavros_msgs/mavros_msgs/msg/detail/play_tune_v2__rosidl_typesupport_fastrtps_c.h
[2.003s] -- Up-to-date symlink: /home/nvidia/acfly_ws/install/mavros_msgs/include/mavros_msgs/mavros_msgs/msg/detail/position_target__rosidl_typesupport_fastrtps_c.h
[2.003s] -- Up-to-date symlink: /home/nvidia/acfly_ws/install/mavros_msgs/include/mavros_msgs/mavros_msgs/msg/detail/radio_status__rosidl_typesupport_fastrtps_c.h
[2.004s] -- Up-to-date symlink: /home/nvidia/acfly_ws/install/mavros_msgs/include/mavros_msgs/mavros_msgs/msg/detail/rc_in__rosidl_typesupport_fastrtps_c.h
[2.004s] -- Up-to-date symlink: /home/nvidia/acfly_ws/install/mavros_msgs/include/mavros_msgs/mavros_msgs/msg/detail/rc_out__rosidl_typesupport_fastrtps_c.h
[2.004s] -- Up-to-date symlink: /home/nvidia/acfly_ws/install/mavros_msgs/include/mavros_msgs/mavros_msgs/msg/detail/rtcm__rosidl_typesupport_fastrtps_c.h
[2.004s] -- Up-to-date symlink: /home/nvidia/acfly_ws/install/mavros_msgs/include/mavros_msgs/mavros_msgs/msg/detail/rtk_baseline__rosidl_typesupport_fastrtps_c.h
[2.004s] -- Up-to-date symlink: /home/nvidia/acfly_ws/install/mavros_msgs/include/mavros_msgs/mavros_msgs/msg/detail/state__rosidl_typesupport_fastrtps_c.h
[2.004s] -- Up-to-date symlink: /home/nvidia/acfly_ws/install/mavros_msgs/include/mavros_msgs/mavros_msgs/msg/detail/status_event__rosidl_typesupport_fastrtps_c.h
[2.004s] -- Up-to-date symlink: /home/nvidia/acfly_ws/install/mavros_msgs/include/mavros_msgs/mavros_msgs/msg/detail/status_text__rosidl_typesupport_fastrtps_c.h
[2.005s] -- Up-to-date symlink: /home/nvidia/acfly_ws/install/mavros_msgs/include/mavros_msgs/mavros_msgs/msg/detail/sys_status__rosidl_typesupport_fastrtps_c.h
[2.005s] -- Up-to-date symlink: /home/nvidia/acfly_ws/install/mavros_msgs/include/mavros_msgs/mavros_msgs/msg/detail/terrain_report__rosidl_typesupport_fastrtps_c.h
[2.005s] -- Up-to-date symlink: /home/nvidia/acfly_ws/install/mavros_msgs/include/mavros_msgs/mavros_msgs/msg/detail/thrust__rosidl_typesupport_fastrtps_c.h
[2.005s] -- Up-to-date symlink: /home/nvidia/acfly_ws/install/mavros_msgs/include/mavros_msgs/mavros_msgs/msg/detail/timesync_status__rosidl_typesupport_fastrtps_c.h
[2.005s] -- Up-to-date symlink: /home/nvidia/acfly_ws/install/mavros_msgs/include/mavros_msgs/mavros_msgs/msg/detail/trajectory__rosidl_typesupport_fastrtps_c.h
[2.005s] -- Up-to-date symlink: /home/nvidia/acfly_ws/install/mavros_msgs/include/mavros_msgs/mavros_msgs/msg/detail/tunnel__rosidl_typesupport_fastrtps_c.h
[2.005s] -- Up-to-date symlink: /home/nvidia/acfly_ws/install/mavros_msgs/include/mavros_msgs/mavros_msgs/msg/detail/vehicle_info__rosidl_typesupport_fastrtps_c.h
[2.006s] -- Up-to-date symlink: /home/nvidia/acfly_ws/install/mavros_msgs/include/mavros_msgs/mavros_msgs/msg/detail/vfr_hud__rosidl_typesupport_fastrtps_c.h
[2.006s] -- Up-to-date symlink: /home/nvidia/acfly_ws/install/mavros_msgs/include/mavros_msgs/mavros_msgs/msg/detail/vibration__rosidl_typesupport_fastrtps_c.h
[2.006s] -- Up-to-date symlink: /home/nvidia/acfly_ws/install/mavros_msgs/include/mavros_msgs/mavros_msgs/msg/detail/waypoint__rosidl_typesupport_fastrtps_c.h
[2.006s] -- Up-to-date symlink: /home/nvidia/acfly_ws/install/mavros_msgs/include/mavros_msgs/mavros_msgs/msg/detail/waypoint_list__rosidl_typesupport_fastrtps_c.h
[2.006s] -- Up-to-date symlink: /home/nvidia/acfly_ws/install/mavros_msgs/include/mavros_msgs/mavros_msgs/msg/detail/waypoint_reached__rosidl_typesupport_fastrtps_c.h
[2.006s] -- Up-to-date symlink: /home/nvidia/acfly_ws/install/mavros_msgs/include/mavros_msgs/mavros_msgs/msg/detail/wheel_odom_stamped__rosidl_typesupport_fastrtps_c.h
[2.006s] -- Up-to-date symlink: /home/nvidia/acfly_ws/install/mavros_msgs/include/mavros_msgs/mavros_msgs/msg/rosidl_typesupport_fastrtps_c__visibility_control.h
[2.006s] -- Up-to-date symlink: /home/nvidia/acfly_ws/install/mavros_msgs/include/mavros_msgs/mavros_msgs/srv/detail/command_ack__rosidl_typesupport_fastrtps_c.h
[2.007s] -- Up-to-date symlink: /home/nvidia/acfly_ws/install/mavros_msgs/include/mavros_msgs/mavros_msgs/srv/detail/command_bool__rosidl_typesupport_fastrtps_c.h
[2.007s] -- Up-to-date symlink: /home/nvidia/acfly_ws/install/mavros_msgs/include/mavros_msgs/mavros_msgs/srv/detail/command_home__rosidl_typesupport_fastrtps_c.h
[2.007s] -- Up-to-date symlink: /home/nvidia/acfly_ws/install/mavros_msgs/include/mavros_msgs/mavros_msgs/srv/detail/command_int__rosidl_typesupport_fastrtps_c.h
[2.007s] -- Up-to-date symlink: /home/nvidia/acfly_ws/install/mavros_msgs/include/mavros_msgs/mavros_msgs/srv/detail/command_long__rosidl_typesupport_fastrtps_c.h
[2.007s] -- Up-to-date symlink: /home/nvidia/acfly_ws/install/mavros_msgs/include/mavros_msgs/mavros_msgs/srv/detail/command_tol__rosidl_typesupport_fastrtps_c.h
[2.007s] -- Up-to-date symlink: /home/nvidia/acfly_ws/install/mavros_msgs/include/mavros_msgs/mavros_msgs/srv/detail/command_tol_local__rosidl_typesupport_fastrtps_c.h
[2.007s] -- Up-to-date symlink: /home/nvidia/acfly_ws/install/mavros_msgs/include/mavros_msgs/mavros_msgs/srv/detail/command_trigger_control__rosidl_typesupport_fastrtps_c.h
[2.007s] -- Up-to-date symlink: /home/nvidia/acfly_ws/install/mavros_msgs/include/mavros_msgs/mavros_msgs/srv/detail/command_trigger_interval__rosidl_typesupport_fastrtps_c.h
[2.007s] -- Up-to-date symlink: /home/nvidia/acfly_ws/install/mavros_msgs/include/mavros_msgs/mavros_msgs/srv/detail/command_vtol_transition__rosidl_typesupport_fastrtps_c.h
[2.008s] -- Up-to-date symlink: /home/nvidia/acfly_ws/install/mavros_msgs/include/mavros_msgs/mavros_msgs/srv/detail/endpoint_add__rosidl_typesupport_fastrtps_c.h
[2.008s] -- Up-to-date symlink: /home/nvidia/acfly_ws/install/mavros_msgs/include/mavros_msgs/mavros_msgs/srv/detail/endpoint_del__rosidl_typesupport_fastrtps_c.h
[2.008s] -- Up-to-date symlink: /home/nvidia/acfly_ws/install/mavros_msgs/include/mavros_msgs/mavros_msgs/srv/detail/file_checksum__rosidl_typesupport_fastrtps_c.h
[2.008s] -- Up-to-date symlink: /home/nvidia/acfly_ws/install/mavros_msgs/include/mavros_msgs/mavros_msgs/srv/detail/file_close__rosidl_typesupport_fastrtps_c.h
[2.008s] -- Up-to-date symlink: /home/nvidia/acfly_ws/install/mavros_msgs/include/mavros_msgs/mavros_msgs/srv/detail/file_list__rosidl_typesupport_fastrtps_c.h
[2.008s] -- Up-to-date symlink: /home/nvidia/acfly_ws/install/mavros_msgs/include/mavros_msgs/mavros_msgs/srv/detail/file_make_dir__rosidl_typesupport_fastrtps_c.h
[2.008s] -- Up-to-date symlink: /home/nvidia/acfly_ws/install/mavros_msgs/include/mavros_msgs/mavros_msgs/srv/detail/file_open__rosidl_typesupport_fastrtps_c.h
[2.008s] -- Up-to-date symlink: /home/nvidia/acfly_ws/install/mavros_msgs/include/mavros_msgs/mavros_msgs/srv/detail/file_read__rosidl_typesupport_fastrtps_c.h
[2.009s] -- Up-to-date symlink: /home/nvidia/acfly_ws/install/mavros_msgs/include/mavros_msgs/mavros_msgs/srv/detail/file_remove__rosidl_typesupport_fastrtps_c.h
[2.009s] -- Up-to-date symlink: /home/nvidia/acfly_ws/install/mavros_msgs/include/mavros_msgs/mavros_msgs/srv/detail/file_remove_dir__rosidl_typesupport_fastrtps_c.h
[2.009s] -- Up-to-date symlink: /home/nvidia/acfly_ws/install/mavros_msgs/include/mavros_msgs/mavros_msgs/srv/detail/file_rename__rosidl_typesupport_fastrtps_c.h
[2.009s] -- Up-to-date symlink: /home/nvidia/acfly_ws/install/mavros_msgs/include/mavros_msgs/mavros_msgs/srv/detail/file_truncate__rosidl_typesupport_fastrtps_c.h
[2.009s] -- Up-to-date symlink: /home/nvidia/acfly_ws/install/mavros_msgs/include/mavros_msgs/mavros_msgs/srv/detail/file_write__rosidl_typesupport_fastrtps_c.h
[2.009s] -- Up-to-date symlink: /home/nvidia/acfly_ws/install/mavros_msgs/include/mavros_msgs/mavros_msgs/srv/detail/gimbal_get_information__rosidl_typesupport_fastrtps_c.h
[2.009s] -- Up-to-date symlink: /home/nvidia/acfly_ws/install/mavros_msgs/include/mavros_msgs/mavros_msgs/srv/detail/gimbal_manager_camera_track__rosidl_typesupport_fastrtps_c.h
[2.010s] -- Up-to-date symlink: /home/nvidia/acfly_ws/install/mavros_msgs/include/mavros_msgs/mavros_msgs/srv/detail/gimbal_manager_configure__rosidl_typesupport_fastrtps_c.h
[2.010s] -- Up-to-date symlink: /home/nvidia/acfly_ws/install/mavros_msgs/include/mavros_msgs/mavros_msgs/srv/detail/gimbal_manager_pitchyaw__rosidl_typesupport_fastrtps_c.h
[2.010s] -- Up-to-date symlink: /home/nvidia/acfly_ws/install/mavros_msgs/include/mavros_msgs/mavros_msgs/srv/detail/gimbal_manager_set_roi__rosidl_typesupport_fastrtps_c.h
[2.010s] -- Up-to-date symlink: /home/nvidia/acfly_ws/install/mavros_msgs/include/mavros_msgs/mavros_msgs/srv/detail/log_request_data__rosidl_typesupport_fastrtps_c.h
[2.010s] -- Up-to-date symlink: /home/nvidia/acfly_ws/install/mavros_msgs/include/mavros_msgs/mavros_msgs/srv/detail/log_request_end__rosidl_typesupport_fastrtps_c.h
[2.010s] -- Up-to-date symlink: /home/nvidia/acfly_ws/install/mavros_msgs/include/mavros_msgs/mavros_msgs/srv/detail/log_request_list__rosidl_typesupport_fastrtps_c.h
[2.010s] -- Up-to-date symlink: /home/nvidia/acfly_ws/install/mavros_msgs/include/mavros_msgs/mavros_msgs/srv/detail/message_interval__rosidl_typesupport_fastrtps_c.h
[2.010s] -- Up-to-date symlink: /home/nvidia/acfly_ws/install/mavros_msgs/include/mavros_msgs/mavros_msgs/srv/detail/mount_configure__rosidl_typesupport_fastrtps_c.h
[2.011s] -- Up-to-date symlink: /home/nvidia/acfly_ws/install/mavros_msgs/include/mavros_msgs/mavros_msgs/srv/detail/param_get__rosidl_typesupport_fastrtps_c.h
[2.011s] -- Up-to-date symlink: /home/nvidia/acfly_ws/install/mavros_msgs/include/mavros_msgs/mavros_msgs/srv/detail/param_pull__rosidl_typesupport_fastrtps_c.h
[2.011s] -- Up-to-date symlink: /home/nvidia/acfly_ws/install/mavros_msgs/include/mavros_msgs/mavros_msgs/srv/detail/param_push__rosidl_typesupport_fastrtps_c.h
[2.011s] -- Up-to-date symlink: /home/nvidia/acfly_ws/install/mavros_msgs/include/mavros_msgs/mavros_msgs/srv/detail/param_set__rosidl_typesupport_fastrtps_c.h
[2.011s] -- Up-to-date symlink: /home/nvidia/acfly_ws/install/mavros_msgs/include/mavros_msgs/mavros_msgs/srv/detail/param_set_v2__rosidl_typesupport_fastrtps_c.h
[2.011s] -- Up-to-date symlink: /home/nvidia/acfly_ws/install/mavros_msgs/include/mavros_msgs/mavros_msgs/srv/detail/set_mav_frame__rosidl_typesupport_fastrtps_c.h
[2.011s] -- Up-to-date symlink: /home/nvidia/acfly_ws/install/mavros_msgs/include/mavros_msgs/mavros_msgs/srv/detail/set_mode__rosidl_typesupport_fastrtps_c.h
[2.012s] -- Up-to-date symlink: /home/nvidia/acfly_ws/install/mavros_msgs/include/mavros_msgs/mavros_msgs/srv/detail/stream_rate__rosidl_typesupport_fastrtps_c.h
[2.012s] -- Up-to-date symlink: /home/nvidia/acfly_ws/install/mavros_msgs/include/mavros_msgs/mavros_msgs/srv/detail/vehicle_info_get__rosidl_typesupport_fastrtps_c.h
[2.012s] -- Up-to-date symlink: /home/nvidia/acfly_ws/install/mavros_msgs/include/mavros_msgs/mavros_msgs/srv/detail/waypoint_clear__rosidl_typesupport_fastrtps_c.h
[2.012s] -- Up-to-date symlink: /home/nvidia/acfly_ws/install/mavros_msgs/include/mavros_msgs/mavros_msgs/srv/detail/waypoint_pull__rosidl_typesupport_fastrtps_c.h
[2.012s] -- Up-to-date symlink: /home/nvidia/acfly_ws/install/mavros_msgs/include/mavros_msgs/mavros_msgs/srv/detail/waypoint_push__rosidl_typesupport_fastrtps_c.h
[2.012s] -- Up-to-date symlink: /home/nvidia/acfly_ws/install/mavros_msgs/include/mavros_msgs/mavros_msgs/srv/detail/waypoint_set_current__rosidl_typesupport_fastrtps_c.h
[2.013s] -- Up-to-date symlink: /home/nvidia/acfly_ws/install/mavros_msgs/include/mavros_msgs/mavros_msgs/msg/detail/actuator_control__rosidl_typesupport_introspection_c.h
[2.013s] -- Up-to-date symlink: /home/nvidia/acfly_ws/install/mavros_msgs/include/mavros_msgs/mavros_msgs/msg/detail/adsb_vehicle__rosidl_typesupport_introspection_c.h
[2.014s] -- Up-to-date symlink: /home/nvidia/acfly_ws/install/mavros_msgs/include/mavros_msgs/mavros_msgs/msg/detail/altitude__rosidl_typesupport_introspection_c.h
[2.014s] -- Up-to-date symlink: /home/nvidia/acfly_ws/install/mavros_msgs/include/mavros_msgs/mavros_msgs/msg/detail/attitude_target__rosidl_typesupport_introspection_c.h
[2.014s] -- Up-to-date symlink: /home/nvidia/acfly_ws/install/mavros_msgs/include/mavros_msgs/mavros_msgs/msg/detail/cam_imu_stamp__rosidl_typesupport_introspection_c.h
[2.014s] -- Up-to-date symlink: /home/nvidia/acfly_ws/install/mavros_msgs/include/mavros_msgs/mavros_msgs/msg/detail/camera_image_captured__rosidl_typesupport_introspection_c.h
[2.014s] -- Up-to-date symlink: /home/nvidia/acfly_ws/install/mavros_msgs/include/mavros_msgs/mavros_msgs/msg/detail/cellular_status__rosidl_typesupport_introspection_c.h
[2.014s] -- Up-to-date symlink: /home/nvidia/acfly_ws/install/mavros_msgs/include/mavros_msgs/mavros_msgs/msg/detail/command_code__rosidl_typesupport_introspection_c.h
[2.014s] -- Up-to-date symlink: /home/nvidia/acfly_ws/install/mavros_msgs/include/mavros_msgs/mavros_msgs/msg/detail/companion_process_status__rosidl_typesupport_introspection_c.h
[2.014s] -- Up-to-date symlink: /home/nvidia/acfly_ws/install/mavros_msgs/include/mavros_msgs/mavros_msgs/msg/detail/debug_value__rosidl_typesupport_introspection_c.h
[2.015s] -- Up-to-date symlink: /home/nvidia/acfly_ws/install/mavros_msgs/include/mavros_msgs/mavros_msgs/msg/detail/esc_info__rosidl_typesupport_introspection_c.h
[2.015s] -- Up-to-date symlink: /home/nvidia/acfly_ws/install/mavros_msgs/include/mavros_msgs/mavros_msgs/msg/detail/esc_info_item__rosidl_typesupport_introspection_c.h
[2.015s] -- Up-to-date symlink: /home/nvidia/acfly_ws/install/mavros_msgs/include/mavros_msgs/mavros_msgs/msg/detail/esc_status__rosidl_typesupport_introspection_c.h
[2.015s] -- Up-to-date symlink: /home/nvidia/acfly_ws/install/mavros_msgs/include/mavros_msgs/mavros_msgs/msg/detail/esc_status_item__rosidl_typesupport_introspection_c.h
[2.015s] -- Up-to-date symlink: /home/nvidia/acfly_ws/install/mavros_msgs/include/mavros_msgs/mavros_msgs/msg/detail/esc_telemetry__rosidl_typesupport_introspection_c.h
[2.015s] -- Up-to-date symlink: /home/nvidia/acfly_ws/install/mavros_msgs/include/mavros_msgs/mavros_msgs/msg/detail/esc_telemetry_item__rosidl_typesupport_introspection_c.h
[2.015s] -- Up-to-date symlink: /home/nvidia/acfly_ws/install/mavros_msgs/include/mavros_msgs/mavros_msgs/msg/detail/estimator_status__rosidl_typesupport_introspection_c.h
[2.016s] -- Up-to-date symlink: /home/nvidia/acfly_ws/install/mavros_msgs/include/mavros_msgs/mavros_msgs/msg/detail/extended_state__rosidl_typesupport_introspection_c.h
[2.016s] -- Up-to-date symlink: /home/nvidia/acfly_ws/install/mavros_msgs/include/mavros_msgs/mavros_msgs/msg/detail/file_entry__rosidl_typesupport_introspection_c.h
[2.016s] -- Up-to-date symlink: /home/nvidia/acfly_ws/install/mavros_msgs/include/mavros_msgs/mavros_msgs/msg/detail/gimbal_device_attitude_status__rosidl_typesupport_introspection_c.h
[2.016s] -- Up-to-date symlink: /home/nvidia/acfly_ws/install/mavros_msgs/include/mavros_msgs/mavros_msgs/msg/detail/gimbal_device_information__rosidl_typesupport_introspection_c.h
[2.016s] -- Up-to-date symlink: /home/nvidia/acfly_ws/install/mavros_msgs/include/mavros_msgs/mavros_msgs/msg/detail/gimbal_device_set_attitude__rosidl_typesupport_introspection_c.h
[2.016s] -- Up-to-date symlink: /home/nvidia/acfly_ws/install/mavros_msgs/include/mavros_msgs/mavros_msgs/msg/detail/gimbal_manager_information__rosidl_typesupport_introspection_c.h
[2.016s] -- Up-to-date symlink: /home/nvidia/acfly_ws/install/mavros_msgs/include/mavros_msgs/mavros_msgs/msg/detail/gimbal_manager_set_attitude__rosidl_typesupport_introspection_c.h
[2.016s] -- Up-to-date symlink: /home/nvidia/acfly_ws/install/mavros_msgs/include/mavros_msgs/mavros_msgs/msg/detail/gimbal_manager_set_pitchyaw__rosidl_typesupport_introspection_c.h
[2.017s] -- Up-to-date symlink: /home/nvidia/acfly_ws/install/mavros_msgs/include/mavros_msgs/mavros_msgs/msg/detail/gimbal_manager_status__rosidl_typesupport_introspection_c.h
[2.017s] -- Up-to-date symlink: /home/nvidia/acfly_ws/install/mavros_msgs/include/mavros_msgs/mavros_msgs/msg/detail/global_position_target__rosidl_typesupport_introspection_c.h
[2.017s] -- Up-to-date symlink: /home/nvidia/acfly_ws/install/mavros_msgs/include/mavros_msgs/mavros_msgs/msg/detail/gpsinput__rosidl_typesupport_introspection_c.h
[2.017s] -- Up-to-date symlink: /home/nvidia/acfly_ws/install/mavros_msgs/include/mavros_msgs/mavros_msgs/msg/detail/gpsraw__rosidl_typesupport_introspection_c.h
[2.017s] -- Up-to-date symlink: /home/nvidia/acfly_ws/install/mavros_msgs/include/mavros_msgs/mavros_msgs/msg/detail/gpsrtk__rosidl_typesupport_introspection_c.h
[2.017s] -- Up-to-date symlink: /home/nvidia/acfly_ws/install/mavros_msgs/include/mavros_msgs/mavros_msgs/msg/detail/hil_actuator_controls__rosidl_typesupport_introspection_c.h
[2.017s] -- Up-to-date symlink: /home/nvidia/acfly_ws/install/mavros_msgs/include/mavros_msgs/mavros_msgs/msg/detail/hil_controls__rosidl_typesupport_introspection_c.h
[2.017s] -- Up-to-date symlink: /home/nvidia/acfly_ws/install/mavros_msgs/include/mavros_msgs/mavros_msgs/msg/detail/hil_gps__rosidl_typesupport_introspection_c.h
[2.018s] -- Up-to-date symlink: /home/nvidia/acfly_ws/install/mavros_msgs/include/mavros_msgs/mavros_msgs/msg/detail/hil_sensor__rosidl_typesupport_introspection_c.h
[2.018s] -- Up-to-date symlink: /home/nvidia/acfly_ws/install/mavros_msgs/include/mavros_msgs/mavros_msgs/msg/detail/hil_state_quaternion__rosidl_typesupport_introspection_c.h
[2.018s] -- Up-to-date symlink: /home/nvidia/acfly_ws/install/mavros_msgs/include/mavros_msgs/mavros_msgs/msg/detail/home_position__rosidl_typesupport_introspection_c.h
[2.018s] -- Up-to-date symlink: /home/nvidia/acfly_ws/install/mavros_msgs/include/mavros_msgs/mavros_msgs/msg/detail/landing_target__rosidl_typesupport_introspection_c.h
[2.018s] -- Up-to-date symlink: /home/nvidia/acfly_ws/install/mavros_msgs/include/mavros_msgs/mavros_msgs/msg/detail/log_data__rosidl_typesupport_introspection_c.h
[2.018s] -- Up-to-date symlink: /home/nvidia/acfly_ws/install/mavros_msgs/include/mavros_msgs/mavros_msgs/msg/detail/log_entry__rosidl_typesupport_introspection_c.h
[2.018s] -- Up-to-date symlink: /home/nvidia/acfly_ws/install/mavros_msgs/include/mavros_msgs/mavros_msgs/msg/detail/magnetometer_reporter__rosidl_typesupport_introspection_c.h
[2.018s] -- Up-to-date symlink: /home/nvidia/acfly_ws/install/mavros_msgs/include/mavros_msgs/mavros_msgs/msg/detail/manual_control__rosidl_typesupport_introspection_c.h
[2.019s] -- Up-to-date symlink: /home/nvidia/acfly_ws/install/mavros_msgs/include/mavros_msgs/mavros_msgs/msg/detail/mavlink__rosidl_typesupport_introspection_c.h
[2.019s] -- Up-to-date symlink: /home/nvidia/acfly_ws/install/mavros_msgs/include/mavros_msgs/mavros_msgs/msg/detail/mount_control__rosidl_typesupport_introspection_c.h
[2.019s] -- Up-to-date symlink: /home/nvidia/acfly_ws/install/mavros_msgs/include/mavros_msgs/mavros_msgs/msg/detail/nav_controller_output__rosidl_typesupport_introspection_c.h
[2.019s] -- Up-to-date symlink: /home/nvidia/acfly_ws/install/mavros_msgs/include/mavros_msgs/mavros_msgs/msg/detail/onboard_computer_status__rosidl_typesupport_introspection_c.h
[2.019s] -- Up-to-date symlink: /home/nvidia/acfly_ws/install/mavros_msgs/include/mavros_msgs/mavros_msgs/msg/detail/open_drone_id_basic_id__rosidl_typesupport_introspection_c.h
[2.019s] -- Up-to-date symlink: /home/nvidia/acfly_ws/install/mavros_msgs/include/mavros_msgs/mavros_msgs/msg/detail/open_drone_id_operator_id__rosidl_typesupport_introspection_c.h
[2.019s] -- Up-to-date symlink: /home/nvidia/acfly_ws/install/mavros_msgs/include/mavros_msgs/mavros_msgs/msg/detail/open_drone_id_self_id__rosidl_typesupport_introspection_c.h
[2.019s] -- Up-to-date symlink: /home/nvidia/acfly_ws/install/mavros_msgs/include/mavros_msgs/mavros_msgs/msg/detail/open_drone_id_system__rosidl_typesupport_introspection_c.h
[2.020s] -- Up-to-date symlink: /home/nvidia/acfly_ws/install/mavros_msgs/include/mavros_msgs/mavros_msgs/msg/detail/open_drone_id_system_update__rosidl_typesupport_introspection_c.h
[2.020s] -- Up-to-date symlink: /home/nvidia/acfly_ws/install/mavros_msgs/include/mavros_msgs/mavros_msgs/msg/detail/optical_flow__rosidl_typesupport_introspection_c.h
[2.020s] -- Up-to-date symlink: /home/nvidia/acfly_ws/install/mavros_msgs/include/mavros_msgs/mavros_msgs/msg/detail/optical_flow_rad__rosidl_typesupport_introspection_c.h
[2.020s] -- Up-to-date symlink: /home/nvidia/acfly_ws/install/mavros_msgs/include/mavros_msgs/mavros_msgs/msg/detail/override_rc_in__rosidl_typesupport_introspection_c.h
[2.020s] -- Up-to-date symlink: /home/nvidia/acfly_ws/install/mavros_msgs/include/mavros_msgs/mavros_msgs/msg/detail/param__rosidl_typesupport_introspection_c.h
[2.020s] -- Up-to-date symlink: /home/nvidia/acfly_ws/install/mavros_msgs/include/mavros_msgs/mavros_msgs/msg/detail/param_event__rosidl_typesupport_introspection_c.h
[2.020s] -- Up-to-date symlink: /home/nvidia/acfly_ws/install/mavros_msgs/include/mavros_msgs/mavros_msgs/msg/detail/param_value__rosidl_typesupport_introspection_c.h
[2.021s] -- Up-to-date symlink: /home/nvidia/acfly_ws/install/mavros_msgs/include/mavros_msgs/mavros_msgs/msg/detail/play_tune_v2__rosidl_typesupport_introspection_c.h
[2.021s] -- Up-to-date symlink: /home/nvidia/acfly_ws/install/mavros_msgs/include/mavros_msgs/mavros_msgs/msg/detail/position_target__rosidl_typesupport_introspection_c.h
[2.021s] -- Up-to-date symlink: /home/nvidia/acfly_ws/install/mavros_msgs/include/mavros_msgs/mavros_msgs/msg/detail/radio_status__rosidl_typesupport_introspection_c.h
[2.021s] -- Up-to-date symlink: /home/nvidia/acfly_ws/install/mavros_msgs/include/mavros_msgs/mavros_msgs/msg/detail/rc_in__rosidl_typesupport_introspection_c.h
[2.021s] -- Up-to-date symlink: /home/nvidia/acfly_ws/install/mavros_msgs/include/mavros_msgs/mavros_msgs/msg/detail/rc_out__rosidl_typesupport_introspection_c.h
[2.021s] -- Up-to-date symlink: /home/nvidia/acfly_ws/install/mavros_msgs/include/mavros_msgs/mavros_msgs/msg/detail/rtcm__rosidl_typesupport_introspection_c.h
[2.021s] -- Up-to-date symlink: /home/nvidia/acfly_ws/install/mavros_msgs/include/mavros_msgs/mavros_msgs/msg/detail/rtk_baseline__rosidl_typesupport_introspection_c.h
[2.021s] -- Up-to-date symlink: /home/nvidia/acfly_ws/install/mavros_msgs/include/mavros_msgs/mavros_msgs/msg/detail/state__rosidl_typesupport_introspection_c.h
[2.022s] -- Up-to-date symlink: /home/nvidia/acfly_ws/install/mavros_msgs/include/mavros_msgs/mavros_msgs/msg/detail/status_event__rosidl_typesupport_introspection_c.h
[2.022s] -- Up-to-date symlink: /home/nvidia/acfly_ws/install/mavros_msgs/include/mavros_msgs/mavros_msgs/msg/detail/status_text__rosidl_typesupport_introspection_c.h
[2.022s] -- Up-to-date symlink: /home/nvidia/acfly_ws/install/mavros_msgs/include/mavros_msgs/mavros_msgs/msg/detail/sys_status__rosidl_typesupport_introspection_c.h
[2.022s] -- Up-to-date symlink: /home/nvidia/acfly_ws/install/mavros_msgs/include/mavros_msgs/mavros_msgs/msg/detail/terrain_report__rosidl_typesupport_introspection_c.h
[2.022s] -- Up-to-date symlink: /home/nvidia/acfly_ws/install/mavros_msgs/include/mavros_msgs/mavros_msgs/msg/detail/thrust__rosidl_typesupport_introspection_c.h
[2.022s] -- Up-to-date symlink: /home/nvidia/acfly_ws/install/mavros_msgs/include/mavros_msgs/mavros_msgs/msg/detail/timesync_status__rosidl_typesupport_introspection_c.h
[2.022s] -- Up-to-date symlink: /home/nvidia/acfly_ws/install/mavros_msgs/include/mavros_msgs/mavros_msgs/msg/detail/trajectory__rosidl_typesupport_introspection_c.h
[2.022s] -- Up-to-date symlink: /home/nvidia/acfly_ws/install/mavros_msgs/include/mavros_msgs/mavros_msgs/msg/detail/tunnel__rosidl_typesupport_introspection_c.h
[2.022s] -- Up-to-date symlink: /home/nvidia/acfly_ws/install/mavros_msgs/include/mavros_msgs/mavros_msgs/msg/detail/vehicle_info__rosidl_typesupport_introspection_c.h
[2.023s] -- Up-to-date symlink: /home/nvidia/acfly_ws/install/mavros_msgs/include/mavros_msgs/mavros_msgs/msg/detail/vfr_hud__rosidl_typesupport_introspection_c.h
[2.023s] -- Up-to-date symlink: /home/nvidia/acfly_ws/install/mavros_msgs/include/mavros_msgs/mavros_msgs/msg/detail/vibration__rosidl_typesupport_introspection_c.h
[2.023s] -- Up-to-date symlink: /home/nvidia/acfly_ws/install/mavros_msgs/include/mavros_msgs/mavros_msgs/msg/detail/waypoint__rosidl_typesupport_introspection_c.h
[2.023s] -- Up-to-date symlink: /home/nvidia/acfly_ws/install/mavros_msgs/include/mavros_msgs/mavros_msgs/msg/detail/waypoint_list__rosidl_typesupport_introspection_c.h
[2.023s] -- Up-to-date symlink: /home/nvidia/acfly_ws/install/mavros_msgs/include/mavros_msgs/mavros_msgs/msg/detail/waypoint_reached__rosidl_typesupport_introspection_c.h
[2.023s] -- Up-to-date symlink: /home/nvidia/acfly_ws/install/mavros_msgs/include/mavros_msgs/mavros_msgs/msg/detail/wheel_odom_stamped__rosidl_typesupport_introspection_c.h
[2.023s] -- Up-to-date symlink: /home/nvidia/acfly_ws/install/mavros_msgs/include/mavros_msgs/mavros_msgs/msg/rosidl_typesupport_introspection_c__visibility_control.h
[2.023s] -- Up-to-date symlink: /home/nvidia/acfly_ws/install/mavros_msgs/include/mavros_msgs/mavros_msgs/srv/detail/command_ack__rosidl_typesupport_introspection_c.h
[2.024s] -- Up-to-date symlink: /home/nvidia/acfly_ws/install/mavros_msgs/include/mavros_msgs/mavros_msgs/srv/detail/command_bool__rosidl_typesupport_introspection_c.h
[2.024s] -- Up-to-date symlink: /home/nvidia/acfly_ws/install/mavros_msgs/include/mavros_msgs/mavros_msgs/srv/detail/command_home__rosidl_typesupport_introspection_c.h
[2.024s] -- Up-to-date symlink: /home/nvidia/acfly_ws/install/mavros_msgs/include/mavros_msgs/mavros_msgs/srv/detail/command_int__rosidl_typesupport_introspection_c.h
[2.024s] -- Up-to-date symlink: /home/nvidia/acfly_ws/install/mavros_msgs/include/mavros_msgs/mavros_msgs/srv/detail/command_long__rosidl_typesupport_introspection_c.h
[2.024s] -- Up-to-date symlink: /home/nvidia/acfly_ws/install/mavros_msgs/include/mavros_msgs/mavros_msgs/srv/detail/command_tol__rosidl_typesupport_introspection_c.h
[2.024s] -- Up-to-date symlink: /home/nvidia/acfly_ws/install/mavros_msgs/include/mavros_msgs/mavros_msgs/srv/detail/command_tol_local__rosidl_typesupport_introspection_c.h
[2.024s] -- Up-to-date symlink: /home/nvidia/acfly_ws/install/mavros_msgs/include/mavros_msgs/mavros_msgs/srv/detail/command_trigger_control__rosidl_typesupport_introspection_c.h
[2.024s] -- Up-to-date symlink: /home/nvidia/acfly_ws/install/mavros_msgs/include/mavros_msgs/mavros_msgs/srv/detail/command_trigger_interval__rosidl_typesupport_introspection_c.h
[2.025s] -- Up-to-date symlink: /home/nvidia/acfly_ws/install/mavros_msgs/include/mavros_msgs/mavros_msgs/srv/detail/command_vtol_transition__rosidl_typesupport_introspection_c.h
[2.025s] -- Up-to-date symlink: /home/nvidia/acfly_ws/install/mavros_msgs/include/mavros_msgs/mavros_msgs/srv/detail/endpoint_add__rosidl_typesupport_introspection_c.h
[2.025s] -- Up-to-date symlink: /home/nvidia/acfly_ws/install/mavros_msgs/include/mavros_msgs/mavros_msgs/srv/detail/endpoint_del__rosidl_typesupport_introspection_c.h
[2.025s] -- Up-to-date symlink: /home/nvidia/acfly_ws/install/mavros_msgs/include/mavros_msgs/mavros_msgs/srv/detail/file_checksum__rosidl_typesupport_introspection_c.h
[2.025s] -- Up-to-date symlink: /home/nvidia/acfly_ws/install/mavros_msgs/include/mavros_msgs/mavros_msgs/srv/detail/file_close__rosidl_typesupport_introspection_c.h
[2.025s] -- Up-to-date symlink: /home/nvidia/acfly_ws/install/mavros_msgs/include/mavros_msgs/mavros_msgs/srv/detail/file_list__rosidl_typesupport_introspection_c.h
[2.025s] -- Up-to-date symlink: /home/nvidia/acfly_ws/install/mavros_msgs/include/mavros_msgs/mavros_msgs/srv/detail/file_make_dir__rosidl_typesupport_introspection_c.h
[2.025s] -- Up-to-date symlink: /home/nvidia/acfly_ws/install/mavros_msgs/include/mavros_msgs/mavros_msgs/srv/detail/file_open__rosidl_typesupport_introspection_c.h
[2.026s] -- Up-to-date symlink: /home/nvidia/acfly_ws/install/mavros_msgs/include/mavros_msgs/mavros_msgs/srv/detail/file_read__rosidl_typesupport_introspection_c.h
[2.026s] -- Up-to-date symlink: /home/nvidia/acfly_ws/install/mavros_msgs/include/mavros_msgs/mavros_msgs/srv/detail/file_remove__rosidl_typesupport_introspection_c.h
[2.026s] -- Up-to-date symlink: /home/nvidia/acfly_ws/install/mavros_msgs/include/mavros_msgs/mavros_msgs/srv/detail/file_remove_dir__rosidl_typesupport_introspection_c.h
[2.026s] -- Up-to-date symlink: /home/nvidia/acfly_ws/install/mavros_msgs/include/mavros_msgs/mavros_msgs/srv/detail/file_rename__rosidl_typesupport_introspection_c.h
[2.026s] -- Up-to-date symlink: /home/nvidia/acfly_ws/install/mavros_msgs/include/mavros_msgs/mavros_msgs/srv/detail/file_truncate__rosidl_typesupport_introspection_c.h
[2.026s] -- Up-to-date symlink: /home/nvidia/acfly_ws/install/mavros_msgs/include/mavros_msgs/mavros_msgs/srv/detail/file_write__rosidl_typesupport_introspection_c.h
[2.026s] -- Up-to-date symlink: /home/nvidia/acfly_ws/install/mavros_msgs/include/mavros_msgs/mavros_msgs/srv/detail/gimbal_get_information__rosidl_typesupport_introspection_c.h
[2.026s] -- Up-to-date symlink: /home/nvidia/acfly_ws/install/mavros_msgs/include/mavros_msgs/mavros_msgs/srv/detail/gimbal_manager_camera_track__rosidl_typesupport_introspection_c.h
[2.027s] -- Up-to-date symlink: /home/nvidia/acfly_ws/install/mavros_msgs/include/mavros_msgs/mavros_msgs/srv/detail/gimbal_manager_configure__rosidl_typesupport_introspection_c.h
[2.027s] -- Up-to-date symlink: /home/nvidia/acfly_ws/install/mavros_msgs/include/mavros_msgs/mavros_msgs/srv/detail/gimbal_manager_pitchyaw__rosidl_typesupport_introspection_c.h
[2.027s] -- Up-to-date symlink: /home/nvidia/acfly_ws/install/mavros_msgs/include/mavros_msgs/mavros_msgs/srv/detail/gimbal_manager_set_roi__rosidl_typesupport_introspection_c.h
[2.027s] -- Up-to-date symlink: /home/nvidia/acfly_ws/install/mavros_msgs/include/mavros_msgs/mavros_msgs/srv/detail/log_request_data__rosidl_typesupport_introspection_c.h
[2.027s] -- Up-to-date symlink: /home/nvidia/acfly_ws/install/mavros_msgs/include/mavros_msgs/mavros_msgs/srv/detail/log_request_end__rosidl_typesupport_introspection_c.h
[2.027s] -- Up-to-date symlink: /home/nvidia/acfly_ws/install/mavros_msgs/include/mavros_msgs/mavros_msgs/srv/detail/log_request_list__rosidl_typesupport_introspection_c.h
[2.027s] -- Up-to-date symlink: /home/nvidia/acfly_ws/install/mavros_msgs/include/mavros_msgs/mavros_msgs/srv/detail/message_interval__rosidl_typesupport_introspection_c.h
[2.027s] -- Up-to-date symlink: /home/nvidia/acfly_ws/install/mavros_msgs/include/mavros_msgs/mavros_msgs/srv/detail/mount_configure__rosidl_typesupport_introspection_c.h
[2.028s] -- Up-to-date symlink: /home/nvidia/acfly_ws/install/mavros_msgs/include/mavros_msgs/mavros_msgs/srv/detail/param_get__rosidl_typesupport_introspection_c.h
[2.028s] -- Up-to-date symlink: /home/nvidia/acfly_ws/install/mavros_msgs/include/mavros_msgs/mavros_msgs/srv/detail/param_pull__rosidl_typesupport_introspection_c.h
[2.028s] -- Up-to-date symlink: /home/nvidia/acfly_ws/install/mavros_msgs/include/mavros_msgs/mavros_msgs/srv/detail/param_push__rosidl_typesupport_introspection_c.h
[2.028s] -- Up-to-date symlink: /home/nvidia/acfly_ws/install/mavros_msgs/include/mavros_msgs/mavros_msgs/srv/detail/param_set__rosidl_typesupport_introspection_c.h
[2.028s] -- Up-to-date symlink: /home/nvidia/acfly_ws/install/mavros_msgs/include/mavros_msgs/mavros_msgs/srv/detail/param_set_v2__rosidl_typesupport_introspection_c.h
[2.028s] -- Up-to-date symlink: /home/nvidia/acfly_ws/install/mavros_msgs/include/mavros_msgs/mavros_msgs/srv/detail/set_mav_frame__rosidl_typesupport_introspection_c.h
[2.028s] -- Up-to-date symlink: /home/nvidia/acfly_ws/install/mavros_msgs/include/mavros_msgs/mavros_msgs/srv/detail/set_mode__rosidl_typesupport_introspection_c.h
[2.028s] -- Up-to-date symlink: /home/nvidia/acfly_ws/install/mavros_msgs/include/mavros_msgs/mavros_msgs/srv/detail/stream_rate__rosidl_typesupport_introspection_c.h
[2.029s] -- Up-to-date symlink: /home/nvidia/acfly_ws/install/mavros_msgs/include/mavros_msgs/mavros_msgs/srv/detail/vehicle_info_get__rosidl_typesupport_introspection_c.h
[2.029s] -- Up-to-date symlink: /home/nvidia/acfly_ws/install/mavros_msgs/include/mavros_msgs/mavros_msgs/srv/detail/waypoint_clear__rosidl_typesupport_introspection_c.h
[2.029s] -- Up-to-date symlink: /home/nvidia/acfly_ws/install/mavros_msgs/include/mavros_msgs/mavros_msgs/srv/detail/waypoint_pull__rosidl_typesupport_introspection_c.h
[2.029s] -- Up-to-date symlink: /home/nvidia/acfly_ws/install/mavros_msgs/include/mavros_msgs/mavros_msgs/srv/detail/waypoint_push__rosidl_typesupport_introspection_c.h
[2.029s] -- Up-to-date symlink: /home/nvidia/acfly_ws/install/mavros_msgs/include/mavros_msgs/mavros_msgs/srv/detail/waypoint_set_current__rosidl_typesupport_introspection_c.h
[2.029s] -- Up-to-date symlink: /home/nvidia/acfly_ws/install/mavros_msgs/include/mavros_msgs/mavros_msgs/msg/actuator_control.hpp
[2.029s] -- Up-to-date symlink: /home/nvidia/acfly_ws/install/mavros_msgs/include/mavros_msgs/mavros_msgs/msg/adsb_vehicle.hpp
[2.029s] -- Up-to-date symlink: /home/nvidia/acfly_ws/install/mavros_msgs/include/mavros_msgs/mavros_msgs/msg/altitude.hpp
[2.030s] -- Up-to-date symlink: /home/nvidia/acfly_ws/install/mavros_msgs/include/mavros_msgs/mavros_msgs/msg/attitude_target.hpp
[2.030s] -- Up-to-date symlink: /home/nvidia/acfly_ws/install/mavros_msgs/include/mavros_msgs/mavros_msgs/msg/cam_imu_stamp.hpp
[2.030s] -- Up-to-date symlink: /home/nvidia/acfly_ws/install/mavros_msgs/include/mavros_msgs/mavros_msgs/msg/camera_image_captured.hpp
[2.030s] -- Up-to-date symlink: /home/nvidia/acfly_ws/install/mavros_msgs/include/mavros_msgs/mavros_msgs/msg/cellular_status.hpp
[2.030s] -- Up-to-date symlink: /home/nvidia/acfly_ws/install/mavros_msgs/include/mavros_msgs/mavros_msgs/msg/command_code.hpp
[2.030s] -- Up-to-date symlink: /home/nvidia/acfly_ws/install/mavros_msgs/include/mavros_msgs/mavros_msgs/msg/companion_process_status.hpp
[2.030s] -- Up-to-date symlink: /home/nvidia/acfly_ws/install/mavros_msgs/include/mavros_msgs/mavros_msgs/msg/debug_value.hpp
[2.030s] -- Up-to-date symlink: /home/nvidia/acfly_ws/install/mavros_msgs/include/mavros_msgs/mavros_msgs/msg/detail/actuator_control__builder.hpp
[2.031s] -- Up-to-date symlink: /home/nvidia/acfly_ws/install/mavros_msgs/include/mavros_msgs/mavros_msgs/msg/detail/actuator_control__struct.hpp
[2.031s] -- Up-to-date symlink: /home/nvidia/acfly_ws/install/mavros_msgs/include/mavros_msgs/mavros_msgs/msg/detail/actuator_control__traits.hpp
[2.031s] -- Up-to-date symlink: /home/nvidia/acfly_ws/install/mavros_msgs/include/mavros_msgs/mavros_msgs/msg/detail/actuator_control__type_support.hpp
[2.031s] -- Up-to-date symlink: /home/nvidia/acfly_ws/install/mavros_msgs/include/mavros_msgs/mavros_msgs/msg/detail/adsb_vehicle__builder.hpp
[2.031s] -- Up-to-date symlink: /home/nvidia/acfly_ws/install/mavros_msgs/include/mavros_msgs/mavros_msgs/msg/detail/adsb_vehicle__struct.hpp
[2.031s] -- Up-to-date symlink: /home/nvidia/acfly_ws/install/mavros_msgs/include/mavros_msgs/mavros_msgs/msg/detail/adsb_vehicle__traits.hpp
[2.031s] -- Up-to-date symlink: /home/nvidia/acfly_ws/install/mavros_msgs/include/mavros_msgs/mavros_msgs/msg/detail/adsb_vehicle__type_support.hpp
[2.031s] -- Up-to-date symlink: /home/nvidia/acfly_ws/install/mavros_msgs/include/mavros_msgs/mavros_msgs/msg/detail/altitude__builder.hpp
[2.032s] -- Up-to-date symlink: /home/nvidia/acfly_ws/install/mavros_msgs/include/mavros_msgs/mavros_msgs/msg/detail/altitude__struct.hpp
[2.032s] -- Up-to-date symlink: /home/nvidia/acfly_ws/install/mavros_msgs/include/mavros_msgs/mavros_msgs/msg/detail/altitude__traits.hpp
[2.032s] -- Up-to-date symlink: /home/nvidia/acfly_ws/install/mavros_msgs/include/mavros_msgs/mavros_msgs/msg/detail/altitude__type_support.hpp
[2.032s] -- Up-to-date symlink: /home/nvidia/acfly_ws/install/mavros_msgs/include/mavros_msgs/mavros_msgs/msg/detail/attitude_target__builder.hpp
[2.032s] -- Up-to-date symlink: /home/nvidia/acfly_ws/install/mavros_msgs/include/mavros_msgs/mavros_msgs/msg/detail/attitude_target__struct.hpp
[2.032s] -- Up-to-date symlink: /home/nvidia/acfly_ws/install/mavros_msgs/include/mavros_msgs/mavros_msgs/msg/detail/attitude_target__traits.hpp
[2.032s] -- Up-to-date symlink: /home/nvidia/acfly_ws/install/mavros_msgs/include/mavros_msgs/mavros_msgs/msg/detail/attitude_target__type_support.hpp
[2.032s] -- Up-to-date symlink: /home/nvidia/acfly_ws/install/mavros_msgs/include/mavros_msgs/mavros_msgs/msg/detail/cam_imu_stamp__builder.hpp
[2.033s] -- Up-to-date symlink: /home/nvidia/acfly_ws/install/mavros_msgs/include/mavros_msgs/mavros_msgs/msg/detail/cam_imu_stamp__struct.hpp
[2.033s] -- Up-to-date symlink: /home/nvidia/acfly_ws/install/mavros_msgs/include/mavros_msgs/mavros_msgs/msg/detail/cam_imu_stamp__traits.hpp
[2.033s] -- Up-to-date symlink: /home/nvidia/acfly_ws/install/mavros_msgs/include/mavros_msgs/mavros_msgs/msg/detail/cam_imu_stamp__type_support.hpp
[2.033s] -- Up-to-date symlink: /home/nvidia/acfly_ws/install/mavros_msgs/include/mavros_msgs/mavros_msgs/msg/detail/camera_image_captured__builder.hpp
[2.033s] -- Up-to-date symlink: /home/nvidia/acfly_ws/install/mavros_msgs/include/mavros_msgs/mavros_msgs/msg/detail/camera_image_captured__struct.hpp
[2.033s] -- Up-to-date symlink: /home/nvidia/acfly_ws/install/mavros_msgs/include/mavros_msgs/mavros_msgs/msg/detail/camera_image_captured__traits.hpp
[2.033s] -- Up-to-date symlink: /home/nvidia/acfly_ws/install/mavros_msgs/include/mavros_msgs/mavros_msgs/msg/detail/camera_image_captured__type_support.hpp
[2.033s] -- Up-to-date symlink: /home/nvidia/acfly_ws/install/mavros_msgs/include/mavros_msgs/mavros_msgs/msg/detail/cellular_status__builder.hpp
[2.034s] -- Up-to-date symlink: /home/nvidia/acfly_ws/install/mavros_msgs/include/mavros_msgs/mavros_msgs/msg/detail/cellular_status__struct.hpp
[2.034s] -- Up-to-date symlink: /home/nvidia/acfly_ws/install/mavros_msgs/include/mavros_msgs/mavros_msgs/msg/detail/cellular_status__traits.hpp
[2.034s] -- Up-to-date symlink: /home/nvidia/acfly_ws/install/mavros_msgs/include/mavros_msgs/mavros_msgs/msg/detail/cellular_status__type_support.hpp
[2.034s] -- Up-to-date symlink: /home/nvidia/acfly_ws/install/mavros_msgs/include/mavros_msgs/mavros_msgs/msg/detail/command_code__builder.hpp
[2.034s] -- Up-to-date symlink: /home/nvidia/acfly_ws/install/mavros_msgs/include/mavros_msgs/mavros_msgs/msg/detail/command_code__struct.hpp
[2.034s] -- Up-to-date symlink: /home/nvidia/acfly_ws/install/mavros_msgs/include/mavros_msgs/mavros_msgs/msg/detail/command_code__traits.hpp
[2.034s] -- Up-to-date symlink: /home/nvidia/acfly_ws/install/mavros_msgs/include/mavros_msgs/mavros_msgs/msg/detail/command_code__type_support.hpp
[2.034s] -- Up-to-date symlink: /home/nvidia/acfly_ws/install/mavros_msgs/include/mavros_msgs/mavros_msgs/msg/detail/companion_process_status__builder.hpp
[2.035s] -- Up-to-date symlink: /home/nvidia/acfly_ws/install/mavros_msgs/include/mavros_msgs/mavros_msgs/msg/detail/companion_process_status__struct.hpp
[2.035s] -- Up-to-date symlink: /home/nvidia/acfly_ws/install/mavros_msgs/include/mavros_msgs/mavros_msgs/msg/detail/companion_process_status__traits.hpp
[2.035s] -- Up-to-date symlink: /home/nvidia/acfly_ws/install/mavros_msgs/include/mavros_msgs/mavros_msgs/msg/detail/companion_process_status__type_support.hpp
[2.035s] -- Up-to-date symlink: /home/nvidia/acfly_ws/install/mavros_msgs/include/mavros_msgs/mavros_msgs/msg/detail/debug_value__builder.hpp
[2.035s] -- Up-to-date symlink: /home/nvidia/acfly_ws/install/mavros_msgs/include/mavros_msgs/mavros_msgs/msg/detail/debug_value__struct.hpp
[2.035s] -- Up-to-date symlink: /home/nvidia/acfly_ws/install/mavros_msgs/include/mavros_msgs/mavros_msgs/msg/detail/debug_value__traits.hpp
[2.035s] -- Up-to-date symlink: /home/nvidia/acfly_ws/install/mavros_msgs/include/mavros_msgs/mavros_msgs/msg/detail/debug_value__type_support.hpp
[2.035s] -- Up-to-date symlink: /home/nvidia/acfly_ws/install/mavros_msgs/include/mavros_msgs/mavros_msgs/msg/detail/esc_info__builder.hpp
[2.036s] -- Up-to-date symlink: /home/nvidia/acfly_ws/install/mavros_msgs/include/mavros_msgs/mavros_msgs/msg/detail/esc_info__struct.hpp
[2.036s] -- Up-to-date symlink: /home/nvidia/acfly_ws/install/mavros_msgs/include/mavros_msgs/mavros_msgs/msg/detail/esc_info__traits.hpp
[2.036s] -- Up-to-date symlink: /home/nvidia/acfly_ws/install/mavros_msgs/include/mavros_msgs/mavros_msgs/msg/detail/esc_info__type_support.hpp
[2.036s] -- Up-to-date symlink: /home/nvidia/acfly_ws/install/mavros_msgs/include/mavros_msgs/mavros_msgs/msg/detail/esc_info_item__builder.hpp
[2.036s] -- Up-to-date symlink: /home/nvidia/acfly_ws/install/mavros_msgs/include/mavros_msgs/mavros_msgs/msg/detail/esc_info_item__struct.hpp
[2.036s] -- Up-to-date symlink: /home/nvidia/acfly_ws/install/mavros_msgs/include/mavros_msgs/mavros_msgs/msg/detail/esc_info_item__traits.hpp
[2.036s] -- Up-to-date symlink: /home/nvidia/acfly_ws/install/mavros_msgs/include/mavros_msgs/mavros_msgs/msg/detail/esc_info_item__type_support.hpp
[2.036s] -- Up-to-date symlink: /home/nvidia/acfly_ws/install/mavros_msgs/include/mavros_msgs/mavros_msgs/msg/detail/esc_status__builder.hpp
[2.037s] -- Up-to-date symlink: /home/nvidia/acfly_ws/install/mavros_msgs/include/mavros_msgs/mavros_msgs/msg/detail/esc_status__struct.hpp
[2.037s] -- Up-to-date symlink: /home/nvidia/acfly_ws/install/mavros_msgs/include/mavros_msgs/mavros_msgs/msg/detail/esc_status__traits.hpp
[2.037s] -- Up-to-date symlink: /home/nvidia/acfly_ws/install/mavros_msgs/include/mavros_msgs/mavros_msgs/msg/detail/esc_status__type_support.hpp
[2.037s] -- Up-to-date symlink: /home/nvidia/acfly_ws/install/mavros_msgs/include/mavros_msgs/mavros_msgs/msg/detail/esc_status_item__builder.hpp
[2.037s] -- Up-to-date symlink: /home/nvidia/acfly_ws/install/mavros_msgs/include/mavros_msgs/mavros_msgs/msg/detail/esc_status_item__struct.hpp
[2.037s] -- Up-to-date symlink: /home/nvidia/acfly_ws/install/mavros_msgs/include/mavros_msgs/mavros_msgs/msg/detail/esc_status_item__traits.hpp
[2.037s] -- Up-to-date symlink: /home/nvidia/acfly_ws/install/mavros_msgs/include/mavros_msgs/mavros_msgs/msg/detail/esc_status_item__type_support.hpp
[2.037s] -- Up-to-date symlink: /home/nvidia/acfly_ws/install/mavros_msgs/include/mavros_msgs/mavros_msgs/msg/detail/esc_telemetry__builder.hpp
[2.038s] -- Up-to-date symlink: /home/nvidia/acfly_ws/install/mavros_msgs/include/mavros_msgs/mavros_msgs/msg/detail/esc_telemetry__struct.hpp
[2.038s] -- Up-to-date symlink: /home/nvidia/acfly_ws/install/mavros_msgs/include/mavros_msgs/mavros_msgs/msg/detail/esc_telemetry__traits.hpp
[2.038s] -- Up-to-date symlink: /home/nvidia/acfly_ws/install/mavros_msgs/include/mavros_msgs/mavros_msgs/msg/detail/esc_telemetry__type_support.hpp
[2.038s] -- Up-to-date symlink: /home/nvidia/acfly_ws/install/mavros_msgs/include/mavros_msgs/mavros_msgs/msg/detail/esc_telemetry_item__builder.hpp
[2.038s] -- Up-to-date symlink: /home/nvidia/acfly_ws/install/mavros_msgs/include/mavros_msgs/mavros_msgs/msg/detail/esc_telemetry_item__struct.hpp
[2.038s] -- Up-to-date symlink: /home/nvidia/acfly_ws/install/mavros_msgs/include/mavros_msgs/mavros_msgs/msg/detail/esc_telemetry_item__traits.hpp
[2.038s] -- Up-to-date symlink: /home/nvidia/acfly_ws/install/mavros_msgs/include/mavros_msgs/mavros_msgs/msg/detail/esc_telemetry_item__type_support.hpp
[2.038s] -- Up-to-date symlink: /home/nvidia/acfly_ws/install/mavros_msgs/include/mavros_msgs/mavros_msgs/msg/detail/estimator_status__builder.hpp
[2.039s] -- Up-to-date symlink: /home/nvidia/acfly_ws/install/mavros_msgs/include/mavros_msgs/mavros_msgs/msg/detail/estimator_status__struct.hpp
[2.039s] -- Up-to-date symlink: /home/nvidia/acfly_ws/install/mavros_msgs/include/mavros_msgs/mavros_msgs/msg/detail/estimator_status__traits.hpp
[2.039s] -- Up-to-date symlink: /home/nvidia/acfly_ws/install/mavros_msgs/include/mavros_msgs/mavros_msgs/msg/detail/estimator_status__type_support.hpp
[2.039s] -- Up-to-date symlink: /home/nvidia/acfly_ws/install/mavros_msgs/include/mavros_msgs/mavros_msgs/msg/detail/extended_state__builder.hpp
[2.039s] -- Up-to-date symlink: /home/nvidia/acfly_ws/install/mavros_msgs/include/mavros_msgs/mavros_msgs/msg/detail/extended_state__struct.hpp
[2.039s] -- Up-to-date symlink: /home/nvidia/acfly_ws/install/mavros_msgs/include/mavros_msgs/mavros_msgs/msg/detail/extended_state__traits.hpp
[2.039s] -- Up-to-date symlink: /home/nvidia/acfly_ws/install/mavros_msgs/include/mavros_msgs/mavros_msgs/msg/detail/extended_state__type_support.hpp
[2.039s] -- Up-to-date symlink: /home/nvidia/acfly_ws/install/mavros_msgs/include/mavros_msgs/mavros_msgs/msg/detail/file_entry__builder.hpp
[2.040s] -- Up-to-date symlink: /home/nvidia/acfly_ws/install/mavros_msgs/include/mavros_msgs/mavros_msgs/msg/detail/file_entry__struct.hpp
[2.040s] -- Up-to-date symlink: /home/nvidia/acfly_ws/install/mavros_msgs/include/mavros_msgs/mavros_msgs/msg/detail/file_entry__traits.hpp
[2.040s] -- Up-to-date symlink: /home/nvidia/acfly_ws/install/mavros_msgs/include/mavros_msgs/mavros_msgs/msg/detail/file_entry__type_support.hpp
[2.040s] -- Up-to-date symlink: /home/nvidia/acfly_ws/install/mavros_msgs/include/mavros_msgs/mavros_msgs/msg/detail/gimbal_device_attitude_status__builder.hpp
[2.040s] -- Up-to-date symlink: /home/nvidia/acfly_ws/install/mavros_msgs/include/mavros_msgs/mavros_msgs/msg/detail/gimbal_device_attitude_status__struct.hpp
[2.040s] -- Up-to-date symlink: /home/nvidia/acfly_ws/install/mavros_msgs/include/mavros_msgs/mavros_msgs/msg/detail/gimbal_device_attitude_status__traits.hpp
[2.040s] -- Up-to-date symlink: /home/nvidia/acfly_ws/install/mavros_msgs/include/mavros_msgs/mavros_msgs/msg/detail/gimbal_device_attitude_status__type_support.hpp
[2.040s] -- Up-to-date symlink: /home/nvidia/acfly_ws/install/mavros_msgs/include/mavros_msgs/mavros_msgs/msg/detail/gimbal_device_information__builder.hpp
[2.041s] -- Up-to-date symlink: /home/nvidia/acfly_ws/install/mavros_msgs/include/mavros_msgs/mavros_msgs/msg/detail/gimbal_device_information__struct.hpp
[2.041s] -- Up-to-date symlink: /home/nvidia/acfly_ws/install/mavros_msgs/include/mavros_msgs/mavros_msgs/msg/detail/gimbal_device_information__traits.hpp
[2.041s] -- Up-to-date symlink: /home/nvidia/acfly_ws/install/mavros_msgs/include/mavros_msgs/mavros_msgs/msg/detail/gimbal_device_information__type_support.hpp
[2.041s] -- Up-to-date symlink: /home/nvidia/acfly_ws/install/mavros_msgs/include/mavros_msgs/mavros_msgs/msg/detail/gimbal_device_set_attitude__builder.hpp
[2.041s] -- Up-to-date symlink: /home/nvidia/acfly_ws/install/mavros_msgs/include/mavros_msgs/mavros_msgs/msg/detail/gimbal_device_set_attitude__struct.hpp
[2.041s] -- Up-to-date symlink: /home/nvidia/acfly_ws/install/mavros_msgs/include/mavros_msgs/mavros_msgs/msg/detail/gimbal_device_set_attitude__traits.hpp
[2.041s] -- Up-to-date symlink: /home/nvidia/acfly_ws/install/mavros_msgs/include/mavros_msgs/mavros_msgs/msg/detail/gimbal_device_set_attitude__type_support.hpp
[2.041s] -- Up-to-date symlink: /home/nvidia/acfly_ws/install/mavros_msgs/include/mavros_msgs/mavros_msgs/msg/detail/gimbal_manager_information__builder.hpp
[2.042s] -- Up-to-date symlink: /home/nvidia/acfly_ws/install/mavros_msgs/include/mavros_msgs/mavros_msgs/msg/detail/gimbal_manager_information__struct.hpp
[2.042s] -- Up-to-date symlink: /home/nvidia/acfly_ws/install/mavros_msgs/include/mavros_msgs/mavros_msgs/msg/detail/gimbal_manager_information__traits.hpp
[2.042s] -- Up-to-date symlink: /home/nvidia/acfly_ws/install/mavros_msgs/include/mavros_msgs/mavros_msgs/msg/detail/gimbal_manager_information__type_support.hpp
[2.042s] -- Up-to-date symlink: /home/nvidia/acfly_ws/install/mavros_msgs/include/mavros_msgs/mavros_msgs/msg/detail/gimbal_manager_set_attitude__builder.hpp
[2.042s] -- Up-to-date symlink: /home/nvidia/acfly_ws/install/mavros_msgs/include/mavros_msgs/mavros_msgs/msg/detail/gimbal_manager_set_attitude__struct.hpp
[2.042s] -- Up-to-date symlink: /home/nvidia/acfly_ws/install/mavros_msgs/include/mavros_msgs/mavros_msgs/msg/detail/gimbal_manager_set_attitude__traits.hpp
[2.042s] -- Up-to-date symlink: /home/nvidia/acfly_ws/install/mavros_msgs/include/mavros_msgs/mavros_msgs/msg/detail/gimbal_manager_set_attitude__type_support.hpp
[2.042s] -- Up-to-date symlink: /home/nvidia/acfly_ws/install/mavros_msgs/include/mavros_msgs/mavros_msgs/msg/detail/gimbal_manager_set_pitchyaw__builder.hpp
[2.043s] -- Up-to-date symlink: /home/nvidia/acfly_ws/install/mavros_msgs/include/mavros_msgs/mavros_msgs/msg/detail/gimbal_manager_set_pitchyaw__struct.hpp
[2.043s] -- Up-to-date symlink: /home/nvidia/acfly_ws/install/mavros_msgs/include/mavros_msgs/mavros_msgs/msg/detail/gimbal_manager_set_pitchyaw__traits.hpp
[2.043s] -- Up-to-date symlink: /home/nvidia/acfly_ws/install/mavros_msgs/include/mavros_msgs/mavros_msgs/msg/detail/gimbal_manager_set_pitchyaw__type_support.hpp
[2.043s] -- Up-to-date symlink: /home/nvidia/acfly_ws/install/mavros_msgs/include/mavros_msgs/mavros_msgs/msg/detail/gimbal_manager_status__builder.hpp
[2.043s] -- Up-to-date symlink: /home/nvidia/acfly_ws/install/mavros_msgs/include/mavros_msgs/mavros_msgs/msg/detail/gimbal_manager_status__struct.hpp
[2.043s] -- Up-to-date symlink: /home/nvidia/acfly_ws/install/mavros_msgs/include/mavros_msgs/mavros_msgs/msg/detail/gimbal_manager_status__traits.hpp
[2.043s] -- Up-to-date symlink: /home/nvidia/acfly_ws/install/mavros_msgs/include/mavros_msgs/mavros_msgs/msg/detail/gimbal_manager_status__type_support.hpp
[2.043s] -- Up-to-date symlink: /home/nvidia/acfly_ws/install/mavros_msgs/include/mavros_msgs/mavros_msgs/msg/detail/global_position_target__builder.hpp
[2.044s] -- Up-to-date symlink: /home/nvidia/acfly_ws/install/mavros_msgs/include/mavros_msgs/mavros_msgs/msg/detail/global_position_target__struct.hpp
[2.044s] -- Up-to-date symlink: /home/nvidia/acfly_ws/install/mavros_msgs/include/mavros_msgs/mavros_msgs/msg/detail/global_position_target__traits.hpp
[2.044s] -- Up-to-date symlink: /home/nvidia/acfly_ws/install/mavros_msgs/include/mavros_msgs/mavros_msgs/msg/detail/global_position_target__type_support.hpp
[2.044s] -- Up-to-date symlink: /home/nvidia/acfly_ws/install/mavros_msgs/include/mavros_msgs/mavros_msgs/msg/detail/gpsinput__builder.hpp
[2.044s] -- Up-to-date symlink: /home/nvidia/acfly_ws/install/mavros_msgs/include/mavros_msgs/mavros_msgs/msg/detail/gpsinput__struct.hpp
[2.044s] -- Up-to-date symlink: /home/nvidia/acfly_ws/install/mavros_msgs/include/mavros_msgs/mavros_msgs/msg/detail/gpsinput__traits.hpp
[2.044s] -- Up-to-date symlink: /home/nvidia/acfly_ws/install/mavros_msgs/include/mavros_msgs/mavros_msgs/msg/detail/gpsinput__type_support.hpp
[2.044s] -- Up-to-date symlink: /home/nvidia/acfly_ws/install/mavros_msgs/include/mavros_msgs/mavros_msgs/msg/detail/gpsraw__builder.hpp
[2.045s] -- Up-to-date symlink: /home/nvidia/acfly_ws/install/mavros_msgs/include/mavros_msgs/mavros_msgs/msg/detail/gpsraw__struct.hpp
[2.045s] -- Up-to-date symlink: /home/nvidia/acfly_ws/install/mavros_msgs/include/mavros_msgs/mavros_msgs/msg/detail/gpsraw__traits.hpp
[2.045s] -- Up-to-date symlink: /home/nvidia/acfly_ws/install/mavros_msgs/include/mavros_msgs/mavros_msgs/msg/detail/gpsraw__type_support.hpp
[2.045s] -- Up-to-date symlink: /home/nvidia/acfly_ws/install/mavros_msgs/include/mavros_msgs/mavros_msgs/msg/detail/gpsrtk__builder.hpp
[2.045s] -- Up-to-date symlink: /home/nvidia/acfly_ws/install/mavros_msgs/include/mavros_msgs/mavros_msgs/msg/detail/gpsrtk__struct.hpp
[2.045s] -- Up-to-date symlink: /home/nvidia/acfly_ws/install/mavros_msgs/include/mavros_msgs/mavros_msgs/msg/detail/gpsrtk__traits.hpp
[2.045s] -- Up-to-date symlink: /home/nvidia/acfly_ws/install/mavros_msgs/include/mavros_msgs/mavros_msgs/msg/detail/gpsrtk__type_support.hpp
[2.045s] -- Up-to-date symlink: /home/nvidia/acfly_ws/install/mavros_msgs/include/mavros_msgs/mavros_msgs/msg/detail/hil_actuator_controls__builder.hpp
[2.046s] -- Up-to-date symlink: /home/nvidia/acfly_ws/install/mavros_msgs/include/mavros_msgs/mavros_msgs/msg/detail/hil_actuator_controls__struct.hpp
[2.046s] -- Up-to-date symlink: /home/nvidia/acfly_ws/install/mavros_msgs/include/mavros_msgs/mavros_msgs/msg/detail/hil_actuator_controls__traits.hpp
[2.046s] -- Up-to-date symlink: /home/nvidia/acfly_ws/install/mavros_msgs/include/mavros_msgs/mavros_msgs/msg/detail/hil_actuator_controls__type_support.hpp
[2.046s] -- Up-to-date symlink: /home/nvidia/acfly_ws/install/mavros_msgs/include/mavros_msgs/mavros_msgs/msg/detail/hil_controls__builder.hpp
[2.046s] -- Up-to-date symlink: /home/nvidia/acfly_ws/install/mavros_msgs/include/mavros_msgs/mavros_msgs/msg/detail/hil_controls__struct.hpp
[2.046s] -- Up-to-date symlink: /home/nvidia/acfly_ws/install/mavros_msgs/include/mavros_msgs/mavros_msgs/msg/detail/hil_controls__traits.hpp
[2.046s] -- Up-to-date symlink: /home/nvidia/acfly_ws/install/mavros_msgs/include/mavros_msgs/mavros_msgs/msg/detail/hil_controls__type_support.hpp
[2.046s] -- Up-to-date symlink: /home/nvidia/acfly_ws/install/mavros_msgs/include/mavros_msgs/mavros_msgs/msg/detail/hil_gps__builder.hpp
[2.047s] -- Up-to-date symlink: /home/nvidia/acfly_ws/install/mavros_msgs/include/mavros_msgs/mavros_msgs/msg/detail/hil_gps__struct.hpp
[2.047s] -- Up-to-date symlink: /home/nvidia/acfly_ws/install/mavros_msgs/include/mavros_msgs/mavros_msgs/msg/detail/hil_gps__traits.hpp
[2.047s] -- Up-to-date symlink: /home/nvidia/acfly_ws/install/mavros_msgs/include/mavros_msgs/mavros_msgs/msg/detail/hil_gps__type_support.hpp
[2.047s] -- Up-to-date symlink: /home/nvidia/acfly_ws/install/mavros_msgs/include/mavros_msgs/mavros_msgs/msg/detail/hil_sensor__builder.hpp
[2.047s] -- Up-to-date symlink: /home/nvidia/acfly_ws/install/mavros_msgs/include/mavros_msgs/mavros_msgs/msg/detail/hil_sensor__struct.hpp
[2.047s] -- Up-to-date symlink: /home/nvidia/acfly_ws/install/mavros_msgs/include/mavros_msgs/mavros_msgs/msg/detail/hil_sensor__traits.hpp
[2.047s] -- Up-to-date symlink: /home/nvidia/acfly_ws/install/mavros_msgs/include/mavros_msgs/mavros_msgs/msg/detail/hil_sensor__type_support.hpp
[2.047s] -- Up-to-date symlink: /home/nvidia/acfly_ws/install/mavros_msgs/include/mavros_msgs/mavros_msgs/msg/detail/hil_state_quaternion__builder.hpp
[2.048s] -- Up-to-date symlink: /home/nvidia/acfly_ws/install/mavros_msgs/include/mavros_msgs/mavros_msgs/msg/detail/hil_state_quaternion__struct.hpp
[2.048s] -- Up-to-date symlink: /home/nvidia/acfly_ws/install/mavros_msgs/include/mavros_msgs/mavros_msgs/msg/detail/hil_state_quaternion__traits.hpp
[2.048s] -- Up-to-date symlink: /home/nvidia/acfly_ws/install/mavros_msgs/include/mavros_msgs/mavros_msgs/msg/detail/hil_state_quaternion__type_support.hpp
[2.048s] -- Up-to-date symlink: /home/nvidia/acfly_ws/install/mavros_msgs/include/mavros_msgs/mavros_msgs/msg/detail/home_position__builder.hpp
[2.048s] -- Up-to-date symlink: /home/nvidia/acfly_ws/install/mavros_msgs/include/mavros_msgs/mavros_msgs/msg/detail/home_position__struct.hpp
[2.048s] -- Up-to-date symlink: /home/nvidia/acfly_ws/install/mavros_msgs/include/mavros_msgs/mavros_msgs/msg/detail/home_position__traits.hpp
[2.048s] -- Up-to-date symlink: /home/nvidia/acfly_ws/install/mavros_msgs/include/mavros_msgs/mavros_msgs/msg/detail/home_position__type_support.hpp
[2.049s] -- Up-to-date symlink: /home/nvidia/acfly_ws/install/mavros_msgs/include/mavros_msgs/mavros_msgs/msg/detail/landing_target__builder.hpp
[2.049s] -- Up-to-date symlink: /home/nvidia/acfly_ws/install/mavros_msgs/include/mavros_msgs/mavros_msgs/msg/detail/landing_target__struct.hpp
[2.049s] -- Up-to-date symlink: /home/nvidia/acfly_ws/install/mavros_msgs/include/mavros_msgs/mavros_msgs/msg/detail/landing_target__traits.hpp
[2.049s] -- Up-to-date symlink: /home/nvidia/acfly_ws/install/mavros_msgs/include/mavros_msgs/mavros_msgs/msg/detail/landing_target__type_support.hpp
[2.049s] -- Up-to-date symlink: /home/nvidia/acfly_ws/install/mavros_msgs/include/mavros_msgs/mavros_msgs/msg/detail/log_data__builder.hpp
[2.049s] -- Up-to-date symlink: /home/nvidia/acfly_ws/install/mavros_msgs/include/mavros_msgs/mavros_msgs/msg/detail/log_data__struct.hpp
[2.049s] -- Up-to-date symlink: /home/nvidia/acfly_ws/install/mavros_msgs/include/mavros_msgs/mavros_msgs/msg/detail/log_data__traits.hpp
[2.049s] -- Up-to-date symlink: /home/nvidia/acfly_ws/install/mavros_msgs/include/mavros_msgs/mavros_msgs/msg/detail/log_data__type_support.hpp
[2.050s] -- Up-to-date symlink: /home/nvidia/acfly_ws/install/mavros_msgs/include/mavros_msgs/mavros_msgs/msg/detail/log_entry__builder.hpp
[2.050s] -- Up-to-date symlink: /home/nvidia/acfly_ws/install/mavros_msgs/include/mavros_msgs/mavros_msgs/msg/detail/log_entry__struct.hpp
[2.050s] -- Up-to-date symlink: /home/nvidia/acfly_ws/install/mavros_msgs/include/mavros_msgs/mavros_msgs/msg/detail/log_entry__traits.hpp
[2.050s] -- Up-to-date symlink: /home/nvidia/acfly_ws/install/mavros_msgs/include/mavros_msgs/mavros_msgs/msg/detail/log_entry__type_support.hpp
[2.050s] -- Up-to-date symlink: /home/nvidia/acfly_ws/install/mavros_msgs/include/mavros_msgs/mavros_msgs/msg/detail/magnetometer_reporter__builder.hpp
[2.050s] -- Up-to-date symlink: /home/nvidia/acfly_ws/install/mavros_msgs/include/mavros_msgs/mavros_msgs/msg/detail/magnetometer_reporter__struct.hpp
[2.050s] -- Up-to-date symlink: /home/nvidia/acfly_ws/install/mavros_msgs/include/mavros_msgs/mavros_msgs/msg/detail/magnetometer_reporter__traits.hpp
[2.050s] -- Up-to-date symlink: /home/nvidia/acfly_ws/install/mavros_msgs/include/mavros_msgs/mavros_msgs/msg/detail/magnetometer_reporter__type_support.hpp
[2.051s] -- Up-to-date symlink: /home/nvidia/acfly_ws/install/mavros_msgs/include/mavros_msgs/mavros_msgs/msg/detail/manual_control__builder.hpp
[2.051s] -- Up-to-date symlink: /home/nvidia/acfly_ws/install/mavros_msgs/include/mavros_msgs/mavros_msgs/msg/detail/manual_control__struct.hpp
[2.051s] -- Up-to-date symlink: /home/nvidia/acfly_ws/install/mavros_msgs/include/mavros_msgs/mavros_msgs/msg/detail/manual_control__traits.hpp
[2.051s] -- Up-to-date symlink: /home/nvidia/acfly_ws/install/mavros_msgs/include/mavros_msgs/mavros_msgs/msg/detail/manual_control__type_support.hpp
[2.051s] -- Up-to-date symlink: /home/nvidia/acfly_ws/install/mavros_msgs/include/mavros_msgs/mavros_msgs/msg/detail/mavlink__builder.hpp
[2.051s] -- Up-to-date symlink: /home/nvidia/acfly_ws/install/mavros_msgs/include/mavros_msgs/mavros_msgs/msg/detail/mavlink__struct.hpp
[2.051s] -- Up-to-date symlink: /home/nvidia/acfly_ws/install/mavros_msgs/include/mavros_msgs/mavros_msgs/msg/detail/mavlink__traits.hpp
[2.051s] -- Up-to-date symlink: /home/nvidia/acfly_ws/install/mavros_msgs/include/mavros_msgs/mavros_msgs/msg/detail/mavlink__type_support.hpp
[2.051s] -- Up-to-date symlink: /home/nvidia/acfly_ws/install/mavros_msgs/include/mavros_msgs/mavros_msgs/msg/detail/mount_control__builder.hpp
[2.052s] -- Up-to-date symlink: /home/nvidia/acfly_ws/install/mavros_msgs/include/mavros_msgs/mavros_msgs/msg/detail/mount_control__struct.hpp
[2.052s] -- Up-to-date symlink: /home/nvidia/acfly_ws/install/mavros_msgs/include/mavros_msgs/mavros_msgs/msg/detail/mount_control__traits.hpp
[2.052s] -- Up-to-date symlink: /home/nvidia/acfly_ws/install/mavros_msgs/include/mavros_msgs/mavros_msgs/msg/detail/mount_control__type_support.hpp
[2.052s] -- Up-to-date symlink: /home/nvidia/acfly_ws/install/mavros_msgs/include/mavros_msgs/mavros_msgs/msg/detail/nav_controller_output__builder.hpp
[2.052s] -- Up-to-date symlink: /home/nvidia/acfly_ws/install/mavros_msgs/include/mavros_msgs/mavros_msgs/msg/detail/nav_controller_output__struct.hpp
[2.052s] -- Up-to-date symlink: /home/nvidia/acfly_ws/install/mavros_msgs/include/mavros_msgs/mavros_msgs/msg/detail/nav_controller_output__traits.hpp
[2.052s] -- Up-to-date symlink: /home/nvidia/acfly_ws/install/mavros_msgs/include/mavros_msgs/mavros_msgs/msg/detail/nav_controller_output__type_support.hpp
[2.053s] -- Up-to-date symlink: /home/nvidia/acfly_ws/install/mavros_msgs/include/mavros_msgs/mavros_msgs/msg/detail/onboard_computer_status__builder.hpp
[2.053s] -- Up-to-date symlink: /home/nvidia/acfly_ws/install/mavros_msgs/include/mavros_msgs/mavros_msgs/msg/detail/onboard_computer_status__struct.hpp
[2.053s] -- Up-to-date symlink: /home/nvidia/acfly_ws/install/mavros_msgs/include/mavros_msgs/mavros_msgs/msg/detail/onboard_computer_status__traits.hpp
[2.053s] -- Up-to-date symlink: /home/nvidia/acfly_ws/install/mavros_msgs/include/mavros_msgs/mavros_msgs/msg/detail/onboard_computer_status__type_support.hpp
[2.053s] -- Up-to-date symlink: /home/nvidia/acfly_ws/install/mavros_msgs/include/mavros_msgs/mavros_msgs/msg/detail/open_drone_id_basic_id__builder.hpp
[2.053s] -- Up-to-date symlink: /home/nvidia/acfly_ws/install/mavros_msgs/include/mavros_msgs/mavros_msgs/msg/detail/open_drone_id_basic_id__struct.hpp
[2.053s] -- Up-to-date symlink: /home/nvidia/acfly_ws/install/mavros_msgs/include/mavros_msgs/mavros_msgs/msg/detail/open_drone_id_basic_id__traits.hpp
[2.053s] -- Up-to-date symlink: /home/nvidia/acfly_ws/install/mavros_msgs/include/mavros_msgs/mavros_msgs/msg/detail/open_drone_id_basic_id__type_support.hpp
[2.054s] -- Up-to-date symlink: /home/nvidia/acfly_ws/install/mavros_msgs/include/mavros_msgs/mavros_msgs/msg/detail/open_drone_id_operator_id__builder.hpp
[2.054s] -- Up-to-date symlink: /home/nvidia/acfly_ws/install/mavros_msgs/include/mavros_msgs/mavros_msgs/msg/detail/open_drone_id_operator_id__struct.hpp
[2.054s] -- Up-to-date symlink: /home/nvidia/acfly_ws/install/mavros_msgs/include/mavros_msgs/mavros_msgs/msg/detail/open_drone_id_operator_id__traits.hpp
[2.054s] -- Up-to-date symlink: /home/nvidia/acfly_ws/install/mavros_msgs/include/mavros_msgs/mavros_msgs/msg/detail/open_drone_id_operator_id__type_support.hpp
[2.054s] -- Up-to-date symlink: /home/nvidia/acfly_ws/install/mavros_msgs/include/mavros_msgs/mavros_msgs/msg/detail/open_drone_id_self_id__builder.hpp
[2.054s] -- Up-to-date symlink: /home/nvidia/acfly_ws/install/mavros_msgs/include/mavros_msgs/mavros_msgs/msg/detail/open_drone_id_self_id__struct.hpp
[2.054s] -- Up-to-date symlink: /home/nvidia/acfly_ws/install/mavros_msgs/include/mavros_msgs/mavros_msgs/msg/detail/open_drone_id_self_id__traits.hpp
[2.054s] -- Up-to-date symlink: /home/nvidia/acfly_ws/install/mavros_msgs/include/mavros_msgs/mavros_msgs/msg/detail/open_drone_id_self_id__type_support.hpp
[2.055s] -- Up-to-date symlink: /home/nvidia/acfly_ws/install/mavros_msgs/include/mavros_msgs/mavros_msgs/msg/detail/open_drone_id_system__builder.hpp
[2.055s] -- Up-to-date symlink: /home/nvidia/acfly_ws/install/mavros_msgs/include/mavros_msgs/mavros_msgs/msg/detail/open_drone_id_system__struct.hpp
[2.055s] -- Up-to-date symlink: /home/nvidia/acfly_ws/install/mavros_msgs/include/mavros_msgs/mavros_msgs/msg/detail/open_drone_id_system__traits.hpp
[2.055s] -- Up-to-date symlink: /home/nvidia/acfly_ws/install/mavros_msgs/include/mavros_msgs/mavros_msgs/msg/detail/open_drone_id_system__type_support.hpp
[2.055s] -- Up-to-date symlink: /home/nvidia/acfly_ws/install/mavros_msgs/include/mavros_msgs/mavros_msgs/msg/detail/open_drone_id_system_update__builder.hpp
[2.055s] -- Up-to-date symlink: /home/nvidia/acfly_ws/install/mavros_msgs/include/mavros_msgs/mavros_msgs/msg/detail/open_drone_id_system_update__struct.hpp
[2.055s] -- Up-to-date symlink: /home/nvidia/acfly_ws/install/mavros_msgs/include/mavros_msgs/mavros_msgs/msg/detail/open_drone_id_system_update__traits.hpp
[2.055s] -- Up-to-date symlink: /home/nvidia/acfly_ws/install/mavros_msgs/include/mavros_msgs/mavros_msgs/msg/detail/open_drone_id_system_update__type_support.hpp
[2.056s] -- Up-to-date symlink: /home/nvidia/acfly_ws/install/mavros_msgs/include/mavros_msgs/mavros_msgs/msg/detail/optical_flow__builder.hpp
[2.056s] -- Up-to-date symlink: /home/nvidia/acfly_ws/install/mavros_msgs/include/mavros_msgs/mavros_msgs/msg/detail/optical_flow__struct.hpp
[2.056s] -- Up-to-date symlink: /home/nvidia/acfly_ws/install/mavros_msgs/include/mavros_msgs/mavros_msgs/msg/detail/optical_flow__traits.hpp
[2.056s] -- Up-to-date symlink: /home/nvidia/acfly_ws/install/mavros_msgs/include/mavros_msgs/mavros_msgs/msg/detail/optical_flow__type_support.hpp
[2.056s] -- Up-to-date symlink: /home/nvidia/acfly_ws/install/mavros_msgs/include/mavros_msgs/mavros_msgs/msg/detail/optical_flow_rad__builder.hpp
[2.056s] -- Up-to-date symlink: /home/nvidia/acfly_ws/install/mavros_msgs/include/mavros_msgs/mavros_msgs/msg/detail/optical_flow_rad__struct.hpp
[2.056s] -- Up-to-date symlink: /home/nvidia/acfly_ws/install/mavros_msgs/include/mavros_msgs/mavros_msgs/msg/detail/optical_flow_rad__traits.hpp
[2.057s] -- Up-to-date symlink: /home/nvidia/acfly_ws/install/mavros_msgs/include/mavros_msgs/mavros_msgs/msg/detail/optical_flow_rad__type_support.hpp
[2.057s] -- Up-to-date symlink: /home/nvidia/acfly_ws/install/mavros_msgs/include/mavros_msgs/mavros_msgs/msg/detail/override_rc_in__builder.hpp
[2.057s] -- Up-to-date symlink: /home/nvidia/acfly_ws/install/mavros_msgs/include/mavros_msgs/mavros_msgs/msg/detail/override_rc_in__struct.hpp
[2.057s] -- Up-to-date symlink: /home/nvidia/acfly_ws/install/mavros_msgs/include/mavros_msgs/mavros_msgs/msg/detail/override_rc_in__traits.hpp
[2.057s] -- Up-to-date symlink: /home/nvidia/acfly_ws/install/mavros_msgs/include/mavros_msgs/mavros_msgs/msg/detail/override_rc_in__type_support.hpp
[2.057s] -- Up-to-date symlink: /home/nvidia/acfly_ws/install/mavros_msgs/include/mavros_msgs/mavros_msgs/msg/detail/param__builder.hpp
[2.057s] -- Up-to-date symlink: /home/nvidia/acfly_ws/install/mavros_msgs/include/mavros_msgs/mavros_msgs/msg/detail/param__struct.hpp
[2.057s] -- Up-to-date symlink: /home/nvidia/acfly_ws/install/mavros_msgs/include/mavros_msgs/mavros_msgs/msg/detail/param__traits.hpp
[2.058s] -- Up-to-date symlink: /home/nvidia/acfly_ws/install/mavros_msgs/include/mavros_msgs/mavros_msgs/msg/detail/param__type_support.hpp
[2.058s] -- Up-to-date symlink: /home/nvidia/acfly_ws/install/mavros_msgs/include/mavros_msgs/mavros_msgs/msg/detail/param_event__builder.hpp
[2.058s] -- Up-to-date symlink: /home/nvidia/acfly_ws/install/mavros_msgs/include/mavros_msgs/mavros_msgs/msg/detail/param_event__struct.hpp
[2.058s] -- Up-to-date symlink: /home/nvidia/acfly_ws/install/mavros_msgs/include/mavros_msgs/mavros_msgs/msg/detail/param_event__traits.hpp
[2.058s] -- Up-to-date symlink: /home/nvidia/acfly_ws/install/mavros_msgs/include/mavros_msgs/mavros_msgs/msg/detail/param_event__type_support.hpp
[2.058s] -- Up-to-date symlink: /home/nvidia/acfly_ws/install/mavros_msgs/include/mavros_msgs/mavros_msgs/msg/detail/param_value__builder.hpp
[2.058s] -- Up-to-date symlink: /home/nvidia/acfly_ws/install/mavros_msgs/include/mavros_msgs/mavros_msgs/msg/detail/param_value__struct.hpp
[2.058s] -- Up-to-date symlink: /home/nvidia/acfly_ws/install/mavros_msgs/include/mavros_msgs/mavros_msgs/msg/detail/param_value__traits.hpp
[2.059s] -- Up-to-date symlink: /home/nvidia/acfly_ws/install/mavros_msgs/include/mavros_msgs/mavros_msgs/msg/detail/param_value__type_support.hpp
[2.059s] -- Up-to-date symlink: /home/nvidia/acfly_ws/install/mavros_msgs/include/mavros_msgs/mavros_msgs/msg/detail/play_tune_v2__builder.hpp
[2.059s] -- Up-to-date symlink: /home/nvidia/acfly_ws/install/mavros_msgs/include/mavros_msgs/mavros_msgs/msg/detail/play_tune_v2__struct.hpp
[2.059s] -- Up-to-date symlink: /home/nvidia/acfly_ws/install/mavros_msgs/include/mavros_msgs/mavros_msgs/msg/detail/play_tune_v2__traits.hpp
[2.059s] -- Up-to-date symlink: /home/nvidia/acfly_ws/install/mavros_msgs/include/mavros_msgs/mavros_msgs/msg/detail/play_tune_v2__type_support.hpp
[2.059s] -- Up-to-date symlink: /home/nvidia/acfly_ws/install/mavros_msgs/include/mavros_msgs/mavros_msgs/msg/detail/position_target__builder.hpp
[2.059s] -- Up-to-date symlink: /home/nvidia/acfly_ws/install/mavros_msgs/include/mavros_msgs/mavros_msgs/msg/detail/position_target__struct.hpp
[2.059s] -- Up-to-date symlink: /home/nvidia/acfly_ws/install/mavros_msgs/include/mavros_msgs/mavros_msgs/msg/detail/position_target__traits.hpp
[2.060s] -- Up-to-date symlink: /home/nvidia/acfly_ws/install/mavros_msgs/include/mavros_msgs/mavros_msgs/msg/detail/position_target__type_support.hpp
[2.060s] -- Up-to-date symlink: /home/nvidia/acfly_ws/install/mavros_msgs/include/mavros_msgs/mavros_msgs/msg/detail/radio_status__builder.hpp
[2.060s] -- Up-to-date symlink: /home/nvidia/acfly_ws/install/mavros_msgs/include/mavros_msgs/mavros_msgs/msg/detail/radio_status__struct.hpp
[2.060s] -- Up-to-date symlink: /home/nvidia/acfly_ws/install/mavros_msgs/include/mavros_msgs/mavros_msgs/msg/detail/radio_status__traits.hpp
[2.060s] -- Up-to-date symlink: /home/nvidia/acfly_ws/install/mavros_msgs/include/mavros_msgs/mavros_msgs/msg/detail/radio_status__type_support.hpp
[2.060s] -- Up-to-date symlink: /home/nvidia/acfly_ws/install/mavros_msgs/include/mavros_msgs/mavros_msgs/msg/detail/rc_in__builder.hpp
[2.060s] -- Up-to-date symlink: /home/nvidia/acfly_ws/install/mavros_msgs/include/mavros_msgs/mavros_msgs/msg/detail/rc_in__struct.hpp
[2.061s] -- Up-to-date symlink: /home/nvidia/acfly_ws/install/mavros_msgs/include/mavros_msgs/mavros_msgs/msg/detail/rc_in__traits.hpp
[2.061s] -- Up-to-date symlink: /home/nvidia/acfly_ws/install/mavros_msgs/include/mavros_msgs/mavros_msgs/msg/detail/rc_in__type_support.hpp
[2.061s] -- Up-to-date symlink: /home/nvidia/acfly_ws/install/mavros_msgs/include/mavros_msgs/mavros_msgs/msg/detail/rc_out__builder.hpp
[2.061s] -- Up-to-date symlink: /home/nvidia/acfly_ws/install/mavros_msgs/include/mavros_msgs/mavros_msgs/msg/detail/rc_out__struct.hpp
[2.061s] -- Up-to-date symlink: /home/nvidia/acfly_ws/install/mavros_msgs/include/mavros_msgs/mavros_msgs/msg/detail/rc_out__traits.hpp
[2.061s] -- Up-to-date symlink: /home/nvidia/acfly_ws/install/mavros_msgs/include/mavros_msgs/mavros_msgs/msg/detail/rc_out__type_support.hpp
[2.061s] -- Up-to-date symlink: /home/nvidia/acfly_ws/install/mavros_msgs/include/mavros_msgs/mavros_msgs/msg/detail/rtcm__builder.hpp
[2.061s] -- Up-to-date symlink: /home/nvidia/acfly_ws/install/mavros_msgs/include/mavros_msgs/mavros_msgs/msg/detail/rtcm__struct.hpp
[2.061s] -- Up-to-date symlink: /home/nvidia/acfly_ws/install/mavros_msgs/include/mavros_msgs/mavros_msgs/msg/detail/rtcm__traits.hpp
[2.062s] -- Up-to-date symlink: /home/nvidia/acfly_ws/install/mavros_msgs/include/mavros_msgs/mavros_msgs/msg/detail/rtcm__type_support.hpp
[2.062s] -- Up-to-date symlink: /home/nvidia/acfly_ws/install/mavros_msgs/include/mavros_msgs/mavros_msgs/msg/detail/rtk_baseline__builder.hpp
[2.062s] -- Up-to-date symlink: /home/nvidia/acfly_ws/install/mavros_msgs/include/mavros_msgs/mavros_msgs/msg/detail/rtk_baseline__struct.hpp
[2.062s] -- Up-to-date symlink: /home/nvidia/acfly_ws/install/mavros_msgs/include/mavros_msgs/mavros_msgs/msg/detail/rtk_baseline__traits.hpp
[2.062s] -- Up-to-date symlink: /home/nvidia/acfly_ws/install/mavros_msgs/include/mavros_msgs/mavros_msgs/msg/detail/rtk_baseline__type_support.hpp
[2.062s] -- Up-to-date symlink: /home/nvidia/acfly_ws/install/mavros_msgs/include/mavros_msgs/mavros_msgs/msg/detail/state__builder.hpp
[2.062s] -- Up-to-date symlink: /home/nvidia/acfly_ws/install/mavros_msgs/include/mavros_msgs/mavros_msgs/msg/detail/state__struct.hpp
[2.063s] -- Up-to-date symlink: /home/nvidia/acfly_ws/install/mavros_msgs/include/mavros_msgs/mavros_msgs/msg/detail/state__traits.hpp
[2.063s] -- Up-to-date symlink: /home/nvidia/acfly_ws/install/mavros_msgs/include/mavros_msgs/mavros_msgs/msg/detail/state__type_support.hpp
[2.063s] -- Up-to-date symlink: /home/nvidia/acfly_ws/install/mavros_msgs/include/mavros_msgs/mavros_msgs/msg/detail/status_event__builder.hpp
[2.063s] -- Up-to-date symlink: /home/nvidia/acfly_ws/install/mavros_msgs/include/mavros_msgs/mavros_msgs/msg/detail/status_event__struct.hpp
[2.063s] -- Up-to-date symlink: /home/nvidia/acfly_ws/install/mavros_msgs/include/mavros_msgs/mavros_msgs/msg/detail/status_event__traits.hpp
[2.063s] -- Up-to-date symlink: /home/nvidia/acfly_ws/install/mavros_msgs/include/mavros_msgs/mavros_msgs/msg/detail/status_event__type_support.hpp
[2.063s] -- Up-to-date symlink: /home/nvidia/acfly_ws/install/mavros_msgs/include/mavros_msgs/mavros_msgs/msg/detail/status_text__builder.hpp
[2.063s] -- Up-to-date symlink: /home/nvidia/acfly_ws/install/mavros_msgs/include/mavros_msgs/mavros_msgs/msg/detail/status_text__struct.hpp
[2.064s] -- Up-to-date symlink: /home/nvidia/acfly_ws/install/mavros_msgs/include/mavros_msgs/mavros_msgs/msg/detail/status_text__traits.hpp
[2.064s] -- Up-to-date symlink: /home/nvidia/acfly_ws/install/mavros_msgs/include/mavros_msgs/mavros_msgs/msg/detail/status_text__type_support.hpp
[2.064s] -- Up-to-date symlink: /home/nvidia/acfly_ws/install/mavros_msgs/include/mavros_msgs/mavros_msgs/msg/detail/sys_status__builder.hpp
[2.064s] -- Up-to-date symlink: /home/nvidia/acfly_ws/install/mavros_msgs/include/mavros_msgs/mavros_msgs/msg/detail/sys_status__struct.hpp
[2.064s] -- Up-to-date symlink: /home/nvidia/acfly_ws/install/mavros_msgs/include/mavros_msgs/mavros_msgs/msg/detail/sys_status__traits.hpp
[2.064s] -- Up-to-date symlink: /home/nvidia/acfly_ws/install/mavros_msgs/include/mavros_msgs/mavros_msgs/msg/detail/sys_status__type_support.hpp
[2.064s] -- Up-to-date symlink: /home/nvidia/acfly_ws/install/mavros_msgs/include/mavros_msgs/mavros_msgs/msg/detail/terrain_report__builder.hpp
[2.065s] -- Up-to-date symlink: /home/nvidia/acfly_ws/install/mavros_msgs/include/mavros_msgs/mavros_msgs/msg/detail/terrain_report__struct.hpp
[2.065s] -- Up-to-date symlink: /home/nvidia/acfly_ws/install/mavros_msgs/include/mavros_msgs/mavros_msgs/msg/detail/terrain_report__traits.hpp
[2.065s] -- Up-to-date symlink: /home/nvidia/acfly_ws/install/mavros_msgs/include/mavros_msgs/mavros_msgs/msg/detail/terrain_report__type_support.hpp
[2.065s] -- Up-to-date symlink: /home/nvidia/acfly_ws/install/mavros_msgs/include/mavros_msgs/mavros_msgs/msg/detail/thrust__builder.hpp
[2.065s] -- Up-to-date symlink: /home/nvidia/acfly_ws/install/mavros_msgs/include/mavros_msgs/mavros_msgs/msg/detail/thrust__struct.hpp
[2.065s] -- Up-to-date symlink: /home/nvidia/acfly_ws/install/mavros_msgs/include/mavros_msgs/mavros_msgs/msg/detail/thrust__traits.hpp
[2.065s] -- Up-to-date symlink: /home/nvidia/acfly_ws/install/mavros_msgs/include/mavros_msgs/mavros_msgs/msg/detail/thrust__type_support.hpp
[2.066s] -- Up-to-date symlink: /home/nvidia/acfly_ws/install/mavros_msgs/include/mavros_msgs/mavros_msgs/msg/detail/timesync_status__builder.hpp
[2.066s] -- Up-to-date symlink: /home/nvidia/acfly_ws/install/mavros_msgs/include/mavros_msgs/mavros_msgs/msg/detail/timesync_status__struct.hpp
[2.066s] -- Up-to-date symlink: /home/nvidia/acfly_ws/install/mavros_msgs/include/mavros_msgs/mavros_msgs/msg/detail/timesync_status__traits.hpp
[2.066s] -- Up-to-date symlink: /home/nvidia/acfly_ws/install/mavros_msgs/include/mavros_msgs/mavros_msgs/msg/detail/timesync_status__type_support.hpp
[2.066s] -- Up-to-date symlink: /home/nvidia/acfly_ws/install/mavros_msgs/include/mavros_msgs/mavros_msgs/msg/detail/trajectory__builder.hpp
[2.066s] -- Up-to-date symlink: /home/nvidia/acfly_ws/install/mavros_msgs/include/mavros_msgs/mavros_msgs/msg/detail/trajectory__struct.hpp
[2.066s] -- Up-to-date symlink: /home/nvidia/acfly_ws/install/mavros_msgs/include/mavros_msgs/mavros_msgs/msg/detail/trajectory__traits.hpp
[2.066s] -- Up-to-date symlink: /home/nvidia/acfly_ws/install/mavros_msgs/include/mavros_msgs/mavros_msgs/msg/detail/trajectory__type_support.hpp
[2.067s] -- Up-to-date symlink: /home/nvidia/acfly_ws/install/mavros_msgs/include/mavros_msgs/mavros_msgs/msg/detail/tunnel__builder.hpp
[2.067s] -- Up-to-date symlink: /home/nvidia/acfly_ws/install/mavros_msgs/include/mavros_msgs/mavros_msgs/msg/detail/tunnel__struct.hpp
[2.067s] -- Up-to-date symlink: /home/nvidia/acfly_ws/install/mavros_msgs/include/mavros_msgs/mavros_msgs/msg/detail/tunnel__traits.hpp
[2.067s] -- Up-to-date symlink: /home/nvidia/acfly_ws/install/mavros_msgs/include/mavros_msgs/mavros_msgs/msg/detail/tunnel__type_support.hpp
[2.067s] -- Up-to-date symlink: /home/nvidia/acfly_ws/install/mavros_msgs/include/mavros_msgs/mavros_msgs/msg/detail/vehicle_info__builder.hpp
[2.067s] -- Up-to-date symlink: /home/nvidia/acfly_ws/install/mavros_msgs/include/mavros_msgs/mavros_msgs/msg/detail/vehicle_info__struct.hpp
[2.067s] -- Up-to-date symlink: /home/nvidia/acfly_ws/install/mavros_msgs/include/mavros_msgs/mavros_msgs/msg/detail/vehicle_info__traits.hpp
[2.067s] -- Up-to-date symlink: /home/nvidia/acfly_ws/install/mavros_msgs/include/mavros_msgs/mavros_msgs/msg/detail/vehicle_info__type_support.hpp
[2.068s] -- Up-to-date symlink: /home/nvidia/acfly_ws/install/mavros_msgs/include/mavros_msgs/mavros_msgs/msg/detail/vfr_hud__builder.hpp
[2.068s] -- Up-to-date symlink: /home/nvidia/acfly_ws/install/mavros_msgs/include/mavros_msgs/mavros_msgs/msg/detail/vfr_hud__struct.hpp
[2.068s] -- Up-to-date symlink: /home/nvidia/acfly_ws/install/mavros_msgs/include/mavros_msgs/mavros_msgs/msg/detail/vfr_hud__traits.hpp
[2.068s] -- Up-to-date symlink: /home/nvidia/acfly_ws/install/mavros_msgs/include/mavros_msgs/mavros_msgs/msg/detail/vfr_hud__type_support.hpp
[2.068s] -- Up-to-date symlink: /home/nvidia/acfly_ws/install/mavros_msgs/include/mavros_msgs/mavros_msgs/msg/detail/vibration__builder.hpp
[2.068s] -- Up-to-date symlink: /home/nvidia/acfly_ws/install/mavros_msgs/include/mavros_msgs/mavros_msgs/msg/detail/vibration__struct.hpp
[2.068s] -- Up-to-date symlink: /home/nvidia/acfly_ws/install/mavros_msgs/include/mavros_msgs/mavros_msgs/msg/detail/vibration__traits.hpp
[2.068s] -- Up-to-date symlink: /home/nvidia/acfly_ws/install/mavros_msgs/include/mavros_msgs/mavros_msgs/msg/detail/vibration__type_support.hpp
[2.069s] -- Up-to-date symlink: /home/nvidia/acfly_ws/install/mavros_msgs/include/mavros_msgs/mavros_msgs/msg/detail/waypoint__builder.hpp
[2.069s] -- Up-to-date symlink: /home/nvidia/acfly_ws/install/mavros_msgs/include/mavros_msgs/mavros_msgs/msg/detail/waypoint__struct.hpp
[2.069s] -- Up-to-date symlink: /home/nvidia/acfly_ws/install/mavros_msgs/include/mavros_msgs/mavros_msgs/msg/detail/waypoint__traits.hpp
[2.069s] -- Up-to-date symlink: /home/nvidia/acfly_ws/install/mavros_msgs/include/mavros_msgs/mavros_msgs/msg/detail/waypoint__type_support.hpp
[2.069s] -- Up-to-date symlink: /home/nvidia/acfly_ws/install/mavros_msgs/include/mavros_msgs/mavros_msgs/msg/detail/waypoint_list__builder.hpp
[2.069s] -- Up-to-date symlink: /home/nvidia/acfly_ws/install/mavros_msgs/include/mavros_msgs/mavros_msgs/msg/detail/waypoint_list__struct.hpp
[2.069s] -- Up-to-date symlink: /home/nvidia/acfly_ws/install/mavros_msgs/include/mavros_msgs/mavros_msgs/msg/detail/waypoint_list__traits.hpp
[2.070s] -- Up-to-date symlink: /home/nvidia/acfly_ws/install/mavros_msgs/include/mavros_msgs/mavros_msgs/msg/detail/waypoint_list__type_support.hpp
[2.070s] -- Up-to-date symlink: /home/nvidia/acfly_ws/install/mavros_msgs/include/mavros_msgs/mavros_msgs/msg/detail/waypoint_reached__builder.hpp
[2.070s] -- Up-to-date symlink: /home/nvidia/acfly_ws/install/mavros_msgs/include/mavros_msgs/mavros_msgs/msg/detail/waypoint_reached__struct.hpp
[2.070s] -- Up-to-date symlink: /home/nvidia/acfly_ws/install/mavros_msgs/include/mavros_msgs/mavros_msgs/msg/detail/waypoint_reached__traits.hpp
[2.070s] -- Up-to-date symlink: /home/nvidia/acfly_ws/install/mavros_msgs/include/mavros_msgs/mavros_msgs/msg/detail/waypoint_reached__type_support.hpp
[2.070s] -- Up-to-date symlink: /home/nvidia/acfly_ws/install/mavros_msgs/include/mavros_msgs/mavros_msgs/msg/detail/wheel_odom_stamped__builder.hpp
[2.070s] -- Up-to-date symlink: /home/nvidia/acfly_ws/install/mavros_msgs/include/mavros_msgs/mavros_msgs/msg/detail/wheel_odom_stamped__struct.hpp
[2.070s] -- Up-to-date symlink: /home/nvidia/acfly_ws/install/mavros_msgs/include/mavros_msgs/mavros_msgs/msg/detail/wheel_odom_stamped__traits.hpp
[2.071s] -- Up-to-date symlink: /home/nvidia/acfly_ws/install/mavros_msgs/include/mavros_msgs/mavros_msgs/msg/detail/wheel_odom_stamped__type_support.hpp
[2.071s] -- Up-to-date symlink: /home/nvidia/acfly_ws/install/mavros_msgs/include/mavros_msgs/mavros_msgs/msg/esc_info.hpp
[2.071s] -- Up-to-date symlink: /home/nvidia/acfly_ws/install/mavros_msgs/include/mavros_msgs/mavros_msgs/msg/esc_info_item.hpp
[2.071s] -- Up-to-date symlink: /home/nvidia/acfly_ws/install/mavros_msgs/include/mavros_msgs/mavros_msgs/msg/esc_status.hpp
[2.071s] -- Up-to-date symlink: /home/nvidia/acfly_ws/install/mavros_msgs/include/mavros_msgs/mavros_msgs/msg/esc_status_item.hpp
[2.071s] -- Up-to-date symlink: /home/nvidia/acfly_ws/install/mavros_msgs/include/mavros_msgs/mavros_msgs/msg/esc_telemetry.hpp
[2.071s] -- Up-to-date symlink: /home/nvidia/acfly_ws/install/mavros_msgs/include/mavros_msgs/mavros_msgs/msg/esc_telemetry_item.hpp
[2.071s] -- Up-to-date symlink: /home/nvidia/acfly_ws/install/mavros_msgs/include/mavros_msgs/mavros_msgs/msg/estimator_status.hpp
[2.072s] -- Up-to-date symlink: /home/nvidia/acfly_ws/install/mavros_msgs/include/mavros_msgs/mavros_msgs/msg/extended_state.hpp
[2.072s] -- Up-to-date symlink: /home/nvidia/acfly_ws/install/mavros_msgs/include/mavros_msgs/mavros_msgs/msg/file_entry.hpp
[2.072s] -- Up-to-date symlink: /home/nvidia/acfly_ws/install/mavros_msgs/include/mavros_msgs/mavros_msgs/msg/gimbal_device_attitude_status.hpp
[2.072s] -- Up-to-date symlink: /home/nvidia/acfly_ws/install/mavros_msgs/include/mavros_msgs/mavros_msgs/msg/gimbal_device_information.hpp
[2.072s] -- Up-to-date symlink: /home/nvidia/acfly_ws/install/mavros_msgs/include/mavros_msgs/mavros_msgs/msg/gimbal_device_set_attitude.hpp
[2.072s] -- Up-to-date symlink: /home/nvidia/acfly_ws/install/mavros_msgs/include/mavros_msgs/mavros_msgs/msg/gimbal_manager_information.hpp
[2.072s] -- Up-to-date symlink: /home/nvidia/acfly_ws/install/mavros_msgs/include/mavros_msgs/mavros_msgs/msg/gimbal_manager_set_attitude.hpp
[2.072s] -- Up-to-date symlink: /home/nvidia/acfly_ws/install/mavros_msgs/include/mavros_msgs/mavros_msgs/msg/gimbal_manager_set_pitchyaw.hpp
[2.073s] -- Up-to-date symlink: /home/nvidia/acfly_ws/install/mavros_msgs/include/mavros_msgs/mavros_msgs/msg/gimbal_manager_status.hpp
[2.073s] -- Up-to-date symlink: /home/nvidia/acfly_ws/install/mavros_msgs/include/mavros_msgs/mavros_msgs/msg/global_position_target.hpp
[2.073s] -- Up-to-date symlink: /home/nvidia/acfly_ws/install/mavros_msgs/include/mavros_msgs/mavros_msgs/msg/gpsinput.hpp
[2.073s] -- Up-to-date symlink: /home/nvidia/acfly_ws/install/mavros_msgs/include/mavros_msgs/mavros_msgs/msg/gpsraw.hpp
[2.073s] -- Up-to-date symlink: /home/nvidia/acfly_ws/install/mavros_msgs/include/mavros_msgs/mavros_msgs/msg/gpsrtk.hpp
[2.073s] -- Up-to-date symlink: /home/nvidia/acfly_ws/install/mavros_msgs/include/mavros_msgs/mavros_msgs/msg/hil_actuator_controls.hpp
[2.073s] -- Up-to-date symlink: /home/nvidia/acfly_ws/install/mavros_msgs/include/mavros_msgs/mavros_msgs/msg/hil_controls.hpp
[2.074s] -- Up-to-date symlink: /home/nvidia/acfly_ws/install/mavros_msgs/include/mavros_msgs/mavros_msgs/msg/hil_gps.hpp
[2.074s] -- Up-to-date symlink: /home/nvidia/acfly_ws/install/mavros_msgs/include/mavros_msgs/mavros_msgs/msg/hil_sensor.hpp
[2.074s] -- Up-to-date symlink: /home/nvidia/acfly_ws/install/mavros_msgs/include/mavros_msgs/mavros_msgs/msg/hil_state_quaternion.hpp
[2.074s] -- Up-to-date symlink: /home/nvidia/acfly_ws/install/mavros_msgs/include/mavros_msgs/mavros_msgs/msg/home_position.hpp
[2.074s] -- Up-to-date symlink: /home/nvidia/acfly_ws/install/mavros_msgs/include/mavros_msgs/mavros_msgs/msg/landing_target.hpp
[2.074s] -- Up-to-date symlink: /home/nvidia/acfly_ws/install/mavros_msgs/include/mavros_msgs/mavros_msgs/msg/log_data.hpp
[2.074s] -- Up-to-date symlink: /home/nvidia/acfly_ws/install/mavros_msgs/include/mavros_msgs/mavros_msgs/msg/log_entry.hpp
[2.074s] -- Up-to-date symlink: /home/nvidia/acfly_ws/install/mavros_msgs/include/mavros_msgs/mavros_msgs/msg/magnetometer_reporter.hpp
[2.074s] -- Up-to-date symlink: /home/nvidia/acfly_ws/install/mavros_msgs/include/mavros_msgs/mavros_msgs/msg/manual_control.hpp
[2.075s] -- Up-to-date symlink: /home/nvidia/acfly_ws/install/mavros_msgs/include/mavros_msgs/mavros_msgs/msg/mavlink.hpp
[2.075s] -- Up-to-date symlink: /home/nvidia/acfly_ws/install/mavros_msgs/include/mavros_msgs/mavros_msgs/msg/mount_control.hpp
[2.075s] -- Up-to-date symlink: /home/nvidia/acfly_ws/install/mavros_msgs/include/mavros_msgs/mavros_msgs/msg/nav_controller_output.hpp
[2.075s] -- Up-to-date symlink: /home/nvidia/acfly_ws/install/mavros_msgs/include/mavros_msgs/mavros_msgs/msg/onboard_computer_status.hpp
[2.075s] -- Up-to-date symlink: /home/nvidia/acfly_ws/install/mavros_msgs/include/mavros_msgs/mavros_msgs/msg/open_drone_id_basic_id.hpp
[2.075s] -- Up-to-date symlink: /home/nvidia/acfly_ws/install/mavros_msgs/include/mavros_msgs/mavros_msgs/msg/open_drone_id_operator_id.hpp
[2.075s] -- Up-to-date symlink: /home/nvidia/acfly_ws/install/mavros_msgs/include/mavros_msgs/mavros_msgs/msg/open_drone_id_self_id.hpp
[2.075s] -- Up-to-date symlink: /home/nvidia/acfly_ws/install/mavros_msgs/include/mavros_msgs/mavros_msgs/msg/open_drone_id_system.hpp
[2.075s] -- Up-to-date symlink: /home/nvidia/acfly_ws/install/mavros_msgs/include/mavros_msgs/mavros_msgs/msg/open_drone_id_system_update.hpp
[2.076s] -- Up-to-date symlink: /home/nvidia/acfly_ws/install/mavros_msgs/include/mavros_msgs/mavros_msgs/msg/optical_flow.hpp
[2.076s] -- Up-to-date symlink: /home/nvidia/acfly_ws/install/mavros_msgs/include/mavros_msgs/mavros_msgs/msg/optical_flow_rad.hpp
[2.076s] -- Up-to-date symlink: /home/nvidia/acfly_ws/install/mavros_msgs/include/mavros_msgs/mavros_msgs/msg/override_rc_in.hpp
[2.076s] -- Up-to-date symlink: /home/nvidia/acfly_ws/install/mavros_msgs/include/mavros_msgs/mavros_msgs/msg/param.hpp
[2.076s] -- Up-to-date symlink: /home/nvidia/acfly_ws/install/mavros_msgs/include/mavros_msgs/mavros_msgs/msg/param_event.hpp
[2.076s] -- Up-to-date symlink: /home/nvidia/acfly_ws/install/mavros_msgs/include/mavros_msgs/mavros_msgs/msg/param_value.hpp
[2.076s] -- Up-to-date symlink: /home/nvidia/acfly_ws/install/mavros_msgs/include/mavros_msgs/mavros_msgs/msg/play_tune_v2.hpp
[2.076s] -- Up-to-date symlink: /home/nvidia/acfly_ws/install/mavros_msgs/include/mavros_msgs/mavros_msgs/msg/position_target.hpp
[2.076s] -- Up-to-date symlink: /home/nvidia/acfly_ws/install/mavros_msgs/include/mavros_msgs/mavros_msgs/msg/radio_status.hpp
[2.077s] -- Up-to-date symlink: /home/nvidia/acfly_ws/install/mavros_msgs/include/mavros_msgs/mavros_msgs/msg/rc_in.hpp
[2.077s] -- Up-to-date symlink: /home/nvidia/acfly_ws/install/mavros_msgs/include/mavros_msgs/mavros_msgs/msg/rc_out.hpp
[2.077s] -- Up-to-date symlink: /home/nvidia/acfly_ws/install/mavros_msgs/include/mavros_msgs/mavros_msgs/msg/rosidl_generator_cpp__visibility_control.hpp
[2.077s] -- Up-to-date symlink: /home/nvidia/acfly_ws/install/mavros_msgs/include/mavros_msgs/mavros_msgs/msg/rtcm.hpp
[2.077s] -- Up-to-date symlink: /home/nvidia/acfly_ws/install/mavros_msgs/include/mavros_msgs/mavros_msgs/msg/rtk_baseline.hpp
[2.077s] -- Up-to-date symlink: /home/nvidia/acfly_ws/install/mavros_msgs/include/mavros_msgs/mavros_msgs/msg/state.hpp
[2.077s] -- Up-to-date symlink: /home/nvidia/acfly_ws/install/mavros_msgs/include/mavros_msgs/mavros_msgs/msg/status_event.hpp
[2.077s] -- Up-to-date symlink: /home/nvidia/acfly_ws/install/mavros_msgs/include/mavros_msgs/mavros_msgs/msg/status_text.hpp
[2.077s] -- Up-to-date symlink: /home/nvidia/acfly_ws/install/mavros_msgs/include/mavros_msgs/mavros_msgs/msg/sys_status.hpp
[2.078s] -- Up-to-date symlink: /home/nvidia/acfly_ws/install/mavros_msgs/include/mavros_msgs/mavros_msgs/msg/terrain_report.hpp
[2.078s] -- Up-to-date symlink: /home/nvidia/acfly_ws/install/mavros_msgs/include/mavros_msgs/mavros_msgs/msg/thrust.hpp
[2.078s] -- Up-to-date symlink: /home/nvidia/acfly_ws/install/mavros_msgs/include/mavros_msgs/mavros_msgs/msg/timesync_status.hpp
[2.078s] -- Up-to-date symlink: /home/nvidia/acfly_ws/install/mavros_msgs/include/mavros_msgs/mavros_msgs/msg/trajectory.hpp
[2.078s] -- Up-to-date symlink: /home/nvidia/acfly_ws/install/mavros_msgs/include/mavros_msgs/mavros_msgs/msg/tunnel.hpp
[2.078s] -- Up-to-date symlink: /home/nvidia/acfly_ws/install/mavros_msgs/include/mavros_msgs/mavros_msgs/msg/vehicle_info.hpp
[2.078s] -- Up-to-date symlink: /home/nvidia/acfly_ws/install/mavros_msgs/include/mavros_msgs/mavros_msgs/msg/vfr_hud.hpp
[2.078s] -- Up-to-date symlink: /home/nvidia/acfly_ws/install/mavros_msgs/include/mavros_msgs/mavros_msgs/msg/vibration.hpp
[2.078s] -- Up-to-date symlink: /home/nvidia/acfly_ws/install/mavros_msgs/include/mavros_msgs/mavros_msgs/msg/waypoint.hpp
[2.078s] -- Up-to-date symlink: /home/nvidia/acfly_ws/install/mavros_msgs/include/mavros_msgs/mavros_msgs/msg/waypoint_list.hpp
[2.079s] -- Up-to-date symlink: /home/nvidia/acfly_ws/install/mavros_msgs/include/mavros_msgs/mavros_msgs/msg/waypoint_reached.hpp
[2.079s] -- Up-to-date symlink: /home/nvidia/acfly_ws/install/mavros_msgs/include/mavros_msgs/mavros_msgs/msg/wheel_odom_stamped.hpp
[2.079s] -- Up-to-date symlink: /home/nvidia/acfly_ws/install/mavros_msgs/include/mavros_msgs/mavros_msgs/srv/command_ack.hpp
[2.079s] -- Up-to-date symlink: /home/nvidia/acfly_ws/install/mavros_msgs/include/mavros_msgs/mavros_msgs/srv/command_bool.hpp
[2.079s] -- Up-to-date symlink: /home/nvidia/acfly_ws/install/mavros_msgs/include/mavros_msgs/mavros_msgs/srv/command_home.hpp
[2.079s] -- Up-to-date symlink: /home/nvidia/acfly_ws/install/mavros_msgs/include/mavros_msgs/mavros_msgs/srv/command_int.hpp
[2.079s] -- Up-to-date symlink: /home/nvidia/acfly_ws/install/mavros_msgs/include/mavros_msgs/mavros_msgs/srv/command_long.hpp
[2.079s] -- Up-to-date symlink: /home/nvidia/acfly_ws/install/mavros_msgs/include/mavros_msgs/mavros_msgs/srv/command_tol.hpp
[2.079s] -- Up-to-date symlink: /home/nvidia/acfly_ws/install/mavros_msgs/include/mavros_msgs/mavros_msgs/srv/command_tol_local.hpp
[2.079s] -- Up-to-date symlink: /home/nvidia/acfly_ws/install/mavros_msgs/include/mavros_msgs/mavros_msgs/srv/command_trigger_control.hpp
[2.079s] -- Up-to-date symlink: /home/nvidia/acfly_ws/install/mavros_msgs/include/mavros_msgs/mavros_msgs/srv/command_trigger_interval.hpp
[2.080s] -- Up-to-date symlink: /home/nvidia/acfly_ws/install/mavros_msgs/include/mavros_msgs/mavros_msgs/srv/command_vtol_transition.hpp
[2.080s] -- Up-to-date symlink: /home/nvidia/acfly_ws/install/mavros_msgs/include/mavros_msgs/mavros_msgs/srv/detail/command_ack__builder.hpp
[2.080s] -- Up-to-date symlink: /home/nvidia/acfly_ws/install/mavros_msgs/include/mavros_msgs/mavros_msgs/srv/detail/command_ack__struct.hpp
[2.080s] -- Up-to-date symlink: /home/nvidia/acfly_ws/install/mavros_msgs/include/mavros_msgs/mavros_msgs/srv/detail/command_ack__traits.hpp
[2.080s] -- Up-to-date symlink: /home/nvidia/acfly_ws/install/mavros_msgs/include/mavros_msgs/mavros_msgs/srv/detail/command_ack__type_support.hpp
[2.080s] -- Up-to-date symlink: /home/nvidia/acfly_ws/install/mavros_msgs/include/mavros_msgs/mavros_msgs/srv/detail/command_bool__builder.hpp
[2.080s] -- Up-to-date symlink: /home/nvidia/acfly_ws/install/mavros_msgs/include/mavros_msgs/mavros_msgs/srv/detail/command_bool__struct.hpp
[2.080s] -- Up-to-date symlink: /home/nvidia/acfly_ws/install/mavros_msgs/include/mavros_msgs/mavros_msgs/srv/detail/command_bool__traits.hpp
[2.080s] -- Up-to-date symlink: /home/nvidia/acfly_ws/install/mavros_msgs/include/mavros_msgs/mavros_msgs/srv/detail/command_bool__type_support.hpp
[2.081s] -- Up-to-date symlink: /home/nvidia/acfly_ws/install/mavros_msgs/include/mavros_msgs/mavros_msgs/srv/detail/command_home__builder.hpp
[2.081s] -- Up-to-date symlink: /home/nvidia/acfly_ws/install/mavros_msgs/include/mavros_msgs/mavros_msgs/srv/detail/command_home__struct.hpp
[2.081s] -- Up-to-date symlink: /home/nvidia/acfly_ws/install/mavros_msgs/include/mavros_msgs/mavros_msgs/srv/detail/command_home__traits.hpp
[2.081s] -- Up-to-date symlink: /home/nvidia/acfly_ws/install/mavros_msgs/include/mavros_msgs/mavros_msgs/srv/detail/command_home__type_support.hpp
[2.081s] -- Up-to-date symlink: /home/nvidia/acfly_ws/install/mavros_msgs/include/mavros_msgs/mavros_msgs/srv/detail/command_int__builder.hpp
[2.081s] -- Up-to-date symlink: /home/nvidia/acfly_ws/install/mavros_msgs/include/mavros_msgs/mavros_msgs/srv/detail/command_int__struct.hpp
[2.081s] -- Up-to-date symlink: /home/nvidia/acfly_ws/install/mavros_msgs/include/mavros_msgs/mavros_msgs/srv/detail/command_int__traits.hpp
[2.081s] -- Up-to-date symlink: /home/nvidia/acfly_ws/install/mavros_msgs/include/mavros_msgs/mavros_msgs/srv/detail/command_int__type_support.hpp
[2.082s] -- Up-to-date symlink: /home/nvidia/acfly_ws/install/mavros_msgs/include/mavros_msgs/mavros_msgs/srv/detail/command_long__builder.hpp
[2.082s] -- Up-to-date symlink: /home/nvidia/acfly_ws/install/mavros_msgs/include/mavros_msgs/mavros_msgs/srv/detail/command_long__struct.hpp
[2.082s] -- Up-to-date symlink: /home/nvidia/acfly_ws/install/mavros_msgs/include/mavros_msgs/mavros_msgs/srv/detail/command_long__traits.hpp
[2.082s] -- Up-to-date symlink: /home/nvidia/acfly_ws/install/mavros_msgs/include/mavros_msgs/mavros_msgs/srv/detail/command_long__type_support.hpp
[2.082s] -- Up-to-date symlink: /home/nvidia/acfly_ws/install/mavros_msgs/include/mavros_msgs/mavros_msgs/srv/detail/command_tol__builder.hpp
[2.082s] -- Up-to-date symlink: /home/nvidia/acfly_ws/install/mavros_msgs/include/mavros_msgs/mavros_msgs/srv/detail/command_tol__struct.hpp
[2.082s] -- Up-to-date symlink: /home/nvidia/acfly_ws/install/mavros_msgs/include/mavros_msgs/mavros_msgs/srv/detail/command_tol__traits.hpp
[2.082s] -- Up-to-date symlink: /home/nvidia/acfly_ws/install/mavros_msgs/include/mavros_msgs/mavros_msgs/srv/detail/command_tol__type_support.hpp
[2.082s] -- Up-to-date symlink: /home/nvidia/acfly_ws/install/mavros_msgs/include/mavros_msgs/mavros_msgs/srv/detail/command_tol_local__builder.hpp
[2.083s] -- Up-to-date symlink: /home/nvidia/acfly_ws/install/mavros_msgs/include/mavros_msgs/mavros_msgs/srv/detail/command_tol_local__struct.hpp
[2.083s] -- Up-to-date symlink: /home/nvidia/acfly_ws/install/mavros_msgs/include/mavros_msgs/mavros_msgs/srv/detail/command_tol_local__traits.hpp
[2.083s] -- Up-to-date symlink: /home/nvidia/acfly_ws/install/mavros_msgs/include/mavros_msgs/mavros_msgs/srv/detail/command_tol_local__type_support.hpp
[2.083s] -- Up-to-date symlink: /home/nvidia/acfly_ws/install/mavros_msgs/include/mavros_msgs/mavros_msgs/srv/detail/command_trigger_control__builder.hpp
[2.083s] -- Up-to-date symlink: /home/nvidia/acfly_ws/install/mavros_msgs/include/mavros_msgs/mavros_msgs/srv/detail/command_trigger_control__struct.hpp
[2.083s] -- Up-to-date symlink: /home/nvidia/acfly_ws/install/mavros_msgs/include/mavros_msgs/mavros_msgs/srv/detail/command_trigger_control__traits.hpp
[2.083s] -- Up-to-date symlink: /home/nvidia/acfly_ws/install/mavros_msgs/include/mavros_msgs/mavros_msgs/srv/detail/command_trigger_control__type_support.hpp
[2.083s] -- Up-to-date symlink: /home/nvidia/acfly_ws/install/mavros_msgs/include/mavros_msgs/mavros_msgs/srv/detail/command_trigger_interval__builder.hpp
[2.083s] -- Up-to-date symlink: /home/nvidia/acfly_ws/install/mavros_msgs/include/mavros_msgs/mavros_msgs/srv/detail/command_trigger_interval__struct.hpp
[2.084s] -- Up-to-date symlink: /home/nvidia/acfly_ws/install/mavros_msgs/include/mavros_msgs/mavros_msgs/srv/detail/command_trigger_interval__traits.hpp
[2.084s] -- Up-to-date symlink: /home/nvidia/acfly_ws/install/mavros_msgs/include/mavros_msgs/mavros_msgs/srv/detail/command_trigger_interval__type_support.hpp
[2.084s] -- Up-to-date symlink: /home/nvidia/acfly_ws/install/mavros_msgs/include/mavros_msgs/mavros_msgs/srv/detail/command_vtol_transition__builder.hpp
[2.084s] -- Up-to-date symlink: /home/nvidia/acfly_ws/install/mavros_msgs/include/mavros_msgs/mavros_msgs/srv/detail/command_vtol_transition__struct.hpp
[2.084s] -- Up-to-date symlink: /home/nvidia/acfly_ws/install/mavros_msgs/include/mavros_msgs/mavros_msgs/srv/detail/command_vtol_transition__traits.hpp
[2.084s] -- Up-to-date symlink: /home/nvidia/acfly_ws/install/mavros_msgs/include/mavros_msgs/mavros_msgs/srv/detail/command_vtol_transition__type_support.hpp
[2.084s] -- Up-to-date symlink: /home/nvidia/acfly_ws/install/mavros_msgs/include/mavros_msgs/mavros_msgs/srv/detail/endpoint_add__builder.hpp
[2.084s] -- Up-to-date symlink: /home/nvidia/acfly_ws/install/mavros_msgs/include/mavros_msgs/mavros_msgs/srv/detail/endpoint_add__struct.hpp
[2.084s] -- Up-to-date symlink: /home/nvidia/acfly_ws/install/mavros_msgs/include/mavros_msgs/mavros_msgs/srv/detail/endpoint_add__traits.hpp
[2.085s] -- Up-to-date symlink: /home/nvidia/acfly_ws/install/mavros_msgs/include/mavros_msgs/mavros_msgs/srv/detail/endpoint_add__type_support.hpp
[2.085s] -- Up-to-date symlink: /home/nvidia/acfly_ws/install/mavros_msgs/include/mavros_msgs/mavros_msgs/srv/detail/endpoint_del__builder.hpp
[2.085s] -- Up-to-date symlink: /home/nvidia/acfly_ws/install/mavros_msgs/include/mavros_msgs/mavros_msgs/srv/detail/endpoint_del__struct.hpp
[2.085s] -- Up-to-date symlink: /home/nvidia/acfly_ws/install/mavros_msgs/include/mavros_msgs/mavros_msgs/srv/detail/endpoint_del__traits.hpp
[2.085s] -- Up-to-date symlink: /home/nvidia/acfly_ws/install/mavros_msgs/include/mavros_msgs/mavros_msgs/srv/detail/endpoint_del__type_support.hpp
[2.085s] -- Up-to-date symlink: /home/nvidia/acfly_ws/install/mavros_msgs/include/mavros_msgs/mavros_msgs/srv/detail/file_checksum__builder.hpp
[2.085s] -- Up-to-date symlink: /home/nvidia/acfly_ws/install/mavros_msgs/include/mavros_msgs/mavros_msgs/srv/detail/file_checksum__struct.hpp
[2.085s] -- Up-to-date symlink: /home/nvidia/acfly_ws/install/mavros_msgs/include/mavros_msgs/mavros_msgs/srv/detail/file_checksum__traits.hpp
[2.086s] -- Up-to-date symlink: /home/nvidia/acfly_ws/install/mavros_msgs/include/mavros_msgs/mavros_msgs/srv/detail/file_checksum__type_support.hpp
[2.086s] -- Up-to-date symlink: /home/nvidia/acfly_ws/install/mavros_msgs/include/mavros_msgs/mavros_msgs/srv/detail/file_close__builder.hpp
[2.086s] -- Up-to-date symlink: /home/nvidia/acfly_ws/install/mavros_msgs/include/mavros_msgs/mavros_msgs/srv/detail/file_close__struct.hpp
[2.086s] -- Up-to-date symlink: /home/nvidia/acfly_ws/install/mavros_msgs/include/mavros_msgs/mavros_msgs/srv/detail/file_close__traits.hpp
[2.086s] -- Up-to-date symlink: /home/nvidia/acfly_ws/install/mavros_msgs/include/mavros_msgs/mavros_msgs/srv/detail/file_close__type_support.hpp
[2.086s] -- Up-to-date symlink: /home/nvidia/acfly_ws/install/mavros_msgs/include/mavros_msgs/mavros_msgs/srv/detail/file_list__builder.hpp
[2.086s] -- Up-to-date symlink: /home/nvidia/acfly_ws/install/mavros_msgs/include/mavros_msgs/mavros_msgs/srv/detail/file_list__struct.hpp
[2.086s] -- Up-to-date symlink: /home/nvidia/acfly_ws/install/mavros_msgs/include/mavros_msgs/mavros_msgs/srv/detail/file_list__traits.hpp
[2.086s] -- Up-to-date symlink: /home/nvidia/acfly_ws/install/mavros_msgs/include/mavros_msgs/mavros_msgs/srv/detail/file_list__type_support.hpp
[2.087s] -- Up-to-date symlink: /home/nvidia/acfly_ws/install/mavros_msgs/include/mavros_msgs/mavros_msgs/srv/detail/file_make_dir__builder.hpp
[2.087s] -- Up-to-date symlink: /home/nvidia/acfly_ws/install/mavros_msgs/include/mavros_msgs/mavros_msgs/srv/detail/file_make_dir__struct.hpp
[2.087s] -- Up-to-date symlink: /home/nvidia/acfly_ws/install/mavros_msgs/include/mavros_msgs/mavros_msgs/srv/detail/file_make_dir__traits.hpp
[2.087s] -- Up-to-date symlink: /home/nvidia/acfly_ws/install/mavros_msgs/include/mavros_msgs/mavros_msgs/srv/detail/file_make_dir__type_support.hpp
[2.087s] -- Up-to-date symlink: /home/nvidia/acfly_ws/install/mavros_msgs/include/mavros_msgs/mavros_msgs/srv/detail/file_open__builder.hpp
[2.087s] -- Up-to-date symlink: /home/nvidia/acfly_ws/install/mavros_msgs/include/mavros_msgs/mavros_msgs/srv/detail/file_open__struct.hpp
[2.087s] -- Up-to-date symlink: /home/nvidia/acfly_ws/install/mavros_msgs/include/mavros_msgs/mavros_msgs/srv/detail/file_open__traits.hpp
[2.087s] -- Up-to-date symlink: /home/nvidia/acfly_ws/install/mavros_msgs/include/mavros_msgs/mavros_msgs/srv/detail/file_open__type_support.hpp
[2.087s] -- Up-to-date symlink: /home/nvidia/acfly_ws/install/mavros_msgs/include/mavros_msgs/mavros_msgs/srv/detail/file_read__builder.hpp
[2.088s] -- Up-to-date symlink: /home/nvidia/acfly_ws/install/mavros_msgs/include/mavros_msgs/mavros_msgs/srv/detail/file_read__struct.hpp
[2.088s] -- Up-to-date symlink: /home/nvidia/acfly_ws/install/mavros_msgs/include/mavros_msgs/mavros_msgs/srv/detail/file_read__traits.hpp
[2.088s] -- Up-to-date symlink: /home/nvidia/acfly_ws/install/mavros_msgs/include/mavros_msgs/mavros_msgs/srv/detail/file_read__type_support.hpp
[2.088s] -- Up-to-date symlink: /home/nvidia/acfly_ws/install/mavros_msgs/include/mavros_msgs/mavros_msgs/srv/detail/file_remove__builder.hpp
[2.088s] -- Up-to-date symlink: /home/nvidia/acfly_ws/install/mavros_msgs/include/mavros_msgs/mavros_msgs/srv/detail/file_remove__struct.hpp
[2.088s] -- Up-to-date symlink: /home/nvidia/acfly_ws/install/mavros_msgs/include/mavros_msgs/mavros_msgs/srv/detail/file_remove__traits.hpp
[2.088s] -- Up-to-date symlink: /home/nvidia/acfly_ws/install/mavros_msgs/include/mavros_msgs/mavros_msgs/srv/detail/file_remove__type_support.hpp
[2.088s] -- Up-to-date symlink: /home/nvidia/acfly_ws/install/mavros_msgs/include/mavros_msgs/mavros_msgs/srv/detail/file_remove_dir__builder.hpp
[2.088s] -- Up-to-date symlink: /home/nvidia/acfly_ws/install/mavros_msgs/include/mavros_msgs/mavros_msgs/srv/detail/file_remove_dir__struct.hpp
[2.089s] -- Up-to-date symlink: /home/nvidia/acfly_ws/install/mavros_msgs/include/mavros_msgs/mavros_msgs/srv/detail/file_remove_dir__traits.hpp
[2.089s] -- Up-to-date symlink: /home/nvidia/acfly_ws/install/mavros_msgs/include/mavros_msgs/mavros_msgs/srv/detail/file_remove_dir__type_support.hpp
[2.089s] -- Up-to-date symlink: /home/nvidia/acfly_ws/install/mavros_msgs/include/mavros_msgs/mavros_msgs/srv/detail/file_rename__builder.hpp
[2.089s] -- Up-to-date symlink: /home/nvidia/acfly_ws/install/mavros_msgs/include/mavros_msgs/mavros_msgs/srv/detail/file_rename__struct.hpp
[2.089s] -- Up-to-date symlink: /home/nvidia/acfly_ws/install/mavros_msgs/include/mavros_msgs/mavros_msgs/srv/detail/file_rename__traits.hpp
[2.089s] -- Up-to-date symlink: /home/nvidia/acfly_ws/install/mavros_msgs/include/mavros_msgs/mavros_msgs/srv/detail/file_rename__type_support.hpp
[2.089s] -- Up-to-date symlink: /home/nvidia/acfly_ws/install/mavros_msgs/include/mavros_msgs/mavros_msgs/srv/detail/file_truncate__builder.hpp
[2.090s] -- Up-to-date symlink: /home/nvidia/acfly_ws/install/mavros_msgs/include/mavros_msgs/mavros_msgs/srv/detail/file_truncate__struct.hpp
[2.090s] -- Up-to-date symlink: /home/nvidia/acfly_ws/install/mavros_msgs/include/mavros_msgs/mavros_msgs/srv/detail/file_truncate__traits.hpp
[2.090s] -- Up-to-date symlink: /home/nvidia/acfly_ws/install/mavros_msgs/include/mavros_msgs/mavros_msgs/srv/detail/file_truncate__type_support.hpp
[2.090s] -- Up-to-date symlink: /home/nvidia/acfly_ws/install/mavros_msgs/include/mavros_msgs/mavros_msgs/srv/detail/file_write__builder.hpp
[2.090s] -- Up-to-date symlink: /home/nvidia/acfly_ws/install/mavros_msgs/include/mavros_msgs/mavros_msgs/srv/detail/file_write__struct.hpp
[2.090s] -- Up-to-date symlink: /home/nvidia/acfly_ws/install/mavros_msgs/include/mavros_msgs/mavros_msgs/srv/detail/file_write__traits.hpp
[2.090s] -- Up-to-date symlink: /home/nvidia/acfly_ws/install/mavros_msgs/include/mavros_msgs/mavros_msgs/srv/detail/file_write__type_support.hpp
[2.090s] -- Up-to-date symlink: /home/nvidia/acfly_ws/install/mavros_msgs/include/mavros_msgs/mavros_msgs/srv/detail/gimbal_get_information__builder.hpp
[2.091s] -- Up-to-date symlink: /home/nvidia/acfly_ws/install/mavros_msgs/include/mavros_msgs/mavros_msgs/srv/detail/gimbal_get_information__struct.hpp
[2.091s] -- Up-to-date symlink: /home/nvidia/acfly_ws/install/mavros_msgs/include/mavros_msgs/mavros_msgs/srv/detail/gimbal_get_information__traits.hpp
[2.091s] -- Up-to-date symlink: /home/nvidia/acfly_ws/install/mavros_msgs/include/mavros_msgs/mavros_msgs/srv/detail/gimbal_get_information__type_support.hpp
[2.091s] -- Up-to-date symlink: /home/nvidia/acfly_ws/install/mavros_msgs/include/mavros_msgs/mavros_msgs/srv/detail/gimbal_manager_camera_track__builder.hpp
[2.091s] -- Up-to-date symlink: /home/nvidia/acfly_ws/install/mavros_msgs/include/mavros_msgs/mavros_msgs/srv/detail/gimbal_manager_camera_track__struct.hpp
[2.091s] -- Up-to-date symlink: /home/nvidia/acfly_ws/install/mavros_msgs/include/mavros_msgs/mavros_msgs/srv/detail/gimbal_manager_camera_track__traits.hpp
[2.091s] -- Up-to-date symlink: /home/nvidia/acfly_ws/install/mavros_msgs/include/mavros_msgs/mavros_msgs/srv/detail/gimbal_manager_camera_track__type_support.hpp
[2.091s] -- Up-to-date symlink: /home/nvidia/acfly_ws/install/mavros_msgs/include/mavros_msgs/mavros_msgs/srv/detail/gimbal_manager_configure__builder.hpp
[2.092s] -- Up-to-date symlink: /home/nvidia/acfly_ws/install/mavros_msgs/include/mavros_msgs/mavros_msgs/srv/detail/gimbal_manager_configure__struct.hpp
[2.092s] -- Up-to-date symlink: /home/nvidia/acfly_ws/install/mavros_msgs/include/mavros_msgs/mavros_msgs/srv/detail/gimbal_manager_configure__traits.hpp
[2.092s] -- Up-to-date symlink: /home/nvidia/acfly_ws/install/mavros_msgs/include/mavros_msgs/mavros_msgs/srv/detail/gimbal_manager_configure__type_support.hpp
[2.092s] -- Up-to-date symlink: /home/nvidia/acfly_ws/install/mavros_msgs/include/mavros_msgs/mavros_msgs/srv/detail/gimbal_manager_pitchyaw__builder.hpp
[2.092s] -- Up-to-date symlink: /home/nvidia/acfly_ws/install/mavros_msgs/include/mavros_msgs/mavros_msgs/srv/detail/gimbal_manager_pitchyaw__struct.hpp
[2.092s] -- Up-to-date symlink: /home/nvidia/acfly_ws/install/mavros_msgs/include/mavros_msgs/mavros_msgs/srv/detail/gimbal_manager_pitchyaw__traits.hpp
[2.092s] -- Up-to-date symlink: /home/nvidia/acfly_ws/install/mavros_msgs/include/mavros_msgs/mavros_msgs/srv/detail/gimbal_manager_pitchyaw__type_support.hpp
[2.092s] -- Up-to-date symlink: /home/nvidia/acfly_ws/install/mavros_msgs/include/mavros_msgs/mavros_msgs/srv/detail/gimbal_manager_set_roi__builder.hpp
[2.092s] -- Up-to-date symlink: /home/nvidia/acfly_ws/install/mavros_msgs/include/mavros_msgs/mavros_msgs/srv/detail/gimbal_manager_set_roi__struct.hpp
[2.092s] -- Up-to-date symlink: /home/nvidia/acfly_ws/install/mavros_msgs/include/mavros_msgs/mavros_msgs/srv/detail/gimbal_manager_set_roi__traits.hpp
[2.093s] -- Up-to-date symlink: /home/nvidia/acfly_ws/install/mavros_msgs/include/mavros_msgs/mavros_msgs/srv/detail/gimbal_manager_set_roi__type_support.hpp
[2.093s] -- Up-to-date symlink: /home/nvidia/acfly_ws/install/mavros_msgs/include/mavros_msgs/mavros_msgs/srv/detail/log_request_data__builder.hpp
[2.093s] -- Up-to-date symlink: /home/nvidia/acfly_ws/install/mavros_msgs/include/mavros_msgs/mavros_msgs/srv/detail/log_request_data__struct.hpp
[2.093s] -- Up-to-date symlink: /home/nvidia/acfly_ws/install/mavros_msgs/include/mavros_msgs/mavros_msgs/srv/detail/log_request_data__traits.hpp
[2.093s] -- Up-to-date symlink: /home/nvidia/acfly_ws/install/mavros_msgs/include/mavros_msgs/mavros_msgs/srv/detail/log_request_data__type_support.hpp
[2.093s] -- Up-to-date symlink: /home/nvidia/acfly_ws/install/mavros_msgs/include/mavros_msgs/mavros_msgs/srv/detail/log_request_end__builder.hpp
[2.093s] -- Up-to-date symlink: /home/nvidia/acfly_ws/install/mavros_msgs/include/mavros_msgs/mavros_msgs/srv/detail/log_request_end__struct.hpp
[2.093s] -- Up-to-date symlink: /home/nvidia/acfly_ws/install/mavros_msgs/include/mavros_msgs/mavros_msgs/srv/detail/log_request_end__traits.hpp
[2.093s] -- Up-to-date symlink: /home/nvidia/acfly_ws/install/mavros_msgs/include/mavros_msgs/mavros_msgs/srv/detail/log_request_end__type_support.hpp
[2.094s] -- Up-to-date symlink: /home/nvidia/acfly_ws/install/mavros_msgs/include/mavros_msgs/mavros_msgs/srv/detail/log_request_list__builder.hpp
[2.094s] -- Up-to-date symlink: /home/nvidia/acfly_ws/install/mavros_msgs/include/mavros_msgs/mavros_msgs/srv/detail/log_request_list__struct.hpp
[2.094s] -- Up-to-date symlink: /home/nvidia/acfly_ws/install/mavros_msgs/include/mavros_msgs/mavros_msgs/srv/detail/log_request_list__traits.hpp
[2.094s] -- Up-to-date symlink: /home/nvidia/acfly_ws/install/mavros_msgs/include/mavros_msgs/mavros_msgs/srv/detail/log_request_list__type_support.hpp
[2.094s] -- Up-to-date symlink: /home/nvidia/acfly_ws/install/mavros_msgs/include/mavros_msgs/mavros_msgs/srv/detail/message_interval__builder.hpp
[2.094s] -- Up-to-date symlink: /home/nvidia/acfly_ws/install/mavros_msgs/include/mavros_msgs/mavros_msgs/srv/detail/message_interval__struct.hpp
[2.094s] -- Up-to-date symlink: /home/nvidia/acfly_ws/install/mavros_msgs/include/mavros_msgs/mavros_msgs/srv/detail/message_interval__traits.hpp
[2.094s] -- Up-to-date symlink: /home/nvidia/acfly_ws/install/mavros_msgs/include/mavros_msgs/mavros_msgs/srv/detail/message_interval__type_support.hpp
[2.095s] -- Up-to-date symlink: /home/nvidia/acfly_ws/install/mavros_msgs/include/mavros_msgs/mavros_msgs/srv/detail/mount_configure__builder.hpp
[2.095s] -- Up-to-date symlink: /home/nvidia/acfly_ws/install/mavros_msgs/include/mavros_msgs/mavros_msgs/srv/detail/mount_configure__struct.hpp
[2.095s] -- Up-to-date symlink: /home/nvidia/acfly_ws/install/mavros_msgs/include/mavros_msgs/mavros_msgs/srv/detail/mount_configure__traits.hpp
[2.095s] -- Up-to-date symlink: /home/nvidia/acfly_ws/install/mavros_msgs/include/mavros_msgs/mavros_msgs/srv/detail/mount_configure__type_support.hpp
[2.095s] -- Up-to-date symlink: /home/nvidia/acfly_ws/install/mavros_msgs/include/mavros_msgs/mavros_msgs/srv/detail/param_get__builder.hpp
[2.095s] -- Up-to-date symlink: /home/nvidia/acfly_ws/install/mavros_msgs/include/mavros_msgs/mavros_msgs/srv/detail/param_get__struct.hpp
[2.095s] -- Up-to-date symlink: /home/nvidia/acfly_ws/install/mavros_msgs/include/mavros_msgs/mavros_msgs/srv/detail/param_get__traits.hpp
[2.095s] -- Up-to-date symlink: /home/nvidia/acfly_ws/install/mavros_msgs/include/mavros_msgs/mavros_msgs/srv/detail/param_get__type_support.hpp
[2.095s] -- Up-to-date symlink: /home/nvidia/acfly_ws/install/mavros_msgs/include/mavros_msgs/mavros_msgs/srv/detail/param_pull__builder.hpp
[2.096s] -- Up-to-date symlink: /home/nvidia/acfly_ws/install/mavros_msgs/include/mavros_msgs/mavros_msgs/srv/detail/param_pull__struct.hpp
[2.096s] -- Up-to-date symlink: /home/nvidia/acfly_ws/install/mavros_msgs/include/mavros_msgs/mavros_msgs/srv/detail/param_pull__traits.hpp
[2.096s] -- Up-to-date symlink: /home/nvidia/acfly_ws/install/mavros_msgs/include/mavros_msgs/mavros_msgs/srv/detail/param_pull__type_support.hpp
[2.096s] -- Up-to-date symlink: /home/nvidia/acfly_ws/install/mavros_msgs/include/mavros_msgs/mavros_msgs/srv/detail/param_push__builder.hpp
[2.096s] -- Up-to-date symlink: /home/nvidia/acfly_ws/install/mavros_msgs/include/mavros_msgs/mavros_msgs/srv/detail/param_push__struct.hpp
[2.096s] -- Up-to-date symlink: /home/nvidia/acfly_ws/install/mavros_msgs/include/mavros_msgs/mavros_msgs/srv/detail/param_push__traits.hpp
[2.096s] -- Up-to-date symlink: /home/nvidia/acfly_ws/install/mavros_msgs/include/mavros_msgs/mavros_msgs/srv/detail/param_push__type_support.hpp
[2.096s] -- Up-to-date symlink: /home/nvidia/acfly_ws/install/mavros_msgs/include/mavros_msgs/mavros_msgs/srv/detail/param_set__builder.hpp
[2.096s] -- Up-to-date symlink: /home/nvidia/acfly_ws/install/mavros_msgs/include/mavros_msgs/mavros_msgs/srv/detail/param_set__struct.hpp
[2.097s] -- Up-to-date symlink: /home/nvidia/acfly_ws/install/mavros_msgs/include/mavros_msgs/mavros_msgs/srv/detail/param_set__traits.hpp
[2.097s] -- Up-to-date symlink: /home/nvidia/acfly_ws/install/mavros_msgs/include/mavros_msgs/mavros_msgs/srv/detail/param_set__type_support.hpp
[2.097s] -- Up-to-date symlink: /home/nvidia/acfly_ws/install/mavros_msgs/include/mavros_msgs/mavros_msgs/srv/detail/param_set_v2__builder.hpp
[2.097s] -- Up-to-date symlink: /home/nvidia/acfly_ws/install/mavros_msgs/include/mavros_msgs/mavros_msgs/srv/detail/param_set_v2__struct.hpp
[2.097s] -- Up-to-date symlink: /home/nvidia/acfly_ws/install/mavros_msgs/include/mavros_msgs/mavros_msgs/srv/detail/param_set_v2__traits.hpp
[2.097s] -- Up-to-date symlink: /home/nvidia/acfly_ws/install/mavros_msgs/include/mavros_msgs/mavros_msgs/srv/detail/param_set_v2__type_support.hpp
[2.097s] -- Up-to-date symlink: /home/nvidia/acfly_ws/install/mavros_msgs/include/mavros_msgs/mavros_msgs/srv/detail/set_mav_frame__builder.hpp
[2.097s] -- Up-to-date symlink: /home/nvidia/acfly_ws/install/mavros_msgs/include/mavros_msgs/mavros_msgs/srv/detail/set_mav_frame__struct.hpp
[2.098s] -- Up-to-date symlink: /home/nvidia/acfly_ws/install/mavros_msgs/include/mavros_msgs/mavros_msgs/srv/detail/set_mav_frame__traits.hpp
[2.098s] -- Up-to-date symlink: /home/nvidia/acfly_ws/install/mavros_msgs/include/mavros_msgs/mavros_msgs/srv/detail/set_mav_frame__type_support.hpp
[2.098s] -- Up-to-date symlink: /home/nvidia/acfly_ws/install/mavros_msgs/include/mavros_msgs/mavros_msgs/srv/detail/set_mode__builder.hpp
[2.098s] -- Up-to-date symlink: /home/nvidia/acfly_ws/install/mavros_msgs/include/mavros_msgs/mavros_msgs/srv/detail/set_mode__struct.hpp
[2.098s] -- Up-to-date symlink: /home/nvidia/acfly_ws/install/mavros_msgs/include/mavros_msgs/mavros_msgs/srv/detail/set_mode__traits.hpp
[2.098s] -- Up-to-date symlink: /home/nvidia/acfly_ws/install/mavros_msgs/include/mavros_msgs/mavros_msgs/srv/detail/set_mode__type_support.hpp
[2.098s] -- Up-to-date symlink: /home/nvidia/acfly_ws/install/mavros_msgs/include/mavros_msgs/mavros_msgs/srv/detail/stream_rate__builder.hpp
[2.098s] -- Up-to-date symlink: /home/nvidia/acfly_ws/install/mavros_msgs/include/mavros_msgs/mavros_msgs/srv/detail/stream_rate__struct.hpp
[2.098s] -- Up-to-date symlink: /home/nvidia/acfly_ws/install/mavros_msgs/include/mavros_msgs/mavros_msgs/srv/detail/stream_rate__traits.hpp
[2.099s] -- Up-to-date symlink: /home/nvidia/acfly_ws/install/mavros_msgs/include/mavros_msgs/mavros_msgs/srv/detail/stream_rate__type_support.hpp
[2.099s] -- Up-to-date symlink: /home/nvidia/acfly_ws/install/mavros_msgs/include/mavros_msgs/mavros_msgs/srv/detail/vehicle_info_get__builder.hpp
[2.099s] -- Up-to-date symlink: /home/nvidia/acfly_ws/install/mavros_msgs/include/mavros_msgs/mavros_msgs/srv/detail/vehicle_info_get__struct.hpp
[2.099s] -- Up-to-date symlink: /home/nvidia/acfly_ws/install/mavros_msgs/include/mavros_msgs/mavros_msgs/srv/detail/vehicle_info_get__traits.hpp
[2.099s] -- Up-to-date symlink: /home/nvidia/acfly_ws/install/mavros_msgs/include/mavros_msgs/mavros_msgs/srv/detail/vehicle_info_get__type_support.hpp
[2.099s] -- Up-to-date symlink: /home/nvidia/acfly_ws/install/mavros_msgs/include/mavros_msgs/mavros_msgs/srv/detail/waypoint_clear__builder.hpp
[2.099s] -- Up-to-date symlink: /home/nvidia/acfly_ws/install/mavros_msgs/include/mavros_msgs/mavros_msgs/srv/detail/waypoint_clear__struct.hpp
[2.099s] -- Up-to-date symlink: /home/nvidia/acfly_ws/install/mavros_msgs/include/mavros_msgs/mavros_msgs/srv/detail/waypoint_clear__traits.hpp
[2.099s] -- Up-to-date symlink: /home/nvidia/acfly_ws/install/mavros_msgs/include/mavros_msgs/mavros_msgs/srv/detail/waypoint_clear__type_support.hpp
[2.099s] -- Up-to-date symlink: /home/nvidia/acfly_ws/install/mavros_msgs/include/mavros_msgs/mavros_msgs/srv/detail/waypoint_pull__builder.hpp
[2.100s] -- Up-to-date symlink: /home/nvidia/acfly_ws/install/mavros_msgs/include/mavros_msgs/mavros_msgs/srv/detail/waypoint_pull__struct.hpp
[2.100s] -- Up-to-date symlink: /home/nvidia/acfly_ws/install/mavros_msgs/include/mavros_msgs/mavros_msgs/srv/detail/waypoint_pull__traits.hpp
[2.100s] -- Up-to-date symlink: /home/nvidia/acfly_ws/install/mavros_msgs/include/mavros_msgs/mavros_msgs/srv/detail/waypoint_pull__type_support.hpp
[2.100s] -- Up-to-date symlink: /home/nvidia/acfly_ws/install/mavros_msgs/include/mavros_msgs/mavros_msgs/srv/detail/waypoint_push__builder.hpp
[2.100s] -- Up-to-date symlink: /home/nvidia/acfly_ws/install/mavros_msgs/include/mavros_msgs/mavros_msgs/srv/detail/waypoint_push__struct.hpp
[2.100s] -- Up-to-date symlink: /home/nvidia/acfly_ws/install/mavros_msgs/include/mavros_msgs/mavros_msgs/srv/detail/waypoint_push__traits.hpp
[2.100s] -- Up-to-date symlink: /home/nvidia/acfly_ws/install/mavros_msgs/include/mavros_msgs/mavros_msgs/srv/detail/waypoint_push__type_support.hpp
[2.100s] -- Up-to-date symlink: /home/nvidia/acfly_ws/install/mavros_msgs/include/mavros_msgs/mavros_msgs/srv/detail/waypoint_set_current__builder.hpp
[2.100s] -- Up-to-date symlink: /home/nvidia/acfly_ws/install/mavros_msgs/include/mavros_msgs/mavros_msgs/srv/detail/waypoint_set_current__struct.hpp
[2.101s] -- Up-to-date symlink: /home/nvidia/acfly_ws/install/mavros_msgs/include/mavros_msgs/mavros_msgs/srv/detail/waypoint_set_current__traits.hpp
[2.101s] -- Up-to-date symlink: /home/nvidia/acfly_ws/install/mavros_msgs/include/mavros_msgs/mavros_msgs/srv/detail/waypoint_set_current__type_support.hpp
[2.101s] -- Up-to-date symlink: /home/nvidia/acfly_ws/install/mavros_msgs/include/mavros_msgs/mavros_msgs/srv/endpoint_add.hpp
[2.101s] -- Up-to-date symlink: /home/nvidia/acfly_ws/install/mavros_msgs/include/mavros_msgs/mavros_msgs/srv/endpoint_del.hpp
[2.101s] -- Up-to-date symlink: /home/nvidia/acfly_ws/install/mavros_msgs/include/mavros_msgs/mavros_msgs/srv/file_checksum.hpp
[2.101s] -- Up-to-date symlink: /home/nvidia/acfly_ws/install/mavros_msgs/include/mavros_msgs/mavros_msgs/srv/file_close.hpp
[2.101s] -- Up-to-date symlink: /home/nvidia/acfly_ws/install/mavros_msgs/include/mavros_msgs/mavros_msgs/srv/file_list.hpp
[2.101s] -- Up-to-date symlink: /home/nvidia/acfly_ws/install/mavros_msgs/include/mavros_msgs/mavros_msgs/srv/file_make_dir.hpp
[2.101s] -- Up-to-date symlink: /home/nvidia/acfly_ws/install/mavros_msgs/include/mavros_msgs/mavros_msgs/srv/file_open.hpp
[2.101s] -- Up-to-date symlink: /home/nvidia/acfly_ws/install/mavros_msgs/include/mavros_msgs/mavros_msgs/srv/file_read.hpp
[2.102s] -- Up-to-date symlink: /home/nvidia/acfly_ws/install/mavros_msgs/include/mavros_msgs/mavros_msgs/srv/file_remove.hpp
[2.102s] -- Up-to-date symlink: /home/nvidia/acfly_ws/install/mavros_msgs/include/mavros_msgs/mavros_msgs/srv/file_remove_dir.hpp
[2.102s] -- Up-to-date symlink: /home/nvidia/acfly_ws/install/mavros_msgs/include/mavros_msgs/mavros_msgs/srv/file_rename.hpp
[2.102s] -- Up-to-date symlink: /home/nvidia/acfly_ws/install/mavros_msgs/include/mavros_msgs/mavros_msgs/srv/file_truncate.hpp
[2.102s] -- Up-to-date symlink: /home/nvidia/acfly_ws/install/mavros_msgs/include/mavros_msgs/mavros_msgs/srv/file_write.hpp
[2.102s] -- Up-to-date symlink: /home/nvidia/acfly_ws/install/mavros_msgs/include/mavros_msgs/mavros_msgs/srv/gimbal_get_information.hpp
[2.102s] -- Up-to-date symlink: /home/nvidia/acfly_ws/install/mavros_msgs/include/mavros_msgs/mavros_msgs/srv/gimbal_manager_camera_track.hpp
[2.102s] -- Up-to-date symlink: /home/nvidia/acfly_ws/install/mavros_msgs/include/mavros_msgs/mavros_msgs/srv/gimbal_manager_configure.hpp
[2.102s] -- Up-to-date symlink: /home/nvidia/acfly_ws/install/mavros_msgs/include/mavros_msgs/mavros_msgs/srv/gimbal_manager_pitchyaw.hpp
[2.102s] -- Up-to-date symlink: /home/nvidia/acfly_ws/install/mavros_msgs/include/mavros_msgs/mavros_msgs/srv/gimbal_manager_set_roi.hpp
[2.103s] -- Up-to-date symlink: /home/nvidia/acfly_ws/install/mavros_msgs/include/mavros_msgs/mavros_msgs/srv/log_request_data.hpp
[2.103s] -- Up-to-date symlink: /home/nvidia/acfly_ws/install/mavros_msgs/include/mavros_msgs/mavros_msgs/srv/log_request_end.hpp
[2.103s] -- Up-to-date symlink: /home/nvidia/acfly_ws/install/mavros_msgs/include/mavros_msgs/mavros_msgs/srv/log_request_list.hpp
[2.103s] -- Up-to-date symlink: /home/nvidia/acfly_ws/install/mavros_msgs/include/mavros_msgs/mavros_msgs/srv/message_interval.hpp
[2.103s] -- Up-to-date symlink: /home/nvidia/acfly_ws/install/mavros_msgs/include/mavros_msgs/mavros_msgs/srv/mount_configure.hpp
[2.103s] -- Up-to-date symlink: /home/nvidia/acfly_ws/install/mavros_msgs/include/mavros_msgs/mavros_msgs/srv/param_get.hpp
[2.103s] -- Up-to-date symlink: /home/nvidia/acfly_ws/install/mavros_msgs/include/mavros_msgs/mavros_msgs/srv/param_pull.hpp
[2.103s] -- Up-to-date symlink: /home/nvidia/acfly_ws/install/mavros_msgs/include/mavros_msgs/mavros_msgs/srv/param_push.hpp
[2.103s] -- Up-to-date symlink: /home/nvidia/acfly_ws/install/mavros_msgs/include/mavros_msgs/mavros_msgs/srv/param_set.hpp
[2.103s] -- Up-to-date symlink: /home/nvidia/acfly_ws/install/mavros_msgs/include/mavros_msgs/mavros_msgs/srv/param_set_v2.hpp
[2.103s] -- Up-to-date symlink: /home/nvidia/acfly_ws/install/mavros_msgs/include/mavros_msgs/mavros_msgs/srv/set_mav_frame.hpp
[2.104s] -- Up-to-date symlink: /home/nvidia/acfly_ws/install/mavros_msgs/include/mavros_msgs/mavros_msgs/srv/set_mode.hpp
[2.104s] -- Up-to-date symlink: /home/nvidia/acfly_ws/install/mavros_msgs/include/mavros_msgs/mavros_msgs/srv/stream_rate.hpp
[2.104s] -- Up-to-date symlink: /home/nvidia/acfly_ws/install/mavros_msgs/include/mavros_msgs/mavros_msgs/srv/vehicle_info_get.hpp
[2.104s] -- Up-to-date symlink: /home/nvidia/acfly_ws/install/mavros_msgs/include/mavros_msgs/mavros_msgs/srv/waypoint_clear.hpp
[2.104s] -- Up-to-date symlink: /home/nvidia/acfly_ws/install/mavros_msgs/include/mavros_msgs/mavros_msgs/srv/waypoint_pull.hpp
[2.104s] -- Up-to-date symlink: /home/nvidia/acfly_ws/install/mavros_msgs/include/mavros_msgs/mavros_msgs/srv/waypoint_push.hpp
[2.104s] -- Up-to-date symlink: /home/nvidia/acfly_ws/install/mavros_msgs/include/mavros_msgs/mavros_msgs/srv/waypoint_set_current.hpp
[2.106s] -- Up-to-date symlink: /home/nvidia/acfly_ws/install/mavros_msgs/include/mavros_msgs/mavros_msgs/msg/detail/actuator_control__rosidl_typesupport_fastrtps_cpp.hpp
[2.106s] -- Up-to-date symlink: /home/nvidia/acfly_ws/install/mavros_msgs/include/mavros_msgs/mavros_msgs/msg/detail/adsb_vehicle__rosidl_typesupport_fastrtps_cpp.hpp
[2.106s] -- Up-to-date symlink: /home/nvidia/acfly_ws/install/mavros_msgs/include/mavros_msgs/mavros_msgs/msg/detail/altitude__rosidl_typesupport_fastrtps_cpp.hpp
[2.107s] -- Up-to-date symlink: /home/nvidia/acfly_ws/install/mavros_msgs/include/mavros_msgs/mavros_msgs/msg/detail/attitude_target__rosidl_typesupport_fastrtps_cpp.hpp
[2.107s] -- Up-to-date symlink: /home/nvidia/acfly_ws/install/mavros_msgs/include/mavros_msgs/mavros_msgs/msg/detail/cam_imu_stamp__rosidl_typesupport_fastrtps_cpp.hpp
[2.107s] -- Up-to-date symlink: /home/nvidia/acfly_ws/install/mavros_msgs/include/mavros_msgs/mavros_msgs/msg/detail/camera_image_captured__rosidl_typesupport_fastrtps_cpp.hpp
[2.107s] -- Up-to-date symlink: /home/nvidia/acfly_ws/install/mavros_msgs/include/mavros_msgs/mavros_msgs/msg/detail/cellular_status__rosidl_typesupport_fastrtps_cpp.hpp
[2.107s] -- Up-to-date symlink: /home/nvidia/acfly_ws/install/mavros_msgs/include/mavros_msgs/mavros_msgs/msg/detail/command_code__rosidl_typesupport_fastrtps_cpp.hpp
[2.107s] -- Up-to-date symlink: /home/nvidia/acfly_ws/install/mavros_msgs/include/mavros_msgs/mavros_msgs/msg/detail/companion_process_status__rosidl_typesupport_fastrtps_cpp.hpp
[2.108s] -- Up-to-date symlink: /home/nvidia/acfly_ws/install/mavros_msgs/include/mavros_msgs/mavros_msgs/msg/detail/debug_value__rosidl_typesupport_fastrtps_cpp.hpp
[2.108s] -- Up-to-date symlink: /home/nvidia/acfly_ws/install/mavros_msgs/include/mavros_msgs/mavros_msgs/msg/detail/esc_info__rosidl_typesupport_fastrtps_cpp.hpp
[2.108s] -- Up-to-date symlink: /home/nvidia/acfly_ws/install/mavros_msgs/include/mavros_msgs/mavros_msgs/msg/detail/esc_info_item__rosidl_typesupport_fastrtps_cpp.hpp
[2.108s] -- Up-to-date symlink: /home/nvidia/acfly_ws/install/mavros_msgs/include/mavros_msgs/mavros_msgs/msg/detail/esc_status__rosidl_typesupport_fastrtps_cpp.hpp
[2.108s] -- Up-to-date symlink: /home/nvidia/acfly_ws/install/mavros_msgs/include/mavros_msgs/mavros_msgs/msg/detail/esc_status_item__rosidl_typesupport_fastrtps_cpp.hpp
[2.108s] -- Up-to-date symlink: /home/nvidia/acfly_ws/install/mavros_msgs/include/mavros_msgs/mavros_msgs/msg/detail/esc_telemetry__rosidl_typesupport_fastrtps_cpp.hpp
[2.109s] -- Up-to-date symlink: /home/nvidia/acfly_ws/install/mavros_msgs/include/mavros_msgs/mavros_msgs/msg/detail/esc_telemetry_item__rosidl_typesupport_fastrtps_cpp.hpp
[2.109s] -- Up-to-date symlink: /home/nvidia/acfly_ws/install/mavros_msgs/include/mavros_msgs/mavros_msgs/msg/detail/estimator_status__rosidl_typesupport_fastrtps_cpp.hpp
[2.109s] -- Up-to-date symlink: /home/nvidia/acfly_ws/install/mavros_msgs/include/mavros_msgs/mavros_msgs/msg/detail/extended_state__rosidl_typesupport_fastrtps_cpp.hpp
[2.109s] -- Up-to-date symlink: /home/nvidia/acfly_ws/install/mavros_msgs/include/mavros_msgs/mavros_msgs/msg/detail/file_entry__rosidl_typesupport_fastrtps_cpp.hpp
[2.109s] -- Up-to-date symlink: /home/nvidia/acfly_ws/install/mavros_msgs/include/mavros_msgs/mavros_msgs/msg/detail/gimbal_device_attitude_status__rosidl_typesupport_fastrtps_cpp.hpp
[2.109s] -- Up-to-date symlink: /home/nvidia/acfly_ws/install/mavros_msgs/include/mavros_msgs/mavros_msgs/msg/detail/gimbal_device_information__rosidl_typesupport_fastrtps_cpp.hpp
[2.109s] -- Up-to-date symlink: /home/nvidia/acfly_ws/install/mavros_msgs/include/mavros_msgs/mavros_msgs/msg/detail/gimbal_device_set_attitude__rosidl_typesupport_fastrtps_cpp.hpp
[2.110s] -- Up-to-date symlink: /home/nvidia/acfly_ws/install/mavros_msgs/include/mavros_msgs/mavros_msgs/msg/detail/gimbal_manager_information__rosidl_typesupport_fastrtps_cpp.hpp
[2.110s] -- Up-to-date symlink: /home/nvidia/acfly_ws/install/mavros_msgs/include/mavros_msgs/mavros_msgs/msg/detail/gimbal_manager_set_attitude__rosidl_typesupport_fastrtps_cpp.hpp
[2.110s] -- Up-to-date symlink: /home/nvidia/acfly_ws/install/mavros_msgs/include/mavros_msgs/mavros_msgs/msg/detail/gimbal_manager_set_pitchyaw__rosidl_typesupport_fastrtps_cpp.hpp
[2.110s] -- Up-to-date symlink: /home/nvidia/acfly_ws/install/mavros_msgs/include/mavros_msgs/mavros_msgs/msg/detail/gimbal_manager_status__rosidl_typesupport_fastrtps_cpp.hpp
[2.110s] -- Up-to-date symlink: /home/nvidia/acfly_ws/install/mavros_msgs/include/mavros_msgs/mavros_msgs/msg/detail/global_position_target__rosidl_typesupport_fastrtps_cpp.hpp
[2.110s] -- Up-to-date symlink: /home/nvidia/acfly_ws/install/mavros_msgs/include/mavros_msgs/mavros_msgs/msg/detail/gpsinput__rosidl_typesupport_fastrtps_cpp.hpp
[2.111s] -- Up-to-date symlink: /home/nvidia/acfly_ws/install/mavros_msgs/include/mavros_msgs/mavros_msgs/msg/detail/gpsraw__rosidl_typesupport_fastrtps_cpp.hpp
[2.111s] -- Up-to-date symlink: /home/nvidia/acfly_ws/install/mavros_msgs/include/mavros_msgs/mavros_msgs/msg/detail/gpsrtk__rosidl_typesupport_fastrtps_cpp.hpp
[2.111s] -- Up-to-date symlink: /home/nvidia/acfly_ws/install/mavros_msgs/include/mavros_msgs/mavros_msgs/msg/detail/hil_actuator_controls__rosidl_typesupport_fastrtps_cpp.hpp
[2.111s] -- Up-to-date symlink: /home/nvidia/acfly_ws/install/mavros_msgs/include/mavros_msgs/mavros_msgs/msg/detail/hil_controls__rosidl_typesupport_fastrtps_cpp.hpp
[2.111s] -- Up-to-date symlink: /home/nvidia/acfly_ws/install/mavros_msgs/include/mavros_msgs/mavros_msgs/msg/detail/hil_gps__rosidl_typesupport_fastrtps_cpp.hpp
[2.111s] -- Up-to-date symlink: /home/nvidia/acfly_ws/install/mavros_msgs/include/mavros_msgs/mavros_msgs/msg/detail/hil_sensor__rosidl_typesupport_fastrtps_cpp.hpp
[2.112s] -- Up-to-date symlink: /home/nvidia/acfly_ws/install/mavros_msgs/include/mavros_msgs/mavros_msgs/msg/detail/hil_state_quaternion__rosidl_typesupport_fastrtps_cpp.hpp
[2.112s] -- Up-to-date symlink: /home/nvidia/acfly_ws/install/mavros_msgs/include/mavros_msgs/mavros_msgs/msg/detail/home_position__rosidl_typesupport_fastrtps_cpp.hpp
[2.112s] -- Up-to-date symlink: /home/nvidia/acfly_ws/install/mavros_msgs/include/mavros_msgs/mavros_msgs/msg/detail/landing_target__rosidl_typesupport_fastrtps_cpp.hpp
[2.112s] -- Up-to-date symlink: /home/nvidia/acfly_ws/install/mavros_msgs/include/mavros_msgs/mavros_msgs/msg/detail/log_data__rosidl_typesupport_fastrtps_cpp.hpp
[2.112s] -- Up-to-date symlink: /home/nvidia/acfly_ws/install/mavros_msgs/include/mavros_msgs/mavros_msgs/msg/detail/log_entry__rosidl_typesupport_fastrtps_cpp.hpp
[2.112s] -- Up-to-date symlink: /home/nvidia/acfly_ws/install/mavros_msgs/include/mavros_msgs/mavros_msgs/msg/detail/magnetometer_reporter__rosidl_typesupport_fastrtps_cpp.hpp
[2.113s] -- Up-to-date symlink: /home/nvidia/acfly_ws/install/mavros_msgs/include/mavros_msgs/mavros_msgs/msg/detail/manual_control__rosidl_typesupport_fastrtps_cpp.hpp
[2.113s] -- Up-to-date symlink: /home/nvidia/acfly_ws/install/mavros_msgs/include/mavros_msgs/mavros_msgs/msg/detail/mavlink__rosidl_typesupport_fastrtps_cpp.hpp
[2.113s] -- Up-to-date symlink: /home/nvidia/acfly_ws/install/mavros_msgs/include/mavros_msgs/mavros_msgs/msg/detail/mount_control__rosidl_typesupport_fastrtps_cpp.hpp
[2.113s] -- Up-to-date symlink: /home/nvidia/acfly_ws/install/mavros_msgs/include/mavros_msgs/mavros_msgs/msg/detail/nav_controller_output__rosidl_typesupport_fastrtps_cpp.hpp
[2.113s] -- Up-to-date symlink: /home/nvidia/acfly_ws/install/mavros_msgs/include/mavros_msgs/mavros_msgs/msg/detail/onboard_computer_status__rosidl_typesupport_fastrtps_cpp.hpp
[2.113s] -- Up-to-date symlink: /home/nvidia/acfly_ws/install/mavros_msgs/include/mavros_msgs/mavros_msgs/msg/detail/open_drone_id_basic_id__rosidl_typesupport_fastrtps_cpp.hpp
[2.113s] -- Up-to-date symlink: /home/nvidia/acfly_ws/install/mavros_msgs/include/mavros_msgs/mavros_msgs/msg/detail/open_drone_id_operator_id__rosidl_typesupport_fastrtps_cpp.hpp
[2.114s] -- Up-to-date symlink: /home/nvidia/acfly_ws/install/mavros_msgs/include/mavros_msgs/mavros_msgs/msg/detail/open_drone_id_self_id__rosidl_typesupport_fastrtps_cpp.hpp
[2.114s] -- Up-to-date symlink: /home/nvidia/acfly_ws/install/mavros_msgs/include/mavros_msgs/mavros_msgs/msg/detail/open_drone_id_system__rosidl_typesupport_fastrtps_cpp.hpp
[2.114s] -- Up-to-date symlink: /home/nvidia/acfly_ws/install/mavros_msgs/include/mavros_msgs/mavros_msgs/msg/detail/open_drone_id_system_update__rosidl_typesupport_fastrtps_cpp.hpp
[2.114s] -- Up-to-date symlink: /home/nvidia/acfly_ws/install/mavros_msgs/include/mavros_msgs/mavros_msgs/msg/detail/optical_flow__rosidl_typesupport_fastrtps_cpp.hpp
[2.114s] -- Up-to-date symlink: /home/nvidia/acfly_ws/install/mavros_msgs/include/mavros_msgs/mavros_msgs/msg/detail/optical_flow_rad__rosidl_typesupport_fastrtps_cpp.hpp
[2.114s] -- Up-to-date symlink: /home/nvidia/acfly_ws/install/mavros_msgs/include/mavros_msgs/mavros_msgs/msg/detail/override_rc_in__rosidl_typesupport_fastrtps_cpp.hpp
[2.115s] -- Up-to-date symlink: /home/nvidia/acfly_ws/install/mavros_msgs/include/mavros_msgs/mavros_msgs/msg/detail/param__rosidl_typesupport_fastrtps_cpp.hpp
[2.115s] -- Up-to-date symlink: /home/nvidia/acfly_ws/install/mavros_msgs/include/mavros_msgs/mavros_msgs/msg/detail/param_event__rosidl_typesupport_fastrtps_cpp.hpp
[2.115s] -- Up-to-date symlink: /home/nvidia/acfly_ws/install/mavros_msgs/include/mavros_msgs/mavros_msgs/msg/detail/param_value__rosidl_typesupport_fastrtps_cpp.hpp
[2.115s] -- Up-to-date symlink: /home/nvidia/acfly_ws/install/mavros_msgs/include/mavros_msgs/mavros_msgs/msg/detail/play_tune_v2__rosidl_typesupport_fastrtps_cpp.hpp
[2.115s] -- Up-to-date symlink: /home/nvidia/acfly_ws/install/mavros_msgs/include/mavros_msgs/mavros_msgs/msg/detail/position_target__rosidl_typesupport_fastrtps_cpp.hpp
[2.115s] -- Up-to-date symlink: /home/nvidia/acfly_ws/install/mavros_msgs/include/mavros_msgs/mavros_msgs/msg/detail/radio_status__rosidl_typesupport_fastrtps_cpp.hpp
[2.115s] -- Up-to-date symlink: /home/nvidia/acfly_ws/install/mavros_msgs/include/mavros_msgs/mavros_msgs/msg/detail/rc_in__rosidl_typesupport_fastrtps_cpp.hpp
[2.116s] -- Up-to-date symlink: /home/nvidia/acfly_ws/install/mavros_msgs/include/mavros_msgs/mavros_msgs/msg/detail/rc_out__rosidl_typesupport_fastrtps_cpp.hpp
[2.116s] -- Up-to-date symlink: /home/nvidia/acfly_ws/install/mavros_msgs/include/mavros_msgs/mavros_msgs/msg/detail/rtcm__rosidl_typesupport_fastrtps_cpp.hpp
[2.116s] -- Up-to-date symlink: /home/nvidia/acfly_ws/install/mavros_msgs/include/mavros_msgs/mavros_msgs/msg/detail/rtk_baseline__rosidl_typesupport_fastrtps_cpp.hpp
[2.116s] -- Up-to-date symlink: /home/nvidia/acfly_ws/install/mavros_msgs/include/mavros_msgs/mavros_msgs/msg/detail/state__rosidl_typesupport_fastrtps_cpp.hpp
[2.116s] -- Up-to-date symlink: /home/nvidia/acfly_ws/install/mavros_msgs/include/mavros_msgs/mavros_msgs/msg/detail/status_event__rosidl_typesupport_fastrtps_cpp.hpp
[2.116s] -- Up-to-date symlink: /home/nvidia/acfly_ws/install/mavros_msgs/include/mavros_msgs/mavros_msgs/msg/detail/status_text__rosidl_typesupport_fastrtps_cpp.hpp
[2.117s] -- Up-to-date symlink: /home/nvidia/acfly_ws/install/mavros_msgs/include/mavros_msgs/mavros_msgs/msg/detail/sys_status__rosidl_typesupport_fastrtps_cpp.hpp
[2.117s] -- Up-to-date symlink: /home/nvidia/acfly_ws/install/mavros_msgs/include/mavros_msgs/mavros_msgs/msg/detail/terrain_report__rosidl_typesupport_fastrtps_cpp.hpp
[2.117s] -- Up-to-date symlink: /home/nvidia/acfly_ws/install/mavros_msgs/include/mavros_msgs/mavros_msgs/msg/detail/thrust__rosidl_typesupport_fastrtps_cpp.hpp
[2.117s] -- Up-to-date symlink: /home/nvidia/acfly_ws/install/mavros_msgs/include/mavros_msgs/mavros_msgs/msg/detail/timesync_status__rosidl_typesupport_fastrtps_cpp.hpp
[2.117s] -- Up-to-date symlink: /home/nvidia/acfly_ws/install/mavros_msgs/include/mavros_msgs/mavros_msgs/msg/detail/trajectory__rosidl_typesupport_fastrtps_cpp.hpp
[2.117s] -- Up-to-date symlink: /home/nvidia/acfly_ws/install/mavros_msgs/include/mavros_msgs/mavros_msgs/msg/detail/tunnel__rosidl_typesupport_fastrtps_cpp.hpp
[2.117s] -- Up-to-date symlink: /home/nvidia/acfly_ws/install/mavros_msgs/include/mavros_msgs/mavros_msgs/msg/detail/vehicle_info__rosidl_typesupport_fastrtps_cpp.hpp
[2.118s] -- Up-to-date symlink: /home/nvidia/acfly_ws/install/mavros_msgs/include/mavros_msgs/mavros_msgs/msg/detail/vfr_hud__rosidl_typesupport_fastrtps_cpp.hpp
[2.118s] -- Up-to-date symlink: /home/nvidia/acfly_ws/install/mavros_msgs/include/mavros_msgs/mavros_msgs/msg/detail/vibration__rosidl_typesupport_fastrtps_cpp.hpp
[2.118s] -- Up-to-date symlink: /home/nvidia/acfly_ws/install/mavros_msgs/include/mavros_msgs/mavros_msgs/msg/detail/waypoint__rosidl_typesupport_fastrtps_cpp.hpp
[2.118s] -- Up-to-date symlink: /home/nvidia/acfly_ws/install/mavros_msgs/include/mavros_msgs/mavros_msgs/msg/detail/waypoint_list__rosidl_typesupport_fastrtps_cpp.hpp
[2.118s] -- Up-to-date symlink: /home/nvidia/acfly_ws/install/mavros_msgs/include/mavros_msgs/mavros_msgs/msg/detail/waypoint_reached__rosidl_typesupport_fastrtps_cpp.hpp
[2.118s] -- Up-to-date symlink: /home/nvidia/acfly_ws/install/mavros_msgs/include/mavros_msgs/mavros_msgs/msg/detail/wheel_odom_stamped__rosidl_typesupport_fastrtps_cpp.hpp
[2.119s] -- Up-to-date symlink: /home/nvidia/acfly_ws/install/mavros_msgs/include/mavros_msgs/mavros_msgs/msg/rosidl_typesupport_fastrtps_cpp__visibility_control.h
[2.119s] -- Up-to-date symlink: /home/nvidia/acfly_ws/install/mavros_msgs/include/mavros_msgs/mavros_msgs/srv/detail/command_ack__rosidl_typesupport_fastrtps_cpp.hpp
[2.119s] -- Up-to-date symlink: /home/nvidia/acfly_ws/install/mavros_msgs/include/mavros_msgs/mavros_msgs/srv/detail/command_bool__rosidl_typesupport_fastrtps_cpp.hpp
[2.119s] -- Up-to-date symlink: /home/nvidia/acfly_ws/install/mavros_msgs/include/mavros_msgs/mavros_msgs/srv/detail/command_home__rosidl_typesupport_fastrtps_cpp.hpp
[2.119s] -- Up-to-date symlink: /home/nvidia/acfly_ws/install/mavros_msgs/include/mavros_msgs/mavros_msgs/srv/detail/command_int__rosidl_typesupport_fastrtps_cpp.hpp
[2.119s] -- Up-to-date symlink: /home/nvidia/acfly_ws/install/mavros_msgs/include/mavros_msgs/mavros_msgs/srv/detail/command_long__rosidl_typesupport_fastrtps_cpp.hpp
[2.120s] -- Up-to-date symlink: /home/nvidia/acfly_ws/install/mavros_msgs/include/mavros_msgs/mavros_msgs/srv/detail/command_tol__rosidl_typesupport_fastrtps_cpp.hpp
[2.120s] -- Up-to-date symlink: /home/nvidia/acfly_ws/install/mavros_msgs/include/mavros_msgs/mavros_msgs/srv/detail/command_tol_local__rosidl_typesupport_fastrtps_cpp.hpp
[2.120s] -- Up-to-date symlink: /home/nvidia/acfly_ws/install/mavros_msgs/include/mavros_msgs/mavros_msgs/srv/detail/command_trigger_control__rosidl_typesupport_fastrtps_cpp.hpp
[2.120s] -- Up-to-date symlink: /home/nvidia/acfly_ws/install/mavros_msgs/include/mavros_msgs/mavros_msgs/srv/detail/command_trigger_interval__rosidl_typesupport_fastrtps_cpp.hpp
[2.120s] -- Up-to-date symlink: /home/nvidia/acfly_ws/install/mavros_msgs/include/mavros_msgs/mavros_msgs/srv/detail/command_vtol_transition__rosidl_typesupport_fastrtps_cpp.hpp
[2.120s] -- Up-to-date symlink: /home/nvidia/acfly_ws/install/mavros_msgs/include/mavros_msgs/mavros_msgs/srv/detail/endpoint_add__rosidl_typesupport_fastrtps_cpp.hpp
[2.121s] -- Up-to-date symlink: /home/nvidia/acfly_ws/install/mavros_msgs/include/mavros_msgs/mavros_msgs/srv/detail/endpoint_del__rosidl_typesupport_fastrtps_cpp.hpp
[2.121s] -- Up-to-date symlink: /home/nvidia/acfly_ws/install/mavros_msgs/include/mavros_msgs/mavros_msgs/srv/detail/file_checksum__rosidl_typesupport_fastrtps_cpp.hpp
[2.121s] -- Up-to-date symlink: /home/nvidia/acfly_ws/install/mavros_msgs/include/mavros_msgs/mavros_msgs/srv/detail/file_close__rosidl_typesupport_fastrtps_cpp.hpp
[2.121s] -- Up-to-date symlink: /home/nvidia/acfly_ws/install/mavros_msgs/include/mavros_msgs/mavros_msgs/srv/detail/file_list__rosidl_typesupport_fastrtps_cpp.hpp
[2.121s] -- Up-to-date symlink: /home/nvidia/acfly_ws/install/mavros_msgs/include/mavros_msgs/mavros_msgs/srv/detail/file_make_dir__rosidl_typesupport_fastrtps_cpp.hpp
[2.121s] -- Up-to-date symlink: /home/nvidia/acfly_ws/install/mavros_msgs/include/mavros_msgs/mavros_msgs/srv/detail/file_open__rosidl_typesupport_fastrtps_cpp.hpp
[2.121s] -- Up-to-date symlink: /home/nvidia/acfly_ws/install/mavros_msgs/include/mavros_msgs/mavros_msgs/srv/detail/file_read__rosidl_typesupport_fastrtps_cpp.hpp
[2.122s] -- Up-to-date symlink: /home/nvidia/acfly_ws/install/mavros_msgs/include/mavros_msgs/mavros_msgs/srv/detail/file_remove__rosidl_typesupport_fastrtps_cpp.hpp
[2.122s] -- Up-to-date symlink: /home/nvidia/acfly_ws/install/mavros_msgs/include/mavros_msgs/mavros_msgs/srv/detail/file_remove_dir__rosidl_typesupport_fastrtps_cpp.hpp
[2.122s] -- Up-to-date symlink: /home/nvidia/acfly_ws/install/mavros_msgs/include/mavros_msgs/mavros_msgs/srv/detail/file_rename__rosidl_typesupport_fastrtps_cpp.hpp
[2.122s] -- Up-to-date symlink: /home/nvidia/acfly_ws/install/mavros_msgs/include/mavros_msgs/mavros_msgs/srv/detail/file_truncate__rosidl_typesupport_fastrtps_cpp.hpp
[2.122s] -- Up-to-date symlink: /home/nvidia/acfly_ws/install/mavros_msgs/include/mavros_msgs/mavros_msgs/srv/detail/file_write__rosidl_typesupport_fastrtps_cpp.hpp
[2.122s] -- Up-to-date symlink: /home/nvidia/acfly_ws/install/mavros_msgs/include/mavros_msgs/mavros_msgs/srv/detail/gimbal_get_information__rosidl_typesupport_fastrtps_cpp.hpp
[2.123s] -- Up-to-date symlink: /home/nvidia/acfly_ws/install/mavros_msgs/include/mavros_msgs/mavros_msgs/srv/detail/gimbal_manager_camera_track__rosidl_typesupport_fastrtps_cpp.hpp
[2.123s] -- Up-to-date symlink: /home/nvidia/acfly_ws/install/mavros_msgs/include/mavros_msgs/mavros_msgs/srv/detail/gimbal_manager_configure__rosidl_typesupport_fastrtps_cpp.hpp
[2.123s] -- Up-to-date symlink: /home/nvidia/acfly_ws/install/mavros_msgs/include/mavros_msgs/mavros_msgs/srv/detail/gimbal_manager_pitchyaw__rosidl_typesupport_fastrtps_cpp.hpp
[2.123s] -- Up-to-date symlink: /home/nvidia/acfly_ws/install/mavros_msgs/include/mavros_msgs/mavros_msgs/srv/detail/gimbal_manager_set_roi__rosidl_typesupport_fastrtps_cpp.hpp
[2.123s] -- Up-to-date symlink: /home/nvidia/acfly_ws/install/mavros_msgs/include/mavros_msgs/mavros_msgs/srv/detail/log_request_data__rosidl_typesupport_fastrtps_cpp.hpp
[2.123s] -- Up-to-date symlink: /home/nvidia/acfly_ws/install/mavros_msgs/include/mavros_msgs/mavros_msgs/srv/detail/log_request_end__rosidl_typesupport_fastrtps_cpp.hpp
[2.124s] -- Up-to-date symlink: /home/nvidia/acfly_ws/install/mavros_msgs/include/mavros_msgs/mavros_msgs/srv/detail/log_request_list__rosidl_typesupport_fastrtps_cpp.hpp
[2.124s] -- Up-to-date symlink: /home/nvidia/acfly_ws/install/mavros_msgs/include/mavros_msgs/mavros_msgs/srv/detail/message_interval__rosidl_typesupport_fastrtps_cpp.hpp
[2.124s] -- Up-to-date symlink: /home/nvidia/acfly_ws/install/mavros_msgs/include/mavros_msgs/mavros_msgs/srv/detail/mount_configure__rosidl_typesupport_fastrtps_cpp.hpp
[2.124s] -- Up-to-date symlink: /home/nvidia/acfly_ws/install/mavros_msgs/include/mavros_msgs/mavros_msgs/srv/detail/param_get__rosidl_typesupport_fastrtps_cpp.hpp
[2.124s] -- Up-to-date symlink: /home/nvidia/acfly_ws/install/mavros_msgs/include/mavros_msgs/mavros_msgs/srv/detail/param_pull__rosidl_typesupport_fastrtps_cpp.hpp
[2.124s] -- Up-to-date symlink: /home/nvidia/acfly_ws/install/mavros_msgs/include/mavros_msgs/mavros_msgs/srv/detail/param_push__rosidl_typesupport_fastrtps_cpp.hpp
[2.125s] -- Up-to-date symlink: /home/nvidia/acfly_ws/install/mavros_msgs/include/mavros_msgs/mavros_msgs/srv/detail/param_set__rosidl_typesupport_fastrtps_cpp.hpp
[2.125s] -- Up-to-date symlink: /home/nvidia/acfly_ws/install/mavros_msgs/include/mavros_msgs/mavros_msgs/srv/detail/param_set_v2__rosidl_typesupport_fastrtps_cpp.hpp
[2.125s] -- Up-to-date symlink: /home/nvidia/acfly_ws/install/mavros_msgs/include/mavros_msgs/mavros_msgs/srv/detail/set_mav_frame__rosidl_typesupport_fastrtps_cpp.hpp
[2.125s] -- Up-to-date symlink: /home/nvidia/acfly_ws/install/mavros_msgs/include/mavros_msgs/mavros_msgs/srv/detail/set_mode__rosidl_typesupport_fastrtps_cpp.hpp
[2.125s] -- Up-to-date symlink: /home/nvidia/acfly_ws/install/mavros_msgs/include/mavros_msgs/mavros_msgs/srv/detail/stream_rate__rosidl_typesupport_fastrtps_cpp.hpp
[2.126s] -- Up-to-date symlink: /home/nvidia/acfly_ws/install/mavros_msgs/include/mavros_msgs/mavros_msgs/srv/detail/vehicle_info_get__rosidl_typesupport_fastrtps_cpp.hpp
[2.126s] -- Up-to-date symlink: /home/nvidia/acfly_ws/install/mavros_msgs/include/mavros_msgs/mavros_msgs/srv/detail/waypoint_clear__rosidl_typesupport_fastrtps_cpp.hpp
[2.126s] -- Up-to-date symlink: /home/nvidia/acfly_ws/install/mavros_msgs/include/mavros_msgs/mavros_msgs/srv/detail/waypoint_pull__rosidl_typesupport_fastrtps_cpp.hpp
[2.126s] -- Up-to-date symlink: /home/nvidia/acfly_ws/install/mavros_msgs/include/mavros_msgs/mavros_msgs/srv/detail/waypoint_push__rosidl_typesupport_fastrtps_cpp.hpp
[2.126s] -- Up-to-date symlink: /home/nvidia/acfly_ws/install/mavros_msgs/include/mavros_msgs/mavros_msgs/srv/detail/waypoint_set_current__rosidl_typesupport_fastrtps_cpp.hpp
[2.129s] -- Up-to-date symlink: /home/nvidia/acfly_ws/install/mavros_msgs/include/mavros_msgs/mavros_msgs/msg/detail/actuator_control__rosidl_typesupport_introspection_cpp.hpp
[2.129s] -- Up-to-date symlink: /home/nvidia/acfly_ws/install/mavros_msgs/include/mavros_msgs/mavros_msgs/msg/detail/adsb_vehicle__rosidl_typesupport_introspection_cpp.hpp
[2.130s] -- Up-to-date symlink: /home/nvidia/acfly_ws/install/mavros_msgs/include/mavros_msgs/mavros_msgs/msg/detail/altitude__rosidl_typesupport_introspection_cpp.hpp
[2.130s] -- Up-to-date symlink: /home/nvidia/acfly_ws/install/mavros_msgs/include/mavros_msgs/mavros_msgs/msg/detail/attitude_target__rosidl_typesupport_introspection_cpp.hpp
[2.130s] -- Up-to-date symlink: /home/nvidia/acfly_ws/install/mavros_msgs/include/mavros_msgs/mavros_msgs/msg/detail/cam_imu_stamp__rosidl_typesupport_introspection_cpp.hpp
[2.130s] -- Up-to-date symlink: /home/nvidia/acfly_ws/install/mavros_msgs/include/mavros_msgs/mavros_msgs/msg/detail/camera_image_captured__rosidl_typesupport_introspection_cpp.hpp
[2.130s] -- Up-to-date symlink: /home/nvidia/acfly_ws/install/mavros_msgs/include/mavros_msgs/mavros_msgs/msg/detail/cellular_status__rosidl_typesupport_introspection_cpp.hpp
[2.130s] -- Up-to-date symlink: /home/nvidia/acfly_ws/install/mavros_msgs/include/mavros_msgs/mavros_msgs/msg/detail/command_code__rosidl_typesupport_introspection_cpp.hpp
[2.131s] -- Up-to-date symlink: /home/nvidia/acfly_ws/install/mavros_msgs/include/mavros_msgs/mavros_msgs/msg/detail/companion_process_status__rosidl_typesupport_introspection_cpp.hpp
[2.131s] -- Up-to-date symlink: /home/nvidia/acfly_ws/install/mavros_msgs/include/mavros_msgs/mavros_msgs/msg/detail/debug_value__rosidl_typesupport_introspection_cpp.hpp
[2.131s] -- Up-to-date symlink: /home/nvidia/acfly_ws/install/mavros_msgs/include/mavros_msgs/mavros_msgs/msg/detail/esc_info__rosidl_typesupport_introspection_cpp.hpp
[2.131s] -- Up-to-date symlink: /home/nvidia/acfly_ws/install/mavros_msgs/include/mavros_msgs/mavros_msgs/msg/detail/esc_info_item__rosidl_typesupport_introspection_cpp.hpp
[2.131s] -- Up-to-date symlink: /home/nvidia/acfly_ws/install/mavros_msgs/include/mavros_msgs/mavros_msgs/msg/detail/esc_status__rosidl_typesupport_introspection_cpp.hpp
[2.131s] -- Up-to-date symlink: /home/nvidia/acfly_ws/install/mavros_msgs/include/mavros_msgs/mavros_msgs/msg/detail/esc_status_item__rosidl_typesupport_introspection_cpp.hpp
[2.131s] -- Up-to-date symlink: /home/nvidia/acfly_ws/install/mavros_msgs/include/mavros_msgs/mavros_msgs/msg/detail/esc_telemetry__rosidl_typesupport_introspection_cpp.hpp
[2.132s] -- Up-to-date symlink: /home/nvidia/acfly_ws/install/mavros_msgs/include/mavros_msgs/mavros_msgs/msg/detail/esc_telemetry_item__rosidl_typesupport_introspection_cpp.hpp
[2.132s] -- Up-to-date symlink: /home/nvidia/acfly_ws/install/mavros_msgs/include/mavros_msgs/mavros_msgs/msg/detail/estimator_status__rosidl_typesupport_introspection_cpp.hpp
[2.132s] -- Up-to-date symlink: /home/nvidia/acfly_ws/install/mavros_msgs/include/mavros_msgs/mavros_msgs/msg/detail/extended_state__rosidl_typesupport_introspection_cpp.hpp
[2.132s] -- Up-to-date symlink: /home/nvidia/acfly_ws/install/mavros_msgs/include/mavros_msgs/mavros_msgs/msg/detail/file_entry__rosidl_typesupport_introspection_cpp.hpp
[2.132s] -- Up-to-date symlink: /home/nvidia/acfly_ws/install/mavros_msgs/include/mavros_msgs/mavros_msgs/msg/detail/gimbal_device_attitude_status__rosidl_typesupport_introspection_cpp.hpp
[2.132s] -- Up-to-date symlink: /home/nvidia/acfly_ws/install/mavros_msgs/include/mavros_msgs/mavros_msgs/msg/detail/gimbal_device_information__rosidl_typesupport_introspection_cpp.hpp
[2.133s] -- Up-to-date symlink: /home/nvidia/acfly_ws/install/mavros_msgs/include/mavros_msgs/mavros_msgs/msg/detail/gimbal_device_set_attitude__rosidl_typesupport_introspection_cpp.hpp
[2.133s] -- Up-to-date symlink: /home/nvidia/acfly_ws/install/mavros_msgs/include/mavros_msgs/mavros_msgs/msg/detail/gimbal_manager_information__rosidl_typesupport_introspection_cpp.hpp
[2.133s] -- Up-to-date symlink: /home/nvidia/acfly_ws/install/mavros_msgs/include/mavros_msgs/mavros_msgs/msg/detail/gimbal_manager_set_attitude__rosidl_typesupport_introspection_cpp.hpp
[2.133s] -- Up-to-date symlink: /home/nvidia/acfly_ws/install/mavros_msgs/include/mavros_msgs/mavros_msgs/msg/detail/gimbal_manager_set_pitchyaw__rosidl_typesupport_introspection_cpp.hpp
[2.133s] -- Up-to-date symlink: /home/nvidia/acfly_ws/install/mavros_msgs/include/mavros_msgs/mavros_msgs/msg/detail/gimbal_manager_status__rosidl_typesupport_introspection_cpp.hpp
[2.133s] -- Up-to-date symlink: /home/nvidia/acfly_ws/install/mavros_msgs/include/mavros_msgs/mavros_msgs/msg/detail/global_position_target__rosidl_typesupport_introspection_cpp.hpp
[2.134s] -- Up-to-date symlink: /home/nvidia/acfly_ws/install/mavros_msgs/include/mavros_msgs/mavros_msgs/msg/detail/gpsinput__rosidl_typesupport_introspection_cpp.hpp
[2.134s] -- Up-to-date symlink: /home/nvidia/acfly_ws/install/mavros_msgs/include/mavros_msgs/mavros_msgs/msg/detail/gpsraw__rosidl_typesupport_introspection_cpp.hpp
[2.134s] -- Up-to-date symlink: /home/nvidia/acfly_ws/install/mavros_msgs/include/mavros_msgs/mavros_msgs/msg/detail/gpsrtk__rosidl_typesupport_introspection_cpp.hpp
[2.134s] -- Up-to-date symlink: /home/nvidia/acfly_ws/install/mavros_msgs/include/mavros_msgs/mavros_msgs/msg/detail/hil_actuator_controls__rosidl_typesupport_introspection_cpp.hpp
[2.134s] -- Up-to-date symlink: /home/nvidia/acfly_ws/install/mavros_msgs/include/mavros_msgs/mavros_msgs/msg/detail/hil_controls__rosidl_typesupport_introspection_cpp.hpp
[2.135s] -- Up-to-date symlink: /home/nvidia/acfly_ws/install/mavros_msgs/include/mavros_msgs/mavros_msgs/msg/detail/hil_gps__rosidl_typesupport_introspection_cpp.hpp
[2.135s] -- Up-to-date symlink: /home/nvidia/acfly_ws/install/mavros_msgs/include/mavros_msgs/mavros_msgs/msg/detail/hil_sensor__rosidl_typesupport_introspection_cpp.hpp
[2.135s] -- Up-to-date symlink: /home/nvidia/acfly_ws/install/mavros_msgs/include/mavros_msgs/mavros_msgs/msg/detail/hil_state_quaternion__rosidl_typesupport_introspection_cpp.hpp
[2.135s] -- Up-to-date symlink: /home/nvidia/acfly_ws/install/mavros_msgs/include/mavros_msgs/mavros_msgs/msg/detail/home_position__rosidl_typesupport_introspection_cpp.hpp
[2.135s] -- Up-to-date symlink: /home/nvidia/acfly_ws/install/mavros_msgs/include/mavros_msgs/mavros_msgs/msg/detail/landing_target__rosidl_typesupport_introspection_cpp.hpp
[2.135s] -- Up-to-date symlink: /home/nvidia/acfly_ws/install/mavros_msgs/include/mavros_msgs/mavros_msgs/msg/detail/log_data__rosidl_typesupport_introspection_cpp.hpp
[2.136s] -- Up-to-date symlink: /home/nvidia/acfly_ws/install/mavros_msgs/include/mavros_msgs/mavros_msgs/msg/detail/log_entry__rosidl_typesupport_introspection_cpp.hpp
[2.136s] -- Up-to-date symlink: /home/nvidia/acfly_ws/install/mavros_msgs/include/mavros_msgs/mavros_msgs/msg/detail/magnetometer_reporter__rosidl_typesupport_introspection_cpp.hpp
[2.136s] -- Up-to-date symlink: /home/nvidia/acfly_ws/install/mavros_msgs/include/mavros_msgs/mavros_msgs/msg/detail/manual_control__rosidl_typesupport_introspection_cpp.hpp
[2.136s] -- Up-to-date symlink: /home/nvidia/acfly_ws/install/mavros_msgs/include/mavros_msgs/mavros_msgs/msg/detail/mavlink__rosidl_typesupport_introspection_cpp.hpp
[2.136s] -- Up-to-date symlink: /home/nvidia/acfly_ws/install/mavros_msgs/include/mavros_msgs/mavros_msgs/msg/detail/mount_control__rosidl_typesupport_introspection_cpp.hpp
[2.136s] -- Up-to-date symlink: /home/nvidia/acfly_ws/install/mavros_msgs/include/mavros_msgs/mavros_msgs/msg/detail/nav_controller_output__rosidl_typesupport_introspection_cpp.hpp
[2.137s] -- Up-to-date symlink: /home/nvidia/acfly_ws/install/mavros_msgs/include/mavros_msgs/mavros_msgs/msg/detail/onboard_computer_status__rosidl_typesupport_introspection_cpp.hpp
[2.137s] -- Up-to-date symlink: /home/nvidia/acfly_ws/install/mavros_msgs/include/mavros_msgs/mavros_msgs/msg/detail/open_drone_id_basic_id__rosidl_typesupport_introspection_cpp.hpp
[2.137s] -- Up-to-date symlink: /home/nvidia/acfly_ws/install/mavros_msgs/include/mavros_msgs/mavros_msgs/msg/detail/open_drone_id_operator_id__rosidl_typesupport_introspection_cpp.hpp
[2.137s] -- Up-to-date symlink: /home/nvidia/acfly_ws/install/mavros_msgs/include/mavros_msgs/mavros_msgs/msg/detail/open_drone_id_self_id__rosidl_typesupport_introspection_cpp.hpp
[2.137s] -- Up-to-date symlink: /home/nvidia/acfly_ws/install/mavros_msgs/include/mavros_msgs/mavros_msgs/msg/detail/open_drone_id_system__rosidl_typesupport_introspection_cpp.hpp
[2.137s] -- Up-to-date symlink: /home/nvidia/acfly_ws/install/mavros_msgs/include/mavros_msgs/mavros_msgs/msg/detail/open_drone_id_system_update__rosidl_typesupport_introspection_cpp.hpp
[2.138s] -- Up-to-date symlink: /home/nvidia/acfly_ws/install/mavros_msgs/include/mavros_msgs/mavros_msgs/msg/detail/optical_flow__rosidl_typesupport_introspection_cpp.hpp
[2.138s] -- Up-to-date symlink: /home/nvidia/acfly_ws/install/mavros_msgs/include/mavros_msgs/mavros_msgs/msg/detail/optical_flow_rad__rosidl_typesupport_introspection_cpp.hpp
[2.138s] -- Up-to-date symlink: /home/nvidia/acfly_ws/install/mavros_msgs/include/mavros_msgs/mavros_msgs/msg/detail/override_rc_in__rosidl_typesupport_introspection_cpp.hpp
[2.138s] -- Up-to-date symlink: /home/nvidia/acfly_ws/install/mavros_msgs/include/mavros_msgs/mavros_msgs/msg/detail/param__rosidl_typesupport_introspection_cpp.hpp
[2.138s] -- Up-to-date symlink: /home/nvidia/acfly_ws/install/mavros_msgs/include/mavros_msgs/mavros_msgs/msg/detail/param_event__rosidl_typesupport_introspection_cpp.hpp
[2.138s] -- Up-to-date symlink: /home/nvidia/acfly_ws/install/mavros_msgs/include/mavros_msgs/mavros_msgs/msg/detail/param_value__rosidl_typesupport_introspection_cpp.hpp
[2.139s] -- Up-to-date symlink: /home/nvidia/acfly_ws/install/mavros_msgs/include/mavros_msgs/mavros_msgs/msg/detail/play_tune_v2__rosidl_typesupport_introspection_cpp.hpp
[2.139s] -- Up-to-date symlink: /home/nvidia/acfly_ws/install/mavros_msgs/include/mavros_msgs/mavros_msgs/msg/detail/position_target__rosidl_typesupport_introspection_cpp.hpp
[2.139s] -- Up-to-date symlink: /home/nvidia/acfly_ws/install/mavros_msgs/include/mavros_msgs/mavros_msgs/msg/detail/radio_status__rosidl_typesupport_introspection_cpp.hpp
[2.139s] -- Up-to-date symlink: /home/nvidia/acfly_ws/install/mavros_msgs/include/mavros_msgs/mavros_msgs/msg/detail/rc_in__rosidl_typesupport_introspection_cpp.hpp
[2.139s] -- Up-to-date symlink: /home/nvidia/acfly_ws/install/mavros_msgs/include/mavros_msgs/mavros_msgs/msg/detail/rc_out__rosidl_typesupport_introspection_cpp.hpp
[2.139s] -- Up-to-date symlink: /home/nvidia/acfly_ws/install/mavros_msgs/include/mavros_msgs/mavros_msgs/msg/detail/rtcm__rosidl_typesupport_introspection_cpp.hpp
[2.139s] -- Up-to-date symlink: /home/nvidia/acfly_ws/install/mavros_msgs/include/mavros_msgs/mavros_msgs/msg/detail/rtk_baseline__rosidl_typesupport_introspection_cpp.hpp
[2.140s] -- Up-to-date symlink: /home/nvidia/acfly_ws/install/mavros_msgs/include/mavros_msgs/mavros_msgs/msg/detail/state__rosidl_typesupport_introspection_cpp.hpp
[2.140s] -- Up-to-date symlink: /home/nvidia/acfly_ws/install/mavros_msgs/include/mavros_msgs/mavros_msgs/msg/detail/status_event__rosidl_typesupport_introspection_cpp.hpp
[2.140s] -- Up-to-date symlink: /home/nvidia/acfly_ws/install/mavros_msgs/include/mavros_msgs/mavros_msgs/msg/detail/status_text__rosidl_typesupport_introspection_cpp.hpp
[2.140s] -- Up-to-date symlink: /home/nvidia/acfly_ws/install/mavros_msgs/include/mavros_msgs/mavros_msgs/msg/detail/sys_status__rosidl_typesupport_introspection_cpp.hpp
[2.140s] -- Up-to-date symlink: /home/nvidia/acfly_ws/install/mavros_msgs/include/mavros_msgs/mavros_msgs/msg/detail/terrain_report__rosidl_typesupport_introspection_cpp.hpp
[2.140s] -- Up-to-date symlink: /home/nvidia/acfly_ws/install/mavros_msgs/include/mavros_msgs/mavros_msgs/msg/detail/thrust__rosidl_typesupport_introspection_cpp.hpp
[2.141s] -- Up-to-date symlink: /home/nvidia/acfly_ws/install/mavros_msgs/include/mavros_msgs/mavros_msgs/msg/detail/timesync_status__rosidl_typesupport_introspection_cpp.hpp
[2.141s] -- Up-to-date symlink: /home/nvidia/acfly_ws/install/mavros_msgs/include/mavros_msgs/mavros_msgs/msg/detail/trajectory__rosidl_typesupport_introspection_cpp.hpp
[2.141s] -- Up-to-date symlink: /home/nvidia/acfly_ws/install/mavros_msgs/include/mavros_msgs/mavros_msgs/msg/detail/tunnel__rosidl_typesupport_introspection_cpp.hpp
[2.141s] -- Up-to-date symlink: /home/nvidia/acfly_ws/install/mavros_msgs/include/mavros_msgs/mavros_msgs/msg/detail/vehicle_info__rosidl_typesupport_introspection_cpp.hpp
[2.141s] -- Up-to-date symlink: /home/nvidia/acfly_ws/install/mavros_msgs/include/mavros_msgs/mavros_msgs/msg/detail/vfr_hud__rosidl_typesupport_introspection_cpp.hpp
[2.141s] -- Up-to-date symlink: /home/nvidia/acfly_ws/install/mavros_msgs/include/mavros_msgs/mavros_msgs/msg/detail/vibration__rosidl_typesupport_introspection_cpp.hpp
[2.141s] -- Up-to-date symlink: /home/nvidia/acfly_ws/install/mavros_msgs/include/mavros_msgs/mavros_msgs/msg/detail/waypoint__rosidl_typesupport_introspection_cpp.hpp
[2.142s] -- Up-to-date symlink: /home/nvidia/acfly_ws/install/mavros_msgs/include/mavros_msgs/mavros_msgs/msg/detail/waypoint_list__rosidl_typesupport_introspection_cpp.hpp
[2.142s] -- Up-to-date symlink: /home/nvidia/acfly_ws/install/mavros_msgs/include/mavros_msgs/mavros_msgs/msg/detail/waypoint_reached__rosidl_typesupport_introspection_cpp.hpp
[2.142s] -- Up-to-date symlink: /home/nvidia/acfly_ws/install/mavros_msgs/include/mavros_msgs/mavros_msgs/msg/detail/wheel_odom_stamped__rosidl_typesupport_introspection_cpp.hpp
[2.142s] -- Up-to-date symlink: /home/nvidia/acfly_ws/install/mavros_msgs/include/mavros_msgs/mavros_msgs/srv/detail/command_ack__rosidl_typesupport_introspection_cpp.hpp
[2.142s] -- Up-to-date symlink: /home/nvidia/acfly_ws/install/mavros_msgs/include/mavros_msgs/mavros_msgs/srv/detail/command_bool__rosidl_typesupport_introspection_cpp.hpp
[2.142s] -- Up-to-date symlink: /home/nvidia/acfly_ws/install/mavros_msgs/include/mavros_msgs/mavros_msgs/srv/detail/command_home__rosidl_typesupport_introspection_cpp.hpp
[2.143s] -- Up-to-date symlink: /home/nvidia/acfly_ws/install/mavros_msgs/include/mavros_msgs/mavros_msgs/srv/detail/command_int__rosidl_typesupport_introspection_cpp.hpp
[2.143s] -- Up-to-date symlink: /home/nvidia/acfly_ws/install/mavros_msgs/include/mavros_msgs/mavros_msgs/srv/detail/command_long__rosidl_typesupport_introspection_cpp.hpp
[2.143s] -- Up-to-date symlink: /home/nvidia/acfly_ws/install/mavros_msgs/include/mavros_msgs/mavros_msgs/srv/detail/command_tol__rosidl_typesupport_introspection_cpp.hpp
[2.143s] -- Up-to-date symlink: /home/nvidia/acfly_ws/install/mavros_msgs/include/mavros_msgs/mavros_msgs/srv/detail/command_tol_local__rosidl_typesupport_introspection_cpp.hpp
[2.143s] -- Up-to-date symlink: /home/nvidia/acfly_ws/install/mavros_msgs/include/mavros_msgs/mavros_msgs/srv/detail/command_trigger_control__rosidl_typesupport_introspection_cpp.hpp
[2.143s] -- Up-to-date symlink: /home/nvidia/acfly_ws/install/mavros_msgs/include/mavros_msgs/mavros_msgs/srv/detail/command_trigger_interval__rosidl_typesupport_introspection_cpp.hpp
[2.144s] -- Up-to-date symlink: /home/nvidia/acfly_ws/install/mavros_msgs/include/mavros_msgs/mavros_msgs/srv/detail/command_vtol_transition__rosidl_typesupport_introspection_cpp.hpp
[2.144s] -- Up-to-date symlink: /home/nvidia/acfly_ws/install/mavros_msgs/include/mavros_msgs/mavros_msgs/srv/detail/endpoint_add__rosidl_typesupport_introspection_cpp.hpp
[2.144s] -- Up-to-date symlink: /home/nvidia/acfly_ws/install/mavros_msgs/include/mavros_msgs/mavros_msgs/srv/detail/endpoint_del__rosidl_typesupport_introspection_cpp.hpp
[2.144s] -- Up-to-date symlink: /home/nvidia/acfly_ws/install/mavros_msgs/include/mavros_msgs/mavros_msgs/srv/detail/file_checksum__rosidl_typesupport_introspection_cpp.hpp
[2.144s] -- Up-to-date symlink: /home/nvidia/acfly_ws/install/mavros_msgs/include/mavros_msgs/mavros_msgs/srv/detail/file_close__rosidl_typesupport_introspection_cpp.hpp
[2.144s] -- Up-to-date symlink: /home/nvidia/acfly_ws/install/mavros_msgs/include/mavros_msgs/mavros_msgs/srv/detail/file_list__rosidl_typesupport_introspection_cpp.hpp
[2.144s] -- Up-to-date symlink: /home/nvidia/acfly_ws/install/mavros_msgs/include/mavros_msgs/mavros_msgs/srv/detail/file_make_dir__rosidl_typesupport_introspection_cpp.hpp
[2.145s] -- Up-to-date symlink: /home/nvidia/acfly_ws/install/mavros_msgs/include/mavros_msgs/mavros_msgs/srv/detail/file_open__rosidl_typesupport_introspection_cpp.hpp
[2.145s] -- Up-to-date symlink: /home/nvidia/acfly_ws/install/mavros_msgs/include/mavros_msgs/mavros_msgs/srv/detail/file_read__rosidl_typesupport_introspection_cpp.hpp
[2.145s] -- Up-to-date symlink: /home/nvidia/acfly_ws/install/mavros_msgs/include/mavros_msgs/mavros_msgs/srv/detail/file_remove__rosidl_typesupport_introspection_cpp.hpp
[2.145s] -- Up-to-date symlink: /home/nvidia/acfly_ws/install/mavros_msgs/include/mavros_msgs/mavros_msgs/srv/detail/file_remove_dir__rosidl_typesupport_introspection_cpp.hpp
[2.145s] -- Up-to-date symlink: /home/nvidia/acfly_ws/install/mavros_msgs/include/mavros_msgs/mavros_msgs/srv/detail/file_rename__rosidl_typesupport_introspection_cpp.hpp
[2.145s] -- Up-to-date symlink: /home/nvidia/acfly_ws/install/mavros_msgs/include/mavros_msgs/mavros_msgs/srv/detail/file_truncate__rosidl_typesupport_introspection_cpp.hpp
[2.146s] -- Up-to-date symlink: /home/nvidia/acfly_ws/install/mavros_msgs/include/mavros_msgs/mavros_msgs/srv/detail/file_write__rosidl_typesupport_introspection_cpp.hpp
[2.146s] -- Up-to-date symlink: /home/nvidia/acfly_ws/install/mavros_msgs/include/mavros_msgs/mavros_msgs/srv/detail/gimbal_get_information__rosidl_typesupport_introspection_cpp.hpp
[2.146s] -- Up-to-date symlink: /home/nvidia/acfly_ws/install/mavros_msgs/include/mavros_msgs/mavros_msgs/srv/detail/gimbal_manager_camera_track__rosidl_typesupport_introspection_cpp.hpp
[2.146s] -- Up-to-date symlink: /home/nvidia/acfly_ws/install/mavros_msgs/include/mavros_msgs/mavros_msgs/srv/detail/gimbal_manager_configure__rosidl_typesupport_introspection_cpp.hpp
[2.146s] -- Up-to-date symlink: /home/nvidia/acfly_ws/install/mavros_msgs/include/mavros_msgs/mavros_msgs/srv/detail/gimbal_manager_pitchyaw__rosidl_typesupport_introspection_cpp.hpp
[2.146s] -- Up-to-date symlink: /home/nvidia/acfly_ws/install/mavros_msgs/include/mavros_msgs/mavros_msgs/srv/detail/gimbal_manager_set_roi__rosidl_typesupport_introspection_cpp.hpp
[2.146s] -- Up-to-date symlink: /home/nvidia/acfly_ws/install/mavros_msgs/include/mavros_msgs/mavros_msgs/srv/detail/log_request_data__rosidl_typesupport_introspection_cpp.hpp
[2.147s] -- Up-to-date symlink: /home/nvidia/acfly_ws/install/mavros_msgs/include/mavros_msgs/mavros_msgs/srv/detail/log_request_end__rosidl_typesupport_introspection_cpp.hpp
[2.147s] -- Up-to-date symlink: /home/nvidia/acfly_ws/install/mavros_msgs/include/mavros_msgs/mavros_msgs/srv/detail/log_request_list__rosidl_typesupport_introspection_cpp.hpp
[2.147s] -- Up-to-date symlink: /home/nvidia/acfly_ws/install/mavros_msgs/include/mavros_msgs/mavros_msgs/srv/detail/message_interval__rosidl_typesupport_introspection_cpp.hpp
[2.147s] -- Up-to-date symlink: /home/nvidia/acfly_ws/install/mavros_msgs/include/mavros_msgs/mavros_msgs/srv/detail/mount_configure__rosidl_typesupport_introspection_cpp.hpp
[2.147s] -- Up-to-date symlink: /home/nvidia/acfly_ws/install/mavros_msgs/include/mavros_msgs/mavros_msgs/srv/detail/param_get__rosidl_typesupport_introspection_cpp.hpp
[2.147s] -- Up-to-date symlink: /home/nvidia/acfly_ws/install/mavros_msgs/include/mavros_msgs/mavros_msgs/srv/detail/param_pull__rosidl_typesupport_introspection_cpp.hpp
[2.148s] -- Up-to-date symlink: /home/nvidia/acfly_ws/install/mavros_msgs/include/mavros_msgs/mavros_msgs/srv/detail/param_push__rosidl_typesupport_introspection_cpp.hpp
[2.148s] -- Up-to-date symlink: /home/nvidia/acfly_ws/install/mavros_msgs/include/mavros_msgs/mavros_msgs/srv/detail/param_set__rosidl_typesupport_introspection_cpp.hpp
[2.148s] -- Up-to-date symlink: /home/nvidia/acfly_ws/install/mavros_msgs/include/mavros_msgs/mavros_msgs/srv/detail/param_set_v2__rosidl_typesupport_introspection_cpp.hpp
[2.148s] -- Up-to-date symlink: /home/nvidia/acfly_ws/install/mavros_msgs/include/mavros_msgs/mavros_msgs/srv/detail/set_mav_frame__rosidl_typesupport_introspection_cpp.hpp
[2.148s] -- Up-to-date symlink: /home/nvidia/acfly_ws/install/mavros_msgs/include/mavros_msgs/mavros_msgs/srv/detail/set_mode__rosidl_typesupport_introspection_cpp.hpp
[2.148s] -- Up-to-date symlink: /home/nvidia/acfly_ws/install/mavros_msgs/include/mavros_msgs/mavros_msgs/srv/detail/stream_rate__rosidl_typesupport_introspection_cpp.hpp
[2.149s] -- Up-to-date symlink: /home/nvidia/acfly_ws/install/mavros_msgs/include/mavros_msgs/mavros_msgs/srv/detail/vehicle_info_get__rosidl_typesupport_introspection_cpp.hpp
[2.149s] -- Up-to-date symlink: /home/nvidia/acfly_ws/install/mavros_msgs/include/mavros_msgs/mavros_msgs/srv/detail/waypoint_clear__rosidl_typesupport_introspection_cpp.hpp
[2.149s] -- Up-to-date symlink: /home/nvidia/acfly_ws/install/mavros_msgs/include/mavros_msgs/mavros_msgs/srv/detail/waypoint_pull__rosidl_typesupport_introspection_cpp.hpp
[2.149s] -- Up-to-date symlink: /home/nvidia/acfly_ws/install/mavros_msgs/include/mavros_msgs/mavros_msgs/srv/detail/waypoint_push__rosidl_typesupport_introspection_cpp.hpp
[2.149s] -- Up-to-date symlink: /home/nvidia/acfly_ws/install/mavros_msgs/include/mavros_msgs/mavros_msgs/srv/detail/waypoint_set_current__rosidl_typesupport_introspection_cpp.hpp
[2.149s] -- Up-to-date symlink: /home/nvidia/acfly_ws/install/mavros_msgs/share/mavros_msgs/environment/pythonpath.sh
[2.150s] -- Up-to-date symlink: /home/nvidia/acfly_ws/install/mavros_msgs/share/mavros_msgs/environment/pythonpath.dsv
[2.150s] -- Up-to-date symlink: /home/nvidia/acfly_ws/install/mavros_msgs/local/lib/python3.10/dist-packages/mavros_msgs-2.12.0-py3.10.egg-info/PKG-INFO
[2.150s] -- Up-to-date symlink: /home/nvidia/acfly_ws/install/mavros_msgs/local/lib/python3.10/dist-packages/mavros_msgs-2.12.0-py3.10.egg-info/SOURCES.txt
[2.151s] -- Up-to-date symlink: /home/nvidia/acfly_ws/install/mavros_msgs/local/lib/python3.10/dist-packages/mavros_msgs-2.12.0-py3.10.egg-info/dependency_links.txt
[2.151s] -- Up-to-date symlink: /home/nvidia/acfly_ws/install/mavros_msgs/local/lib/python3.10/dist-packages/mavros_msgs-2.12.0-py3.10.egg-info/top_level.txt
[2.156s] -- Up-to-date symlink: /home/nvidia/acfly_ws/install/mavros_msgs/local/lib/python3.10/dist-packages/mavros_msgs/__init__.py
[2.156s] -- Up-to-date symlink: /home/nvidia/acfly_ws/install/mavros_msgs/local/lib/python3.10/dist-packages/mavros_msgs/_mavros_msgs_s.ep.rosidl_typesupport_c.c
[2.157s] -- Up-to-date symlink: /home/nvidia/acfly_ws/install/mavros_msgs/local/lib/python3.10/dist-packages/mavros_msgs/_mavros_msgs_s.ep.rosidl_typesupport_fastrtps_c.c
[2.157s] -- Up-to-date symlink: /home/nvidia/acfly_ws/install/mavros_msgs/local/lib/python3.10/dist-packages/mavros_msgs/_mavros_msgs_s.ep.rosidl_typesupport_introspection_c.c
[2.157s] -- Up-to-date symlink: /home/nvidia/acfly_ws/install/mavros_msgs/local/lib/python3.10/dist-packages/mavros_msgs/libmavros_msgs__rosidl_generator_py.so
[2.157s] -- Up-to-date symlink: /home/nvidia/acfly_ws/install/mavros_msgs/local/lib/python3.10/dist-packages/mavros_msgs/mavros_msgs_s__rosidl_typesupport_c.cpython-310-aarch64-linux-gnu.so
[2.157s] -- Up-to-date symlink: /home/nvidia/acfly_ws/install/mavros_msgs/local/lib/python3.10/dist-packages/mavros_msgs/mavros_msgs_s__rosidl_typesupport_fastrtps_c.cpython-310-aarch64-linux-gnu.so
[2.157s] -- Up-to-date symlink: /home/nvidia/acfly_ws/install/mavros_msgs/local/lib/python3.10/dist-packages/mavros_msgs/mavros_msgs_s__rosidl_typesupport_introspection_c.cpython-310-aarch64-linux-gnu.so
[2.158s] -- Up-to-date symlink: /home/nvidia/acfly_ws/install/mavros_msgs/local/lib/python3.10/dist-packages/mavros_msgs/msg/__init__.py
[2.158s] -- Up-to-date symlink: /home/nvidia/acfly_ws/install/mavros_msgs/local/lib/python3.10/dist-packages/mavros_msgs/msg/_actuator_control.py
[2.158s] -- Up-to-date symlink: /home/nvidia/acfly_ws/install/mavros_msgs/local/lib/python3.10/dist-packages/mavros_msgs/msg/_actuator_control_s.c
[2.158s] -- Up-to-date symlink: /home/nvidia/acfly_ws/install/mavros_msgs/local/lib/python3.10/dist-packages/mavros_msgs/msg/_adsb_vehicle.py
[2.158s] -- Up-to-date symlink: /home/nvidia/acfly_ws/install/mavros_msgs/local/lib/python3.10/dist-packages/mavros_msgs/msg/_adsb_vehicle_s.c
[2.158s] -- Up-to-date symlink: /home/nvidia/acfly_ws/install/mavros_msgs/local/lib/python3.10/dist-packages/mavros_msgs/msg/_altitude.py
[2.158s] -- Up-to-date symlink: /home/nvidia/acfly_ws/install/mavros_msgs/local/lib/python3.10/dist-packages/mavros_msgs/msg/_altitude_s.c
[2.159s] -- Up-to-date symlink: /home/nvidia/acfly_ws/install/mavros_msgs/local/lib/python3.10/dist-packages/mavros_msgs/msg/_attitude_target.py
[2.159s] -- Up-to-date symlink: /home/nvidia/acfly_ws/install/mavros_msgs/local/lib/python3.10/dist-packages/mavros_msgs/msg/_attitude_target_s.c
[2.159s] -- Up-to-date symlink: /home/nvidia/acfly_ws/install/mavros_msgs/local/lib/python3.10/dist-packages/mavros_msgs/msg/_cam_imu_stamp.py
[2.159s] -- Up-to-date symlink: /home/nvidia/acfly_ws/install/mavros_msgs/local/lib/python3.10/dist-packages/mavros_msgs/msg/_cam_imu_stamp_s.c
[2.159s] -- Up-to-date symlink: /home/nvidia/acfly_ws/install/mavros_msgs/local/lib/python3.10/dist-packages/mavros_msgs/msg/_camera_image_captured.py
[2.159s] -- Up-to-date symlink: /home/nvidia/acfly_ws/install/mavros_msgs/local/lib/python3.10/dist-packages/mavros_msgs/msg/_camera_image_captured_s.c
[2.160s] -- Up-to-date symlink: /home/nvidia/acfly_ws/install/mavros_msgs/local/lib/python3.10/dist-packages/mavros_msgs/msg/_cellular_status.py
[2.160s] -- Up-to-date symlink: /home/nvidia/acfly_ws/install/mavros_msgs/local/lib/python3.10/dist-packages/mavros_msgs/msg/_cellular_status_s.c
[2.160s] -- Up-to-date symlink: /home/nvidia/acfly_ws/install/mavros_msgs/local/lib/python3.10/dist-packages/mavros_msgs/msg/_command_code.py
[2.160s] -- Up-to-date symlink: /home/nvidia/acfly_ws/install/mavros_msgs/local/lib/python3.10/dist-packages/mavros_msgs/msg/_command_code_s.c
[2.160s] -- Up-to-date symlink: /home/nvidia/acfly_ws/install/mavros_msgs/local/lib/python3.10/dist-packages/mavros_msgs/msg/_companion_process_status.py
[2.160s] -- Up-to-date symlink: /home/nvidia/acfly_ws/install/mavros_msgs/local/lib/python3.10/dist-packages/mavros_msgs/msg/_companion_process_status_s.c
[2.160s] -- Up-to-date symlink: /home/nvidia/acfly_ws/install/mavros_msgs/local/lib/python3.10/dist-packages/mavros_msgs/msg/_debug_value.py
[2.161s] -- Up-to-date symlink: /home/nvidia/acfly_ws/install/mavros_msgs/local/lib/python3.10/dist-packages/mavros_msgs/msg/_debug_value_s.c
[2.161s] -- Up-to-date symlink: /home/nvidia/acfly_ws/install/mavros_msgs/local/lib/python3.10/dist-packages/mavros_msgs/msg/_esc_info.py
[2.161s] -- Up-to-date symlink: /home/nvidia/acfly_ws/install/mavros_msgs/local/lib/python3.10/dist-packages/mavros_msgs/msg/_esc_info_item.py
[2.161s] -- Up-to-date symlink: /home/nvidia/acfly_ws/install/mavros_msgs/local/lib/python3.10/dist-packages/mavros_msgs/msg/_esc_info_item_s.c
[2.161s] -- Up-to-date symlink: /home/nvidia/acfly_ws/install/mavros_msgs/local/lib/python3.10/dist-packages/mavros_msgs/msg/_esc_info_s.c
[2.161s] -- Up-to-date symlink: /home/nvidia/acfly_ws/install/mavros_msgs/local/lib/python3.10/dist-packages/mavros_msgs/msg/_esc_status.py
[2.162s] -- Up-to-date symlink: /home/nvidia/acfly_ws/install/mavros_msgs/local/lib/python3.10/dist-packages/mavros_msgs/msg/_esc_status_item.py
[2.162s] -- Up-to-date symlink: /home/nvidia/acfly_ws/install/mavros_msgs/local/lib/python3.10/dist-packages/mavros_msgs/msg/_esc_status_item_s.c
[2.162s] -- Up-to-date symlink: /home/nvidia/acfly_ws/install/mavros_msgs/local/lib/python3.10/dist-packages/mavros_msgs/msg/_esc_status_s.c
[2.162s] -- Up-to-date symlink: /home/nvidia/acfly_ws/install/mavros_msgs/local/lib/python3.10/dist-packages/mavros_msgs/msg/_esc_telemetry.py
[2.162s] -- Up-to-date symlink: /home/nvidia/acfly_ws/install/mavros_msgs/local/lib/python3.10/dist-packages/mavros_msgs/msg/_esc_telemetry_item.py
[2.162s] -- Up-to-date symlink: /home/nvidia/acfly_ws/install/mavros_msgs/local/lib/python3.10/dist-packages/mavros_msgs/msg/_esc_telemetry_item_s.c
[2.162s] -- Up-to-date symlink: /home/nvidia/acfly_ws/install/mavros_msgs/local/lib/python3.10/dist-packages/mavros_msgs/msg/_esc_telemetry_s.c
[2.163s] -- Up-to-date symlink: /home/nvidia/acfly_ws/install/mavros_msgs/local/lib/python3.10/dist-packages/mavros_msgs/msg/_estimator_status.py
[2.163s] -- Up-to-date symlink: /home/nvidia/acfly_ws/install/mavros_msgs/local/lib/python3.10/dist-packages/mavros_msgs/msg/_estimator_status_s.c
[2.163s] -- Up-to-date symlink: /home/nvidia/acfly_ws/install/mavros_msgs/local/lib/python3.10/dist-packages/mavros_msgs/msg/_extended_state.py
[2.163s] -- Up-to-date symlink: /home/nvidia/acfly_ws/install/mavros_msgs/local/lib/python3.10/dist-packages/mavros_msgs/msg/_extended_state_s.c
[2.163s] -- Up-to-date symlink: /home/nvidia/acfly_ws/install/mavros_msgs/local/lib/python3.10/dist-packages/mavros_msgs/msg/_file_entry.py
[2.163s] -- Up-to-date symlink: /home/nvidia/acfly_ws/install/mavros_msgs/local/lib/python3.10/dist-packages/mavros_msgs/msg/_file_entry_s.c
[2.164s] -- Up-to-date symlink: /home/nvidia/acfly_ws/install/mavros_msgs/local/lib/python3.10/dist-packages/mavros_msgs/msg/_gimbal_device_attitude_status.py
[2.164s] -- Up-to-date symlink: /home/nvidia/acfly_ws/install/mavros_msgs/local/lib/python3.10/dist-packages/mavros_msgs/msg/_gimbal_device_attitude_status_s.c
[2.164s] -- Up-to-date symlink: /home/nvidia/acfly_ws/install/mavros_msgs/local/lib/python3.10/dist-packages/mavros_msgs/msg/_gimbal_device_information.py
[2.164s] -- Up-to-date symlink: /home/nvidia/acfly_ws/install/mavros_msgs/local/lib/python3.10/dist-packages/mavros_msgs/msg/_gimbal_device_information_s.c
[2.164s] -- Up-to-date symlink: /home/nvidia/acfly_ws/install/mavros_msgs/local/lib/python3.10/dist-packages/mavros_msgs/msg/_gimbal_device_set_attitude.py
[2.164s] -- Up-to-date symlink: /home/nvidia/acfly_ws/install/mavros_msgs/local/lib/python3.10/dist-packages/mavros_msgs/msg/_gimbal_device_set_attitude_s.c
[2.164s] -- Up-to-date symlink: /home/nvidia/acfly_ws/install/mavros_msgs/local/lib/python3.10/dist-packages/mavros_msgs/msg/_gimbal_manager_information.py
[2.165s] -- Up-to-date symlink: /home/nvidia/acfly_ws/install/mavros_msgs/local/lib/python3.10/dist-packages/mavros_msgs/msg/_gimbal_manager_information_s.c
[2.165s] -- Up-to-date symlink: /home/nvidia/acfly_ws/install/mavros_msgs/local/lib/python3.10/dist-packages/mavros_msgs/msg/_gimbal_manager_set_attitude.py
[2.165s] -- Up-to-date symlink: /home/nvidia/acfly_ws/install/mavros_msgs/local/lib/python3.10/dist-packages/mavros_msgs/msg/_gimbal_manager_set_attitude_s.c
[2.165s] -- Up-to-date symlink: /home/nvidia/acfly_ws/install/mavros_msgs/local/lib/python3.10/dist-packages/mavros_msgs/msg/_gimbal_manager_set_pitchyaw.py
[2.165s] -- Up-to-date symlink: /home/nvidia/acfly_ws/install/mavros_msgs/local/lib/python3.10/dist-packages/mavros_msgs/msg/_gimbal_manager_set_pitchyaw_s.c
[2.165s] -- Up-to-date symlink: /home/nvidia/acfly_ws/install/mavros_msgs/local/lib/python3.10/dist-packages/mavros_msgs/msg/_gimbal_manager_status.py
[2.166s] -- Up-to-date symlink: /home/nvidia/acfly_ws/install/mavros_msgs/local/lib/python3.10/dist-packages/mavros_msgs/msg/_gimbal_manager_status_s.c
[2.166s] -- Up-to-date symlink: /home/nvidia/acfly_ws/install/mavros_msgs/local/lib/python3.10/dist-packages/mavros_msgs/msg/_global_position_target.py
[2.166s] -- Up-to-date symlink: /home/nvidia/acfly_ws/install/mavros_msgs/local/lib/python3.10/dist-packages/mavros_msgs/msg/_global_position_target_s.c
[2.166s] -- Up-to-date symlink: /home/nvidia/acfly_ws/install/mavros_msgs/local/lib/python3.10/dist-packages/mavros_msgs/msg/_gpsinput.py
[2.166s] -- Up-to-date symlink: /home/nvidia/acfly_ws/install/mavros_msgs/local/lib/python3.10/dist-packages/mavros_msgs/msg/_gpsinput_s.c
[2.166s] -- Up-to-date symlink: /home/nvidia/acfly_ws/install/mavros_msgs/local/lib/python3.10/dist-packages/mavros_msgs/msg/_gpsraw.py
[2.166s] -- Up-to-date symlink: /home/nvidia/acfly_ws/install/mavros_msgs/local/lib/python3.10/dist-packages/mavros_msgs/msg/_gpsraw_s.c
[2.167s] -- Up-to-date symlink: /home/nvidia/acfly_ws/install/mavros_msgs/local/lib/python3.10/dist-packages/mavros_msgs/msg/_gpsrtk.py
[2.167s] -- Up-to-date symlink: /home/nvidia/acfly_ws/install/mavros_msgs/local/lib/python3.10/dist-packages/mavros_msgs/msg/_gpsrtk_s.c
[2.167s] -- Up-to-date symlink: /home/nvidia/acfly_ws/install/mavros_msgs/local/lib/python3.10/dist-packages/mavros_msgs/msg/_hil_actuator_controls.py
[2.167s] -- Up-to-date symlink: /home/nvidia/acfly_ws/install/mavros_msgs/local/lib/python3.10/dist-packages/mavros_msgs/msg/_hil_actuator_controls_s.c
[2.167s] -- Up-to-date symlink: /home/nvidia/acfly_ws/install/mavros_msgs/local/lib/python3.10/dist-packages/mavros_msgs/msg/_hil_controls.py
[2.167s] -- Up-to-date symlink: /home/nvidia/acfly_ws/install/mavros_msgs/local/lib/python3.10/dist-packages/mavros_msgs/msg/_hil_controls_s.c
[2.167s] -- Up-to-date symlink: /home/nvidia/acfly_ws/install/mavros_msgs/local/lib/python3.10/dist-packages/mavros_msgs/msg/_hil_gps.py
[2.168s] -- Up-to-date symlink: /home/nvidia/acfly_ws/install/mavros_msgs/local/lib/python3.10/dist-packages/mavros_msgs/msg/_hil_gps_s.c
[2.168s] -- Up-to-date symlink: /home/nvidia/acfly_ws/install/mavros_msgs/local/lib/python3.10/dist-packages/mavros_msgs/msg/_hil_sensor.py
[2.168s] -- Up-to-date symlink: /home/nvidia/acfly_ws/install/mavros_msgs/local/lib/python3.10/dist-packages/mavros_msgs/msg/_hil_sensor_s.c
[2.168s] -- Up-to-date symlink: /home/nvidia/acfly_ws/install/mavros_msgs/local/lib/python3.10/dist-packages/mavros_msgs/msg/_hil_state_quaternion.py
[2.168s] -- Up-to-date symlink: /home/nvidia/acfly_ws/install/mavros_msgs/local/lib/python3.10/dist-packages/mavros_msgs/msg/_hil_state_quaternion_s.c
[2.168s] -- Up-to-date symlink: /home/nvidia/acfly_ws/install/mavros_msgs/local/lib/python3.10/dist-packages/mavros_msgs/msg/_home_position.py
[2.169s] -- Up-to-date symlink: /home/nvidia/acfly_ws/install/mavros_msgs/local/lib/python3.10/dist-packages/mavros_msgs/msg/_home_position_s.c
[2.169s] -- Up-to-date symlink: /home/nvidia/acfly_ws/install/mavros_msgs/local/lib/python3.10/dist-packages/mavros_msgs/msg/_landing_target.py
[2.169s] -- Up-to-date symlink: /home/nvidia/acfly_ws/install/mavros_msgs/local/lib/python3.10/dist-packages/mavros_msgs/msg/_landing_target_s.c
[2.169s] -- Up-to-date symlink: /home/nvidia/acfly_ws/install/mavros_msgs/local/lib/python3.10/dist-packages/mavros_msgs/msg/_log_data.py
[2.169s] -- Up-to-date symlink: /home/nvidia/acfly_ws/install/mavros_msgs/local/lib/python3.10/dist-packages/mavros_msgs/msg/_log_data_s.c
[2.169s] -- Up-to-date symlink: /home/nvidia/acfly_ws/install/mavros_msgs/local/lib/python3.10/dist-packages/mavros_msgs/msg/_log_entry.py
[2.169s] -- Up-to-date symlink: /home/nvidia/acfly_ws/install/mavros_msgs/local/lib/python3.10/dist-packages/mavros_msgs/msg/_log_entry_s.c
[2.170s] -- Up-to-date symlink: /home/nvidia/acfly_ws/install/mavros_msgs/local/lib/python3.10/dist-packages/mavros_msgs/msg/_magnetometer_reporter.py
[2.170s] -- Up-to-date symlink: /home/nvidia/acfly_ws/install/mavros_msgs/local/lib/python3.10/dist-packages/mavros_msgs/msg/_magnetometer_reporter_s.c
[2.170s] -- Up-to-date symlink: /home/nvidia/acfly_ws/install/mavros_msgs/local/lib/python3.10/dist-packages/mavros_msgs/msg/_manual_control.py
[2.170s] -- Up-to-date symlink: /home/nvidia/acfly_ws/install/mavros_msgs/local/lib/python3.10/dist-packages/mavros_msgs/msg/_manual_control_s.c
[2.170s] -- Up-to-date symlink: /home/nvidia/acfly_ws/install/mavros_msgs/local/lib/python3.10/dist-packages/mavros_msgs/msg/_mavlink.py
[2.170s] -- Up-to-date symlink: /home/nvidia/acfly_ws/install/mavros_msgs/local/lib/python3.10/dist-packages/mavros_msgs/msg/_mavlink_s.c
[2.171s] -- Up-to-date symlink: /home/nvidia/acfly_ws/install/mavros_msgs/local/lib/python3.10/dist-packages/mavros_msgs/msg/_mount_control.py
[2.171s] -- Up-to-date symlink: /home/nvidia/acfly_ws/install/mavros_msgs/local/lib/python3.10/dist-packages/mavros_msgs/msg/_mount_control_s.c
[2.171s] -- Up-to-date symlink: /home/nvidia/acfly_ws/install/mavros_msgs/local/lib/python3.10/dist-packages/mavros_msgs/msg/_nav_controller_output.py
[2.171s] -- Up-to-date symlink: /home/nvidia/acfly_ws/install/mavros_msgs/local/lib/python3.10/dist-packages/mavros_msgs/msg/_nav_controller_output_s.c
[2.171s] -- Up-to-date symlink: /home/nvidia/acfly_ws/install/mavros_msgs/local/lib/python3.10/dist-packages/mavros_msgs/msg/_onboard_computer_status.py
[2.171s] -- Up-to-date symlink: /home/nvidia/acfly_ws/install/mavros_msgs/local/lib/python3.10/dist-packages/mavros_msgs/msg/_onboard_computer_status_s.c
[2.171s] -- Up-to-date symlink: /home/nvidia/acfly_ws/install/mavros_msgs/local/lib/python3.10/dist-packages/mavros_msgs/msg/_open_drone_id_basic_id.py
[2.172s] -- Up-to-date symlink: /home/nvidia/acfly_ws/install/mavros_msgs/local/lib/python3.10/dist-packages/mavros_msgs/msg/_open_drone_id_basic_id_s.c
[2.172s] -- Up-to-date symlink: /home/nvidia/acfly_ws/install/mavros_msgs/local/lib/python3.10/dist-packages/mavros_msgs/msg/_open_drone_id_operator_id.py
[2.172s] -- Up-to-date symlink: /home/nvidia/acfly_ws/install/mavros_msgs/local/lib/python3.10/dist-packages/mavros_msgs/msg/_open_drone_id_operator_id_s.c
[2.172s] -- Up-to-date symlink: /home/nvidia/acfly_ws/install/mavros_msgs/local/lib/python3.10/dist-packages/mavros_msgs/msg/_open_drone_id_self_id.py
[2.172s] -- Up-to-date symlink: /home/nvidia/acfly_ws/install/mavros_msgs/local/lib/python3.10/dist-packages/mavros_msgs/msg/_open_drone_id_self_id_s.c
[2.172s] -- Up-to-date symlink: /home/nvidia/acfly_ws/install/mavros_msgs/local/lib/python3.10/dist-packages/mavros_msgs/msg/_open_drone_id_system.py
[2.173s] -- Up-to-date symlink: /home/nvidia/acfly_ws/install/mavros_msgs/local/lib/python3.10/dist-packages/mavros_msgs/msg/_open_drone_id_system_s.c
[2.173s] -- Up-to-date symlink: /home/nvidia/acfly_ws/install/mavros_msgs/local/lib/python3.10/dist-packages/mavros_msgs/msg/_open_drone_id_system_update.py
[2.173s] -- Up-to-date symlink: /home/nvidia/acfly_ws/install/mavros_msgs/local/lib/python3.10/dist-packages/mavros_msgs/msg/_open_drone_id_system_update_s.c
[2.173s] -- Up-to-date symlink: /home/nvidia/acfly_ws/install/mavros_msgs/local/lib/python3.10/dist-packages/mavros_msgs/msg/_optical_flow.py
[2.173s] -- Up-to-date symlink: /home/nvidia/acfly_ws/install/mavros_msgs/local/lib/python3.10/dist-packages/mavros_msgs/msg/_optical_flow_rad.py
[2.173s] -- Up-to-date symlink: /home/nvidia/acfly_ws/install/mavros_msgs/local/lib/python3.10/dist-packages/mavros_msgs/msg/_optical_flow_rad_s.c
[2.173s] -- Up-to-date symlink: /home/nvidia/acfly_ws/install/mavros_msgs/local/lib/python3.10/dist-packages/mavros_msgs/msg/_optical_flow_s.c
[2.174s] -- Up-to-date symlink: /home/nvidia/acfly_ws/install/mavros_msgs/local/lib/python3.10/dist-packages/mavros_msgs/msg/_override_rc_in.py
[2.174s] -- Up-to-date symlink: /home/nvidia/acfly_ws/install/mavros_msgs/local/lib/python3.10/dist-packages/mavros_msgs/msg/_override_rc_in_s.c
[2.174s] -- Up-to-date symlink: /home/nvidia/acfly_ws/install/mavros_msgs/local/lib/python3.10/dist-packages/mavros_msgs/msg/_param.py
[2.174s] -- Up-to-date symlink: /home/nvidia/acfly_ws/install/mavros_msgs/local/lib/python3.10/dist-packages/mavros_msgs/msg/_param_event.py
[2.174s] -- Up-to-date symlink: /home/nvidia/acfly_ws/install/mavros_msgs/local/lib/python3.10/dist-packages/mavros_msgs/msg/_param_event_s.c
[2.174s] -- Up-to-date symlink: /home/nvidia/acfly_ws/install/mavros_msgs/local/lib/python3.10/dist-packages/mavros_msgs/msg/_param_s.c
[2.174s] -- Up-to-date symlink: /home/nvidia/acfly_ws/install/mavros_msgs/local/lib/python3.10/dist-packages/mavros_msgs/msg/_param_value.py
[2.175s] -- Up-to-date symlink: /home/nvidia/acfly_ws/install/mavros_msgs/local/lib/python3.10/dist-packages/mavros_msgs/msg/_param_value_s.c
[2.175s] -- Up-to-date symlink: /home/nvidia/acfly_ws/install/mavros_msgs/local/lib/python3.10/dist-packages/mavros_msgs/msg/_play_tune_v2.py
[2.175s] -- Up-to-date symlink: /home/nvidia/acfly_ws/install/mavros_msgs/local/lib/python3.10/dist-packages/mavros_msgs/msg/_play_tune_v2_s.c
[2.175s] -- Up-to-date symlink: /home/nvidia/acfly_ws/install/mavros_msgs/local/lib/python3.10/dist-packages/mavros_msgs/msg/_position_target.py
[2.175s] -- Up-to-date symlink: /home/nvidia/acfly_ws/install/mavros_msgs/local/lib/python3.10/dist-packages/mavros_msgs/msg/_position_target_s.c
[2.175s] -- Up-to-date symlink: /home/nvidia/acfly_ws/install/mavros_msgs/local/lib/python3.10/dist-packages/mavros_msgs/msg/_radio_status.py
[2.176s] -- Up-to-date symlink: /home/nvidia/acfly_ws/install/mavros_msgs/local/lib/python3.10/dist-packages/mavros_msgs/msg/_radio_status_s.c
[2.176s] -- Up-to-date symlink: /home/nvidia/acfly_ws/install/mavros_msgs/local/lib/python3.10/dist-packages/mavros_msgs/msg/_rc_in.py
[2.176s] -- Up-to-date symlink: /home/nvidia/acfly_ws/install/mavros_msgs/local/lib/python3.10/dist-packages/mavros_msgs/msg/_rc_in_s.c
[2.176s] -- Up-to-date symlink: /home/nvidia/acfly_ws/install/mavros_msgs/local/lib/python3.10/dist-packages/mavros_msgs/msg/_rc_out.py
[2.176s] -- Up-to-date symlink: /home/nvidia/acfly_ws/install/mavros_msgs/local/lib/python3.10/dist-packages/mavros_msgs/msg/_rc_out_s.c
[2.176s] -- Up-to-date symlink: /home/nvidia/acfly_ws/install/mavros_msgs/local/lib/python3.10/dist-packages/mavros_msgs/msg/_rtcm.py
[2.177s] -- Up-to-date symlink: /home/nvidia/acfly_ws/install/mavros_msgs/local/lib/python3.10/dist-packages/mavros_msgs/msg/_rtcm_s.c
[2.177s] -- Up-to-date symlink: /home/nvidia/acfly_ws/install/mavros_msgs/local/lib/python3.10/dist-packages/mavros_msgs/msg/_rtk_baseline.py
[2.177s] -- Up-to-date symlink: /home/nvidia/acfly_ws/install/mavros_msgs/local/lib/python3.10/dist-packages/mavros_msgs/msg/_rtk_baseline_s.c
[2.177s] -- Up-to-date symlink: /home/nvidia/acfly_ws/install/mavros_msgs/local/lib/python3.10/dist-packages/mavros_msgs/msg/_state.py
[2.177s] -- Up-to-date symlink: /home/nvidia/acfly_ws/install/mavros_msgs/local/lib/python3.10/dist-packages/mavros_msgs/msg/_state_s.c
[2.177s] -- Up-to-date symlink: /home/nvidia/acfly_ws/install/mavros_msgs/local/lib/python3.10/dist-packages/mavros_msgs/msg/_status_event.py
[2.178s] -- Up-to-date symlink: /home/nvidia/acfly_ws/install/mavros_msgs/local/lib/python3.10/dist-packages/mavros_msgs/msg/_status_event_s.c
[2.178s] -- Up-to-date symlink: /home/nvidia/acfly_ws/install/mavros_msgs/local/lib/python3.10/dist-packages/mavros_msgs/msg/_status_text.py
[2.178s] -- Up-to-date symlink: /home/nvidia/acfly_ws/install/mavros_msgs/local/lib/python3.10/dist-packages/mavros_msgs/msg/_status_text_s.c
[2.178s] -- Up-to-date symlink: /home/nvidia/acfly_ws/install/mavros_msgs/local/lib/python3.10/dist-packages/mavros_msgs/msg/_sys_status.py
[2.178s] -- Up-to-date symlink: /home/nvidia/acfly_ws/install/mavros_msgs/local/lib/python3.10/dist-packages/mavros_msgs/msg/_sys_status_s.c
[2.178s] -- Up-to-date symlink: /home/nvidia/acfly_ws/install/mavros_msgs/local/lib/python3.10/dist-packages/mavros_msgs/msg/_terrain_report.py
[2.178s] -- Up-to-date symlink: /home/nvidia/acfly_ws/install/mavros_msgs/local/lib/python3.10/dist-packages/mavros_msgs/msg/_terrain_report_s.c
[2.179s] -- Up-to-date symlink: /home/nvidia/acfly_ws/install/mavros_msgs/local/lib/python3.10/dist-packages/mavros_msgs/msg/_thrust.py
[2.179s] -- Up-to-date symlink: /home/nvidia/acfly_ws/install/mavros_msgs/local/lib/python3.10/dist-packages/mavros_msgs/msg/_thrust_s.c
[2.179s] -- Up-to-date symlink: /home/nvidia/acfly_ws/install/mavros_msgs/local/lib/python3.10/dist-packages/mavros_msgs/msg/_timesync_status.py
[2.179s] -- Up-to-date symlink: /home/nvidia/acfly_ws/install/mavros_msgs/local/lib/python3.10/dist-packages/mavros_msgs/msg/_timesync_status_s.c
[2.179s] -- Up-to-date symlink: /home/nvidia/acfly_ws/install/mavros_msgs/local/lib/python3.10/dist-packages/mavros_msgs/msg/_trajectory.py
[2.179s] -- Up-to-date symlink: /home/nvidia/acfly_ws/install/mavros_msgs/local/lib/python3.10/dist-packages/mavros_msgs/msg/_trajectory_s.c
[2.180s] -- Up-to-date symlink: /home/nvidia/acfly_ws/install/mavros_msgs/local/lib/python3.10/dist-packages/mavros_msgs/msg/_tunnel.py
[2.180s] -- Up-to-date symlink: /home/nvidia/acfly_ws/install/mavros_msgs/local/lib/python3.10/dist-packages/mavros_msgs/msg/_tunnel_s.c
[2.180s] -- Up-to-date symlink: /home/nvidia/acfly_ws/install/mavros_msgs/local/lib/python3.10/dist-packages/mavros_msgs/msg/_vehicle_info.py
[2.180s] -- Up-to-date symlink: /home/nvidia/acfly_ws/install/mavros_msgs/local/lib/python3.10/dist-packages/mavros_msgs/msg/_vehicle_info_s.c
[2.180s] -- Up-to-date symlink: /home/nvidia/acfly_ws/install/mavros_msgs/local/lib/python3.10/dist-packages/mavros_msgs/msg/_vfr_hud.py
[2.180s] -- Up-to-date symlink: /home/nvidia/acfly_ws/install/mavros_msgs/local/lib/python3.10/dist-packages/mavros_msgs/msg/_vfr_hud_s.c
[2.180s] -- Up-to-date symlink: /home/nvidia/acfly_ws/install/mavros_msgs/local/lib/python3.10/dist-packages/mavros_msgs/msg/_vibration.py
[2.181s] -- Up-to-date symlink: /home/nvidia/acfly_ws/install/mavros_msgs/local/lib/python3.10/dist-packages/mavros_msgs/msg/_vibration_s.c
[2.181s] -- Up-to-date symlink: /home/nvidia/acfly_ws/install/mavros_msgs/local/lib/python3.10/dist-packages/mavros_msgs/msg/_waypoint.py
[2.181s] -- Up-to-date symlink: /home/nvidia/acfly_ws/install/mavros_msgs/local/lib/python3.10/dist-packages/mavros_msgs/msg/_waypoint_list.py
[2.181s] -- Up-to-date symlink: /home/nvidia/acfly_ws/install/mavros_msgs/local/lib/python3.10/dist-packages/mavros_msgs/msg/_waypoint_list_s.c
[2.181s] -- Up-to-date symlink: /home/nvidia/acfly_ws/install/mavros_msgs/local/lib/python3.10/dist-packages/mavros_msgs/msg/_waypoint_reached.py
[2.181s] -- Up-to-date symlink: /home/nvidia/acfly_ws/install/mavros_msgs/local/lib/python3.10/dist-packages/mavros_msgs/msg/_waypoint_reached_s.c
[2.182s] -- Up-to-date symlink: /home/nvidia/acfly_ws/install/mavros_msgs/local/lib/python3.10/dist-packages/mavros_msgs/msg/_waypoint_s.c
[2.182s] -- Up-to-date symlink: /home/nvidia/acfly_ws/install/mavros_msgs/local/lib/python3.10/dist-packages/mavros_msgs/msg/_wheel_odom_stamped.py
[2.182s] -- Up-to-date symlink: /home/nvidia/acfly_ws/install/mavros_msgs/local/lib/python3.10/dist-packages/mavros_msgs/msg/_wheel_odom_stamped_s.c
[2.182s] -- Up-to-date symlink: /home/nvidia/acfly_ws/install/mavros_msgs/local/lib/python3.10/dist-packages/mavros_msgs/srv/__init__.py
[2.182s] -- Up-to-date symlink: /home/nvidia/acfly_ws/install/mavros_msgs/local/lib/python3.10/dist-packages/mavros_msgs/srv/_command_ack.py
[2.183s] -- Up-to-date symlink: /home/nvidia/acfly_ws/install/mavros_msgs/local/lib/python3.10/dist-packages/mavros_msgs/srv/_command_ack_s.c
[2.183s] -- Up-to-date symlink: /home/nvidia/acfly_ws/install/mavros_msgs/local/lib/python3.10/dist-packages/mavros_msgs/srv/_command_bool.py
[2.183s] -- Up-to-date symlink: /home/nvidia/acfly_ws/install/mavros_msgs/local/lib/python3.10/dist-packages/mavros_msgs/srv/_command_bool_s.c
[2.183s] -- Up-to-date symlink: /home/nvidia/acfly_ws/install/mavros_msgs/local/lib/python3.10/dist-packages/mavros_msgs/srv/_command_home.py
[2.183s] -- Up-to-date symlink: /home/nvidia/acfly_ws/install/mavros_msgs/local/lib/python3.10/dist-packages/mavros_msgs/srv/_command_home_s.c
[2.183s] -- Up-to-date symlink: /home/nvidia/acfly_ws/install/mavros_msgs/local/lib/python3.10/dist-packages/mavros_msgs/srv/_command_int.py
[2.183s] -- Up-to-date symlink: /home/nvidia/acfly_ws/install/mavros_msgs/local/lib/python3.10/dist-packages/mavros_msgs/srv/_command_int_s.c
[2.184s] -- Up-to-date symlink: /home/nvidia/acfly_ws/install/mavros_msgs/local/lib/python3.10/dist-packages/mavros_msgs/srv/_command_long.py
[2.184s] -- Up-to-date symlink: /home/nvidia/acfly_ws/install/mavros_msgs/local/lib/python3.10/dist-packages/mavros_msgs/srv/_command_long_s.c
[2.184s] -- Up-to-date symlink: /home/nvidia/acfly_ws/install/mavros_msgs/local/lib/python3.10/dist-packages/mavros_msgs/srv/_command_tol.py
[2.184s] -- Up-to-date symlink: /home/nvidia/acfly_ws/install/mavros_msgs/local/lib/python3.10/dist-packages/mavros_msgs/srv/_command_tol_local.py
[2.184s] -- Up-to-date symlink: /home/nvidia/acfly_ws/install/mavros_msgs/local/lib/python3.10/dist-packages/mavros_msgs/srv/_command_tol_local_s.c
[2.184s] -- Up-to-date symlink: /home/nvidia/acfly_ws/install/mavros_msgs/local/lib/python3.10/dist-packages/mavros_msgs/srv/_command_tol_s.c
[2.185s] -- Up-to-date symlink: /home/nvidia/acfly_ws/install/mavros_msgs/local/lib/python3.10/dist-packages/mavros_msgs/srv/_command_trigger_control.py
[2.185s] -- Up-to-date symlink: /home/nvidia/acfly_ws/install/mavros_msgs/local/lib/python3.10/dist-packages/mavros_msgs/srv/_command_trigger_control_s.c
[2.185s] -- Up-to-date symlink: /home/nvidia/acfly_ws/install/mavros_msgs/local/lib/python3.10/dist-packages/mavros_msgs/srv/_command_trigger_interval.py
[2.185s] -- Up-to-date symlink: /home/nvidia/acfly_ws/install/mavros_msgs/local/lib/python3.10/dist-packages/mavros_msgs/srv/_command_trigger_interval_s.c
[2.185s] -- Up-to-date symlink: /home/nvidia/acfly_ws/install/mavros_msgs/local/lib/python3.10/dist-packages/mavros_msgs/srv/_command_vtol_transition.py
[2.185s] -- Up-to-date symlink: /home/nvidia/acfly_ws/install/mavros_msgs/local/lib/python3.10/dist-packages/mavros_msgs/srv/_command_vtol_transition_s.c
[2.186s] -- Up-to-date symlink: /home/nvidia/acfly_ws/install/mavros_msgs/local/lib/python3.10/dist-packages/mavros_msgs/srv/_endpoint_add.py
[2.186s] -- Up-to-date symlink: /home/nvidia/acfly_ws/install/mavros_msgs/local/lib/python3.10/dist-packages/mavros_msgs/srv/_endpoint_add_s.c
[2.186s] -- Up-to-date symlink: /home/nvidia/acfly_ws/install/mavros_msgs/local/lib/python3.10/dist-packages/mavros_msgs/srv/_endpoint_del.py
[2.186s] -- Up-to-date symlink: /home/nvidia/acfly_ws/install/mavros_msgs/local/lib/python3.10/dist-packages/mavros_msgs/srv/_endpoint_del_s.c
[2.186s] -- Up-to-date symlink: /home/nvidia/acfly_ws/install/mavros_msgs/local/lib/python3.10/dist-packages/mavros_msgs/srv/_file_checksum.py
[2.186s] -- Up-to-date symlink: /home/nvidia/acfly_ws/install/mavros_msgs/local/lib/python3.10/dist-packages/mavros_msgs/srv/_file_checksum_s.c
[2.186s] -- Up-to-date symlink: /home/nvidia/acfly_ws/install/mavros_msgs/local/lib/python3.10/dist-packages/mavros_msgs/srv/_file_close.py
[2.187s] -- Up-to-date symlink: /home/nvidia/acfly_ws/install/mavros_msgs/local/lib/python3.10/dist-packages/mavros_msgs/srv/_file_close_s.c
[2.187s] -- Up-to-date symlink: /home/nvidia/acfly_ws/install/mavros_msgs/local/lib/python3.10/dist-packages/mavros_msgs/srv/_file_list.py
[2.187s] -- Up-to-date symlink: /home/nvidia/acfly_ws/install/mavros_msgs/local/lib/python3.10/dist-packages/mavros_msgs/srv/_file_list_s.c
[2.187s] -- Up-to-date symlink: /home/nvidia/acfly_ws/install/mavros_msgs/local/lib/python3.10/dist-packages/mavros_msgs/srv/_file_make_dir.py
[2.187s] -- Up-to-date symlink: /home/nvidia/acfly_ws/install/mavros_msgs/local/lib/python3.10/dist-packages/mavros_msgs/srv/_file_make_dir_s.c
[2.187s] -- Up-to-date symlink: /home/nvidia/acfly_ws/install/mavros_msgs/local/lib/python3.10/dist-packages/mavros_msgs/srv/_file_open.py
[2.188s] -- Up-to-date symlink: /home/nvidia/acfly_ws/install/mavros_msgs/local/lib/python3.10/dist-packages/mavros_msgs/srv/_file_open_s.c
[2.188s] -- Up-to-date symlink: /home/nvidia/acfly_ws/install/mavros_msgs/local/lib/python3.10/dist-packages/mavros_msgs/srv/_file_read.py
[2.188s] -- Up-to-date symlink: /home/nvidia/acfly_ws/install/mavros_msgs/local/lib/python3.10/dist-packages/mavros_msgs/srv/_file_read_s.c
[2.188s] -- Up-to-date symlink: /home/nvidia/acfly_ws/install/mavros_msgs/local/lib/python3.10/dist-packages/mavros_msgs/srv/_file_remove.py
[2.188s] -- Up-to-date symlink: /home/nvidia/acfly_ws/install/mavros_msgs/local/lib/python3.10/dist-packages/mavros_msgs/srv/_file_remove_dir.py
[2.188s] -- Up-to-date symlink: /home/nvidia/acfly_ws/install/mavros_msgs/local/lib/python3.10/dist-packages/mavros_msgs/srv/_file_remove_dir_s.c
[2.189s] -- Up-to-date symlink: /home/nvidia/acfly_ws/install/mavros_msgs/local/lib/python3.10/dist-packages/mavros_msgs/srv/_file_remove_s.c
[2.189s] -- Up-to-date symlink: /home/nvidia/acfly_ws/install/mavros_msgs/local/lib/python3.10/dist-packages/mavros_msgs/srv/_file_rename.py
[2.189s] -- Up-to-date symlink: /home/nvidia/acfly_ws/install/mavros_msgs/local/lib/python3.10/dist-packages/mavros_msgs/srv/_file_rename_s.c
[2.189s] -- Up-to-date symlink: /home/nvidia/acfly_ws/install/mavros_msgs/local/lib/python3.10/dist-packages/mavros_msgs/srv/_file_truncate.py
[2.189s] -- Up-to-date symlink: /home/nvidia/acfly_ws/install/mavros_msgs/local/lib/python3.10/dist-packages/mavros_msgs/srv/_file_truncate_s.c
[2.190s] -- Up-to-date symlink: /home/nvidia/acfly_ws/install/mavros_msgs/local/lib/python3.10/dist-packages/mavros_msgs/srv/_file_write.py
[2.190s] -- Up-to-date symlink: /home/nvidia/acfly_ws/install/mavros_msgs/local/lib/python3.10/dist-packages/mavros_msgs/srv/_file_write_s.c
[2.190s] -- Up-to-date symlink: /home/nvidia/acfly_ws/install/mavros_msgs/local/lib/python3.10/dist-packages/mavros_msgs/srv/_gimbal_get_information.py
[2.190s] -- Up-to-date symlink: /home/nvidia/acfly_ws/install/mavros_msgs/local/lib/python3.10/dist-packages/mavros_msgs/srv/_gimbal_get_information_s.c
[2.190s] -- Up-to-date symlink: /home/nvidia/acfly_ws/install/mavros_msgs/local/lib/python3.10/dist-packages/mavros_msgs/srv/_gimbal_manager_camera_track.py
[2.190s] -- Up-to-date symlink: /home/nvidia/acfly_ws/install/mavros_msgs/local/lib/python3.10/dist-packages/mavros_msgs/srv/_gimbal_manager_camera_track_s.c
[2.190s] -- Up-to-date symlink: /home/nvidia/acfly_ws/install/mavros_msgs/local/lib/python3.10/dist-packages/mavros_msgs/srv/_gimbal_manager_configure.py
[2.190s] -- Up-to-date symlink: /home/nvidia/acfly_ws/install/mavros_msgs/local/lib/python3.10/dist-packages/mavros_msgs/srv/_gimbal_manager_configure_s.c
[2.191s] -- Up-to-date symlink: /home/nvidia/acfly_ws/install/mavros_msgs/local/lib/python3.10/dist-packages/mavros_msgs/srv/_gimbal_manager_pitchyaw.py
[2.191s] -- Up-to-date symlink: /home/nvidia/acfly_ws/install/mavros_msgs/local/lib/python3.10/dist-packages/mavros_msgs/srv/_gimbal_manager_pitchyaw_s.c
[2.191s] -- Up-to-date symlink: /home/nvidia/acfly_ws/install/mavros_msgs/local/lib/python3.10/dist-packages/mavros_msgs/srv/_gimbal_manager_set_roi.py
[2.191s] -- Up-to-date symlink: /home/nvidia/acfly_ws/install/mavros_msgs/local/lib/python3.10/dist-packages/mavros_msgs/srv/_gimbal_manager_set_roi_s.c
[2.191s] -- Up-to-date symlink: /home/nvidia/acfly_ws/install/mavros_msgs/local/lib/python3.10/dist-packages/mavros_msgs/srv/_log_request_data.py
[2.191s] -- Up-to-date symlink: /home/nvidia/acfly_ws/install/mavros_msgs/local/lib/python3.10/dist-packages/mavros_msgs/srv/_log_request_data_s.c
[2.192s] -- Up-to-date symlink: /home/nvidia/acfly_ws/install/mavros_msgs/local/lib/python3.10/dist-packages/mavros_msgs/srv/_log_request_end.py
[2.192s] -- Up-to-date symlink: /home/nvidia/acfly_ws/install/mavros_msgs/local/lib/python3.10/dist-packages/mavros_msgs/srv/_log_request_end_s.c
[2.192s] -- Up-to-date symlink: /home/nvidia/acfly_ws/install/mavros_msgs/local/lib/python3.10/dist-packages/mavros_msgs/srv/_log_request_list.py
[2.192s] -- Up-to-date symlink: /home/nvidia/acfly_ws/install/mavros_msgs/local/lib/python3.10/dist-packages/mavros_msgs/srv/_log_request_list_s.c
[2.192s] -- Up-to-date symlink: /home/nvidia/acfly_ws/install/mavros_msgs/local/lib/python3.10/dist-packages/mavros_msgs/srv/_message_interval.py
[2.192s] -- Up-to-date symlink: /home/nvidia/acfly_ws/install/mavros_msgs/local/lib/python3.10/dist-packages/mavros_msgs/srv/_message_interval_s.c
[2.192s] -- Up-to-date symlink: /home/nvidia/acfly_ws/install/mavros_msgs/local/lib/python3.10/dist-packages/mavros_msgs/srv/_mount_configure.py
[2.193s] -- Up-to-date symlink: /home/nvidia/acfly_ws/install/mavros_msgs/local/lib/python3.10/dist-packages/mavros_msgs/srv/_mount_configure_s.c
[2.193s] -- Up-to-date symlink: /home/nvidia/acfly_ws/install/mavros_msgs/local/lib/python3.10/dist-packages/mavros_msgs/srv/_param_get.py
[2.193s] -- Up-to-date symlink: /home/nvidia/acfly_ws/install/mavros_msgs/local/lib/python3.10/dist-packages/mavros_msgs/srv/_param_get_s.c
[2.193s] -- Up-to-date symlink: /home/nvidia/acfly_ws/install/mavros_msgs/local/lib/python3.10/dist-packages/mavros_msgs/srv/_param_pull.py
[2.193s] -- Up-to-date symlink: /home/nvidia/acfly_ws/install/mavros_msgs/local/lib/python3.10/dist-packages/mavros_msgs/srv/_param_pull_s.c
[2.193s] -- Up-to-date symlink: /home/nvidia/acfly_ws/install/mavros_msgs/local/lib/python3.10/dist-packages/mavros_msgs/srv/_param_push.py
[2.194s] -- Up-to-date symlink: /home/nvidia/acfly_ws/install/mavros_msgs/local/lib/python3.10/dist-packages/mavros_msgs/srv/_param_push_s.c
[2.194s] -- Up-to-date symlink: /home/nvidia/acfly_ws/install/mavros_msgs/local/lib/python3.10/dist-packages/mavros_msgs/srv/_param_set.py
[2.194s] -- Up-to-date symlink: /home/nvidia/acfly_ws/install/mavros_msgs/local/lib/python3.10/dist-packages/mavros_msgs/srv/_param_set_s.c
[2.194s] -- Up-to-date symlink: /home/nvidia/acfly_ws/install/mavros_msgs/local/lib/python3.10/dist-packages/mavros_msgs/srv/_param_set_v2.py
[2.194s] -- Up-to-date symlink: /home/nvidia/acfly_ws/install/mavros_msgs/local/lib/python3.10/dist-packages/mavros_msgs/srv/_param_set_v2_s.c
[2.194s] -- Up-to-date symlink: /home/nvidia/acfly_ws/install/mavros_msgs/local/lib/python3.10/dist-packages/mavros_msgs/srv/_set_mav_frame.py
[2.195s] -- Up-to-date symlink: /home/nvidia/acfly_ws/install/mavros_msgs/local/lib/python3.10/dist-packages/mavros_msgs/srv/_set_mav_frame_s.c
[2.195s] -- Up-to-date symlink: /home/nvidia/acfly_ws/install/mavros_msgs/local/lib/python3.10/dist-packages/mavros_msgs/srv/_set_mode.py
[2.195s] -- Up-to-date symlink: /home/nvidia/acfly_ws/install/mavros_msgs/local/lib/python3.10/dist-packages/mavros_msgs/srv/_set_mode_s.c
[2.195s] -- Up-to-date symlink: /home/nvidia/acfly_ws/install/mavros_msgs/local/lib/python3.10/dist-packages/mavros_msgs/srv/_stream_rate.py
[2.195s] -- Up-to-date symlink: /home/nvidia/acfly_ws/install/mavros_msgs/local/lib/python3.10/dist-packages/mavros_msgs/srv/_stream_rate_s.c
[2.195s] -- Up-to-date symlink: /home/nvidia/acfly_ws/install/mavros_msgs/local/lib/python3.10/dist-packages/mavros_msgs/srv/_vehicle_info_get.py
[2.195s] -- Up-to-date symlink: /home/nvidia/acfly_ws/install/mavros_msgs/local/lib/python3.10/dist-packages/mavros_msgs/srv/_vehicle_info_get_s.c
[2.196s] -- Up-to-date symlink: /home/nvidia/acfly_ws/install/mavros_msgs/local/lib/python3.10/dist-packages/mavros_msgs/srv/_waypoint_clear.py
[2.196s] -- Up-to-date symlink: /home/nvidia/acfly_ws/install/mavros_msgs/local/lib/python3.10/dist-packages/mavros_msgs/srv/_waypoint_clear_s.c
[2.196s] -- Up-to-date symlink: /home/nvidia/acfly_ws/install/mavros_msgs/local/lib/python3.10/dist-packages/mavros_msgs/srv/_waypoint_pull.py
[2.196s] -- Up-to-date symlink: /home/nvidia/acfly_ws/install/mavros_msgs/local/lib/python3.10/dist-packages/mavros_msgs/srv/_waypoint_pull_s.c
[2.196s] -- Up-to-date symlink: /home/nvidia/acfly_ws/install/mavros_msgs/local/lib/python3.10/dist-packages/mavros_msgs/srv/_waypoint_push.py
[2.196s] -- Up-to-date symlink: /home/nvidia/acfly_ws/install/mavros_msgs/local/lib/python3.10/dist-packages/mavros_msgs/srv/_waypoint_push_s.c
[2.197s] -- Up-to-date symlink: /home/nvidia/acfly_ws/install/mavros_msgs/local/lib/python3.10/dist-packages/mavros_msgs/srv/_waypoint_set_current.py
[2.197s] -- Up-to-date symlink: /home/nvidia/acfly_ws/install/mavros_msgs/local/lib/python3.10/dist-packages/mavros_msgs/srv/_waypoint_set_current_s.c
[2.197s] -- Up-to-date symlink: /home/nvidia/acfly_ws/install/mavros_msgs/local/lib/python3.10/dist-packages/mavros_msgs/mavros_msgs_s__rosidl_typesupport_fastrtps_c.cpython-310-aarch64-linux-gnu.so
[2.197s] -- Up-to-date symlink: /home/nvidia/acfly_ws/install/mavros_msgs/local/lib/python3.10/dist-packages/mavros_msgs/mavros_msgs_s__rosidl_typesupport_introspection_c.cpython-310-aarch64-linux-gnu.so
[2.198s] -- Up-to-date symlink: /home/nvidia/acfly_ws/install/mavros_msgs/local/lib/python3.10/dist-packages/mavros_msgs/mavros_msgs_s__rosidl_typesupport_c.cpython-310-aarch64-linux-gnu.so
[2.198s] -- Symlinking: /home/nvidia/acfly_ws/install/mavros_msgs/share/ament_index/resource_index/rust_packages/mavros_msgs
[2.215s] -- Symlinking: /home/nvidia/acfly_ws/install/mavros_msgs/share/mavros_msgs/rust/Cargo.toml
[2.230s] -- Symlinking: /home/nvidia/acfly_ws/install/mavros_msgs/share/mavros_msgs/rust/build.rs
[2.244s] -- Symlinking: /home/nvidia/acfly_ws/install/mavros_msgs/share/mavros_msgs/rust/src/lib.rs
[2.259s] -- Symlinking: /home/nvidia/acfly_ws/install/mavros_msgs/share/mavros_msgs/rust/src/msg.rs
[2.275s] -- Symlinking: /home/nvidia/acfly_ws/install/mavros_msgs/share/mavros_msgs/rust/src/msg/rmw.rs
[2.291s] -- Symlinking: /home/nvidia/acfly_ws/install/mavros_msgs/share/mavros_msgs/rust/src/srv.rs
[2.311s] -- Symlinking: /home/nvidia/acfly_ws/install/mavros_msgs/share/mavros_msgs/rust/src/srv/rmw.rs
[2.329s] -- Up-to-date symlink: /home/nvidia/acfly_ws/install/mavros_msgs/share/mavros_msgs/msg/ADSBVehicle.idl
[2.329s] -- Up-to-date symlink: /home/nvidia/acfly_ws/install/mavros_msgs/share/mavros_msgs/msg/ActuatorControl.idl
[2.329s] -- Up-to-date symlink: /home/nvidia/acfly_ws/install/mavros_msgs/share/mavros_msgs/msg/Altitude.idl
[2.329s] -- Up-to-date symlink: /home/nvidia/acfly_ws/install/mavros_msgs/share/mavros_msgs/msg/AttitudeTarget.idl
[2.330s] -- Up-to-date symlink: /home/nvidia/acfly_ws/install/mavros_msgs/share/mavros_msgs/msg/CamIMUStamp.idl
[2.330s] -- Up-to-date symlink: /home/nvidia/acfly_ws/install/mavros_msgs/share/mavros_msgs/msg/CameraImageCaptured.idl
[2.330s] -- Up-to-date symlink: /home/nvidia/acfly_ws/install/mavros_msgs/share/mavros_msgs/msg/CellularStatus.idl
[2.330s] -- Up-to-date symlink: /home/nvidia/acfly_ws/install/mavros_msgs/share/mavros_msgs/msg/CommandCode.idl
[2.331s] -- Up-to-date symlink: /home/nvidia/acfly_ws/install/mavros_msgs/share/mavros_msgs/msg/CompanionProcessStatus.idl
[2.331s] -- Up-to-date symlink: /home/nvidia/acfly_ws/install/mavros_msgs/share/mavros_msgs/msg/DebugValue.idl
[2.331s] -- Up-to-date symlink: /home/nvidia/acfly_ws/install/mavros_msgs/share/mavros_msgs/msg/ESCInfo.idl
[2.332s] -- Up-to-date symlink: /home/nvidia/acfly_ws/install/mavros_msgs/share/mavros_msgs/msg/ESCInfoItem.idl
[2.332s] -- Up-to-date symlink: /home/nvidia/acfly_ws/install/mavros_msgs/share/mavros_msgs/msg/ESCStatus.idl
[2.332s] -- Up-to-date symlink: /home/nvidia/acfly_ws/install/mavros_msgs/share/mavros_msgs/msg/ESCStatusItem.idl
[2.333s] -- Up-to-date symlink: /home/nvidia/acfly_ws/install/mavros_msgs/share/mavros_msgs/msg/ESCTelemetry.idl
[2.333s] -- Up-to-date symlink: /home/nvidia/acfly_ws/install/mavros_msgs/share/mavros_msgs/msg/ESCTelemetryItem.idl
[2.333s] -- Up-to-date symlink: /home/nvidia/acfly_ws/install/mavros_msgs/share/mavros_msgs/msg/EstimatorStatus.idl
[2.334s] -- Up-to-date symlink: /home/nvidia/acfly_ws/install/mavros_msgs/share/mavros_msgs/msg/ExtendedState.idl
[2.334s] -- Up-to-date symlink: /home/nvidia/acfly_ws/install/mavros_msgs/share/mavros_msgs/msg/FileEntry.idl
[2.334s] -- Up-to-date symlink: /home/nvidia/acfly_ws/install/mavros_msgs/share/mavros_msgs/msg/GPSINPUT.idl
[2.335s] -- Up-to-date symlink: /home/nvidia/acfly_ws/install/mavros_msgs/share/mavros_msgs/msg/GPSRAW.idl
[2.335s] -- Up-to-date symlink: /home/nvidia/acfly_ws/install/mavros_msgs/share/mavros_msgs/msg/GPSRTK.idl
[2.335s] -- Up-to-date symlink: /home/nvidia/acfly_ws/install/mavros_msgs/share/mavros_msgs/msg/GimbalDeviceAttitudeStatus.idl
[2.336s] -- Up-to-date symlink: /home/nvidia/acfly_ws/install/mavros_msgs/share/mavros_msgs/msg/GimbalDeviceInformation.idl
[2.336s] -- Up-to-date symlink: /home/nvidia/acfly_ws/install/mavros_msgs/share/mavros_msgs/msg/GimbalDeviceSetAttitude.idl
[2.336s] -- Up-to-date symlink: /home/nvidia/acfly_ws/install/mavros_msgs/share/mavros_msgs/msg/GimbalManagerInformation.idl
[2.336s] -- Up-to-date symlink: /home/nvidia/acfly_ws/install/mavros_msgs/share/mavros_msgs/msg/GimbalManagerSetAttitude.idl
[2.337s] -- Up-to-date symlink: /home/nvidia/acfly_ws/install/mavros_msgs/share/mavros_msgs/msg/GimbalManagerSetPitchyaw.idl
[2.337s] -- Up-to-date symlink: /home/nvidia/acfly_ws/install/mavros_msgs/share/mavros_msgs/msg/GimbalManagerStatus.idl
[2.337s] -- Up-to-date symlink: /home/nvidia/acfly_ws/install/mavros_msgs/share/mavros_msgs/msg/GlobalPositionTarget.idl
[2.338s] -- Up-to-date symlink: /home/nvidia/acfly_ws/install/mavros_msgs/share/mavros_msgs/msg/HilActuatorControls.idl
[2.338s] -- Up-to-date symlink: /home/nvidia/acfly_ws/install/mavros_msgs/share/mavros_msgs/msg/HilControls.idl
[2.338s] -- Up-to-date symlink: /home/nvidia/acfly_ws/install/mavros_msgs/share/mavros_msgs/msg/HilGPS.idl
[2.339s] -- Up-to-date symlink: /home/nvidia/acfly_ws/install/mavros_msgs/share/mavros_msgs/msg/HilSensor.idl
[2.339s] -- Up-to-date symlink: /home/nvidia/acfly_ws/install/mavros_msgs/share/mavros_msgs/msg/HilStateQuaternion.idl
[2.339s] -- Up-to-date symlink: /home/nvidia/acfly_ws/install/mavros_msgs/share/mavros_msgs/msg/HomePosition.idl
[2.339s] -- Up-to-date symlink: /home/nvidia/acfly_ws/install/mavros_msgs/share/mavros_msgs/msg/LandingTarget.idl
[2.340s] -- Up-to-date symlink: /home/nvidia/acfly_ws/install/mavros_msgs/share/mavros_msgs/msg/LogData.idl
[2.340s] -- Up-to-date symlink: /home/nvidia/acfly_ws/install/mavros_msgs/share/mavros_msgs/msg/LogEntry.idl
[2.340s] -- Up-to-date symlink: /home/nvidia/acfly_ws/install/mavros_msgs/share/mavros_msgs/msg/MagnetometerReporter.idl
[2.341s] -- Up-to-date symlink: /home/nvidia/acfly_ws/install/mavros_msgs/share/mavros_msgs/msg/ManualControl.idl
[2.341s] -- Up-to-date symlink: /home/nvidia/acfly_ws/install/mavros_msgs/share/mavros_msgs/msg/Mavlink.idl
[2.341s] -- Up-to-date symlink: /home/nvidia/acfly_ws/install/mavros_msgs/share/mavros_msgs/msg/MountControl.idl
[2.342s] -- Up-to-date symlink: /home/nvidia/acfly_ws/install/mavros_msgs/share/mavros_msgs/msg/NavControllerOutput.idl
[2.342s] -- Up-to-date symlink: /home/nvidia/acfly_ws/install/mavros_msgs/share/mavros_msgs/msg/OnboardComputerStatus.idl
[2.342s] -- Up-to-date symlink: /home/nvidia/acfly_ws/install/mavros_msgs/share/mavros_msgs/msg/OpenDroneIDBasicID.idl
[2.342s] -- Up-to-date symlink: /home/nvidia/acfly_ws/install/mavros_msgs/share/mavros_msgs/msg/OpenDroneIDOperatorID.idl
[2.343s] -- Up-to-date symlink: /home/nvidia/acfly_ws/install/mavros_msgs/share/mavros_msgs/msg/OpenDroneIDSelfID.idl
[2.343s] -- Up-to-date symlink: /home/nvidia/acfly_ws/install/mavros_msgs/share/mavros_msgs/msg/OpenDroneIDSystem.idl
[2.343s] -- Up-to-date symlink: /home/nvidia/acfly_ws/install/mavros_msgs/share/mavros_msgs/msg/OpenDroneIDSystemUpdate.idl
[2.344s] -- Up-to-date symlink: /home/nvidia/acfly_ws/install/mavros_msgs/share/mavros_msgs/msg/OpticalFlow.idl
[2.344s] -- Up-to-date symlink: /home/nvidia/acfly_ws/install/mavros_msgs/share/mavros_msgs/msg/OpticalFlowRad.idl
[2.344s] -- Up-to-date symlink: /home/nvidia/acfly_ws/install/mavros_msgs/share/mavros_msgs/msg/OverrideRCIn.idl
[2.345s] -- Up-to-date symlink: /home/nvidia/acfly_ws/install/mavros_msgs/share/mavros_msgs/msg/Param.idl
[2.345s] -- Up-to-date symlink: /home/nvidia/acfly_ws/install/mavros_msgs/share/mavros_msgs/msg/ParamEvent.idl
[2.345s] -- Up-to-date symlink: /home/nvidia/acfly_ws/install/mavros_msgs/share/mavros_msgs/msg/ParamValue.idl
[2.346s] -- Up-to-date symlink: /home/nvidia/acfly_ws/install/mavros_msgs/share/mavros_msgs/msg/PlayTuneV2.idl
[2.346s] -- Up-to-date symlink: /home/nvidia/acfly_ws/install/mavros_msgs/share/mavros_msgs/msg/PositionTarget.idl
[2.346s] -- Up-to-date symlink: /home/nvidia/acfly_ws/install/mavros_msgs/share/mavros_msgs/msg/RCIn.idl
[2.346s] -- Up-to-date symlink: /home/nvidia/acfly_ws/install/mavros_msgs/share/mavros_msgs/msg/RCOut.idl
[2.347s] -- Up-to-date symlink: /home/nvidia/acfly_ws/install/mavros_msgs/share/mavros_msgs/msg/RTCM.idl
[2.347s] -- Up-to-date symlink: /home/nvidia/acfly_ws/install/mavros_msgs/share/mavros_msgs/msg/RTKBaseline.idl
[2.347s] -- Up-to-date symlink: /home/nvidia/acfly_ws/install/mavros_msgs/share/mavros_msgs/msg/RadioStatus.idl
[2.348s] -- Up-to-date symlink: /home/nvidia/acfly_ws/install/mavros_msgs/share/mavros_msgs/msg/State.idl
[2.348s] -- Up-to-date symlink: /home/nvidia/acfly_ws/install/mavros_msgs/share/mavros_msgs/msg/StatusEvent.idl
[2.348s] -- Up-to-date symlink: /home/nvidia/acfly_ws/install/mavros_msgs/share/mavros_msgs/msg/StatusText.idl
[2.348s] -- Up-to-date symlink: /home/nvidia/acfly_ws/install/mavros_msgs/share/mavros_msgs/msg/SysStatus.idl
[2.349s] -- Up-to-date symlink: /home/nvidia/acfly_ws/install/mavros_msgs/share/mavros_msgs/msg/TerrainReport.idl
[2.349s] -- Up-to-date symlink: /home/nvidia/acfly_ws/install/mavros_msgs/share/mavros_msgs/msg/Thrust.idl
[2.349s] -- Up-to-date symlink: /home/nvidia/acfly_ws/install/mavros_msgs/share/mavros_msgs/msg/TimesyncStatus.idl
[2.350s] -- Up-to-date symlink: /home/nvidia/acfly_ws/install/mavros_msgs/share/mavros_msgs/msg/Trajectory.idl
[2.350s] -- Up-to-date symlink: /home/nvidia/acfly_ws/install/mavros_msgs/share/mavros_msgs/msg/Tunnel.idl
[2.350s] -- Up-to-date symlink: /home/nvidia/acfly_ws/install/mavros_msgs/share/mavros_msgs/msg/VehicleInfo.idl
[2.350s] -- Up-to-date symlink: /home/nvidia/acfly_ws/install/mavros_msgs/share/mavros_msgs/msg/VfrHud.idl
[2.351s] -- Up-to-date symlink: /home/nvidia/acfly_ws/install/mavros_msgs/share/mavros_msgs/msg/Vibration.idl
[2.351s] -- Up-to-date symlink: /home/nvidia/acfly_ws/install/mavros_msgs/share/mavros_msgs/msg/Waypoint.idl
[2.351s] -- Up-to-date symlink: /home/nvidia/acfly_ws/install/mavros_msgs/share/mavros_msgs/msg/WaypointList.idl
[2.352s] -- Up-to-date symlink: /home/nvidia/acfly_ws/install/mavros_msgs/share/mavros_msgs/msg/WaypointReached.idl
[2.352s] -- Up-to-date symlink: /home/nvidia/acfly_ws/install/mavros_msgs/share/mavros_msgs/msg/WheelOdomStamped.idl
[2.352s] -- Up-to-date symlink: /home/nvidia/acfly_ws/install/mavros_msgs/share/mavros_msgs/srv/CommandAck.idl
[2.353s] -- Up-to-date symlink: /home/nvidia/acfly_ws/install/mavros_msgs/share/mavros_msgs/srv/CommandBool.idl
[2.353s] -- Up-to-date symlink: /home/nvidia/acfly_ws/install/mavros_msgs/share/mavros_msgs/srv/CommandHome.idl
[2.354s] -- Up-to-date symlink: /home/nvidia/acfly_ws/install/mavros_msgs/share/mavros_msgs/srv/CommandInt.idl
[2.354s] -- Up-to-date symlink: /home/nvidia/acfly_ws/install/mavros_msgs/share/mavros_msgs/srv/CommandLong.idl
[2.354s] -- Up-to-date symlink: /home/nvidia/acfly_ws/install/mavros_msgs/share/mavros_msgs/srv/CommandTOL.idl
[2.354s] -- Up-to-date symlink: /home/nvidia/acfly_ws/install/mavros_msgs/share/mavros_msgs/srv/CommandTOLLocal.idl
[2.355s] -- Up-to-date symlink: /home/nvidia/acfly_ws/install/mavros_msgs/share/mavros_msgs/srv/CommandTriggerControl.idl
[2.355s] -- Up-to-date symlink: /home/nvidia/acfly_ws/install/mavros_msgs/share/mavros_msgs/srv/CommandTriggerInterval.idl
[2.355s] -- Up-to-date symlink: /home/nvidia/acfly_ws/install/mavros_msgs/share/mavros_msgs/srv/CommandVtolTransition.idl
[2.356s] -- Up-to-date symlink: /home/nvidia/acfly_ws/install/mavros_msgs/share/mavros_msgs/srv/EndpointAdd.idl
[2.356s] -- Up-to-date symlink: /home/nvidia/acfly_ws/install/mavros_msgs/share/mavros_msgs/srv/EndpointDel.idl
[2.356s] -- Up-to-date symlink: /home/nvidia/acfly_ws/install/mavros_msgs/share/mavros_msgs/srv/FileChecksum.idl
[2.357s] -- Up-to-date symlink: /home/nvidia/acfly_ws/install/mavros_msgs/share/mavros_msgs/srv/FileClose.idl
[2.357s] -- Up-to-date symlink: /home/nvidia/acfly_ws/install/mavros_msgs/share/mavros_msgs/srv/FileList.idl
[2.357s] -- Up-to-date symlink: /home/nvidia/acfly_ws/install/mavros_msgs/share/mavros_msgs/srv/FileMakeDir.idl
[2.358s] -- Up-to-date symlink: /home/nvidia/acfly_ws/install/mavros_msgs/share/mavros_msgs/srv/FileOpen.idl
[2.358s] -- Up-to-date symlink: /home/nvidia/acfly_ws/install/mavros_msgs/share/mavros_msgs/srv/FileRead.idl
[2.358s] -- Up-to-date symlink: /home/nvidia/acfly_ws/install/mavros_msgs/share/mavros_msgs/srv/FileRemove.idl
[2.358s] -- Up-to-date symlink: /home/nvidia/acfly_ws/install/mavros_msgs/share/mavros_msgs/srv/FileRemoveDir.idl
[2.359s] -- Up-to-date symlink: /home/nvidia/acfly_ws/install/mavros_msgs/share/mavros_msgs/srv/FileRename.idl
[2.359s] -- Up-to-date symlink: /home/nvidia/acfly_ws/install/mavros_msgs/share/mavros_msgs/srv/FileTruncate.idl
[2.359s] -- Up-to-date symlink: /home/nvidia/acfly_ws/install/mavros_msgs/share/mavros_msgs/srv/FileWrite.idl
[2.360s] -- Up-to-date symlink: /home/nvidia/acfly_ws/install/mavros_msgs/share/mavros_msgs/srv/GimbalGetInformation.idl
[2.360s] -- Up-to-date symlink: /home/nvidia/acfly_ws/install/mavros_msgs/share/mavros_msgs/srv/GimbalManagerCameraTrack.idl
[2.360s] -- Up-to-date symlink: /home/nvidia/acfly_ws/install/mavros_msgs/share/mavros_msgs/srv/GimbalManagerConfigure.idl
[2.361s] -- Up-to-date symlink: /home/nvidia/acfly_ws/install/mavros_msgs/share/mavros_msgs/srv/GimbalManagerPitchyaw.idl
[2.361s] -- Up-to-date symlink: /home/nvidia/acfly_ws/install/mavros_msgs/share/mavros_msgs/srv/GimbalManagerSetRoi.idl
[2.361s] -- Up-to-date symlink: /home/nvidia/acfly_ws/install/mavros_msgs/share/mavros_msgs/srv/LogRequestData.idl
[2.361s] -- Up-to-date symlink: /home/nvidia/acfly_ws/install/mavros_msgs/share/mavros_msgs/srv/LogRequestEnd.idl
[2.362s] -- Up-to-date symlink: /home/nvidia/acfly_ws/install/mavros_msgs/share/mavros_msgs/srv/LogRequestList.idl
[2.362s] -- Up-to-date symlink: /home/nvidia/acfly_ws/install/mavros_msgs/share/mavros_msgs/srv/MessageInterval.idl
[2.362s] -- Up-to-date symlink: /home/nvidia/acfly_ws/install/mavros_msgs/share/mavros_msgs/srv/MountConfigure.idl
[2.363s] -- Up-to-date symlink: /home/nvidia/acfly_ws/install/mavros_msgs/share/mavros_msgs/srv/ParamGet.idl
[2.363s] -- Up-to-date symlink: /home/nvidia/acfly_ws/install/mavros_msgs/share/mavros_msgs/srv/ParamPull.idl
[2.363s] -- Up-to-date symlink: /home/nvidia/acfly_ws/install/mavros_msgs/share/mavros_msgs/srv/ParamPush.idl
[2.364s] -- Up-to-date symlink: /home/nvidia/acfly_ws/install/mavros_msgs/share/mavros_msgs/srv/ParamSet.idl
[2.364s] -- Up-to-date symlink: /home/nvidia/acfly_ws/install/mavros_msgs/share/mavros_msgs/srv/ParamSetV2.idl
[2.364s] -- Up-to-date symlink: /home/nvidia/acfly_ws/install/mavros_msgs/share/mavros_msgs/srv/SetMavFrame.idl
[2.364s] -- Up-to-date symlink: /home/nvidia/acfly_ws/install/mavros_msgs/share/mavros_msgs/srv/SetMode.idl
[2.365s] -- Up-to-date symlink: /home/nvidia/acfly_ws/install/mavros_msgs/share/mavros_msgs/srv/StreamRate.idl
[2.365s] -- Up-to-date symlink: /home/nvidia/acfly_ws/install/mavros_msgs/share/mavros_msgs/srv/VehicleInfoGet.idl
[2.365s] -- Up-to-date symlink: /home/nvidia/acfly_ws/install/mavros_msgs/share/mavros_msgs/srv/WaypointClear.idl
[2.366s] -- Up-to-date symlink: /home/nvidia/acfly_ws/install/mavros_msgs/share/mavros_msgs/srv/WaypointPull.idl
[2.366s] -- Up-to-date symlink: /home/nvidia/acfly_ws/install/mavros_msgs/share/mavros_msgs/srv/WaypointPush.idl
[2.366s] -- Up-to-date symlink: /home/nvidia/acfly_ws/install/mavros_msgs/share/mavros_msgs/srv/WaypointSetCurrent.idl
[2.367s] -- Up-to-date symlink: /home/nvidia/acfly_ws/install/mavros_msgs/share/mavros_msgs/msg/ADSBVehicle.msg
[2.367s] -- Up-to-date symlink: /home/nvidia/acfly_ws/install/mavros_msgs/share/mavros_msgs/msg/ActuatorControl.msg
[2.367s] -- Up-to-date symlink: /home/nvidia/acfly_ws/install/mavros_msgs/share/mavros_msgs/msg/Altitude.msg
[2.367s] -- Up-to-date symlink: /home/nvidia/acfly_ws/install/mavros_msgs/share/mavros_msgs/msg/AttitudeTarget.msg
[2.368s] -- Up-to-date symlink: /home/nvidia/acfly_ws/install/mavros_msgs/share/mavros_msgs/msg/CamIMUStamp.msg
[2.368s] -- Up-to-date symlink: /home/nvidia/acfly_ws/install/mavros_msgs/share/mavros_msgs/msg/CameraImageCaptured.msg
[2.368s] -- Up-to-date symlink: /home/nvidia/acfly_ws/install/mavros_msgs/share/mavros_msgs/msg/CellularStatus.msg
[2.369s] -- Up-to-date symlink: /home/nvidia/acfly_ws/install/mavros_msgs/share/mavros_msgs/msg/CommandCode.msg
[2.369s] -- Up-to-date symlink: /home/nvidia/acfly_ws/install/mavros_msgs/share/mavros_msgs/msg/CompanionProcessStatus.msg
[2.369s] -- Up-to-date symlink: /home/nvidia/acfly_ws/install/mavros_msgs/share/mavros_msgs/msg/DebugValue.msg
[2.370s] -- Up-to-date symlink: /home/nvidia/acfly_ws/install/mavros_msgs/share/mavros_msgs/msg/ESCInfo.msg
[2.370s] -- Up-to-date symlink: /home/nvidia/acfly_ws/install/mavros_msgs/share/mavros_msgs/msg/ESCInfoItem.msg
[2.370s] -- Up-to-date symlink: /home/nvidia/acfly_ws/install/mavros_msgs/share/mavros_msgs/msg/ESCStatus.msg
[2.370s] -- Up-to-date symlink: /home/nvidia/acfly_ws/install/mavros_msgs/share/mavros_msgs/msg/ESCStatusItem.msg
[2.371s] -- Up-to-date symlink: /home/nvidia/acfly_ws/install/mavros_msgs/share/mavros_msgs/msg/ESCTelemetry.msg
[2.371s] -- Up-to-date symlink: /home/nvidia/acfly_ws/install/mavros_msgs/share/mavros_msgs/msg/ESCTelemetryItem.msg
[2.371s] -- Up-to-date symlink: /home/nvidia/acfly_ws/install/mavros_msgs/share/mavros_msgs/msg/EstimatorStatus.msg
[2.372s] -- Up-to-date symlink: /home/nvidia/acfly_ws/install/mavros_msgs/share/mavros_msgs/msg/ExtendedState.msg
[2.372s] -- Up-to-date symlink: /home/nvidia/acfly_ws/install/mavros_msgs/share/mavros_msgs/msg/FileEntry.msg
[2.372s] -- Up-to-date symlink: /home/nvidia/acfly_ws/install/mavros_msgs/share/mavros_msgs/msg/GPSINPUT.msg
[2.373s] -- Up-to-date symlink: /home/nvidia/acfly_ws/install/mavros_msgs/share/mavros_msgs/msg/GPSRAW.msg
[2.373s] -- Up-to-date symlink: /home/nvidia/acfly_ws/install/mavros_msgs/share/mavros_msgs/msg/GPSRTK.msg
[2.374s] -- Up-to-date symlink: /home/nvidia/acfly_ws/install/mavros_msgs/share/mavros_msgs/msg/GimbalDeviceAttitudeStatus.msg
[2.374s] -- Up-to-date symlink: /home/nvidia/acfly_ws/install/mavros_msgs/share/mavros_msgs/msg/GimbalDeviceInformation.msg
[2.374s] -- Up-to-date symlink: /home/nvidia/acfly_ws/install/mavros_msgs/share/mavros_msgs/msg/GimbalDeviceSetAttitude.msg
[2.374s] -- Up-to-date symlink: /home/nvidia/acfly_ws/install/mavros_msgs/share/mavros_msgs/msg/GimbalManagerInformation.msg
[2.375s] -- Up-to-date symlink: /home/nvidia/acfly_ws/install/mavros_msgs/share/mavros_msgs/msg/GimbalManagerSetAttitude.msg
[2.375s] -- Up-to-date symlink: /home/nvidia/acfly_ws/install/mavros_msgs/share/mavros_msgs/msg/GimbalManagerSetPitchyaw.msg
[2.375s] -- Up-to-date symlink: /home/nvidia/acfly_ws/install/mavros_msgs/share/mavros_msgs/msg/GimbalManagerStatus.msg
[2.376s] -- Up-to-date symlink: /home/nvidia/acfly_ws/install/mavros_msgs/share/mavros_msgs/msg/GlobalPositionTarget.msg
[2.376s] -- Up-to-date symlink: /home/nvidia/acfly_ws/install/mavros_msgs/share/mavros_msgs/msg/HilActuatorControls.msg
[2.376s] -- Up-to-date symlink: /home/nvidia/acfly_ws/install/mavros_msgs/share/mavros_msgs/msg/HilControls.msg
[2.377s] -- Up-to-date symlink: /home/nvidia/acfly_ws/install/mavros_msgs/share/mavros_msgs/msg/HilGPS.msg
[2.377s] -- Up-to-date symlink: /home/nvidia/acfly_ws/install/mavros_msgs/share/mavros_msgs/msg/HilSensor.msg
[2.377s] -- Up-to-date symlink: /home/nvidia/acfly_ws/install/mavros_msgs/share/mavros_msgs/msg/HilStateQuaternion.msg
[2.378s] -- Up-to-date symlink: /home/nvidia/acfly_ws/install/mavros_msgs/share/mavros_msgs/msg/HomePosition.msg
[2.378s] -- Up-to-date symlink: /home/nvidia/acfly_ws/install/mavros_msgs/share/mavros_msgs/msg/LandingTarget.msg
[2.378s] -- Up-to-date symlink: /home/nvidia/acfly_ws/install/mavros_msgs/share/mavros_msgs/msg/LogData.msg
[2.379s] -- Up-to-date symlink: /home/nvidia/acfly_ws/install/mavros_msgs/share/mavros_msgs/msg/LogEntry.msg
[2.379s] -- Up-to-date symlink: /home/nvidia/acfly_ws/install/mavros_msgs/share/mavros_msgs/msg/MagnetometerReporter.msg
[2.379s] -- Up-to-date symlink: /home/nvidia/acfly_ws/install/mavros_msgs/share/mavros_msgs/msg/ManualControl.msg
[2.379s] -- Up-to-date symlink: /home/nvidia/acfly_ws/install/mavros_msgs/share/mavros_msgs/msg/Mavlink.msg
[2.380s] -- Up-to-date symlink: /home/nvidia/acfly_ws/install/mavros_msgs/share/mavros_msgs/msg/MountControl.msg
[2.380s] -- Up-to-date symlink: /home/nvidia/acfly_ws/install/mavros_msgs/share/mavros_msgs/msg/NavControllerOutput.msg
[2.380s] -- Up-to-date symlink: /home/nvidia/acfly_ws/install/mavros_msgs/share/mavros_msgs/msg/OnboardComputerStatus.msg
[2.381s] -- Up-to-date symlink: /home/nvidia/acfly_ws/install/mavros_msgs/share/mavros_msgs/msg/OpenDroneIDBasicID.msg
[2.381s] -- Up-to-date symlink: /home/nvidia/acfly_ws/install/mavros_msgs/share/mavros_msgs/msg/OpenDroneIDOperatorID.msg
[2.381s] -- Up-to-date symlink: /home/nvidia/acfly_ws/install/mavros_msgs/share/mavros_msgs/msg/OpenDroneIDSelfID.msg
[2.382s] -- Up-to-date symlink: /home/nvidia/acfly_ws/install/mavros_msgs/share/mavros_msgs/msg/OpenDroneIDSystem.msg
[2.382s] -- Up-to-date symlink: /home/nvidia/acfly_ws/install/mavros_msgs/share/mavros_msgs/msg/OpenDroneIDSystemUpdate.msg
[2.382s] -- Up-to-date symlink: /home/nvidia/acfly_ws/install/mavros_msgs/share/mavros_msgs/msg/OpticalFlow.msg
[2.382s] -- Up-to-date symlink: /home/nvidia/acfly_ws/install/mavros_msgs/share/mavros_msgs/msg/OpticalFlowRad.msg
[2.383s] -- Up-to-date symlink: /home/nvidia/acfly_ws/install/mavros_msgs/share/mavros_msgs/msg/OverrideRCIn.msg
[2.383s] -- Up-to-date symlink: /home/nvidia/acfly_ws/install/mavros_msgs/share/mavros_msgs/msg/Param.msg
[2.383s] -- Up-to-date symlink: /home/nvidia/acfly_ws/install/mavros_msgs/share/mavros_msgs/msg/ParamEvent.msg
[2.384s] -- Up-to-date symlink: /home/nvidia/acfly_ws/install/mavros_msgs/share/mavros_msgs/msg/ParamValue.msg
[2.384s] -- Up-to-date symlink: /home/nvidia/acfly_ws/install/mavros_msgs/share/mavros_msgs/msg/PlayTuneV2.msg
[2.384s] -- Up-to-date symlink: /home/nvidia/acfly_ws/install/mavros_msgs/share/mavros_msgs/msg/PositionTarget.msg
[2.385s] -- Up-to-date symlink: /home/nvidia/acfly_ws/install/mavros_msgs/share/mavros_msgs/msg/RCIn.msg
[2.385s] -- Up-to-date symlink: /home/nvidia/acfly_ws/install/mavros_msgs/share/mavros_msgs/msg/RCOut.msg
[2.385s] -- Up-to-date symlink: /home/nvidia/acfly_ws/install/mavros_msgs/share/mavros_msgs/msg/RTCM.msg
[2.385s] -- Up-to-date symlink: /home/nvidia/acfly_ws/install/mavros_msgs/share/mavros_msgs/msg/RTKBaseline.msg
[2.386s] -- Up-to-date symlink: /home/nvidia/acfly_ws/install/mavros_msgs/share/mavros_msgs/msg/RadioStatus.msg
[2.386s] -- Up-to-date symlink: /home/nvidia/acfly_ws/install/mavros_msgs/share/mavros_msgs/msg/State.msg
[2.387s] -- Up-to-date symlink: /home/nvidia/acfly_ws/install/mavros_msgs/share/mavros_msgs/msg/StatusEvent.msg
[2.387s] -- Up-to-date symlink: /home/nvidia/acfly_ws/install/mavros_msgs/share/mavros_msgs/msg/StatusText.msg
[2.387s] -- Up-to-date symlink: /home/nvidia/acfly_ws/install/mavros_msgs/share/mavros_msgs/msg/SysStatus.msg
[2.387s] -- Up-to-date symlink: /home/nvidia/acfly_ws/install/mavros_msgs/share/mavros_msgs/msg/TerrainReport.msg
[2.388s] -- Up-to-date symlink: /home/nvidia/acfly_ws/install/mavros_msgs/share/mavros_msgs/msg/Thrust.msg
[2.388s] -- Up-to-date symlink: /home/nvidia/acfly_ws/install/mavros_msgs/share/mavros_msgs/msg/TimesyncStatus.msg
[2.388s] -- Up-to-date symlink: /home/nvidia/acfly_ws/install/mavros_msgs/share/mavros_msgs/msg/Trajectory.msg
[2.389s] -- Up-to-date symlink: /home/nvidia/acfly_ws/install/mavros_msgs/share/mavros_msgs/msg/Tunnel.msg
[2.389s] -- Up-to-date symlink: /home/nvidia/acfly_ws/install/mavros_msgs/share/mavros_msgs/msg/VehicleInfo.msg
[2.389s] -- Up-to-date symlink: /home/nvidia/acfly_ws/install/mavros_msgs/share/mavros_msgs/msg/VfrHud.msg
[2.390s] -- Up-to-date symlink: /home/nvidia/acfly_ws/install/mavros_msgs/share/mavros_msgs/msg/Vibration.msg
[2.390s] -- Up-to-date symlink: /home/nvidia/acfly_ws/install/mavros_msgs/share/mavros_msgs/msg/Waypoint.msg
[2.391s] -- Up-to-date symlink: /home/nvidia/acfly_ws/install/mavros_msgs/share/mavros_msgs/msg/WaypointList.msg
[2.391s] -- Up-to-date symlink: /home/nvidia/acfly_ws/install/mavros_msgs/share/mavros_msgs/msg/WaypointReached.msg
[2.391s] -- Up-to-date symlink: /home/nvidia/acfly_ws/install/mavros_msgs/share/mavros_msgs/msg/WheelOdomStamped.msg
[2.392s] -- Up-to-date symlink: /home/nvidia/acfly_ws/install/mavros_msgs/share/mavros_msgs/srv/CommandAck.srv
[2.392s] -- Up-to-date symlink: /home/nvidia/acfly_ws/install/mavros_msgs/share/mavros_msgs/srv/CommandAck_Request.msg
[2.392s] -- Up-to-date symlink: /home/nvidia/acfly_ws/install/mavros_msgs/share/mavros_msgs/srv/CommandAck_Response.msg
[2.392s] -- Up-to-date symlink: /home/nvidia/acfly_ws/install/mavros_msgs/share/mavros_msgs/srv/CommandBool.srv
[2.393s] -- Up-to-date symlink: /home/nvidia/acfly_ws/install/mavros_msgs/share/mavros_msgs/srv/CommandBool_Request.msg
[2.393s] -- Up-to-date symlink: /home/nvidia/acfly_ws/install/mavros_msgs/share/mavros_msgs/srv/CommandBool_Response.msg
[2.393s] -- Up-to-date symlink: /home/nvidia/acfly_ws/install/mavros_msgs/share/mavros_msgs/srv/CommandHome.srv
[2.393s] -- Up-to-date symlink: /home/nvidia/acfly_ws/install/mavros_msgs/share/mavros_msgs/srv/CommandHome_Request.msg
[2.394s] -- Up-to-date symlink: /home/nvidia/acfly_ws/install/mavros_msgs/share/mavros_msgs/srv/CommandHome_Response.msg
[2.394s] -- Up-to-date symlink: /home/nvidia/acfly_ws/install/mavros_msgs/share/mavros_msgs/srv/CommandInt.srv
[2.394s] -- Up-to-date symlink: /home/nvidia/acfly_ws/install/mavros_msgs/share/mavros_msgs/srv/CommandInt_Request.msg
[2.394s] -- Up-to-date symlink: /home/nvidia/acfly_ws/install/mavros_msgs/share/mavros_msgs/srv/CommandInt_Response.msg
[2.395s] -- Up-to-date symlink: /home/nvidia/acfly_ws/install/mavros_msgs/share/mavros_msgs/srv/CommandLong.srv
[2.395s] -- Up-to-date symlink: /home/nvidia/acfly_ws/install/mavros_msgs/share/mavros_msgs/srv/CommandLong_Request.msg
[2.395s] -- Up-to-date symlink: /home/nvidia/acfly_ws/install/mavros_msgs/share/mavros_msgs/srv/CommandLong_Response.msg
[2.395s] -- Up-to-date symlink: /home/nvidia/acfly_ws/install/mavros_msgs/share/mavros_msgs/srv/CommandTOL.srv
[2.395s] -- Up-to-date symlink: /home/nvidia/acfly_ws/install/mavros_msgs/share/mavros_msgs/srv/CommandTOL_Request.msg
[2.396s] -- Up-to-date symlink: /home/nvidia/acfly_ws/install/mavros_msgs/share/mavros_msgs/srv/CommandTOL_Response.msg
[2.396s] -- Up-to-date symlink: /home/nvidia/acfly_ws/install/mavros_msgs/share/mavros_msgs/srv/CommandTOLLocal.srv
[2.396s] -- Up-to-date symlink: /home/nvidia/acfly_ws/install/mavros_msgs/share/mavros_msgs/srv/CommandTOLLocal_Request.msg
[2.396s] -- Up-to-date symlink: /home/nvidia/acfly_ws/install/mavros_msgs/share/mavros_msgs/srv/CommandTOLLocal_Response.msg
[2.397s] -- Up-to-date symlink: /home/nvidia/acfly_ws/install/mavros_msgs/share/mavros_msgs/srv/CommandTriggerControl.srv
[2.397s] -- Up-to-date symlink: /home/nvidia/acfly_ws/install/mavros_msgs/share/mavros_msgs/srv/CommandTriggerControl_Request.msg
[2.397s] -- Up-to-date symlink: /home/nvidia/acfly_ws/install/mavros_msgs/share/mavros_msgs/srv/CommandTriggerControl_Response.msg
[2.398s] -- Up-to-date symlink: /home/nvidia/acfly_ws/install/mavros_msgs/share/mavros_msgs/srv/CommandTriggerInterval.srv
[2.398s] -- Up-to-date symlink: /home/nvidia/acfly_ws/install/mavros_msgs/share/mavros_msgs/srv/CommandTriggerInterval_Request.msg
[2.398s] -- Up-to-date symlink: /home/nvidia/acfly_ws/install/mavros_msgs/share/mavros_msgs/srv/CommandTriggerInterval_Response.msg
[2.399s] -- Up-to-date symlink: /home/nvidia/acfly_ws/install/mavros_msgs/share/mavros_msgs/srv/CommandVtolTransition.srv
[2.399s] -- Up-to-date symlink: /home/nvidia/acfly_ws/install/mavros_msgs/share/mavros_msgs/srv/CommandVtolTransition_Request.msg
[2.400s] -- Up-to-date symlink: /home/nvidia/acfly_ws/install/mavros_msgs/share/mavros_msgs/srv/CommandVtolTransition_Response.msg
[2.400s] -- Up-to-date symlink: /home/nvidia/acfly_ws/install/mavros_msgs/share/mavros_msgs/srv/EndpointAdd.srv
[2.401s] -- Up-to-date symlink: /home/nvidia/acfly_ws/install/mavros_msgs/share/mavros_msgs/srv/EndpointAdd_Request.msg
[2.401s] -- Up-to-date symlink: /home/nvidia/acfly_ws/install/mavros_msgs/share/mavros_msgs/srv/EndpointAdd_Response.msg
[2.402s] -- Up-to-date symlink: /home/nvidia/acfly_ws/install/mavros_msgs/share/mavros_msgs/srv/EndpointDel.srv
[2.402s] -- Up-to-date symlink: /home/nvidia/acfly_ws/install/mavros_msgs/share/mavros_msgs/srv/EndpointDel_Request.msg
[2.402s] -- Up-to-date symlink: /home/nvidia/acfly_ws/install/mavros_msgs/share/mavros_msgs/srv/EndpointDel_Response.msg
[2.403s] -- Up-to-date symlink: /home/nvidia/acfly_ws/install/mavros_msgs/share/mavros_msgs/srv/FileChecksum.srv
[2.403s] -- Up-to-date symlink: /home/nvidia/acfly_ws/install/mavros_msgs/share/mavros_msgs/srv/FileChecksum_Request.msg
[2.403s] -- Up-to-date symlink: /home/nvidia/acfly_ws/install/mavros_msgs/share/mavros_msgs/srv/FileChecksum_Response.msg
[2.404s] -- Up-to-date symlink: /home/nvidia/acfly_ws/install/mavros_msgs/share/mavros_msgs/srv/FileClose.srv
[2.404s] -- Up-to-date symlink: /home/nvidia/acfly_ws/install/mavros_msgs/share/mavros_msgs/srv/FileClose_Request.msg
[2.405s] -- Up-to-date symlink: /home/nvidia/acfly_ws/install/mavros_msgs/share/mavros_msgs/srv/FileClose_Response.msg
[2.405s] -- Up-to-date symlink: /home/nvidia/acfly_ws/install/mavros_msgs/share/mavros_msgs/srv/FileList.srv
[2.405s] -- Up-to-date symlink: /home/nvidia/acfly_ws/install/mavros_msgs/share/mavros_msgs/srv/FileList_Request.msg
[2.405s] -- Up-to-date symlink: /home/nvidia/acfly_ws/install/mavros_msgs/share/mavros_msgs/srv/FileList_Response.msg
[2.406s] -- Up-to-date symlink: /home/nvidia/acfly_ws/install/mavros_msgs/share/mavros_msgs/srv/FileMakeDir.srv
[2.406s] -- Up-to-date symlink: /home/nvidia/acfly_ws/install/mavros_msgs/share/mavros_msgs/srv/FileMakeDir_Request.msg
[2.406s] -- Up-to-date symlink: /home/nvidia/acfly_ws/install/mavros_msgs/share/mavros_msgs/srv/FileMakeDir_Response.msg
[2.407s] -- Up-to-date symlink: /home/nvidia/acfly_ws/install/mavros_msgs/share/mavros_msgs/srv/FileOpen.srv
[2.407s] -- Up-to-date symlink: /home/nvidia/acfly_ws/install/mavros_msgs/share/mavros_msgs/srv/FileOpen_Request.msg
[2.407s] -- Up-to-date symlink: /home/nvidia/acfly_ws/install/mavros_msgs/share/mavros_msgs/srv/FileOpen_Response.msg
[2.408s] -- Up-to-date symlink: /home/nvidia/acfly_ws/install/mavros_msgs/share/mavros_msgs/srv/FileRead.srv
[2.408s] -- Up-to-date symlink: /home/nvidia/acfly_ws/install/mavros_msgs/share/mavros_msgs/srv/FileRead_Request.msg
[2.408s] -- Up-to-date symlink: /home/nvidia/acfly_ws/install/mavros_msgs/share/mavros_msgs/srv/FileRead_Response.msg
[2.408s] -- Up-to-date symlink: /home/nvidia/acfly_ws/install/mavros_msgs/share/mavros_msgs/srv/FileRemove.srv
[2.409s] -- Up-to-date symlink: /home/nvidia/acfly_ws/install/mavros_msgs/share/mavros_msgs/srv/FileRemove_Request.msg
[2.409s] -- Up-to-date symlink: /home/nvidia/acfly_ws/install/mavros_msgs/share/mavros_msgs/srv/FileRemove_Response.msg
[2.409s] -- Up-to-date symlink: /home/nvidia/acfly_ws/install/mavros_msgs/share/mavros_msgs/srv/FileRemoveDir.srv
[2.410s] -- Up-to-date symlink: /home/nvidia/acfly_ws/install/mavros_msgs/share/mavros_msgs/srv/FileRemoveDir_Request.msg
[2.410s] -- Up-to-date symlink: /home/nvidia/acfly_ws/install/mavros_msgs/share/mavros_msgs/srv/FileRemoveDir_Response.msg
[2.410s] -- Up-to-date symlink: /home/nvidia/acfly_ws/install/mavros_msgs/share/mavros_msgs/srv/FileRename.srv
[2.411s] -- Up-to-date symlink: /home/nvidia/acfly_ws/install/mavros_msgs/share/mavros_msgs/srv/FileRename_Request.msg
[2.411s] -- Up-to-date symlink: /home/nvidia/acfly_ws/install/mavros_msgs/share/mavros_msgs/srv/FileRename_Response.msg
[2.411s] -- Up-to-date symlink: /home/nvidia/acfly_ws/install/mavros_msgs/share/mavros_msgs/srv/FileTruncate.srv
[2.411s] -- Up-to-date symlink: /home/nvidia/acfly_ws/install/mavros_msgs/share/mavros_msgs/srv/FileTruncate_Request.msg
[2.412s] -- Up-to-date symlink: /home/nvidia/acfly_ws/install/mavros_msgs/share/mavros_msgs/srv/FileTruncate_Response.msg
[2.412s] -- Up-to-date symlink: /home/nvidia/acfly_ws/install/mavros_msgs/share/mavros_msgs/srv/FileWrite.srv
[2.412s] -- Up-to-date symlink: /home/nvidia/acfly_ws/install/mavros_msgs/share/mavros_msgs/srv/FileWrite_Request.msg
[2.412s] -- Up-to-date symlink: /home/nvidia/acfly_ws/install/mavros_msgs/share/mavros_msgs/srv/FileWrite_Response.msg
[2.413s] -- Up-to-date symlink: /home/nvidia/acfly_ws/install/mavros_msgs/share/mavros_msgs/srv/GimbalGetInformation.srv
[2.413s] -- Up-to-date symlink: /home/nvidia/acfly_ws/install/mavros_msgs/share/mavros_msgs/srv/GimbalGetInformation_Request.msg
[2.413s] -- Up-to-date symlink: /home/nvidia/acfly_ws/install/mavros_msgs/share/mavros_msgs/srv/GimbalGetInformation_Response.msg
[2.414s] -- Up-to-date symlink: /home/nvidia/acfly_ws/install/mavros_msgs/share/mavros_msgs/srv/GimbalManagerCameraTrack.srv
[2.414s] -- Up-to-date symlink: /home/nvidia/acfly_ws/install/mavros_msgs/share/mavros_msgs/srv/GimbalManagerCameraTrack_Request.msg
[2.414s] -- Up-to-date symlink: /home/nvidia/acfly_ws/install/mavros_msgs/share/mavros_msgs/srv/GimbalManagerCameraTrack_Response.msg
[2.414s] -- Up-to-date symlink: /home/nvidia/acfly_ws/install/mavros_msgs/share/mavros_msgs/srv/GimbalManagerConfigure.srv
[2.415s] -- Up-to-date symlink: /home/nvidia/acfly_ws/install/mavros_msgs/share/mavros_msgs/srv/GimbalManagerConfigure_Request.msg
[2.415s] -- Up-to-date symlink: /home/nvidia/acfly_ws/install/mavros_msgs/share/mavros_msgs/srv/GimbalManagerConfigure_Response.msg
[2.415s] -- Up-to-date symlink: /home/nvidia/acfly_ws/install/mavros_msgs/share/mavros_msgs/srv/GimbalManagerPitchyaw.srv
[2.415s] -- Up-to-date symlink: /home/nvidia/acfly_ws/install/mavros_msgs/share/mavros_msgs/srv/GimbalManagerPitchyaw_Request.msg
[2.416s] -- Up-to-date symlink: /home/nvidia/acfly_ws/install/mavros_msgs/share/mavros_msgs/srv/GimbalManagerPitchyaw_Response.msg
[2.416s] -- Up-to-date symlink: /home/nvidia/acfly_ws/install/mavros_msgs/share/mavros_msgs/srv/GimbalManagerSetRoi.srv
[2.416s] -- Up-to-date symlink: /home/nvidia/acfly_ws/install/mavros_msgs/share/mavros_msgs/srv/GimbalManagerSetRoi_Request.msg
[2.416s] -- Up-to-date symlink: /home/nvidia/acfly_ws/install/mavros_msgs/share/mavros_msgs/srv/GimbalManagerSetRoi_Response.msg
[2.416s] -- Up-to-date symlink: /home/nvidia/acfly_ws/install/mavros_msgs/share/mavros_msgs/srv/LogRequestData.srv
[2.417s] -- Up-to-date symlink: /home/nvidia/acfly_ws/install/mavros_msgs/share/mavros_msgs/srv/LogRequestData_Request.msg
[2.417s] -- Up-to-date symlink: /home/nvidia/acfly_ws/install/mavros_msgs/share/mavros_msgs/srv/LogRequestData_Response.msg
[2.417s] -- Up-to-date symlink: /home/nvidia/acfly_ws/install/mavros_msgs/share/mavros_msgs/srv/LogRequestEnd.srv
[2.417s] -- Up-to-date symlink: /home/nvidia/acfly_ws/install/mavros_msgs/share/mavros_msgs/srv/LogRequestEnd_Request.msg
[2.417s] -- Up-to-date symlink: /home/nvidia/acfly_ws/install/mavros_msgs/share/mavros_msgs/srv/LogRequestEnd_Response.msg
[2.418s] -- Up-to-date symlink: /home/nvidia/acfly_ws/install/mavros_msgs/share/mavros_msgs/srv/LogRequestList.srv
[2.418s] -- Up-to-date symlink: /home/nvidia/acfly_ws/install/mavros_msgs/share/mavros_msgs/srv/LogRequestList_Request.msg
[2.418s] -- Up-to-date symlink: /home/nvidia/acfly_ws/install/mavros_msgs/share/mavros_msgs/srv/LogRequestList_Response.msg
[2.418s] -- Up-to-date symlink: /home/nvidia/acfly_ws/install/mavros_msgs/share/mavros_msgs/srv/MessageInterval.srv
[2.418s] -- Up-to-date symlink: /home/nvidia/acfly_ws/install/mavros_msgs/share/mavros_msgs/srv/MessageInterval_Request.msg
[2.419s] -- Up-to-date symlink: /home/nvidia/acfly_ws/install/mavros_msgs/share/mavros_msgs/srv/MessageInterval_Response.msg
[2.419s] -- Up-to-date symlink: /home/nvidia/acfly_ws/install/mavros_msgs/share/mavros_msgs/srv/MountConfigure.srv
[2.419s] -- Up-to-date symlink: /home/nvidia/acfly_ws/install/mavros_msgs/share/mavros_msgs/srv/MountConfigure_Request.msg
[2.419s] -- Up-to-date symlink: /home/nvidia/acfly_ws/install/mavros_msgs/share/mavros_msgs/srv/MountConfigure_Response.msg
[2.419s] -- Up-to-date symlink: /home/nvidia/acfly_ws/install/mavros_msgs/share/mavros_msgs/srv/ParamGet.srv
[2.420s] -- Up-to-date symlink: /home/nvidia/acfly_ws/install/mavros_msgs/share/mavros_msgs/srv/ParamGet_Request.msg
[2.420s] -- Up-to-date symlink: /home/nvidia/acfly_ws/install/mavros_msgs/share/mavros_msgs/srv/ParamGet_Response.msg
[2.420s] -- Up-to-date symlink: /home/nvidia/acfly_ws/install/mavros_msgs/share/mavros_msgs/srv/ParamPull.srv
[2.420s] -- Up-to-date symlink: /home/nvidia/acfly_ws/install/mavros_msgs/share/mavros_msgs/srv/ParamPull_Request.msg
[2.420s] -- Up-to-date symlink: /home/nvidia/acfly_ws/install/mavros_msgs/share/mavros_msgs/srv/ParamPull_Response.msg
[2.421s] -- Up-to-date symlink: /home/nvidia/acfly_ws/install/mavros_msgs/share/mavros_msgs/srv/ParamPush.srv
[2.421s] -- Up-to-date symlink: /home/nvidia/acfly_ws/install/mavros_msgs/share/mavros_msgs/srv/ParamPush_Request.msg
[2.421s] -- Up-to-date symlink: /home/nvidia/acfly_ws/install/mavros_msgs/share/mavros_msgs/srv/ParamPush_Response.msg
[2.421s] -- Up-to-date symlink: /home/nvidia/acfly_ws/install/mavros_msgs/share/mavros_msgs/srv/ParamSet.srv
[2.421s] -- Up-to-date symlink: /home/nvidia/acfly_ws/install/mavros_msgs/share/mavros_msgs/srv/ParamSet_Request.msg
[2.422s] -- Up-to-date symlink: /home/nvidia/acfly_ws/install/mavros_msgs/share/mavros_msgs/srv/ParamSet_Response.msg
[2.422s] -- Up-to-date symlink: /home/nvidia/acfly_ws/install/mavros_msgs/share/mavros_msgs/srv/ParamSetV2.srv
[2.422s] -- Up-to-date symlink: /home/nvidia/acfly_ws/install/mavros_msgs/share/mavros_msgs/srv/ParamSetV2_Request.msg
[2.422s] -- Up-to-date symlink: /home/nvidia/acfly_ws/install/mavros_msgs/share/mavros_msgs/srv/ParamSetV2_Response.msg
[2.422s] -- Up-to-date symlink: /home/nvidia/acfly_ws/install/mavros_msgs/share/mavros_msgs/srv/SetMavFrame.srv
[2.423s] -- Up-to-date symlink: /home/nvidia/acfly_ws/install/mavros_msgs/share/mavros_msgs/srv/SetMavFrame_Request.msg
[2.423s] -- Up-to-date symlink: /home/nvidia/acfly_ws/install/mavros_msgs/share/mavros_msgs/srv/SetMavFrame_Response.msg
[2.423s] -- Up-to-date symlink: /home/nvidia/acfly_ws/install/mavros_msgs/share/mavros_msgs/srv/SetMode.srv
[2.423s] -- Up-to-date symlink: /home/nvidia/acfly_ws/install/mavros_msgs/share/mavros_msgs/srv/SetMode_Request.msg
[2.423s] -- Up-to-date symlink: /home/nvidia/acfly_ws/install/mavros_msgs/share/mavros_msgs/srv/SetMode_Response.msg
[2.424s] -- Up-to-date symlink: /home/nvidia/acfly_ws/install/mavros_msgs/share/mavros_msgs/srv/StreamRate.srv
[2.424s] -- Up-to-date symlink: /home/nvidia/acfly_ws/install/mavros_msgs/share/mavros_msgs/srv/StreamRate_Request.msg
[2.424s] -- Up-to-date symlink: /home/nvidia/acfly_ws/install/mavros_msgs/share/mavros_msgs/srv/StreamRate_Response.msg
[2.424s] -- Up-to-date symlink: /home/nvidia/acfly_ws/install/mavros_msgs/share/mavros_msgs/srv/VehicleInfoGet.srv
[2.424s] -- Up-to-date symlink: /home/nvidia/acfly_ws/install/mavros_msgs/share/mavros_msgs/srv/VehicleInfoGet_Request.msg
[2.425s] -- Up-to-date symlink: /home/nvidia/acfly_ws/install/mavros_msgs/share/mavros_msgs/srv/VehicleInfoGet_Response.msg
[2.425s] -- Up-to-date symlink: /home/nvidia/acfly_ws/install/mavros_msgs/share/mavros_msgs/srv/WaypointClear.srv
[2.425s] -- Up-to-date symlink: /home/nvidia/acfly_ws/install/mavros_msgs/share/mavros_msgs/srv/WaypointClear_Request.msg
[2.425s] -- Up-to-date symlink: /home/nvidia/acfly_ws/install/mavros_msgs/share/mavros_msgs/srv/WaypointClear_Response.msg
[2.425s] -- Up-to-date symlink: /home/nvidia/acfly_ws/install/mavros_msgs/share/mavros_msgs/srv/WaypointPull.srv
[2.425s] -- Up-to-date symlink: /home/nvidia/acfly_ws/install/mavros_msgs/share/mavros_msgs/srv/WaypointPull_Request.msg
[2.426s] -- Up-to-date symlink: /home/nvidia/acfly_ws/install/mavros_msgs/share/mavros_msgs/srv/WaypointPull_Response.msg
[2.426s] -- Up-to-date symlink: /home/nvidia/acfly_ws/install/mavros_msgs/share/mavros_msgs/srv/WaypointPush.srv
[2.426s] -- Up-to-date symlink: /home/nvidia/acfly_ws/install/mavros_msgs/share/mavros_msgs/srv/WaypointPush_Request.msg
[2.426s] -- Up-to-date symlink: /home/nvidia/acfly_ws/install/mavros_msgs/share/mavros_msgs/srv/WaypointPush_Response.msg
[2.426s] -- Up-to-date symlink: /home/nvidia/acfly_ws/install/mavros_msgs/share/mavros_msgs/srv/WaypointSetCurrent.srv
[2.427s] -- Up-to-date symlink: /home/nvidia/acfly_ws/install/mavros_msgs/share/mavros_msgs/srv/WaypointSetCurrent_Request.msg
[2.427s] -- Up-to-date symlink: /home/nvidia/acfly_ws/install/mavros_msgs/share/mavros_msgs/srv/WaypointSetCurrent_Response.msg
[2.427s] -- Up-to-date symlink: /home/nvidia/acfly_ws/install/mavros_msgs/share/mavros_msgs/mavros_msgs_mapping_rule.yaml
[2.427s] -- Up-to-date symlink: /home/nvidia/acfly_ws/install/mavros_msgs/share/ament_index/resource_index/package_run_dependencies/mavros_msgs
[2.427s] -- Up-to-date symlink: /home/nvidia/acfly_ws/install/mavros_msgs/share/ament_index/resource_index/parent_prefix_path/mavros_msgs
[2.427s] -- Up-to-date symlink: /home/nvidia/acfly_ws/install/mavros_msgs/share/mavros_msgs/environment/ament_prefix_path.sh
[2.428s] -- Up-to-date symlink: /home/nvidia/acfly_ws/install/mavros_msgs/share/mavros_msgs/environment/ament_prefix_path.dsv
[2.428s] -- Up-to-date symlink: /home/nvidia/acfly_ws/install/mavros_msgs/share/mavros_msgs/environment/path.sh
[2.428s] -- Up-to-date symlink: /home/nvidia/acfly_ws/install/mavros_msgs/share/mavros_msgs/environment/path.dsv
[2.428s] -- Up-to-date symlink: /home/nvidia/acfly_ws/install/mavros_msgs/share/mavros_msgs/local_setup.bash
[2.428s] -- Up-to-date symlink: /home/nvidia/acfly_ws/install/mavros_msgs/share/mavros_msgs/local_setup.sh
[2.429s] -- Up-to-date symlink: /home/nvidia/acfly_ws/install/mavros_msgs/share/mavros_msgs/local_setup.zsh
[2.429s] -- Up-to-date symlink: /home/nvidia/acfly_ws/install/mavros_msgs/share/mavros_msgs/local_setup.dsv
[2.429s] -- Symlinking: /home/nvidia/acfly_ws/install/mavros_msgs/share/mavros_msgs/package.dsv
[2.434s] -- Up-to-date symlink: /home/nvidia/acfly_ws/install/mavros_msgs/share/ament_index/resource_index/packages/mavros_msgs
[2.435s] -- Up-to-date symlink: /home/nvidia/acfly_ws/install/mavros_msgs/share/mavros_msgs/cmake/rosidl_cmake-extras.cmake
[2.435s] -- Up-to-date symlink: /home/nvidia/acfly_ws/install/mavros_msgs/share/mavros_msgs/cmake/ament_cmake_export_dependencies-extras.cmake
[2.435s] -- Up-to-date symlink: /home/nvidia/acfly_ws/install/mavros_msgs/share/mavros_msgs/cmake/ament_cmake_export_include_directories-extras.cmake
[2.435s] -- Up-to-date symlink: /home/nvidia/acfly_ws/install/mavros_msgs/share/mavros_msgs/cmake/ament_cmake_export_libraries-extras.cmake
[2.436s] -- Up-to-date symlink: /home/nvidia/acfly_ws/install/mavros_msgs/share/mavros_msgs/cmake/ament_cmake_export_targets-extras.cmake
[2.436s] -- Up-to-date symlink: /home/nvidia/acfly_ws/install/mavros_msgs/share/mavros_msgs/cmake/rosidl_cmake_export_typesupport_targets-extras.cmake
[2.436s] -- Up-to-date symlink: /home/nvidia/acfly_ws/install/mavros_msgs/share/mavros_msgs/cmake/rosidl_cmake_export_typesupport_libraries-extras.cmake
[2.436s] -- Up-to-date symlink: /home/nvidia/acfly_ws/install/mavros_msgs/share/mavros_msgs/cmake/rosidl_cmake_aggregate_target-extras.cmake
[2.436s] -- Up-to-date symlink: /home/nvidia/acfly_ws/install/mavros_msgs/share/mavros_msgs/cmake/mavros_msgsConfig.cmake
[2.437s] -- Up-to-date symlink: /home/nvidia/acfly_ws/install/mavros_msgs/share/mavros_msgs/cmake/mavros_msgsConfig-version.cmake
[2.437s] -- Up-to-date symlink: /home/nvidia/acfly_ws/install/mavros_msgs/share/mavros_msgs/package.xml
[2.441s] -- Installing: /home/nvidia/acfly_ws/install/mavros_msgs/lib/libmavros_msgs__rosidl_generator_c.so
[2.444s] -- Set runtime path of "/home/nvidia/acfly_ws/install/mavros_msgs/lib/libmavros_msgs__rosidl_generator_c.so" to ""
[2.444s] -- Installing: /home/nvidia/acfly_ws/install/mavros_msgs/lib/libmavros_msgs__rosidl_typesupport_fastrtps_c.so
[2.447s] -- Set runtime path of "/home/nvidia/acfly_ws/install/mavros_msgs/lib/libmavros_msgs__rosidl_typesupport_fastrtps_c.so" to ""
[2.448s] -- Installing: /home/nvidia/acfly_ws/install/mavros_msgs/lib/libmavros_msgs__rosidl_typesupport_introspection_c.so
[2.450s] -- Set runtime path of "/home/nvidia/acfly_ws/install/mavros_msgs/lib/libmavros_msgs__rosidl_typesupport_introspection_c.so" to ""
[2.451s] -- Installing: /home/nvidia/acfly_ws/install/mavros_msgs/lib/libmavros_msgs__rosidl_typesupport_c.so
[2.453s] -- Set runtime path of "/home/nvidia/acfly_ws/install/mavros_msgs/lib/libmavros_msgs__rosidl_typesupport_c.so" to ""
[2.453s] -- Installing: /home/nvidia/acfly_ws/install/mavros_msgs/lib/libmavros_msgs__rosidl_typesupport_fastrtps_cpp.so
[2.457s] -- Set runtime path of "/home/nvidia/acfly_ws/install/mavros_msgs/lib/libmavros_msgs__rosidl_typesupport_fastrtps_cpp.so" to ""
[2.458s] -- Installing: /home/nvidia/acfly_ws/install/mavros_msgs/lib/libmavros_msgs__rosidl_typesupport_introspection_cpp.so
[2.462s] -- Set runtime path of "/home/nvidia/acfly_ws/install/mavros_msgs/lib/libmavros_msgs__rosidl_typesupport_introspection_cpp.so" to ""
[2.462s] -- Installing: /home/nvidia/acfly_ws/install/mavros_msgs/lib/libmavros_msgs__rosidl_typesupport_cpp.so
[2.464s] -- Set runtime path of "/home/nvidia/acfly_ws/install/mavros_msgs/lib/libmavros_msgs__rosidl_typesupport_cpp.so" to ""
[2.682s] Listing '/home/nvidia/acfly_ws/install/mavros_msgs/local/lib/python3.10/dist-packages/mavros_msgs'...
[2.682s] Compiling '/home/nvidia/acfly_ws/install/mavros_msgs/local/lib/python3.10/dist-packages/mavros_msgs/__init__.py'...
[2.682s] Listing '/home/nvidia/acfly_ws/install/mavros_msgs/local/lib/python3.10/dist-packages/mavros_msgs/msg'...
[2.682s] Compiling '/home/nvidia/acfly_ws/install/mavros_msgs/local/lib/python3.10/dist-packages/mavros_msgs/msg/__init__.py'...
[2.682s] Compiling '/home/nvidia/acfly_ws/install/mavros_msgs/local/lib/python3.10/dist-packages/mavros_msgs/msg/_actuator_control.py'...
[2.682s] Compiling '/home/nvidia/acfly_ws/install/mavros_msgs/local/lib/python3.10/dist-packages/mavros_msgs/msg/_adsb_vehicle.py'...
[2.682s] Compiling '/home/nvidia/acfly_ws/install/mavros_msgs/local/lib/python3.10/dist-packages/mavros_msgs/msg/_altitude.py'...
[2.682s] Compiling '/home/nvidia/acfly_ws/install/mavros_msgs/local/lib/python3.10/dist-packages/mavros_msgs/msg/_attitude_target.py'...
[2.683s] Compiling '/home/nvidia/acfly_ws/install/mavros_msgs/local/lib/python3.10/dist-packages/mavros_msgs/msg/_cam_imu_stamp.py'...
[2.683s] Compiling '/home/nvidia/acfly_ws/install/mavros_msgs/local/lib/python3.10/dist-packages/mavros_msgs/msg/_camera_image_captured.py'...
[2.683s] Compiling '/home/nvidia/acfly_ws/install/mavros_msgs/local/lib/python3.10/dist-packages/mavros_msgs/msg/_cellular_status.py'...
[2.683s] Compiling '/home/nvidia/acfly_ws/install/mavros_msgs/local/lib/python3.10/dist-packages/mavros_msgs/msg/_command_code.py'...
[2.683s] Compiling '/home/nvidia/acfly_ws/install/mavros_msgs/local/lib/python3.10/dist-packages/mavros_msgs/msg/_companion_process_status.py'...
[2.683s] Compiling '/home/nvidia/acfly_ws/install/mavros_msgs/local/lib/python3.10/dist-packages/mavros_msgs/msg/_debug_value.py'...
[2.683s] Compiling '/home/nvidia/acfly_ws/install/mavros_msgs/local/lib/python3.10/dist-packages/mavros_msgs/msg/_esc_info.py'...
[2.683s] Compiling '/home/nvidia/acfly_ws/install/mavros_msgs/local/lib/python3.10/dist-packages/mavros_msgs/msg/_esc_info_item.py'...
[2.683s] Compiling '/home/nvidia/acfly_ws/install/mavros_msgs/local/lib/python3.10/dist-packages/mavros_msgs/msg/_esc_status.py'...
[2.683s] Compiling '/home/nvidia/acfly_ws/install/mavros_msgs/local/lib/python3.10/dist-packages/mavros_msgs/msg/_esc_status_item.py'...
[2.684s] Compiling '/home/nvidia/acfly_ws/install/mavros_msgs/local/lib/python3.10/dist-packages/mavros_msgs/msg/_esc_telemetry.py'...
[2.684s] Compiling '/home/nvidia/acfly_ws/install/mavros_msgs/local/lib/python3.10/dist-packages/mavros_msgs/msg/_esc_telemetry_item.py'...
[2.684s] Compiling '/home/nvidia/acfly_ws/install/mavros_msgs/local/lib/python3.10/dist-packages/mavros_msgs/msg/_estimator_status.py'...
[2.684s] Compiling '/home/nvidia/acfly_ws/install/mavros_msgs/local/lib/python3.10/dist-packages/mavros_msgs/msg/_extended_state.py'...
[2.684s] Compiling '/home/nvidia/acfly_ws/install/mavros_msgs/local/lib/python3.10/dist-packages/mavros_msgs/msg/_file_entry.py'...
[2.684s] Compiling '/home/nvidia/acfly_ws/install/mavros_msgs/local/lib/python3.10/dist-packages/mavros_msgs/msg/_gimbal_device_attitude_status.py'...
[2.684s] Compiling '/home/nvidia/acfly_ws/install/mavros_msgs/local/lib/python3.10/dist-packages/mavros_msgs/msg/_gimbal_device_information.py'...
[2.684s] Compiling '/home/nvidia/acfly_ws/install/mavros_msgs/local/lib/python3.10/dist-packages/mavros_msgs/msg/_gimbal_device_set_attitude.py'...
[2.684s] Compiling '/home/nvidia/acfly_ws/install/mavros_msgs/local/lib/python3.10/dist-packages/mavros_msgs/msg/_gimbal_manager_information.py'...
[2.684s] Compiling '/home/nvidia/acfly_ws/install/mavros_msgs/local/lib/python3.10/dist-packages/mavros_msgs/msg/_gimbal_manager_set_attitude.py'...
[2.685s] Compiling '/home/nvidia/acfly_ws/install/mavros_msgs/local/lib/python3.10/dist-packages/mavros_msgs/msg/_gimbal_manager_set_pitchyaw.py'...
[2.685s] Compiling '/home/nvidia/acfly_ws/install/mavros_msgs/local/lib/python3.10/dist-packages/mavros_msgs/msg/_gimbal_manager_status.py'...
[2.685s] Compiling '/home/nvidia/acfly_ws/install/mavros_msgs/local/lib/python3.10/dist-packages/mavros_msgs/msg/_global_position_target.py'...
[2.685s] Compiling '/home/nvidia/acfly_ws/install/mavros_msgs/local/lib/python3.10/dist-packages/mavros_msgs/msg/_gpsinput.py'...
[2.685s] Compiling '/home/nvidia/acfly_ws/install/mavros_msgs/local/lib/python3.10/dist-packages/mavros_msgs/msg/_gpsraw.py'...
[2.685s] Compiling '/home/nvidia/acfly_ws/install/mavros_msgs/local/lib/python3.10/dist-packages/mavros_msgs/msg/_gpsrtk.py'...
[2.685s] Compiling '/home/nvidia/acfly_ws/install/mavros_msgs/local/lib/python3.10/dist-packages/mavros_msgs/msg/_hil_actuator_controls.py'...
[2.685s] Compiling '/home/nvidia/acfly_ws/install/mavros_msgs/local/lib/python3.10/dist-packages/mavros_msgs/msg/_hil_controls.py'...
[2.685s] Compiling '/home/nvidia/acfly_ws/install/mavros_msgs/local/lib/python3.10/dist-packages/mavros_msgs/msg/_hil_gps.py'...
[2.685s] Compiling '/home/nvidia/acfly_ws/install/mavros_msgs/local/lib/python3.10/dist-packages/mavros_msgs/msg/_hil_sensor.py'...
[2.686s] Compiling '/home/nvidia/acfly_ws/install/mavros_msgs/local/lib/python3.10/dist-packages/mavros_msgs/msg/_hil_state_quaternion.py'...
[2.686s] Compiling '/home/nvidia/acfly_ws/install/mavros_msgs/local/lib/python3.10/dist-packages/mavros_msgs/msg/_home_position.py'...
[2.686s] Compiling '/home/nvidia/acfly_ws/install/mavros_msgs/local/lib/python3.10/dist-packages/mavros_msgs/msg/_landing_target.py'...
[2.686s] Compiling '/home/nvidia/acfly_ws/install/mavros_msgs/local/lib/python3.10/dist-packages/mavros_msgs/msg/_log_data.py'...
[2.686s] Compiling '/home/nvidia/acfly_ws/install/mavros_msgs/local/lib/python3.10/dist-packages/mavros_msgs/msg/_log_entry.py'...
[2.686s] Compiling '/home/nvidia/acfly_ws/install/mavros_msgs/local/lib/python3.10/dist-packages/mavros_msgs/msg/_magnetometer_reporter.py'...
[2.686s] Compiling '/home/nvidia/acfly_ws/install/mavros_msgs/local/lib/python3.10/dist-packages/mavros_msgs/msg/_manual_control.py'...
[2.686s] Compiling '/home/nvidia/acfly_ws/install/mavros_msgs/local/lib/python3.10/dist-packages/mavros_msgs/msg/_mavlink.py'...
[2.686s] Compiling '/home/nvidia/acfly_ws/install/mavros_msgs/local/lib/python3.10/dist-packages/mavros_msgs/msg/_mount_control.py'...
[2.686s] Compiling '/home/nvidia/acfly_ws/install/mavros_msgs/local/lib/python3.10/dist-packages/mavros_msgs/msg/_nav_controller_output.py'...
[2.687s] Compiling '/home/nvidia/acfly_ws/install/mavros_msgs/local/lib/python3.10/dist-packages/mavros_msgs/msg/_onboard_computer_status.py'...
[2.687s] Compiling '/home/nvidia/acfly_ws/install/mavros_msgs/local/lib/python3.10/dist-packages/mavros_msgs/msg/_open_drone_id_basic_id.py'...
[2.687s] Compiling '/home/nvidia/acfly_ws/install/mavros_msgs/local/lib/python3.10/dist-packages/mavros_msgs/msg/_open_drone_id_operator_id.py'...
[2.687s] Compiling '/home/nvidia/acfly_ws/install/mavros_msgs/local/lib/python3.10/dist-packages/mavros_msgs/msg/_open_drone_id_self_id.py'...
[2.687s] Compiling '/home/nvidia/acfly_ws/install/mavros_msgs/local/lib/python3.10/dist-packages/mavros_msgs/msg/_open_drone_id_system.py'...
[2.687s] Compiling '/home/nvidia/acfly_ws/install/mavros_msgs/local/lib/python3.10/dist-packages/mavros_msgs/msg/_open_drone_id_system_update.py'...
[2.687s] Compiling '/home/nvidia/acfly_ws/install/mavros_msgs/local/lib/python3.10/dist-packages/mavros_msgs/msg/_optical_flow.py'...
[2.687s] Compiling '/home/nvidia/acfly_ws/install/mavros_msgs/local/lib/python3.10/dist-packages/mavros_msgs/msg/_optical_flow_rad.py'...
[2.687s] Compiling '/home/nvidia/acfly_ws/install/mavros_msgs/local/lib/python3.10/dist-packages/mavros_msgs/msg/_override_rc_in.py'...
[2.687s] Compiling '/home/nvidia/acfly_ws/install/mavros_msgs/local/lib/python3.10/dist-packages/mavros_msgs/msg/_param.py'...
[2.688s] Compiling '/home/nvidia/acfly_ws/install/mavros_msgs/local/lib/python3.10/dist-packages/mavros_msgs/msg/_param_event.py'...
[2.688s] Compiling '/home/nvidia/acfly_ws/install/mavros_msgs/local/lib/python3.10/dist-packages/mavros_msgs/msg/_param_value.py'...
[2.688s] Compiling '/home/nvidia/acfly_ws/install/mavros_msgs/local/lib/python3.10/dist-packages/mavros_msgs/msg/_play_tune_v2.py'...
[2.688s] Compiling '/home/nvidia/acfly_ws/install/mavros_msgs/local/lib/python3.10/dist-packages/mavros_msgs/msg/_position_target.py'...
[2.688s] Compiling '/home/nvidia/acfly_ws/install/mavros_msgs/local/lib/python3.10/dist-packages/mavros_msgs/msg/_radio_status.py'...
[2.688s] Compiling '/home/nvidia/acfly_ws/install/mavros_msgs/local/lib/python3.10/dist-packages/mavros_msgs/msg/_rc_in.py'...
[2.856s] Compiling '/home/nvidia/acfly_ws/install/mavros_msgs/local/lib/python3.10/dist-packages/mavros_msgs/msg/_rc_out.py'...
[2.856s] Compiling '/home/nvidia/acfly_ws/install/mavros_msgs/local/lib/python3.10/dist-packages/mavros_msgs/msg/_rtcm.py'...
[2.856s] Compiling '/home/nvidia/acfly_ws/install/mavros_msgs/local/lib/python3.10/dist-packages/mavros_msgs/msg/_rtk_baseline.py'...
[2.856s] Compiling '/home/nvidia/acfly_ws/install/mavros_msgs/local/lib/python3.10/dist-packages/mavros_msgs/msg/_state.py'...
[2.856s] Compiling '/home/nvidia/acfly_ws/install/mavros_msgs/local/lib/python3.10/dist-packages/mavros_msgs/msg/_status_event.py'...
[2.856s] Compiling '/home/nvidia/acfly_ws/install/mavros_msgs/local/lib/python3.10/dist-packages/mavros_msgs/msg/_status_text.py'...
[2.857s] Compiling '/home/nvidia/acfly_ws/install/mavros_msgs/local/lib/python3.10/dist-packages/mavros_msgs/msg/_sys_status.py'...
[2.857s] Compiling '/home/nvidia/acfly_ws/install/mavros_msgs/local/lib/python3.10/dist-packages/mavros_msgs/msg/_terrain_report.py'...
[2.857s] Compiling '/home/nvidia/acfly_ws/install/mavros_msgs/local/lib/python3.10/dist-packages/mavros_msgs/msg/_thrust.py'...
[2.857s] Compiling '/home/nvidia/acfly_ws/install/mavros_msgs/local/lib/python3.10/dist-packages/mavros_msgs/msg/_timesync_status.py'...
[2.857s] Compiling '/home/nvidia/acfly_ws/install/mavros_msgs/local/lib/python3.10/dist-packages/mavros_msgs/msg/_trajectory.py'...
[2.857s] Compiling '/home/nvidia/acfly_ws/install/mavros_msgs/local/lib/python3.10/dist-packages/mavros_msgs/msg/_tunnel.py'...
[2.857s] Compiling '/home/nvidia/acfly_ws/install/mavros_msgs/local/lib/python3.10/dist-packages/mavros_msgs/msg/_vehicle_info.py'...
[2.857s] Compiling '/home/nvidia/acfly_ws/install/mavros_msgs/local/lib/python3.10/dist-packages/mavros_msgs/msg/_vfr_hud.py'...
[2.857s] Compiling '/home/nvidia/acfly_ws/install/mavros_msgs/local/lib/python3.10/dist-packages/mavros_msgs/msg/_vibration.py'...
[2.857s] Compiling '/home/nvidia/acfly_ws/install/mavros_msgs/local/lib/python3.10/dist-packages/mavros_msgs/msg/_waypoint.py'...
[2.858s] Compiling '/home/nvidia/acfly_ws/install/mavros_msgs/local/lib/python3.10/dist-packages/mavros_msgs/msg/_waypoint_list.py'...
[2.858s] Compiling '/home/nvidia/acfly_ws/install/mavros_msgs/local/lib/python3.10/dist-packages/mavros_msgs/msg/_waypoint_reached.py'...
[2.858s] Compiling '/home/nvidia/acfly_ws/install/mavros_msgs/local/lib/python3.10/dist-packages/mavros_msgs/msg/_wheel_odom_stamped.py'...
[2.858s] Listing '/home/nvidia/acfly_ws/install/mavros_msgs/local/lib/python3.10/dist-packages/mavros_msgs/srv'...
[2.858s] Compiling '/home/nvidia/acfly_ws/install/mavros_msgs/local/lib/python3.10/dist-packages/mavros_msgs/srv/__init__.py'...
[2.858s] Compiling '/home/nvidia/acfly_ws/install/mavros_msgs/local/lib/python3.10/dist-packages/mavros_msgs/srv/_command_ack.py'...
[2.858s] Compiling '/home/nvidia/acfly_ws/install/mavros_msgs/local/lib/python3.10/dist-packages/mavros_msgs/srv/_command_bool.py'...
[2.858s] Compiling '/home/nvidia/acfly_ws/install/mavros_msgs/local/lib/python3.10/dist-packages/mavros_msgs/srv/_command_home.py'...
[2.858s] Compiling '/home/nvidia/acfly_ws/install/mavros_msgs/local/lib/python3.10/dist-packages/mavros_msgs/srv/_command_int.py'...
[2.858s] Compiling '/home/nvidia/acfly_ws/install/mavros_msgs/local/lib/python3.10/dist-packages/mavros_msgs/srv/_command_long.py'...
[2.858s] Compiling '/home/nvidia/acfly_ws/install/mavros_msgs/local/lib/python3.10/dist-packages/mavros_msgs/srv/_command_tol.py'...
[2.859s] Compiling '/home/nvidia/acfly_ws/install/mavros_msgs/local/lib/python3.10/dist-packages/mavros_msgs/srv/_command_tol_local.py'...
[2.859s] Compiling '/home/nvidia/acfly_ws/install/mavros_msgs/local/lib/python3.10/dist-packages/mavros_msgs/srv/_command_trigger_control.py'...
[2.859s] Compiling '/home/nvidia/acfly_ws/install/mavros_msgs/local/lib/python3.10/dist-packages/mavros_msgs/srv/_command_trigger_interval.py'...
[2.859s] Compiling '/home/nvidia/acfly_ws/install/mavros_msgs/local/lib/python3.10/dist-packages/mavros_msgs/srv/_command_vtol_transition.py'...
[2.859s] Compiling '/home/nvidia/acfly_ws/install/mavros_msgs/local/lib/python3.10/dist-packages/mavros_msgs/srv/_endpoint_add.py'...
[2.859s] Compiling '/home/nvidia/acfly_ws/install/mavros_msgs/local/lib/python3.10/dist-packages/mavros_msgs/srv/_endpoint_del.py'...
[2.859s] Compiling '/home/nvidia/acfly_ws/install/mavros_msgs/local/lib/python3.10/dist-packages/mavros_msgs/srv/_file_checksum.py'...
[2.859s] Compiling '/home/nvidia/acfly_ws/install/mavros_msgs/local/lib/python3.10/dist-packages/mavros_msgs/srv/_file_close.py'...
[2.859s] Compiling '/home/nvidia/acfly_ws/install/mavros_msgs/local/lib/python3.10/dist-packages/mavros_msgs/srv/_file_list.py'...
[2.859s] Compiling '/home/nvidia/acfly_ws/install/mavros_msgs/local/lib/python3.10/dist-packages/mavros_msgs/srv/_file_make_dir.py'...
[2.860s] Compiling '/home/nvidia/acfly_ws/install/mavros_msgs/local/lib/python3.10/dist-packages/mavros_msgs/srv/_file_open.py'...
[2.860s] Compiling '/home/nvidia/acfly_ws/install/mavros_msgs/local/lib/python3.10/dist-packages/mavros_msgs/srv/_file_read.py'...
[2.860s] Compiling '/home/nvidia/acfly_ws/install/mavros_msgs/local/lib/python3.10/dist-packages/mavros_msgs/srv/_file_remove.py'...
[2.860s] Compiling '/home/nvidia/acfly_ws/install/mavros_msgs/local/lib/python3.10/dist-packages/mavros_msgs/srv/_file_remove_dir.py'...
[2.860s] Compiling '/home/nvidia/acfly_ws/install/mavros_msgs/local/lib/python3.10/dist-packages/mavros_msgs/srv/_file_rename.py'...
[2.860s] Compiling '/home/nvidia/acfly_ws/install/mavros_msgs/local/lib/python3.10/dist-packages/mavros_msgs/srv/_file_truncate.py'...
[2.860s] Compiling '/home/nvidia/acfly_ws/install/mavros_msgs/local/lib/python3.10/dist-packages/mavros_msgs/srv/_file_write.py'...
[2.860s] Compiling '/home/nvidia/acfly_ws/install/mavros_msgs/local/lib/python3.10/dist-packages/mavros_msgs/srv/_gimbal_get_information.py'...
[2.861s] Compiling '/home/nvidia/acfly_ws/install/mavros_msgs/local/lib/python3.10/dist-packages/mavros_msgs/srv/_gimbal_manager_camera_track.py'...
[2.861s] Compiling '/home/nvidia/acfly_ws/install/mavros_msgs/local/lib/python3.10/dist-packages/mavros_msgs/srv/_gimbal_manager_configure.py'...
[2.861s] Compiling '/home/nvidia/acfly_ws/install/mavros_msgs/local/lib/python3.10/dist-packages/mavros_msgs/srv/_gimbal_manager_pitchyaw.py'...
[2.861s] Compiling '/home/nvidia/acfly_ws/install/mavros_msgs/local/lib/python3.10/dist-packages/mavros_msgs/srv/_gimbal_manager_set_roi.py'...
[2.861s] Compiling '/home/nvidia/acfly_ws/install/mavros_msgs/local/lib/python3.10/dist-packages/mavros_msgs/srv/_log_request_data.py'...
[2.861s] Compiling '/home/nvidia/acfly_ws/install/mavros_msgs/local/lib/python3.10/dist-packages/mavros_msgs/srv/_log_request_end.py'...
[2.861s] Compiling '/home/nvidia/acfly_ws/install/mavros_msgs/local/lib/python3.10/dist-packages/mavros_msgs/srv/_log_request_list.py'...
[2.861s] Compiling '/home/nvidia/acfly_ws/install/mavros_msgs/local/lib/python3.10/dist-packages/mavros_msgs/srv/_message_interval.py'...
[2.861s] Compiling '/home/nvidia/acfly_ws/install/mavros_msgs/local/lib/python3.10/dist-packages/mavros_msgs/srv/_mount_configure.py'...
[2.861s] Compiling '/home/nvidia/acfly_ws/install/mavros_msgs/local/lib/python3.10/dist-packages/mavros_msgs/srv/_param_get.py'...
[2.862s] Compiling '/home/nvidia/acfly_ws/install/mavros_msgs/local/lib/python3.10/dist-packages/mavros_msgs/srv/_param_pull.py'...
[2.862s] Compiling '/home/nvidia/acfly_ws/install/mavros_msgs/local/lib/python3.10/dist-packages/mavros_msgs/srv/_param_push.py'...
[2.862s] Compiling '/home/nvidia/acfly_ws/install/mavros_msgs/local/lib/python3.10/dist-packages/mavros_msgs/srv/_param_set.py'...
[2.862s] Compiling '/home/nvidia/acfly_ws/install/mavros_msgs/local/lib/python3.10/dist-packages/mavros_msgs/srv/_param_set_v2.py'...
[2.862s] Compiling '/home/nvidia/acfly_ws/install/mavros_msgs/local/lib/python3.10/dist-packages/mavros_msgs/srv/_set_mav_frame.py'...
[2.862s] Compiling '/home/nvidia/acfly_ws/install/mavros_msgs/local/lib/python3.10/dist-packages/mavros_msgs/srv/_set_mode.py'...
[2.862s] Compiling '/home/nvidia/acfly_ws/install/mavros_msgs/local/lib/python3.10/dist-packages/mavros_msgs/srv/_stream_rate.py'...
[2.862s] Compiling '/home/nvidia/acfly_ws/install/mavros_msgs/local/lib/python3.10/dist-packages/mavros_msgs/srv/_vehicle_info_get.py'...
[2.862s] Compiling '/home/nvidia/acfly_ws/install/mavros_msgs/local/lib/python3.10/dist-packages/mavros_msgs/srv/_waypoint_clear.py'...
[2.862s] Compiling '/home/nvidia/acfly_ws/install/mavros_msgs/local/lib/python3.10/dist-packages/mavros_msgs/srv/_waypoint_pull.py'...
[2.862s] Compiling '/home/nvidia/acfly_ws/install/mavros_msgs/local/lib/python3.10/dist-packages/mavros_msgs/srv/_waypoint_push.py'...
[2.863s] Compiling '/home/nvidia/acfly_ws/install/mavros_msgs/local/lib/python3.10/dist-packages/mavros_msgs/srv/_waypoint_set_current.py'...
[2.874s] -- Installing: /home/nvidia/acfly_ws/install/mavros_msgs/lib/libmavros_msgs__rosidl_generator_py.so
[2.879s] -- Set runtime path of "/home/nvidia/acfly_ws/install/mavros_msgs/lib/libmavros_msgs__rosidl_generator_py.so" to ""
[2.879s] -- Up-to-date: /home/nvidia/acfly_ws/install/mavros_msgs/include/mavros_msgs
[2.879s] -- Up-to-date: /home/nvidia/acfly_ws/install/mavros_msgs/include/mavros_msgs/mavros_msgs
[2.880s] -- Up-to-date: /home/nvidia/acfly_ws/install/mavros_msgs/include/mavros_msgs/mavros_msgs/mavlink_convert.hpp
[2.880s] -- Up-to-date: /home/nvidia/acfly_ws/install/mavros_msgs/share/mavros_msgs/cmake/export_mavros_msgs__rosidl_generator_cExport.cmake
[2.880s] -- Up-to-date: /home/nvidia/acfly_ws/install/mavros_msgs/share/mavros_msgs/cmake/export_mavros_msgs__rosidl_generator_cExport-noconfig.cmake
[2.880s] -- Up-to-date: /home/nvidia/acfly_ws/install/mavros_msgs/share/mavros_msgs/cmake/export_mavros_msgs__rosidl_typesupport_fastrtps_cExport.cmake
[2.881s] -- Up-to-date: /home/nvidia/acfly_ws/install/mavros_msgs/share/mavros_msgs/cmake/export_mavros_msgs__rosidl_typesupport_fastrtps_cExport-noconfig.cmake
[2.881s] -- Up-to-date: /home/nvidia/acfly_ws/install/mavros_msgs/share/mavros_msgs/cmake/mavros_msgs__rosidl_typesupport_introspection_cExport.cmake
[2.881s] -- Up-to-date: /home/nvidia/acfly_ws/install/mavros_msgs/share/mavros_msgs/cmake/mavros_msgs__rosidl_typesupport_introspection_cExport-noconfig.cmake
[2.881s] -- Up-to-date: /home/nvidia/acfly_ws/install/mavros_msgs/share/mavros_msgs/cmake/mavros_msgs__rosidl_typesupport_cExport.cmake
[2.882s] -- Up-to-date: /home/nvidia/acfly_ws/install/mavros_msgs/share/mavros_msgs/cmake/mavros_msgs__rosidl_typesupport_cExport-noconfig.cmake
[2.882s] -- Up-to-date: /home/nvidia/acfly_ws/install/mavros_msgs/share/mavros_msgs/cmake/export_mavros_msgs__rosidl_generator_cppExport.cmake
[2.882s] -- Up-to-date: /home/nvidia/acfly_ws/install/mavros_msgs/share/mavros_msgs/cmake/export_mavros_msgs__rosidl_typesupport_fastrtps_cppExport.cmake
[2.882s] -- Up-to-date: /home/nvidia/acfly_ws/install/mavros_msgs/share/mavros_msgs/cmake/export_mavros_msgs__rosidl_typesupport_fastrtps_cppExport-noconfig.cmake
[2.883s] -- Up-to-date: /home/nvidia/acfly_ws/install/mavros_msgs/share/mavros_msgs/cmake/mavros_msgs__rosidl_typesupport_introspection_cppExport.cmake
[2.883s] -- Up-to-date: /home/nvidia/acfly_ws/install/mavros_msgs/share/mavros_msgs/cmake/mavros_msgs__rosidl_typesupport_introspection_cppExport-noconfig.cmake
[2.883s] -- Up-to-date: /home/nvidia/acfly_ws/install/mavros_msgs/share/mavros_msgs/cmake/mavros_msgs__rosidl_typesupport_cppExport.cmake
[2.883s] -- Up-to-date: /home/nvidia/acfly_ws/install/mavros_msgs/share/mavros_msgs/cmake/mavros_msgs__rosidl_typesupport_cppExport-noconfig.cmake
[2.883s] -- Up-to-date: /home/nvidia/acfly_ws/install/mavros_msgs/share/mavros_msgs/cmake/export_mavros_msgs__rosidl_generator_pyExport.cmake
[2.883s] -- Up-to-date: /home/nvidia/acfly_ws/install/mavros_msgs/share/mavros_msgs/cmake/export_mavros_msgs__rosidl_generator_pyExport-noconfig.cmake
[2.890s] Invoked command in '/home/nvidia/acfly_ws/build/mavros_msgs' returned '0': CMAKE_PREFIX_PATH=${CMAKE_PREFIX_PATH}:/home/nvidia/ws_orbbec/install/gemini_vision:/opt/ros/humble /usr/bin/cmake --install /home/nvidia/acfly_ws/build/mavros_msgs
