[0.220s] [34mcolcon[0m [1;30mDEBUG[0m [32mCommand line arguments: ['/usr/bin/colcon', 'build'][0m
[0.220s] [34mcolcon[0m [1;30mDEBUG[0m [32mParsed command line arguments: Namespace(log_base=None, log_level=None, verb_name='build', build_base='build', install_base='install', merge_install=False, symlink_install=False, test_result_base=None, continue_on_error=False, executor='parallel', parallel_workers=8, event_handlers=None, ignore_user_meta=False, metas=['./colcon.meta'], base_paths=['.'], packages_ignore=None, packages_ignore_regex=None, paths=None, packages_up_to=None, packages_up_to_regex=None, packages_above=None, packages_above_and_dependencies=None, packages_above_depth=None, packages_select_by_dep=None, packages_skip_by_dep=None, packages_skip_up_to=None, packages_select_build_failed=False, packages_skip_build_finished=False, packages_select_test_failures=False, packages_skip_test_passed=False, packages_select=None, packages_skip=None, packages_select_regex=None, packages_skip_regex=None, packages_start=None, packages_end=None, allow_overriding=[], cmake_args=None, cmake_target=None, cmake_target_skip_unavailable=False, cmake_clean_cache=False, cmake_clean_first=False, cmake_force_configure=False, ament_cmake_args=None, catkin_cmake_args=None, catkin_skip_building_tests=False, verb_parser=<colcon_defaults.argument_parser.defaults.DefaultArgumentsDecorator object at 0xffffa4baf8e0>, verb_extension=<colcon_core.verb.build.BuildVerb object at 0xffffa4baf2e0>, main=<bound method BuildVerb.main of <colcon_core.verb.build.BuildVerb object at 0xffffa4baf2e0>>)[0m
[0.555s] [34mcolcon.colcon_core.package_discovery[0m [1;30mLevel 1[0m discover_packages(colcon_meta) check parameters
[0.556s] [34mcolcon.colcon_core.package_discovery[0m [1;30mLevel 1[0m discover_packages(recursive) check parameters
[0.556s] [34mcolcon.colcon_core.package_discovery[0m [1;30mLevel 1[0m discover_packages(ignore) check parameters
[0.556s] [34mcolcon.colcon_core.package_discovery[0m [1;30mLevel 1[0m discover_packages(path) check parameters
[0.556s] [34mcolcon.colcon_core.package_discovery[0m [1;30mLevel 1[0m discover_packages(colcon_meta) discover
[0.556s] [34mcolcon.colcon_core.package_discovery[0m [1;30mLevel 1[0m discover_packages(recursive) discover
[0.556s] [34mcolcon.colcon_core.package_discovery[0m [1;30mINFO[0m Crawling recursively for packages in '/home/nvidia/acfly_ws'
[0.556s] [34mcolcon.colcon_core.package_identification[0m [1;30mLevel 1[0m _identify(.) by extensions ['ignore', 'ignore_ament_install']
[0.556s] [34mcolcon.colcon_core.package_identification[0m [1;30mLevel 1[0m _identify(.) by extension 'ignore'
[0.557s] [34mcolcon.colcon_core.package_identification[0m [1;30mLevel 1[0m _identify(.) by extension 'ignore_ament_install'
[0.557s] [34mcolcon.colcon_core.package_identification[0m [1;30mLevel 1[0m _identify(.) by extensions ['colcon_pkg']
[0.557s] [34mcolcon.colcon_core.package_identification[0m [1;30mLevel 1[0m _identify(.) by extension 'colcon_pkg'
[0.557s] [34mcolcon.colcon_core.package_identification[0m [1;30mLevel 1[0m _identify(.) by extensions ['colcon_meta']
[0.557s] [34mcolcon.colcon_core.package_identification[0m [1;30mLevel 1[0m _identify(.) by extension 'colcon_meta'
[0.557s] [34mcolcon.colcon_core.package_identification[0m [1;30mLevel 1[0m _identify(.) by extensions ['ros']
[0.557s] [34mcolcon.colcon_core.package_identification[0m [1;30mLevel 1[0m _identify(.) by extension 'ros'
[0.575s] [34mcolcon.colcon_core.package_identification[0m [1;30mLevel 1[0m _identify(.) by extensions ['cmake', 'python']
[0.575s] [34mcolcon.colcon_core.package_identification[0m [1;30mLevel 1[0m _identify(.) by extension 'cmake'
[0.575s] [34mcolcon.colcon_core.package_identification[0m [1;30mLevel 1[0m _identify(.) by extension 'python'
[0.575s] [34mcolcon.colcon_core.package_identification[0m [1;30mLevel 1[0m _identify(.) by extensions ['python_setup_py']
[0.575s] [34mcolcon.colcon_core.package_identification[0m [1;30mLevel 1[0m _identify(.) by extension 'python_setup_py'
[0.576s] [34mcolcon.colcon_core.package_identification[0m [1;30mLevel 1[0m _identify(build) by extensions ['ignore', 'ignore_ament_install']
[0.576s] [34mcolcon.colcon_core.package_identification[0m [1;30mLevel 1[0m _identify(build) by extension 'ignore'
[0.576s] [34mcolcon.colcon_core.package_identification[0m [1;30mLevel 1[0m _identify(build) ignored
[0.576s] [34mcolcon.colcon_core.package_identification[0m [1;30mLevel 1[0m _identify(install) by extensions ['ignore', 'ignore_ament_install']
[0.576s] [34mcolcon.colcon_core.package_identification[0m [1;30mLevel 1[0m _identify(install) by extension 'ignore'
[0.576s] [34mcolcon.colcon_core.package_identification[0m [1;30mLevel 1[0m _identify(install) ignored
[0.577s] [34mcolcon.colcon_core.package_identification[0m [1;30mLevel 1[0m _identify(log) by extensions ['ignore', 'ignore_ament_install']
[0.577s] [34mcolcon.colcon_core.package_identification[0m [1;30mLevel 1[0m _identify(log) by extension 'ignore'
[0.577s] [34mcolcon.colcon_core.package_identification[0m [1;30mLevel 1[0m _identify(log) ignored
[0.577s] [34mcolcon.colcon_core.package_identification[0m [1;30mLevel 1[0m _identify(src) by extensions ['ignore', 'ignore_ament_install']
[0.577s] [34mcolcon.colcon_core.package_identification[0m [1;30mLevel 1[0m _identify(src) by extension 'ignore'
[0.577s] [34mcolcon.colcon_core.package_identification[0m [1;30mLevel 1[0m _identify(src) by extension 'ignore_ament_install'
[0.577s] [34mcolcon.colcon_core.package_identification[0m [1;30mLevel 1[0m _identify(src) by extensions ['colcon_pkg']
[0.577s] [34mcolcon.colcon_core.package_identification[0m [1;30mLevel 1[0m _identify(src) by extension 'colcon_pkg'
[0.577s] [34mcolcon.colcon_core.package_identification[0m [1;30mLevel 1[0m _identify(src) by extensions ['colcon_meta']
[0.578s] [34mcolcon.colcon_core.package_identification[0m [1;30mLevel 1[0m _identify(src) by extension 'colcon_meta'
[0.578s] [34mcolcon.colcon_core.package_identification[0m [1;30mLevel 1[0m _identify(src) by extensions ['ros']
[0.578s] [34mcolcon.colcon_core.package_identification[0m [1;30mLevel 1[0m _identify(src) by extension 'ros'
[0.578s] [34mcolcon.colcon_core.package_identification[0m [1;30mLevel 1[0m _identify(src) by extensions ['cmake', 'python']
[0.578s] [34mcolcon.colcon_core.package_identification[0m [1;30mLevel 1[0m _identify(src) by extension 'cmake'
[0.578s] [34mcolcon.colcon_core.package_identification[0m [1;30mLevel 1[0m _identify(src) by extension 'python'
[0.578s] [34mcolcon.colcon_core.package_identification[0m [1;30mLevel 1[0m _identify(src) by extensions ['python_setup_py']
[0.578s] [34mcolcon.colcon_core.package_identification[0m [1;30mLevel 1[0m _identify(src) by extension 'python_setup_py'
[0.578s] [34mcolcon.colcon_core.package_identification[0m [1;30mLevel 1[0m _identify(src/acfly_mavros) by extensions ['ignore', 'ignore_ament_install']
[0.578s] [34mcolcon.colcon_core.package_identification[0m [1;30mLevel 1[0m _identify(src/acfly_mavros) by extension 'ignore'
[0.578s] [34mcolcon.colcon_core.package_identification[0m [1;30mLevel 1[0m _identify(src/acfly_mavros) by extension 'ignore_ament_install'
[0.579s] [34mcolcon.colcon_core.package_identification[0m [1;30mLevel 1[0m _identify(src/acfly_mavros) by extensions ['colcon_pkg']
[0.579s] [34mcolcon.colcon_core.package_identification[0m [1;30mLevel 1[0m _identify(src/acfly_mavros) by extension 'colcon_pkg'
[0.579s] [34mcolcon.colcon_core.package_identification[0m [1;30mLevel 1[0m _identify(src/acfly_mavros) by extensions ['colcon_meta']
[0.579s] [34mcolcon.colcon_core.package_identification[0m [1;30mLevel 1[0m _identify(src/acfly_mavros) by extension 'colcon_meta'
[0.579s] [34mcolcon.colcon_core.package_identification[0m [1;30mLevel 1[0m _identify(src/acfly_mavros) by extensions ['ros']
[0.579s] [34mcolcon.colcon_core.package_identification[0m [1;30mLevel 1[0m _identify(src/acfly_mavros) by extension 'ros'
[0.579s] [34mcolcon.colcon_core.package_identification[0m [1;30mLevel 1[0m _identify(src/acfly_mavros) by extensions ['cmake', 'python']
[0.579s] [34mcolcon.colcon_core.package_identification[0m [1;30mLevel 1[0m _identify(src/acfly_mavros) by extension 'cmake'
[0.579s] [34mcolcon.colcon_core.package_identification[0m [1;30mLevel 1[0m _identify(src/acfly_mavros) by extension 'python'
[0.579s] [34mcolcon.colcon_core.package_identification[0m [1;30mLevel 1[0m _identify(src/acfly_mavros) by extensions ['python_setup_py']
[0.579s] [34mcolcon.colcon_core.package_identification[0m [1;30mLevel 1[0m _identify(src/acfly_mavros) by extension 'python_setup_py'
[0.580s] [34mcolcon.colcon_core.package_identification[0m [1;30mLevel 1[0m _identify(src/acfly_mavros/mavlink-gbp-release) by extensions ['ignore', 'ignore_ament_install']
[0.580s] [34mcolcon.colcon_core.package_identification[0m [1;30mLevel 1[0m _identify(src/acfly_mavros/mavlink-gbp-release) by extension 'ignore'
[0.580s] [34mcolcon.colcon_core.package_identification[0m [1;30mLevel 1[0m _identify(src/acfly_mavros/mavlink-gbp-release) by extension 'ignore_ament_install'
[0.580s] [34mcolcon.colcon_core.package_identification[0m [1;30mLevel 1[0m _identify(src/acfly_mavros/mavlink-gbp-release) by extensions ['colcon_pkg']
[0.580s] [34mcolcon.colcon_core.package_identification[0m [1;30mLevel 1[0m _identify(src/acfly_mavros/mavlink-gbp-release) by extension 'colcon_pkg'
[0.580s] [34mcolcon.colcon_core.package_identification[0m [1;30mLevel 1[0m _identify(src/acfly_mavros/mavlink-gbp-release) by extensions ['colcon_meta']
[0.580s] [34mcolcon.colcon_core.package_identification[0m [1;30mLevel 1[0m _identify(src/acfly_mavros/mavlink-gbp-release) by extension 'colcon_meta'
[0.580s] [34mcolcon.colcon_core.package_identification[0m [1;30mLevel 1[0m _identify(src/acfly_mavros/mavlink-gbp-release) by extensions ['ros']
[0.580s] [34mcolcon.colcon_core.package_identification[0m [1;30mLevel 1[0m _identify(src/acfly_mavros/mavlink-gbp-release) by extension 'ros'
[0.617s] [34mcolcon.colcon_core.package_identification[0m [1;30mDEBUG[0m [32mPackage 'src/acfly_mavros/mavlink-gbp-release' with type 'ros.cmake' and name 'mavlink'[0m
[0.618s] [34mcolcon.colcon_core.package_identification[0m [1;30mLevel 1[0m _identify(src/acfly_mavros/mavros) by extensions ['ignore', 'ignore_ament_install']
[0.618s] [34mcolcon.colcon_core.package_identification[0m [1;30mLevel 1[0m _identify(src/acfly_mavros/mavros) by extension 'ignore'
[0.618s] [34mcolcon.colcon_core.package_identification[0m [1;30mLevel 1[0m _identify(src/acfly_mavros/mavros) by extension 'ignore_ament_install'
[0.618s] [34mcolcon.colcon_core.package_identification[0m [1;30mLevel 1[0m _identify(src/acfly_mavros/mavros) by extensions ['colcon_pkg']
[0.618s] [34mcolcon.colcon_core.package_identification[0m [1;30mLevel 1[0m _identify(src/acfly_mavros/mavros) by extension 'colcon_pkg'
[0.618s] [34mcolcon.colcon_core.package_identification[0m [1;30mLevel 1[0m _identify(src/acfly_mavros/mavros) by extensions ['colcon_meta']
[0.618s] [34mcolcon.colcon_core.package_identification[0m [1;30mLevel 1[0m _identify(src/acfly_mavros/mavros) by extension 'colcon_meta'
[0.619s] [34mcolcon.colcon_core.package_identification[0m [1;30mLevel 1[0m _identify(src/acfly_mavros/mavros) by extensions ['ros']
[0.619s] [34mcolcon.colcon_core.package_identification[0m [1;30mLevel 1[0m _identify(src/acfly_mavros/mavros) by extension 'ros'
[0.619s] [34mcolcon.colcon_core.package_identification[0m [1;30mLevel 1[0m _identify(src/acfly_mavros/mavros) by extensions ['cmake', 'python']
[0.619s] [34mcolcon.colcon_core.package_identification[0m [1;30mLevel 1[0m _identify(src/acfly_mavros/mavros) by extension 'cmake'
[0.619s] [34mcolcon.colcon_core.package_identification[0m [1;30mLevel 1[0m _identify(src/acfly_mavros/mavros) by extension 'python'
[0.619s] [34mcolcon.colcon_core.package_identification[0m [1;30mLevel 1[0m _identify(src/acfly_mavros/mavros) by extensions ['python_setup_py']
[0.619s] [34mcolcon.colcon_core.package_identification[0m [1;30mLevel 1[0m _identify(src/acfly_mavros/mavros) by extension 'python_setup_py'
[0.619s] [34mcolcon.colcon_core.package_identification[0m [1;30mLevel 1[0m _identify(src/acfly_mavros/mavros/libmavconn) by extensions ['ignore', 'ignore_ament_install']
[0.619s] [34mcolcon.colcon_core.package_identification[0m [1;30mLevel 1[0m _identify(src/acfly_mavros/mavros/libmavconn) by extension 'ignore'
[0.620s] [34mcolcon.colcon_core.package_identification[0m [1;30mLevel 1[0m _identify(src/acfly_mavros/mavros/libmavconn) by extension 'ignore_ament_install'
[0.620s] [34mcolcon.colcon_core.package_identification[0m [1;30mLevel 1[0m _identify(src/acfly_mavros/mavros/libmavconn) by extensions ['colcon_pkg']
[0.620s] [34mcolcon.colcon_core.package_identification[0m [1;30mLevel 1[0m _identify(src/acfly_mavros/mavros/libmavconn) by extension 'colcon_pkg'
[0.620s] [34mcolcon.colcon_core.package_identification[0m [1;30mLevel 1[0m _identify(src/acfly_mavros/mavros/libmavconn) by extensions ['colcon_meta']
[0.620s] [34mcolcon.colcon_core.package_identification[0m [1;30mLevel 1[0m _identify(src/acfly_mavros/mavros/libmavconn) by extension 'colcon_meta'
[0.620s] [34mcolcon.colcon_core.package_identification[0m [1;30mLevel 1[0m _identify(src/acfly_mavros/mavros/libmavconn) by extensions ['ros']
[0.620s] [34mcolcon.colcon_core.package_identification[0m [1;30mLevel 1[0m _identify(src/acfly_mavros/mavros/libmavconn) by extension 'ros'
[0.622s] [34mcolcon.colcon_core.package_identification[0m [1;30mDEBUG[0m [32mPackage 'src/acfly_mavros/mavros/libmavconn' with type 'ros.ament_cmake' and name 'libmavconn'[0m
[0.622s] [34mcolcon.colcon_core.package_identification[0m [1;30mLevel 1[0m _identify(src/acfly_mavros/mavros/mavros) by extensions ['ignore', 'ignore_ament_install']
[0.622s] [34mcolcon.colcon_core.package_identification[0m [1;30mLevel 1[0m _identify(src/acfly_mavros/mavros/mavros) by extension 'ignore'
[0.622s] [34mcolcon.colcon_core.package_identification[0m [1;30mLevel 1[0m _identify(src/acfly_mavros/mavros/mavros) by extension 'ignore_ament_install'
[0.623s] [34mcolcon.colcon_core.package_identification[0m [1;30mLevel 1[0m _identify(src/acfly_mavros/mavros/mavros) by extensions ['colcon_pkg']
[0.623s] [34mcolcon.colcon_core.package_identification[0m [1;30mLevel 1[0m _identify(src/acfly_mavros/mavros/mavros) by extension 'colcon_pkg'
[0.623s] [34mcolcon.colcon_core.package_identification[0m [1;30mLevel 1[0m _identify(src/acfly_mavros/mavros/mavros) by extensions ['colcon_meta']
[0.623s] [34mcolcon.colcon_core.package_identification[0m [1;30mLevel 1[0m _identify(src/acfly_mavros/mavros/mavros) by extension 'colcon_meta'
[0.623s] [34mcolcon.colcon_core.package_identification[0m [1;30mLevel 1[0m _identify(src/acfly_mavros/mavros/mavros) by extensions ['ros']
[0.623s] [34mcolcon.colcon_core.package_identification[0m [1;30mLevel 1[0m _identify(src/acfly_mavros/mavros/mavros) by extension 'ros'
[0.627s] [34mcolcon.colcon_core.package_identification[0m [1;30mDEBUG[0m [32mPackage 'src/acfly_mavros/mavros/mavros' with type 'ros.ament_cmake' and name 'mavros'[0m
[0.628s] [34mcolcon.colcon_core.package_identification[0m [1;30mLevel 1[0m _identify(src/acfly_mavros/mavros/mavros_extras) by extensions ['ignore', 'ignore_ament_install']
[0.628s] [34mcolcon.colcon_core.package_identification[0m [1;30mLevel 1[0m _identify(src/acfly_mavros/mavros/mavros_extras) by extension 'ignore'
[0.628s] [34mcolcon.colcon_core.package_identification[0m [1;30mLevel 1[0m _identify(src/acfly_mavros/mavros/mavros_extras) by extension 'ignore_ament_install'
[0.628s] [34mcolcon.colcon_core.package_identification[0m [1;30mLevel 1[0m _identify(src/acfly_mavros/mavros/mavros_extras) by extensions ['colcon_pkg']
[0.628s] [34mcolcon.colcon_core.package_identification[0m [1;30mLevel 1[0m _identify(src/acfly_mavros/mavros/mavros_extras) by extension 'colcon_pkg'
[0.628s] [34mcolcon.colcon_core.package_identification[0m [1;30mLevel 1[0m _identify(src/acfly_mavros/mavros/mavros_extras) by extensions ['colcon_meta']
[0.628s] [34mcolcon.colcon_core.package_identification[0m [1;30mLevel 1[0m _identify(src/acfly_mavros/mavros/mavros_extras) by extension 'colcon_meta'
[0.629s] [34mcolcon.colcon_core.package_identification[0m [1;30mLevel 1[0m _identify(src/acfly_mavros/mavros/mavros_extras) by extensions ['ros']
[0.629s] [34mcolcon.colcon_core.package_identification[0m [1;30mLevel 1[0m _identify(src/acfly_mavros/mavros/mavros_extras) by extension 'ros'
[0.633s] [34mcolcon.colcon_core.package_identification[0m [1;30mDEBUG[0m [32mPackage 'src/acfly_mavros/mavros/mavros_extras' with type 'ros.ament_cmake' and name 'mavros_extras'[0m
[0.633s] [34mcolcon.colcon_core.package_identification[0m [1;30mLevel 1[0m _identify(src/acfly_mavros/mavros/mavros_msgs) by extensions ['ignore', 'ignore_ament_install']
[0.634s] [34mcolcon.colcon_core.package_identification[0m [1;30mLevel 1[0m _identify(src/acfly_mavros/mavros/mavros_msgs) by extension 'ignore'
[0.634s] [34mcolcon.colcon_core.package_identification[0m [1;30mLevel 1[0m _identify(src/acfly_mavros/mavros/mavros_msgs) by extension 'ignore_ament_install'
[0.634s] [34mcolcon.colcon_core.package_identification[0m [1;30mLevel 1[0m _identify(src/acfly_mavros/mavros/mavros_msgs) by extensions ['colcon_pkg']
[0.634s] [34mcolcon.colcon_core.package_identification[0m [1;30mLevel 1[0m _identify(src/acfly_mavros/mavros/mavros_msgs) by extension 'colcon_pkg'
[0.634s] [34mcolcon.colcon_core.package_identification[0m [1;30mLevel 1[0m _identify(src/acfly_mavros/mavros/mavros_msgs) by extensions ['colcon_meta']
[0.634s] [34mcolcon.colcon_core.package_identification[0m [1;30mLevel 1[0m _identify(src/acfly_mavros/mavros/mavros_msgs) by extension 'colcon_meta'
[0.634s] [34mcolcon.colcon_core.package_identification[0m [1;30mLevel 1[0m _identify(src/acfly_mavros/mavros/mavros_msgs) by extensions ['ros']
[0.634s] [34mcolcon.colcon_core.package_identification[0m [1;30mLevel 1[0m _identify(src/acfly_mavros/mavros/mavros_msgs) by extension 'ros'
[0.636s] [34mcolcon.colcon_core.package_identification[0m [1;30mDEBUG[0m [32mPackage 'src/acfly_mavros/mavros/mavros_msgs' with type 'ros.ament_cmake' and name 'mavros_msgs'[0m
[0.636s] [34mcolcon.colcon_core.package_identification[0m [1;30mLevel 1[0m _identify(src/acfly_mavros/mavros/test_mavros) by extensions ['ignore', 'ignore_ament_install']
[0.636s] [34mcolcon.colcon_core.package_identification[0m [1;30mLevel 1[0m _identify(src/acfly_mavros/mavros/test_mavros) by extension 'ignore'
[0.637s] [34mcolcon.colcon_core.package_identification[0m [1;30mLevel 1[0m _identify(src/acfly_mavros/mavros/test_mavros) ignored
[0.637s] [34mcolcon.colcon_core.package_identification[0m [1;30mLevel 1[0m _identify(src/acfly_mavros/mavros/tools) by extensions ['ignore', 'ignore_ament_install']
[0.637s] [34mcolcon.colcon_core.package_identification[0m [1;30mLevel 1[0m _identify(src/acfly_mavros/mavros/tools) by extension 'ignore'
[0.637s] [34mcolcon.colcon_core.package_identification[0m [1;30mLevel 1[0m _identify(src/acfly_mavros/mavros/tools) by extension 'ignore_ament_install'
[0.638s] [34mcolcon.colcon_core.package_identification[0m [1;30mLevel 1[0m _identify(src/acfly_mavros/mavros/tools) by extensions ['colcon_pkg']
[0.638s] [34mcolcon.colcon_core.package_identification[0m [1;30mLevel 1[0m _identify(src/acfly_mavros/mavros/tools) by extension 'colcon_pkg'
[0.638s] [34mcolcon.colcon_core.package_identification[0m [1;30mLevel 1[0m _identify(src/acfly_mavros/mavros/tools) by extensions ['colcon_meta']
[0.638s] [34mcolcon.colcon_core.package_identification[0m [1;30mLevel 1[0m _identify(src/acfly_mavros/mavros/tools) by extension 'colcon_meta'
[0.638s] [34mcolcon.colcon_core.package_identification[0m [1;30mLevel 1[0m _identify(src/acfly_mavros/mavros/tools) by extensions ['ros']
[0.638s] [34mcolcon.colcon_core.package_identification[0m [1;30mLevel 1[0m _identify(src/acfly_mavros/mavros/tools) by extension 'ros'
[0.638s] [34mcolcon.colcon_core.package_identification[0m [1;30mLevel 1[0m _identify(src/acfly_mavros/mavros/tools) by extensions ['cmake', 'python']
[0.638s] [34mcolcon.colcon_core.package_identification[0m [1;30mLevel 1[0m _identify(src/acfly_mavros/mavros/tools) by extension 'cmake'
[0.638s] [34mcolcon.colcon_core.package_identification[0m [1;30mLevel 1[0m _identify(src/acfly_mavros/mavros/tools) by extension 'python'
[0.638s] [34mcolcon.colcon_core.package_identification[0m [1;30mLevel 1[0m _identify(src/acfly_mavros/mavros/tools) by extensions ['python_setup_py']
[0.638s] [34mcolcon.colcon_core.package_identification[0m [1;30mLevel 1[0m _identify(src/acfly_mavros/mavros/tools) by extension 'python_setup_py'
[0.639s] [34mcolcon.colcon_core.package_identification[0m [1;30mLevel 1[0m _identify(src/fly_mission) by extensions ['ignore', 'ignore_ament_install']
[0.639s] [34mcolcon.colcon_core.package_identification[0m [1;30mLevel 1[0m _identify(src/fly_mission) by extension 'ignore'
[0.639s] [34mcolcon.colcon_core.package_identification[0m [1;30mLevel 1[0m _identify(src/fly_mission) by extension 'ignore_ament_install'
[0.639s] [34mcolcon.colcon_core.package_identification[0m [1;30mLevel 1[0m _identify(src/fly_mission) by extensions ['colcon_pkg']
[0.639s] [34mcolcon.colcon_core.package_identification[0m [1;30mLevel 1[0m _identify(src/fly_mission) by extension 'colcon_pkg'
[0.639s] [34mcolcon.colcon_core.package_identification[0m [1;30mLevel 1[0m _identify(src/fly_mission) by extensions ['colcon_meta']
[0.639s] [34mcolcon.colcon_core.package_identification[0m [1;30mLevel 1[0m _identify(src/fly_mission) by extension 'colcon_meta'
[0.639s] [34mcolcon.colcon_core.package_identification[0m [1;30mLevel 1[0m _identify(src/fly_mission) by extensions ['ros']
[0.639s] [34mcolcon.colcon_core.package_identification[0m [1;30mLevel 1[0m _identify(src/fly_mission) by extension 'ros'
[0.641s] [34mcolcon.colcon_core.package_identification[0m [1;30mDEBUG[0m [32mPackage 'src/fly_mission' with type 'ros.ament_cmake' and name 'fly_mission'[0m
[0.641s] [34mcolcon.colcon_core.package_identification[0m [1;30mLevel 1[0m _identify(src/fly_mission_gps) by extensions ['ignore', 'ignore_ament_install']
[0.641s] [34mcolcon.colcon_core.package_identification[0m [1;30mLevel 1[0m _identify(src/fly_mission_gps) by extension 'ignore'
[0.641s] [34mcolcon.colcon_core.package_identification[0m [1;30mLevel 1[0m _identify(src/fly_mission_gps) by extension 'ignore_ament_install'
[0.641s] [34mcolcon.colcon_core.package_identification[0m [1;30mLevel 1[0m _identify(src/fly_mission_gps) by extensions ['colcon_pkg']
[0.641s] [34mcolcon.colcon_core.package_identification[0m [1;30mLevel 1[0m _identify(src/fly_mission_gps) by extension 'colcon_pkg'
[0.641s] [34mcolcon.colcon_core.package_identification[0m [1;30mLevel 1[0m _identify(src/fly_mission_gps) by extensions ['colcon_meta']
[0.641s] [34mcolcon.colcon_core.package_identification[0m [1;30mLevel 1[0m _identify(src/fly_mission_gps) by extension 'colcon_meta'
[0.641s] [34mcolcon.colcon_core.package_identification[0m [1;30mLevel 1[0m _identify(src/fly_mission_gps) by extensions ['ros']
[0.641s] [34mcolcon.colcon_core.package_identification[0m [1;30mLevel 1[0m _identify(src/fly_mission_gps) by extension 'ros'
[0.643s] [34mcolcon.colcon_core.package_identification[0m [1;30mDEBUG[0m [32mPackage 'src/fly_mission_gps' with type 'ros.ament_cmake' and name 'fly_mission_gps'[0m
[0.643s] [34mcolcon.colcon_core.package_discovery[0m [1;30mLevel 1[0m discover_packages(recursive) using defaults
[0.643s] [34mcolcon.colcon_core.package_discovery[0m [1;30mLevel 1[0m discover_packages(ignore) discover
[0.643s] [34mcolcon.colcon_core.package_discovery[0m [1;30mLevel 1[0m discover_packages(ignore) using defaults
[0.643s] [34mcolcon.colcon_core.package_discovery[0m [1;30mLevel 1[0m discover_packages(path) discover
[0.643s] [34mcolcon.colcon_core.package_discovery[0m [1;30mLevel 1[0m discover_packages(path) using defaults
[0.674s] [34mcolcon.colcon_core.package_discovery[0m [1;30mLevel 1[0m discover_packages(prefix_path) check parameters
[0.674s] [34mcolcon.colcon_core.package_discovery[0m [1;30mLevel 1[0m discover_packages(prefix_path) discover
[0.678s] [34mcolcon.colcon_installed_package_information.package_discovery[0m [1;30mDEBUG[0m [32mFound 7 installed packages in /home/nvidia/acfly_ws/install[0m
[0.679s] [34mcolcon.colcon_installed_package_information.package_discovery[0m [1;30mDEBUG[0m [32mFound 4 installed packages in /home/nvidia/ws_point/install[0m
[0.680s] [34mcolcon.colcon_installed_package_information.package_discovery[0m [1;30mDEBUG[0m [32mFound 1 installed packages in /home/nvidia/ws_livox/install[0m
[0.680s] [34mcolcon.colcon_installed_package_information.package_discovery[0m [1;30mDEBUG[0m [32mFound 4 installed packages in /home/nvidia/ws_orbbec/install[0m
[0.682s] [34mcolcon.colcon_installed_package_information.package_discovery[0m [1;30mDEBUG[0m [32mFound 284 installed packages in /opt/ros/humble[0m
[0.686s] [34mcolcon.colcon_core.package_discovery[0m [1;30mLevel 1[0m discover_packages(prefix_path) using defaults
[0.748s] [34mcolcon.colcon_core.verb[0m [1;30mLevel 5[0m set package 'mavlink' build argument 'cmake_args' from command line to 'None'
[0.748s] [34mcolcon.colcon_core.verb[0m [1;30mLevel 5[0m set package 'mavlink' build argument 'cmake_target' from command line to 'None'
[0.748s] [34mcolcon.colcon_core.verb[0m [1;30mLevel 5[0m set package 'mavlink' build argument 'cmake_target_skip_unavailable' from command line to 'False'
[0.748s] [34mcolcon.colcon_core.verb[0m [1;30mLevel 5[0m set package 'mavlink' build argument 'cmake_clean_cache' from command line to 'False'
[0.748s] [34mcolcon.colcon_core.verb[0m [1;30mLevel 5[0m set package 'mavlink' build argument 'cmake_clean_first' from command line to 'False'
[0.748s] [34mcolcon.colcon_core.verb[0m [1;30mLevel 5[0m set package 'mavlink' build argument 'cmake_force_configure' from command line to 'False'
[0.749s] [34mcolcon.colcon_core.verb[0m [1;30mLevel 5[0m set package 'mavlink' build argument 'ament_cmake_args' from command line to 'None'
[0.749s] [34mcolcon.colcon_core.verb[0m [1;30mLevel 5[0m set package 'mavlink' build argument 'catkin_cmake_args' from command line to 'None'
[0.749s] [34mcolcon.colcon_core.verb[0m [1;30mLevel 5[0m set package 'mavlink' build argument 'catkin_skip_building_tests' from command line to 'False'
[0.749s] [34mcolcon.colcon_core.verb[0m [1;30mDEBUG[0m [32mBuilding package 'mavlink' with the following arguments: {'ament_cmake_args': None, 'build_base': '/home/nvidia/acfly_ws/build/mavlink', 'catkin_cmake_args': None, 'catkin_skip_building_tests': False, 'cmake_args': None, 'cmake_clean_cache': False, 'cmake_clean_first': False, 'cmake_force_configure': False, 'cmake_target': None, 'cmake_target_skip_unavailable': False, 'install_base': '/home/nvidia/acfly_ws/install/mavlink', 'merge_install': False, 'path': '/home/nvidia/acfly_ws/src/acfly_mavros/mavlink-gbp-release', 'symlink_install': False, 'test_result_base': None}[0m
[0.749s] [34mcolcon.colcon_core.verb[0m [1;30mLevel 5[0m set package 'mavros_msgs' build argument 'cmake_args' from command line to 'None'
[0.749s] [34mcolcon.colcon_core.verb[0m [1;30mLevel 5[0m set package 'mavros_msgs' build argument 'cmake_target' from command line to 'None'
[0.749s] [34mcolcon.colcon_core.verb[0m [1;30mLevel 5[0m set package 'mavros_msgs' build argument 'cmake_target_skip_unavailable' from command line to 'False'
[0.749s] [34mcolcon.colcon_core.verb[0m [1;30mLevel 5[0m set package 'mavros_msgs' build argument 'cmake_clean_cache' from command line to 'False'
[0.749s] [34mcolcon.colcon_core.verb[0m [1;30mLevel 5[0m set package 'mavros_msgs' build argument 'cmake_clean_first' from command line to 'False'
[0.750s] [34mcolcon.colcon_core.verb[0m [1;30mLevel 5[0m set package 'mavros_msgs' build argument 'cmake_force_configure' from command line to 'False'
[0.750s] [34mcolcon.colcon_core.verb[0m [1;30mLevel 5[0m set package 'mavros_msgs' build argument 'ament_cmake_args' from command line to 'None'
[0.750s] [34mcolcon.colcon_core.verb[0m [1;30mLevel 5[0m set package 'mavros_msgs' build argument 'catkin_cmake_args' from command line to 'None'
[0.750s] [34mcolcon.colcon_core.verb[0m [1;30mLevel 5[0m set package 'mavros_msgs' build argument 'catkin_skip_building_tests' from command line to 'False'
[0.750s] [34mcolcon.colcon_core.verb[0m [1;30mDEBUG[0m [32mBuilding package 'mavros_msgs' with the following arguments: {'ament_cmake_args': None, 'build_base': '/home/nvidia/acfly_ws/build/mavros_msgs', 'catkin_cmake_args': None, 'catkin_skip_building_tests': False, 'cmake_args': None, 'cmake_clean_cache': False, 'cmake_clean_first': False, 'cmake_force_configure': False, 'cmake_target': None, 'cmake_target_skip_unavailable': False, 'install_base': '/home/nvidia/acfly_ws/install/mavros_msgs', 'merge_install': False, 'path': '/home/nvidia/acfly_ws/src/acfly_mavros/mavros/mavros_msgs', 'symlink_install': False, 'test_result_base': None}[0m
[0.750s] [34mcolcon.colcon_core.verb[0m [1;30mLevel 5[0m set package 'fly_mission' build argument 'cmake_args' from command line to 'None'
[0.750s] [34mcolcon.colcon_core.verb[0m [1;30mLevel 5[0m set package 'fly_mission' build argument 'cmake_target' from command line to 'None'
[0.750s] [34mcolcon.colcon_core.verb[0m [1;30mLevel 5[0m set package 'fly_mission' build argument 'cmake_target_skip_unavailable' from command line to 'False'
[0.750s] [34mcolcon.colcon_core.verb[0m [1;30mLevel 5[0m set package 'fly_mission' build argument 'cmake_clean_cache' from command line to 'False'
[0.750s] [34mcolcon.colcon_core.verb[0m [1;30mLevel 5[0m set package 'fly_mission' build argument 'cmake_clean_first' from command line to 'False'
[0.751s] [34mcolcon.colcon_core.verb[0m [1;30mLevel 5[0m set package 'fly_mission' build argument 'cmake_force_configure' from command line to 'False'
[0.751s] [34mcolcon.colcon_core.verb[0m [1;30mLevel 5[0m set package 'fly_mission' build argument 'ament_cmake_args' from command line to 'None'
[0.751s] [34mcolcon.colcon_core.verb[0m [1;30mLevel 5[0m set package 'fly_mission' build argument 'catkin_cmake_args' from command line to 'None'
[0.751s] [34mcolcon.colcon_core.verb[0m [1;30mLevel 5[0m set package 'fly_mission' build argument 'catkin_skip_building_tests' from command line to 'False'
[0.751s] [34mcolcon.colcon_core.verb[0m [1;30mDEBUG[0m [32mBuilding package 'fly_mission' with the following arguments: {'ament_cmake_args': None, 'build_base': '/home/nvidia/acfly_ws/build/fly_mission', 'catkin_cmake_args': None, 'catkin_skip_building_tests': False, 'cmake_args': None, 'cmake_clean_cache': False, 'cmake_clean_first': False, 'cmake_force_configure': False, 'cmake_target': None, 'cmake_target_skip_unavailable': False, 'install_base': '/home/nvidia/acfly_ws/install/fly_mission', 'merge_install': False, 'path': '/home/nvidia/acfly_ws/src/fly_mission', 'symlink_install': False, 'test_result_base': None}[0m
[0.751s] [34mcolcon.colcon_core.verb[0m [1;30mLevel 5[0m set package 'fly_mission_gps' build argument 'cmake_args' from command line to 'None'
[0.751s] [34mcolcon.colcon_core.verb[0m [1;30mLevel 5[0m set package 'fly_mission_gps' build argument 'cmake_target' from command line to 'None'
[0.751s] [34mcolcon.colcon_core.verb[0m [1;30mLevel 5[0m set package 'fly_mission_gps' build argument 'cmake_target_skip_unavailable' from command line to 'False'
[0.751s] [34mcolcon.colcon_core.verb[0m [1;30mLevel 5[0m set package 'fly_mission_gps' build argument 'cmake_clean_cache' from command line to 'False'
[0.751s] [34mcolcon.colcon_core.verb[0m [1;30mLevel 5[0m set package 'fly_mission_gps' build argument 'cmake_clean_first' from command line to 'False'
[0.751s] [34mcolcon.colcon_core.verb[0m [1;30mLevel 5[0m set package 'fly_mission_gps' build argument 'cmake_force_configure' from command line to 'False'
[0.751s] [34mcolcon.colcon_core.verb[0m [1;30mLevel 5[0m set package 'fly_mission_gps' build argument 'ament_cmake_args' from command line to 'None'
[0.752s] [34mcolcon.colcon_core.verb[0m [1;30mLevel 5[0m set package 'fly_mission_gps' build argument 'catkin_cmake_args' from command line to 'None'
[0.752s] [34mcolcon.colcon_core.verb[0m [1;30mLevel 5[0m set package 'fly_mission_gps' build argument 'catkin_skip_building_tests' from command line to 'False'
[0.752s] [34mcolcon.colcon_core.verb[0m [1;30mDEBUG[0m [32mBuilding package 'fly_mission_gps' with the following arguments: {'ament_cmake_args': None, 'build_base': '/home/nvidia/acfly_ws/build/fly_mission_gps', 'catkin_cmake_args': None, 'catkin_skip_building_tests': False, 'cmake_args': None, 'cmake_clean_cache': False, 'cmake_clean_first': False, 'cmake_force_configure': False, 'cmake_target': None, 'cmake_target_skip_unavailable': False, 'install_base': '/home/nvidia/acfly_ws/install/fly_mission_gps', 'merge_install': False, 'path': '/home/nvidia/acfly_ws/src/fly_mission_gps', 'symlink_install': False, 'test_result_base': None}[0m
[0.752s] [34mcolcon.colcon_core.verb[0m [1;30mLevel 5[0m set package 'libmavconn' build argument 'cmake_args' from command line to 'None'
[0.752s] [34mcolcon.colcon_core.verb[0m [1;30mLevel 5[0m set package 'libmavconn' build argument 'cmake_target' from command line to 'None'
[0.752s] [34mcolcon.colcon_core.verb[0m [1;30mLevel 5[0m set package 'libmavconn' build argument 'cmake_target_skip_unavailable' from command line to 'False'
[0.752s] [34mcolcon.colcon_core.verb[0m [1;30mLevel 5[0m set package 'libmavconn' build argument 'cmake_clean_cache' from command line to 'False'
[0.752s] [34mcolcon.colcon_core.verb[0m [1;30mLevel 5[0m set package 'libmavconn' build argument 'cmake_clean_first' from command line to 'False'
[0.752s] [34mcolcon.colcon_core.verb[0m [1;30mLevel 5[0m set package 'libmavconn' build argument 'cmake_force_configure' from command line to 'False'
[0.752s] [34mcolcon.colcon_core.verb[0m [1;30mLevel 5[0m set package 'libmavconn' build argument 'ament_cmake_args' from command line to 'None'
[0.752s] [34mcolcon.colcon_core.verb[0m [1;30mLevel 5[0m set package 'libmavconn' build argument 'catkin_cmake_args' from command line to 'None'
[0.752s] [34mcolcon.colcon_core.verb[0m [1;30mLevel 5[0m set package 'libmavconn' build argument 'catkin_skip_building_tests' from command line to 'False'
[0.753s] [34mcolcon.colcon_core.verb[0m [1;30mDEBUG[0m [32mBuilding package 'libmavconn' with the following arguments: {'ament_cmake_args': None, 'build_base': '/home/nvidia/acfly_ws/build/libmavconn', 'catkin_cmake_args': None, 'catkin_skip_building_tests': False, 'cmake_args': None, 'cmake_clean_cache': False, 'cmake_clean_first': False, 'cmake_force_configure': False, 'cmake_target': None, 'cmake_target_skip_unavailable': False, 'install_base': '/home/nvidia/acfly_ws/install/libmavconn', 'merge_install': False, 'path': '/home/nvidia/acfly_ws/src/acfly_mavros/mavros/libmavconn', 'symlink_install': False, 'test_result_base': None}[0m
[0.753s] [34mcolcon.colcon_core.verb[0m [1;30mLevel 5[0m set package 'mavros' build argument 'cmake_args' from command line to 'None'
[0.753s] [34mcolcon.colcon_core.verb[0m [1;30mLevel 5[0m set package 'mavros' build argument 'cmake_target' from command line to 'None'
[0.753s] [34mcolcon.colcon_core.verb[0m [1;30mLevel 5[0m set package 'mavros' build argument 'cmake_target_skip_unavailable' from command line to 'False'
[0.753s] [34mcolcon.colcon_core.verb[0m [1;30mLevel 5[0m set package 'mavros' build argument 'cmake_clean_cache' from command line to 'False'
[0.753s] [34mcolcon.colcon_core.verb[0m [1;30mLevel 5[0m set package 'mavros' build argument 'cmake_clean_first' from command line to 'False'
[0.753s] [34mcolcon.colcon_core.verb[0m [1;30mLevel 5[0m set package 'mavros' build argument 'cmake_force_configure' from command line to 'False'
[0.753s] [34mcolcon.colcon_core.verb[0m [1;30mLevel 5[0m set package 'mavros' build argument 'ament_cmake_args' from command line to 'None'
[0.753s] [34mcolcon.colcon_core.verb[0m [1;30mLevel 5[0m set package 'mavros' build argument 'catkin_cmake_args' from command line to 'None'
[0.753s] [34mcolcon.colcon_core.verb[0m [1;30mLevel 5[0m set package 'mavros' build argument 'catkin_skip_building_tests' from command line to 'False'
[0.753s] [34mcolcon.colcon_core.verb[0m [1;30mDEBUG[0m [32mBuilding package 'mavros' with the following arguments: {'ament_cmake_args': None, 'build_base': '/home/nvidia/acfly_ws/build/mavros', 'catkin_cmake_args': None, 'catkin_skip_building_tests': False, 'cmake_args': None, 'cmake_clean_cache': False, 'cmake_clean_first': False, 'cmake_force_configure': False, 'cmake_target': None, 'cmake_target_skip_unavailable': False, 'install_base': '/home/nvidia/acfly_ws/install/mavros', 'merge_install': False, 'path': '/home/nvidia/acfly_ws/src/acfly_mavros/mavros/mavros', 'symlink_install': False, 'test_result_base': None}[0m
[0.754s] [34mcolcon.colcon_core.verb[0m [1;30mLevel 5[0m set package 'mavros_extras' build argument 'cmake_args' from command line to 'None'
[0.754s] [34mcolcon.colcon_core.verb[0m [1;30mLevel 5[0m set package 'mavros_extras' build argument 'cmake_target' from command line to 'None'
[0.754s] [34mcolcon.colcon_core.verb[0m [1;30mLevel 5[0m set package 'mavros_extras' build argument 'cmake_target_skip_unavailable' from command line to 'False'
[0.754s] [34mcolcon.colcon_core.verb[0m [1;30mLevel 5[0m set package 'mavros_extras' build argument 'cmake_clean_cache' from command line to 'False'
[0.754s] [34mcolcon.colcon_core.verb[0m [1;30mLevel 5[0m set package 'mavros_extras' build argument 'cmake_clean_first' from command line to 'False'
[0.754s] [34mcolcon.colcon_core.verb[0m [1;30mLevel 5[0m set package 'mavros_extras' build argument 'cmake_force_configure' from command line to 'False'
[0.754s] [34mcolcon.colcon_core.verb[0m [1;30mLevel 5[0m set package 'mavros_extras' build argument 'ament_cmake_args' from command line to 'None'
[0.754s] [34mcolcon.colcon_core.verb[0m [1;30mLevel 5[0m set package 'mavros_extras' build argument 'catkin_cmake_args' from command line to 'None'
[0.754s] [34mcolcon.colcon_core.verb[0m [1;30mLevel 5[0m set package 'mavros_extras' build argument 'catkin_skip_building_tests' from command line to 'False'
[0.754s] [34mcolcon.colcon_core.verb[0m [1;30mDEBUG[0m [32mBuilding package 'mavros_extras' with the following arguments: {'ament_cmake_args': None, 'build_base': '/home/nvidia/acfly_ws/build/mavros_extras', 'catkin_cmake_args': None, 'catkin_skip_building_tests': False, 'cmake_args': None, 'cmake_clean_cache': False, 'cmake_clean_first': False, 'cmake_force_configure': False, 'cmake_target': None, 'cmake_target_skip_unavailable': False, 'install_base': '/home/nvidia/acfly_ws/install/mavros_extras', 'merge_install': False, 'path': '/home/nvidia/acfly_ws/src/acfly_mavros/mavros/mavros_extras', 'symlink_install': False, 'test_result_base': None}[0m
[0.755s] [34mcolcon.colcon_core.executor[0m [1;30mINFO[0m Executing jobs using 'parallel' executor
[0.757s] [34mcolcon.colcon_parallel_executor.executor.parallel[0m [1;30mDEBUG[0m [32mrun_until_complete[0m
[0.757s] [34mcolcon.colcon_ros.task.ament_cmake.build[0m [1;30mINFO[0m Building ROS package in '/home/nvidia/acfly_ws/src/acfly_mavros/mavros/mavros_msgs' with build type 'ament_cmake'
[0.758s] [34mcolcon.colcon_cmake.task.cmake.build[0m [1;30mINFO[0m Building CMake package in '/home/nvidia/acfly_ws/src/acfly_mavros/mavros/mavros_msgs'
[0.762s] [34mcolcon.colcon_core.plugin_system[0m [1;30mINFO[0m Skipping extension 'colcon_core.shell.bat': Not used on non-Windows systems
[0.763s] [34mcolcon.colcon_core.shell[0m [1;30mINFO[0m Skip shell extension 'powershell' for command environment: Not usable outside of PowerShell
[0.763s] [34mcolcon.colcon_core.shell[0m [1;30mDEBUG[0m [32mSkip shell extension 'dsv' for command environment[0m
[0.771s] [34mcolcon.colcon_ros.task.cmake.build[0m [1;30mINFO[0m Building ROS package in '/home/nvidia/acfly_ws/src/acfly_mavros/mavlink-gbp-release' with build type 'cmake'
[0.772s] [34mcolcon.colcon_cmake.task.cmake.build[0m [1;30mINFO[0m Building CMake package in '/home/nvidia/acfly_ws/src/acfly_mavros/mavlink-gbp-release'
[0.772s] [34mcolcon.colcon_core.shell[0m [1;30mINFO[0m Skip shell extension 'powershell' for command environment: Not usable outside of PowerShell
[0.772s] [34mcolcon.colcon_core.shell[0m [1;30mDEBUG[0m [32mSkip shell extension 'dsv' for command environment[0m
[0.790s] [34mcolcon.colcon_core.event_handler.log_command[0m [1;30mDEBUG[0m [32mInvoking command in '/home/nvidia/acfly_ws/build/mavros_msgs': CMAKE_PREFIX_PATH=${CMAKE_PREFIX_PATH}:/home/nvidia/ws_orbbec/install/gemini_vision:/opt/ros/humble /usr/bin/cmake --build /home/nvidia/acfly_ws/build/mavros_msgs -- -j8 -l8[0m
[0.796s] [34mcolcon.colcon_core.event_handler.log_command[0m [1;30mDEBUG[0m [32mInvoking command in '/home/nvidia/acfly_ws/build/mavlink': CMAKE_PREFIX_PATH=${CMAKE_PREFIX_PATH}:/home/nvidia/ws_orbbec/install/gemini_vision:/opt/ros/humble /usr/bin/cmake --build /home/nvidia/acfly_ws/build/mavlink -- -j8 -l8[0m
[1.141s] [34mcolcon.colcon_core.event_handler.log_command[0m [1;30mDEBUG[0m [32mInvoked command in '/home/nvidia/acfly_ws/build/mavlink' returned '0': CMAKE_PREFIX_PATH=${CMAKE_PREFIX_PATH}:/home/nvidia/ws_orbbec/install/gemini_vision:/opt/ros/humble /usr/bin/cmake --build /home/nvidia/acfly_ws/build/mavlink -- -j8 -l8[0m
[1.162s] [34mcolcon.colcon_core.event_handler.log_command[0m [1;30mDEBUG[0m [32mInvoking command in '/home/nvidia/acfly_ws/build/mavlink': CMAKE_PREFIX_PATH=${CMAKE_PREFIX_PATH}:/home/nvidia/ws_orbbec/install/gemini_vision:/opt/ros/humble /usr/bin/cmake --install /home/nvidia/acfly_ws/build/mavlink[0m
[1.282s] [34mcolcon.colcon_core.shell[0m [1;30mLevel 1[0m create_environment_hook('mavlink', 'pkg_config_path')
[1.282s] [34mcolcon.colcon_core.shell[0m [1;30mINFO[0m Creating environment hook '/home/nvidia/acfly_ws/install/mavlink/share/mavlink/hook/pkg_config_path.ps1'
[1.285s] [34mcolcon.colcon_core.shell[0m [1;30mINFO[0m Creating environment descriptor '/home/nvidia/acfly_ws/install/mavlink/share/mavlink/hook/pkg_config_path.dsv'
[1.286s] [34mcolcon.colcon_core.shell[0m [1;30mINFO[0m Creating environment hook '/home/nvidia/acfly_ws/install/mavlink/share/mavlink/hook/pkg_config_path.sh'
[1.294s] [34mcolcon.colcon_core.shell[0m [1;30mLevel 1[0m create_environment_hook('mavlink', 'pkg_config_path_multiarch')
[1.295s] [34mcolcon.colcon_core.shell[0m [1;30mINFO[0m Creating environment hook '/home/nvidia/acfly_ws/install/mavlink/share/mavlink/hook/pkg_config_path_multiarch.ps1'
[1.305s] [34mcolcon.colcon_core.shell[0m [1;30mINFO[0m Creating environment descriptor '/home/nvidia/acfly_ws/install/mavlink/share/mavlink/hook/pkg_config_path_multiarch.dsv'
[1.306s] [34mcolcon.colcon_core.shell[0m [1;30mINFO[0m Creating environment hook '/home/nvidia/acfly_ws/install/mavlink/share/mavlink/hook/pkg_config_path_multiarch.sh'
[1.307s] [34mcolcon.colcon_core.environment[0m [1;30mLevel 1[0m create_environment_scripts_only(mavlink)
[1.315s] [34mcolcon.colcon_core.environment[0m [1;30mLevel 1[0m checking '/home/nvidia/acfly_ws/install/mavlink' for CMake module files
[1.317s] [34mcolcon.colcon_core.environment[0m [1;30mLevel 1[0m checking '/home/nvidia/acfly_ws/install/mavlink' for CMake config files
[1.319s] [34mcolcon.colcon_core.shell[0m [1;30mLevel 1[0m create_environment_hook('mavlink', 'cmake_prefix_path')
[1.320s] [34mcolcon.colcon_core.shell[0m [1;30mINFO[0m Creating environment hook '/home/nvidia/acfly_ws/install/mavlink/share/mavlink/hook/cmake_prefix_path.ps1'
[1.322s] [34mcolcon.colcon_core.shell[0m [1;30mINFO[0m Creating environment descriptor '/home/nvidia/acfly_ws/install/mavlink/share/mavlink/hook/cmake_prefix_path.dsv'
[1.323s] [34mcolcon.colcon_core.shell[0m [1;30mINFO[0m Creating environment hook '/home/nvidia/acfly_ws/install/mavlink/share/mavlink/hook/cmake_prefix_path.sh'
[1.326s] [34mcolcon.colcon_core.environment[0m [1;30mLevel 1[0m checking '/home/nvidia/acfly_ws/install/mavlink/lib'
[1.326s] [34mcolcon.colcon_core.environment[0m [1;30mLevel 1[0m checking '/home/nvidia/acfly_ws/install/mavlink/bin'
[1.326s] [34mcolcon.colcon_core.environment[0m [1;30mLevel 1[0m checking '/home/nvidia/acfly_ws/install/mavlink/lib/pkgconfig/mavlink.pc'
[1.327s] [34mcolcon.colcon_core.shell[0m [1;30mLevel 1[0m create_environment_hook('mavlink', 'pkg_config')
[1.327s] [34mcolcon.colcon_core.shell[0m [1;30mINFO[0m Creating environment hook '/home/nvidia/acfly_ws/install/mavlink/share/mavlink/hook/pkg_config.ps1'
[1.329s] [34mcolcon.colcon_core.shell[0m [1;30mINFO[0m Creating environment descriptor '/home/nvidia/acfly_ws/install/mavlink/share/mavlink/hook/pkg_config.dsv'
[1.330s] [34mcolcon.colcon_core.shell[0m [1;30mINFO[0m Creating environment hook '/home/nvidia/acfly_ws/install/mavlink/share/mavlink/hook/pkg_config.sh'
[1.332s] [34mcolcon.colcon_core.environment[0m [1;30mLevel 1[0m checking '/home/nvidia/acfly_ws/install/mavlink/lib/python3.10/site-packages'
[1.333s] [34mcolcon.colcon_core.environment[0m [1;30mLevel 1[0m checking '/home/nvidia/acfly_ws/install/mavlink/bin'
[1.334s] [34mcolcon.colcon_core.shell[0m [1;30mINFO[0m Creating package script '/home/nvidia/acfly_ws/install/mavlink/share/mavlink/package.ps1'
[1.337s] [34mcolcon.colcon_core.shell[0m [1;30mINFO[0m Creating package descriptor '/home/nvidia/acfly_ws/install/mavlink/share/mavlink/package.dsv'
[1.339s] [34mcolcon.colcon_core.shell[0m [1;30mINFO[0m Creating package script '/home/nvidia/acfly_ws/install/mavlink/share/mavlink/package.sh'
[1.342s] [34mcolcon.colcon_core.shell[0m [1;30mINFO[0m Creating package script '/home/nvidia/acfly_ws/install/mavlink/share/mavlink/package.bash'
[1.344s] [34mcolcon.colcon_core.shell[0m [1;30mINFO[0m Creating package script '/home/nvidia/acfly_ws/install/mavlink/share/mavlink/package.zsh'
[1.347s] [34mcolcon.colcon_core.environment[0m [1;30mLevel 1[0m create_file_with_runtime_dependencies(/home/nvidia/acfly_ws/install/mavlink/share/colcon-core/packages/mavlink)
[1.348s] [34mcolcon.colcon_ros.task.ament_cmake.build[0m [1;30mINFO[0m Building ROS package in '/home/nvidia/acfly_ws/src/acfly_mavros/mavros/libmavconn' with build type 'ament_cmake'
[1.349s] [34mcolcon.colcon_cmake.task.cmake.build[0m [1;30mINFO[0m Building CMake package in '/home/nvidia/acfly_ws/src/acfly_mavros/mavros/libmavconn'
[1.349s] [34mcolcon.colcon_core.shell[0m [1;30mINFO[0m Skip shell extension 'powershell' for command environment: Not usable outside of PowerShell
[1.350s] [34mcolcon.colcon_core.shell[0m [1;30mDEBUG[0m [32mSkip shell extension 'dsv' for command environment[0m
[1.500s] [34mcolcon.colcon_core.event_handler.log_command[0m [1;30mDEBUG[0m [32mInvoked command in '/home/nvidia/acfly_ws/build/mavlink' returned '0': CMAKE_PREFIX_PATH=${CMAKE_PREFIX_PATH}:/home/nvidia/ws_orbbec/install/gemini_vision:/opt/ros/humble /usr/bin/cmake --install /home/nvidia/acfly_ws/build/mavlink[0m
[1.503s] [34mcolcon.colcon_core.event_handler.log_command[0m [1;30mDEBUG[0m [32mInvoking command in '/home/nvidia/acfly_ws/build/libmavconn': CMAKE_PREFIX_PATH=/home/nvidia/acfly_ws/install/mavlink:/home/nvidia/acfly_ws/install/mavros_extras:/home/nvidia/acfly_ws/install/mavros:/home/nvidia/acfly_ws/install/fly_mission_gps:/home/nvidia/acfly_ws/install/fly_mission:/home/nvidia/acfly_ws/install/mavros_msgs:/home/nvidia/acfly_ws/install/libmavconn:/home/nvidia/ws_orbbec/install/orbbec_description:/home/nvidia/ws_orbbec/install/orbbec_camera:/home/nvidia/ws_orbbec/install/orbbec_camera_msgs:/home/nvidia/ws_livox/install/livox_ros_driver2:/home/nvidia/ws_point/install/pos_link:/home/nvidia/ws_point/install/point_lio:/home/nvidia/ws_point/install/pcl_cloud:/home/nvidia/ws_point/install/ac_link:/home/nvidia/ws_orbbec/install/gemini_vision:/opt/ros/humble /usr/bin/cmake --build /home/nvidia/acfly_ws/build/libmavconn -- -j8 -l8[0m
[1.646s] [34mcolcon.colcon_core.event_handler.log_command[0m [1;30mDEBUG[0m [32mInvoked command in '/home/nvidia/acfly_ws/build/libmavconn' returned '0': CMAKE_PREFIX_PATH=/home/nvidia/acfly_ws/install/mavlink:/home/nvidia/acfly_ws/install/mavros_extras:/home/nvidia/acfly_ws/install/mavros:/home/nvidia/acfly_ws/install/fly_mission_gps:/home/nvidia/acfly_ws/install/fly_mission:/home/nvidia/acfly_ws/install/mavros_msgs:/home/nvidia/acfly_ws/install/libmavconn:/home/nvidia/ws_orbbec/install/orbbec_description:/home/nvidia/ws_orbbec/install/orbbec_camera:/home/nvidia/ws_orbbec/install/orbbec_camera_msgs:/home/nvidia/ws_livox/install/livox_ros_driver2:/home/nvidia/ws_point/install/pos_link:/home/nvidia/ws_point/install/point_lio:/home/nvidia/ws_point/install/pcl_cloud:/home/nvidia/ws_point/install/ac_link:/home/nvidia/ws_orbbec/install/gemini_vision:/opt/ros/humble /usr/bin/cmake --build /home/nvidia/acfly_ws/build/libmavconn -- -j8 -l8[0m
[1.651s] [34mcolcon.colcon_core.event_handler.log_command[0m [1;30mDEBUG[0m [32mInvoking command in '/home/nvidia/acfly_ws/build/libmavconn': CMAKE_PREFIX_PATH=/home/nvidia/acfly_ws/install/mavlink:/home/nvidia/acfly_ws/install/mavros_extras:/home/nvidia/acfly_ws/install/mavros:/home/nvidia/acfly_ws/install/fly_mission_gps:/home/nvidia/acfly_ws/install/fly_mission:/home/nvidia/acfly_ws/install/mavros_msgs:/home/nvidia/acfly_ws/install/libmavconn:/home/nvidia/ws_orbbec/install/orbbec_description:/home/nvidia/ws_orbbec/install/orbbec_camera:/home/nvidia/ws_orbbec/install/orbbec_camera_msgs:/home/nvidia/ws_livox/install/livox_ros_driver2:/home/nvidia/ws_point/install/pos_link:/home/nvidia/ws_point/install/point_lio:/home/nvidia/ws_point/install/pcl_cloud:/home/nvidia/ws_point/install/ac_link:/home/nvidia/ws_orbbec/install/gemini_vision:/opt/ros/humble /usr/bin/cmake --install /home/nvidia/acfly_ws/build/libmavconn[0m
[1.682s] [34mcolcon.colcon_core.event_handler.log_command[0m [1;30mDEBUG[0m [32mInvoked command in '/home/nvidia/acfly_ws/build/mavros_msgs' returned '0': CMAKE_PREFIX_PATH=${CMAKE_PREFIX_PATH}:/home/nvidia/ws_orbbec/install/gemini_vision:/opt/ros/humble /usr/bin/cmake --build /home/nvidia/acfly_ws/build/mavros_msgs -- -j8 -l8[0m
[1.686s] [34mcolcon.colcon_core.event_handler.log_command[0m [1;30mDEBUG[0m [32mInvoking command in '/home/nvidia/acfly_ws/build/mavros_msgs': CMAKE_PREFIX_PATH=${CMAKE_PREFIX_PATH}:/home/nvidia/ws_orbbec/install/gemini_vision:/opt/ros/humble /usr/bin/cmake --install /home/nvidia/acfly_ws/build/mavros_msgs[0m
[1.700s] [34mcolcon.colcon_core.environment[0m [1;30mLevel 1[0m create_environment_scripts_only(libmavconn)
[1.701s] [34mcolcon.colcon_core.environment[0m [1;30mLevel 1[0m checking '/home/nvidia/acfly_ws/install/libmavconn' for CMake module files
[1.702s] [34mcolcon.colcon_core.event_handler.log_command[0m [1;30mDEBUG[0m [32mInvoked command in '/home/nvidia/acfly_ws/build/libmavconn' returned '0': CMAKE_PREFIX_PATH=/home/nvidia/acfly_ws/install/mavlink:/home/nvidia/acfly_ws/install/mavros_extras:/home/nvidia/acfly_ws/install/mavros:/home/nvidia/acfly_ws/install/fly_mission_gps:/home/nvidia/acfly_ws/install/fly_mission:/home/nvidia/acfly_ws/install/mavros_msgs:/home/nvidia/acfly_ws/install/libmavconn:/home/nvidia/ws_orbbec/install/orbbec_description:/home/nvidia/ws_orbbec/install/orbbec_camera:/home/nvidia/ws_orbbec/install/orbbec_camera_msgs:/home/nvidia/ws_livox/install/livox_ros_driver2:/home/nvidia/ws_point/install/pos_link:/home/nvidia/ws_point/install/point_lio:/home/nvidia/ws_point/install/pcl_cloud:/home/nvidia/ws_point/install/ac_link:/home/nvidia/ws_orbbec/install/gemini_vision:/opt/ros/humble /usr/bin/cmake --install /home/nvidia/acfly_ws/build/libmavconn[0m
[1.703s] [34mcolcon.colcon_core.environment[0m [1;30mLevel 1[0m checking '/home/nvidia/acfly_ws/install/libmavconn' for CMake config files
[1.704s] [34mcolcon.colcon_core.shell[0m [1;30mLevel 1[0m create_environment_hook('libmavconn', 'cmake_prefix_path')
[1.704s] [34mcolcon.colcon_core.shell[0m [1;30mINFO[0m Creating environment hook '/home/nvidia/acfly_ws/install/libmavconn/share/libmavconn/hook/cmake_prefix_path.ps1'
[1.705s] [34mcolcon.colcon_core.shell[0m [1;30mINFO[0m Creating environment descriptor '/home/nvidia/acfly_ws/install/libmavconn/share/libmavconn/hook/cmake_prefix_path.dsv'
[1.706s] [34mcolcon.colcon_core.shell[0m [1;30mINFO[0m Creating environment hook '/home/nvidia/acfly_ws/install/libmavconn/share/libmavconn/hook/cmake_prefix_path.sh'
[1.708s] [34mcolcon.colcon_core.environment[0m [1;30mLevel 1[0m checking '/home/nvidia/acfly_ws/install/libmavconn/lib'
[1.708s] [34mcolcon.colcon_core.shell[0m [1;30mLevel 1[0m create_environment_hook('libmavconn', 'ld_library_path_lib')
[1.709s] [34mcolcon.colcon_core.shell[0m [1;30mINFO[0m Creating environment hook '/home/nvidia/acfly_ws/install/libmavconn/share/libmavconn/hook/ld_library_path_lib.ps1'
[1.709s] [34mcolcon.colcon_core.shell[0m [1;30mINFO[0m Creating environment descriptor '/home/nvidia/acfly_ws/install/libmavconn/share/libmavconn/hook/ld_library_path_lib.dsv'
[1.710s] [34mcolcon.colcon_core.shell[0m [1;30mINFO[0m Creating environment hook '/home/nvidia/acfly_ws/install/libmavconn/share/libmavconn/hook/ld_library_path_lib.sh'
[1.711s] [34mcolcon.colcon_core.environment[0m [1;30mLevel 1[0m checking '/home/nvidia/acfly_ws/install/libmavconn/bin'
[1.711s] [34mcolcon.colcon_core.environment[0m [1;30mLevel 1[0m checking '/home/nvidia/acfly_ws/install/libmavconn/lib/pkgconfig/libmavconn.pc'
[1.712s] [34mcolcon.colcon_core.environment[0m [1;30mLevel 1[0m checking '/home/nvidia/acfly_ws/install/libmavconn/lib/python3.10/site-packages'
[1.712s] [34mcolcon.colcon_core.environment[0m [1;30mLevel 1[0m checking '/home/nvidia/acfly_ws/install/libmavconn/bin'
[1.713s] [34mcolcon.colcon_core.shell[0m [1;30mINFO[0m Creating package script '/home/nvidia/acfly_ws/install/libmavconn/share/libmavconn/package.ps1'
[1.714s] [34mcolcon.colcon_core.shell[0m [1;30mINFO[0m Creating package descriptor '/home/nvidia/acfly_ws/install/libmavconn/share/libmavconn/package.dsv'
[1.715s] [34mcolcon.colcon_core.shell[0m [1;30mINFO[0m Creating package script '/home/nvidia/acfly_ws/install/libmavconn/share/libmavconn/package.sh'
[1.717s] [34mcolcon.colcon_core.shell[0m [1;30mINFO[0m Creating package script '/home/nvidia/acfly_ws/install/libmavconn/share/libmavconn/package.bash'
[1.718s] [34mcolcon.colcon_core.shell[0m [1;30mINFO[0m Creating package script '/home/nvidia/acfly_ws/install/libmavconn/share/libmavconn/package.zsh'
[1.719s] [34mcolcon.colcon_core.environment[0m [1;30mLevel 1[0m create_file_with_runtime_dependencies(/home/nvidia/acfly_ws/install/libmavconn/share/colcon-core/packages/libmavconn)
[1.722s] [34mcolcon.colcon_core.environment[0m [1;30mLevel 1[0m create_environment_scripts_only(libmavconn)
[1.723s] [34mcolcon.colcon_core.environment[0m [1;30mLevel 1[0m checking '/home/nvidia/acfly_ws/install/libmavconn' for CMake module files
[1.726s] [34mcolcon.colcon_core.environment[0m [1;30mLevel 1[0m checking '/home/nvidia/acfly_ws/install/libmavconn' for CMake config files
[1.728s] [34mcolcon.colcon_core.shell[0m [1;30mLevel 1[0m create_environment_hook('libmavconn', 'cmake_prefix_path')
[1.729s] [34mcolcon.colcon_core.shell[0m [1;30mINFO[0m Creating environment hook '/home/nvidia/acfly_ws/install/libmavconn/share/libmavconn/hook/cmake_prefix_path.ps1'
[1.731s] [34mcolcon.colcon_core.shell[0m [1;30mINFO[0m Creating environment descriptor '/home/nvidia/acfly_ws/install/libmavconn/share/libmavconn/hook/cmake_prefix_path.dsv'
[1.732s] [34mcolcon.colcon_core.shell[0m [1;30mINFO[0m Creating environment hook '/home/nvidia/acfly_ws/install/libmavconn/share/libmavconn/hook/cmake_prefix_path.sh'
[1.734s] [34mcolcon.colcon_core.environment[0m [1;30mLevel 1[0m checking '/home/nvidia/acfly_ws/install/libmavconn/lib'
[1.735s] [34mcolcon.colcon_core.shell[0m [1;30mLevel 1[0m create_environment_hook('libmavconn', 'ld_library_path_lib')
[1.735s] [34mcolcon.colcon_core.shell[0m [1;30mINFO[0m Creating environment hook '/home/nvidia/acfly_ws/install/libmavconn/share/libmavconn/hook/ld_library_path_lib.ps1'
[1.737s] [34mcolcon.colcon_core.shell[0m [1;30mINFO[0m Creating environment descriptor '/home/nvidia/acfly_ws/install/libmavconn/share/libmavconn/hook/ld_library_path_lib.dsv'
[1.738s] [34mcolcon.colcon_core.shell[0m [1;30mINFO[0m Creating environment hook '/home/nvidia/acfly_ws/install/libmavconn/share/libmavconn/hook/ld_library_path_lib.sh'
[1.739s] [34mcolcon.colcon_core.environment[0m [1;30mLevel 1[0m checking '/home/nvidia/acfly_ws/install/libmavconn/bin'
[1.739s] [34mcolcon.colcon_core.environment[0m [1;30mLevel 1[0m checking '/home/nvidia/acfly_ws/install/libmavconn/lib/pkgconfig/libmavconn.pc'
[1.740s] [34mcolcon.colcon_core.environment[0m [1;30mLevel 1[0m checking '/home/nvidia/acfly_ws/install/libmavconn/lib/python3.10/site-packages'
[1.741s] [34mcolcon.colcon_core.environment[0m [1;30mLevel 1[0m checking '/home/nvidia/acfly_ws/install/libmavconn/bin'
[1.741s] [34mcolcon.colcon_core.shell[0m [1;30mINFO[0m Creating package script '/home/nvidia/acfly_ws/install/libmavconn/share/libmavconn/package.ps1'
[1.743s] [34mcolcon.colcon_core.shell[0m [1;30mINFO[0m Creating package descriptor '/home/nvidia/acfly_ws/install/libmavconn/share/libmavconn/package.dsv'
[1.744s] [34mcolcon.colcon_core.shell[0m [1;30mINFO[0m Creating package script '/home/nvidia/acfly_ws/install/libmavconn/share/libmavconn/package.sh'
[1.746s] [34mcolcon.colcon_core.shell[0m [1;30mINFO[0m Creating package script '/home/nvidia/acfly_ws/install/libmavconn/share/libmavconn/package.bash'
[1.747s] [34mcolcon.colcon_core.shell[0m [1;30mINFO[0m Creating package script '/home/nvidia/acfly_ws/install/libmavconn/share/libmavconn/package.zsh'
[1.748s] [34mcolcon.colcon_core.environment[0m [1;30mLevel 1[0m create_file_with_runtime_dependencies(/home/nvidia/acfly_ws/install/libmavconn/share/colcon-core/packages/libmavconn)
[2.245s] [34mcolcon.colcon_core.environment[0m [1;30mLevel 1[0m create_environment_scripts_only(mavros_msgs)
[2.247s] [34mcolcon.colcon_core.environment[0m [1;30mLevel 1[0m checking '/home/nvidia/acfly_ws/install/mavros_msgs' for CMake module files
[2.248s] [34mcolcon.colcon_core.event_handler.log_command[0m [1;30mDEBUG[0m [32mInvoked command in '/home/nvidia/acfly_ws/build/mavros_msgs' returned '0': CMAKE_PREFIX_PATH=${CMAKE_PREFIX_PATH}:/home/nvidia/ws_orbbec/install/gemini_vision:/opt/ros/humble /usr/bin/cmake --install /home/nvidia/acfly_ws/build/mavros_msgs[0m
[2.250s] [34mcolcon.colcon_core.environment[0m [1;30mLevel 1[0m checking '/home/nvidia/acfly_ws/install/mavros_msgs' for CMake config files
[2.255s] [34mcolcon.colcon_core.shell[0m [1;30mLevel 1[0m create_environment_hook('mavros_msgs', 'cmake_prefix_path')
[2.256s] [34mcolcon.colcon_core.shell[0m [1;30mINFO[0m Creating environment hook '/home/nvidia/acfly_ws/install/mavros_msgs/share/mavros_msgs/hook/cmake_prefix_path.ps1'
[2.258s] [34mcolcon.colcon_core.shell[0m [1;30mINFO[0m Creating environment descriptor '/home/nvidia/acfly_ws/install/mavros_msgs/share/mavros_msgs/hook/cmake_prefix_path.dsv'
[2.259s] [34mcolcon.colcon_core.shell[0m [1;30mINFO[0m Creating environment hook '/home/nvidia/acfly_ws/install/mavros_msgs/share/mavros_msgs/hook/cmake_prefix_path.sh'
[2.262s] [34mcolcon.colcon_core.environment[0m [1;30mLevel 1[0m checking '/home/nvidia/acfly_ws/install/mavros_msgs/lib'
[2.262s] [34mcolcon.colcon_core.shell[0m [1;30mLevel 1[0m create_environment_hook('mavros_msgs', 'ld_library_path_lib')
[2.263s] [34mcolcon.colcon_core.shell[0m [1;30mINFO[0m Creating environment hook '/home/nvidia/acfly_ws/install/mavros_msgs/share/mavros_msgs/hook/ld_library_path_lib.ps1'
[2.264s] [34mcolcon.colcon_core.shell[0m [1;30mINFO[0m Creating environment descriptor '/home/nvidia/acfly_ws/install/mavros_msgs/share/mavros_msgs/hook/ld_library_path_lib.dsv'
[2.265s] [34mcolcon.colcon_core.shell[0m [1;30mINFO[0m Creating environment hook '/home/nvidia/acfly_ws/install/mavros_msgs/share/mavros_msgs/hook/ld_library_path_lib.sh'
[2.266s] [34mcolcon.colcon_core.environment[0m [1;30mLevel 1[0m checking '/home/nvidia/acfly_ws/install/mavros_msgs/bin'
[2.266s] [34mcolcon.colcon_core.environment[0m [1;30mLevel 1[0m checking '/home/nvidia/acfly_ws/install/mavros_msgs/lib/pkgconfig/mavros_msgs.pc'
[2.267s] [34mcolcon.colcon_core.environment[0m [1;30mLevel 1[0m checking '/home/nvidia/acfly_ws/install/mavros_msgs/lib/python3.10/site-packages'
[2.267s] [34mcolcon.colcon_core.environment[0m [1;30mLevel 1[0m checking '/home/nvidia/acfly_ws/install/mavros_msgs/bin'
[2.268s] [34mcolcon.colcon_core.shell[0m [1;30mINFO[0m Creating package script '/home/nvidia/acfly_ws/install/mavros_msgs/share/mavros_msgs/package.ps1'
[2.269s] [34mcolcon.colcon_core.shell[0m [1;30mINFO[0m Creating package descriptor '/home/nvidia/acfly_ws/install/mavros_msgs/share/mavros_msgs/package.dsv'
[2.271s] [34mcolcon.colcon_core.shell[0m [1;30mINFO[0m Creating package script '/home/nvidia/acfly_ws/install/mavros_msgs/share/mavros_msgs/package.sh'
[2.272s] [34mcolcon.colcon_core.shell[0m [1;30mINFO[0m Creating package script '/home/nvidia/acfly_ws/install/mavros_msgs/share/mavros_msgs/package.bash'
[2.274s] [34mcolcon.colcon_core.shell[0m [1;30mINFO[0m Creating package script '/home/nvidia/acfly_ws/install/mavros_msgs/share/mavros_msgs/package.zsh'
[2.275s] [34mcolcon.colcon_core.environment[0m [1;30mLevel 1[0m create_file_with_runtime_dependencies(/home/nvidia/acfly_ws/install/mavros_msgs/share/colcon-core/packages/mavros_msgs)
[2.276s] [34mcolcon.colcon_core.environment[0m [1;30mLevel 1[0m create_environment_scripts_only(mavros_msgs)
[2.276s] [34mcolcon.colcon_core.environment[0m [1;30mLevel 1[0m checking '/home/nvidia/acfly_ws/install/mavros_msgs' for CMake module files
[2.277s] [34mcolcon.colcon_core.environment[0m [1;30mLevel 1[0m checking '/home/nvidia/acfly_ws/install/mavros_msgs' for CMake config files
[2.282s] [34mcolcon.colcon_core.shell[0m [1;30mLevel 1[0m create_environment_hook('mavros_msgs', 'cmake_prefix_path')
[2.282s] [34mcolcon.colcon_core.shell[0m [1;30mINFO[0m Creating environment hook '/home/nvidia/acfly_ws/install/mavros_msgs/share/mavros_msgs/hook/cmake_prefix_path.ps1'
[2.284s] [34mcolcon.colcon_core.shell[0m [1;30mINFO[0m Creating environment descriptor '/home/nvidia/acfly_ws/install/mavros_msgs/share/mavros_msgs/hook/cmake_prefix_path.dsv'
[2.285s] [34mcolcon.colcon_core.shell[0m [1;30mINFO[0m Creating environment hook '/home/nvidia/acfly_ws/install/mavros_msgs/share/mavros_msgs/hook/cmake_prefix_path.sh'
[2.286s] [34mcolcon.colcon_core.environment[0m [1;30mLevel 1[0m checking '/home/nvidia/acfly_ws/install/mavros_msgs/lib'
[2.287s] [34mcolcon.colcon_core.shell[0m [1;30mLevel 1[0m create_environment_hook('mavros_msgs', 'ld_library_path_lib')
[2.287s] [34mcolcon.colcon_core.shell[0m [1;30mINFO[0m Creating environment hook '/home/nvidia/acfly_ws/install/mavros_msgs/share/mavros_msgs/hook/ld_library_path_lib.ps1'
[2.288s] [34mcolcon.colcon_core.shell[0m [1;30mINFO[0m Creating environment descriptor '/home/nvidia/acfly_ws/install/mavros_msgs/share/mavros_msgs/hook/ld_library_path_lib.dsv'
[2.289s] [34mcolcon.colcon_core.shell[0m [1;30mINFO[0m Creating environment hook '/home/nvidia/acfly_ws/install/mavros_msgs/share/mavros_msgs/hook/ld_library_path_lib.sh'
[2.290s] [34mcolcon.colcon_core.environment[0m [1;30mLevel 1[0m checking '/home/nvidia/acfly_ws/install/mavros_msgs/bin'
[2.290s] [34mcolcon.colcon_core.environment[0m [1;30mLevel 1[0m checking '/home/nvidia/acfly_ws/install/mavros_msgs/lib/pkgconfig/mavros_msgs.pc'
[2.291s] [34mcolcon.colcon_core.environment[0m [1;30mLevel 1[0m checking '/home/nvidia/acfly_ws/install/mavros_msgs/lib/python3.10/site-packages'
[2.291s] [34mcolcon.colcon_core.environment[0m [1;30mLevel 1[0m checking '/home/nvidia/acfly_ws/install/mavros_msgs/bin'
[2.292s] [34mcolcon.colcon_core.shell[0m [1;30mINFO[0m Creating package script '/home/nvidia/acfly_ws/install/mavros_msgs/share/mavros_msgs/package.ps1'
[2.293s] [34mcolcon.colcon_core.shell[0m [1;30mINFO[0m Creating package descriptor '/home/nvidia/acfly_ws/install/mavros_msgs/share/mavros_msgs/package.dsv'
[2.294s] [34mcolcon.colcon_core.shell[0m [1;30mINFO[0m Creating package script '/home/nvidia/acfly_ws/install/mavros_msgs/share/mavros_msgs/package.sh'
[2.294s] [34mcolcon.colcon_core.shell[0m [1;30mINFO[0m Creating package script '/home/nvidia/acfly_ws/install/mavros_msgs/share/mavros_msgs/package.bash'
[2.295s] [34mcolcon.colcon_core.shell[0m [1;30mINFO[0m Creating package script '/home/nvidia/acfly_ws/install/mavros_msgs/share/mavros_msgs/package.zsh'
[2.296s] [34mcolcon.colcon_core.environment[0m [1;30mLevel 1[0m create_file_with_runtime_dependencies(/home/nvidia/acfly_ws/install/mavros_msgs/share/colcon-core/packages/mavros_msgs)
[2.297s] [34mcolcon.colcon_ros.task.ament_cmake.build[0m [1;30mINFO[0m Building ROS package in '/home/nvidia/acfly_ws/src/acfly_mavros/mavros/mavros' with build type 'ament_cmake'
[2.297s] [34mcolcon.colcon_cmake.task.cmake.build[0m [1;30mINFO[0m Building CMake package in '/home/nvidia/acfly_ws/src/acfly_mavros/mavros/mavros'
[2.298s] [34mcolcon.colcon_core.shell[0m [1;30mINFO[0m Skip shell extension 'powershell' for command environment: Not usable outside of PowerShell
[2.298s] [34mcolcon.colcon_core.shell[0m [1;30mDEBUG[0m [32mSkip shell extension 'dsv' for command environment[0m
[2.312s] [34mcolcon.colcon_ros.task.ament_cmake.build[0m [1;30mINFO[0m Building ROS package in '/home/nvidia/acfly_ws/src/fly_mission' with build type 'ament_cmake'
[2.312s] [34mcolcon.colcon_cmake.task.cmake.build[0m [1;30mINFO[0m Building CMake package in '/home/nvidia/acfly_ws/src/fly_mission'
[2.313s] [34mcolcon.colcon_core.shell[0m [1;30mINFO[0m Skip shell extension 'powershell' for command environment: Not usable outside of PowerShell
[2.313s] [34mcolcon.colcon_core.shell[0m [1;30mDEBUG[0m [32mSkip shell extension 'dsv' for command environment[0m
[2.323s] [34mcolcon.colcon_ros.task.ament_cmake.build[0m [1;30mINFO[0m Building ROS package in '/home/nvidia/acfly_ws/src/fly_mission_gps' with build type 'ament_cmake'
[2.323s] [34mcolcon.colcon_cmake.task.cmake.build[0m [1;30mINFO[0m Building CMake package in '/home/nvidia/acfly_ws/src/fly_mission_gps'
[2.324s] [34mcolcon.colcon_core.shell[0m [1;30mINFO[0m Skip shell extension 'powershell' for command environment: Not usable outside of PowerShell
[2.324s] [34mcolcon.colcon_core.shell[0m [1;30mDEBUG[0m [32mSkip shell extension 'dsv' for command environment[0m
[2.341s] [34mcolcon.colcon_core.event_handler.log_command[0m [1;30mDEBUG[0m [32mInvoking command in '/home/nvidia/acfly_ws/build/mavros': CMAKE_PREFIX_PATH=/home/nvidia/acfly_ws/install/libmavconn:/home/nvidia/acfly_ws/install/mavros_msgs:/home/nvidia/acfly_ws/install/mavlink:/home/nvidia/acfly_ws/install/mavros_extras:/home/nvidia/acfly_ws/install/mavros:/home/nvidia/acfly_ws/install/fly_mission_gps:/home/nvidia/acfly_ws/install/fly_mission:/home/nvidia/ws_orbbec/install/orbbec_description:/home/nvidia/ws_orbbec/install/orbbec_camera:/home/nvidia/ws_orbbec/install/orbbec_camera_msgs:/home/nvidia/ws_livox/install/livox_ros_driver2:/home/nvidia/ws_point/install/pos_link:/home/nvidia/ws_point/install/point_lio:/home/nvidia/ws_point/install/pcl_cloud:/home/nvidia/ws_point/install/ac_link:/home/nvidia/ws_orbbec/install/gemini_vision:/opt/ros/humble LD_LIBRARY_PATH=/home/nvidia/acfly_ws/install/libmavconn/lib:/home/nvidia/acfly_ws/install/mavros_msgs/lib:/usr/local/lib:/home/nvidia/acfly_ws/install/mavros_extras/lib:/home/nvidia/acfly_ws/install/mavros/lib:/usr/local/lib:/home/nvidia/ws_orbbec/install/orbbec_camera/lib:/home/nvidia/ws_orbbec/install/orbbec_camera_msgs/lib:/home/nvidia/ws_livox/install/livox_ros_driver2/lib:/home/nvidia/ws_point/install/ac_link/lib:/opt/ros/humble/opt/rviz_ogre_vendor/lib:/opt/ros/humble/lib/aarch64-linux-gnu:/opt/ros/humble/lib /usr/bin/cmake --build /home/nvidia/acfly_ws/build/mavros -- -j8 -l8[0m
[2.348s] [34mcolcon.colcon_core.event_handler.log_command[0m [1;30mDEBUG[0m [32mInvoking command in '/home/nvidia/acfly_ws/build/fly_mission': CMAKE_PREFIX_PATH=/home/nvidia/acfly_ws/install/mavros_msgs:/home/nvidia/acfly_ws/install/mavros_extras:/home/nvidia/acfly_ws/install/mavros:/home/nvidia/acfly_ws/install/fly_mission_gps:/home/nvidia/acfly_ws/install/fly_mission:/home/nvidia/acfly_ws/install/libmavconn:/home/nvidia/acfly_ws/install/mavlink:/home/nvidia/ws_orbbec/install/orbbec_description:/home/nvidia/ws_orbbec/install/orbbec_camera:/home/nvidia/ws_orbbec/install/orbbec_camera_msgs:/home/nvidia/ws_livox/install/livox_ros_driver2:/home/nvidia/ws_point/install/pos_link:/home/nvidia/ws_point/install/point_lio:/home/nvidia/ws_point/install/pcl_cloud:/home/nvidia/ws_point/install/ac_link:/home/nvidia/ws_orbbec/install/gemini_vision:/opt/ros/humble LD_LIBRARY_PATH=/home/nvidia/acfly_ws/install/mavros_msgs/lib:/usr/local/lib:/home/nvidia/acfly_ws/install/mavros_extras/lib:/home/nvidia/acfly_ws/install/mavros/lib:/home/nvidia/acfly_ws/install/libmavconn/lib:/usr/local/lib:/home/nvidia/ws_orbbec/install/orbbec_camera/lib:/home/nvidia/ws_orbbec/install/orbbec_camera_msgs/lib:/home/nvidia/ws_livox/install/livox_ros_driver2/lib:/home/nvidia/ws_point/install/ac_link/lib:/opt/ros/humble/opt/rviz_ogre_vendor/lib:/opt/ros/humble/lib/aarch64-linux-gnu:/opt/ros/humble/lib /usr/bin/cmake --build /home/nvidia/acfly_ws/build/fly_mission -- -j8 -l8[0m
[2.354s] [34mcolcon.colcon_core.event_handler.log_command[0m [1;30mDEBUG[0m [32mInvoking command in '/home/nvidia/acfly_ws/build/fly_mission_gps': CMAKE_PREFIX_PATH=/home/nvidia/acfly_ws/install/mavros_msgs:/home/nvidia/acfly_ws/install/mavros_extras:/home/nvidia/acfly_ws/install/mavros:/home/nvidia/acfly_ws/install/fly_mission_gps:/home/nvidia/acfly_ws/install/fly_mission:/home/nvidia/acfly_ws/install/libmavconn:/home/nvidia/acfly_ws/install/mavlink:/home/nvidia/ws_orbbec/install/orbbec_description:/home/nvidia/ws_orbbec/install/orbbec_camera:/home/nvidia/ws_orbbec/install/orbbec_camera_msgs:/home/nvidia/ws_livox/install/livox_ros_driver2:/home/nvidia/ws_point/install/pos_link:/home/nvidia/ws_point/install/point_lio:/home/nvidia/ws_point/install/pcl_cloud:/home/nvidia/ws_point/install/ac_link:/home/nvidia/ws_orbbec/install/gemini_vision:/opt/ros/humble LD_LIBRARY_PATH=/home/nvidia/acfly_ws/install/mavros_msgs/lib:/usr/local/lib:/home/nvidia/acfly_ws/install/mavros_extras/lib:/home/nvidia/acfly_ws/install/mavros/lib:/home/nvidia/acfly_ws/install/libmavconn/lib:/usr/local/lib:/home/nvidia/ws_orbbec/install/orbbec_camera/lib:/home/nvidia/ws_orbbec/install/orbbec_camera_msgs/lib:/home/nvidia/ws_livox/install/livox_ros_driver2/lib:/home/nvidia/ws_point/install/ac_link/lib:/opt/ros/humble/opt/rviz_ogre_vendor/lib:/opt/ros/humble/lib/aarch64-linux-gnu:/opt/ros/humble/lib /usr/bin/cmake --build /home/nvidia/acfly_ws/build/fly_mission_gps -- -j8 -l8[0m
[2.479s] [34mcolcon.colcon_core.event_handler.log_command[0m [1;30mDEBUG[0m [32mInvoked command in '/home/nvidia/acfly_ws/build/fly_mission_gps' returned '0': CMAKE_PREFIX_PATH=/home/nvidia/acfly_ws/install/mavros_msgs:/home/nvidia/acfly_ws/install/mavros_extras:/home/nvidia/acfly_ws/install/mavros:/home/nvidia/acfly_ws/install/fly_mission_gps:/home/nvidia/acfly_ws/install/fly_mission:/home/nvidia/acfly_ws/install/libmavconn:/home/nvidia/acfly_ws/install/mavlink:/home/nvidia/ws_orbbec/install/orbbec_description:/home/nvidia/ws_orbbec/install/orbbec_camera:/home/nvidia/ws_orbbec/install/orbbec_camera_msgs:/home/nvidia/ws_livox/install/livox_ros_driver2:/home/nvidia/ws_point/install/pos_link:/home/nvidia/ws_point/install/point_lio:/home/nvidia/ws_point/install/pcl_cloud:/home/nvidia/ws_point/install/ac_link:/home/nvidia/ws_orbbec/install/gemini_vision:/opt/ros/humble LD_LIBRARY_PATH=/home/nvidia/acfly_ws/install/mavros_msgs/lib:/usr/local/lib:/home/nvidia/acfly_ws/install/mavros_extras/lib:/home/nvidia/acfly_ws/install/mavros/lib:/home/nvidia/acfly_ws/install/libmavconn/lib:/usr/local/lib:/home/nvidia/ws_orbbec/install/orbbec_camera/lib:/home/nvidia/ws_orbbec/install/orbbec_camera_msgs/lib:/home/nvidia/ws_livox/install/livox_ros_driver2/lib:/home/nvidia/ws_point/install/ac_link/lib:/opt/ros/humble/opt/rviz_ogre_vendor/lib:/opt/ros/humble/lib/aarch64-linux-gnu:/opt/ros/humble/lib /usr/bin/cmake --build /home/nvidia/acfly_ws/build/fly_mission_gps -- -j8 -l8[0m
[2.482s] [34mcolcon.colcon_core.event_handler.log_command[0m [1;30mDEBUG[0m [32mInvoking command in '/home/nvidia/acfly_ws/build/fly_mission_gps': CMAKE_PREFIX_PATH=/home/nvidia/acfly_ws/install/mavros_msgs:/home/nvidia/acfly_ws/install/mavros_extras:/home/nvidia/acfly_ws/install/mavros:/home/nvidia/acfly_ws/install/fly_mission_gps:/home/nvidia/acfly_ws/install/fly_mission:/home/nvidia/acfly_ws/install/libmavconn:/home/nvidia/acfly_ws/install/mavlink:/home/nvidia/ws_orbbec/install/orbbec_description:/home/nvidia/ws_orbbec/install/orbbec_camera:/home/nvidia/ws_orbbec/install/orbbec_camera_msgs:/home/nvidia/ws_livox/install/livox_ros_driver2:/home/nvidia/ws_point/install/pos_link:/home/nvidia/ws_point/install/point_lio:/home/nvidia/ws_point/install/pcl_cloud:/home/nvidia/ws_point/install/ac_link:/home/nvidia/ws_orbbec/install/gemini_vision:/opt/ros/humble LD_LIBRARY_PATH=/home/nvidia/acfly_ws/install/mavros_msgs/lib:/usr/local/lib:/home/nvidia/acfly_ws/install/mavros_extras/lib:/home/nvidia/acfly_ws/install/mavros/lib:/home/nvidia/acfly_ws/install/libmavconn/lib:/usr/local/lib:/home/nvidia/ws_orbbec/install/orbbec_camera/lib:/home/nvidia/ws_orbbec/install/orbbec_camera_msgs/lib:/home/nvidia/ws_livox/install/livox_ros_driver2/lib:/home/nvidia/ws_point/install/ac_link/lib:/opt/ros/humble/opt/rviz_ogre_vendor/lib:/opt/ros/humble/lib/aarch64-linux-gnu:/opt/ros/humble/lib /usr/bin/cmake --install /home/nvidia/acfly_ws/build/fly_mission_gps[0m
[2.484s] [34mcolcon.colcon_core.event_handler.log_command[0m [1;30mDEBUG[0m [32mInvoked command in '/home/nvidia/acfly_ws/build/fly_mission' returned '0': CMAKE_PREFIX_PATH=/home/nvidia/acfly_ws/install/mavros_msgs:/home/nvidia/acfly_ws/install/mavros_extras:/home/nvidia/acfly_ws/install/mavros:/home/nvidia/acfly_ws/install/fly_mission_gps:/home/nvidia/acfly_ws/install/fly_mission:/home/nvidia/acfly_ws/install/libmavconn:/home/nvidia/acfly_ws/install/mavlink:/home/nvidia/ws_orbbec/install/orbbec_description:/home/nvidia/ws_orbbec/install/orbbec_camera:/home/nvidia/ws_orbbec/install/orbbec_camera_msgs:/home/nvidia/ws_livox/install/livox_ros_driver2:/home/nvidia/ws_point/install/pos_link:/home/nvidia/ws_point/install/point_lio:/home/nvidia/ws_point/install/pcl_cloud:/home/nvidia/ws_point/install/ac_link:/home/nvidia/ws_orbbec/install/gemini_vision:/opt/ros/humble LD_LIBRARY_PATH=/home/nvidia/acfly_ws/install/mavros_msgs/lib:/usr/local/lib:/home/nvidia/acfly_ws/install/mavros_extras/lib:/home/nvidia/acfly_ws/install/mavros/lib:/home/nvidia/acfly_ws/install/libmavconn/lib:/usr/local/lib:/home/nvidia/ws_orbbec/install/orbbec_camera/lib:/home/nvidia/ws_orbbec/install/orbbec_camera_msgs/lib:/home/nvidia/ws_livox/install/livox_ros_driver2/lib:/home/nvidia/ws_point/install/ac_link/lib:/opt/ros/humble/opt/rviz_ogre_vendor/lib:/opt/ros/humble/lib/aarch64-linux-gnu:/opt/ros/humble/lib /usr/bin/cmake --build /home/nvidia/acfly_ws/build/fly_mission -- -j8 -l8[0m
[2.488s] [34mcolcon.colcon_core.event_handler.log_command[0m [1;30mDEBUG[0m [32mInvoking command in '/home/nvidia/acfly_ws/build/fly_mission': CMAKE_PREFIX_PATH=/home/nvidia/acfly_ws/install/mavros_msgs:/home/nvidia/acfly_ws/install/mavros_extras:/home/nvidia/acfly_ws/install/mavros:/home/nvidia/acfly_ws/install/fly_mission_gps:/home/nvidia/acfly_ws/install/fly_mission:/home/nvidia/acfly_ws/install/libmavconn:/home/nvidia/acfly_ws/install/mavlink:/home/nvidia/ws_orbbec/install/orbbec_description:/home/nvidia/ws_orbbec/install/orbbec_camera:/home/nvidia/ws_orbbec/install/orbbec_camera_msgs:/home/nvidia/ws_livox/install/livox_ros_driver2:/home/nvidia/ws_point/install/pos_link:/home/nvidia/ws_point/install/point_lio:/home/nvidia/ws_point/install/pcl_cloud:/home/nvidia/ws_point/install/ac_link:/home/nvidia/ws_orbbec/install/gemini_vision:/opt/ros/humble LD_LIBRARY_PATH=/home/nvidia/acfly_ws/install/mavros_msgs/lib:/usr/local/lib:/home/nvidia/acfly_ws/install/mavros_extras/lib:/home/nvidia/acfly_ws/install/mavros/lib:/home/nvidia/acfly_ws/install/libmavconn/lib:/usr/local/lib:/home/nvidia/ws_orbbec/install/orbbec_camera/lib:/home/nvidia/ws_orbbec/install/orbbec_camera_msgs/lib:/home/nvidia/ws_livox/install/livox_ros_driver2/lib:/home/nvidia/ws_point/install/ac_link/lib:/opt/ros/humble/opt/rviz_ogre_vendor/lib:/opt/ros/humble/lib/aarch64-linux-gnu:/opt/ros/humble/lib /usr/bin/cmake --install /home/nvidia/acfly_ws/build/fly_mission[0m
[2.527s] [34mcolcon.colcon_core.environment[0m [1;30mLevel 1[0m create_environment_scripts_only(fly_mission_gps)
[2.528s] [34mcolcon.colcon_core.environment[0m [1;30mLevel 1[0m checking '/home/nvidia/acfly_ws/install/fly_mission_gps' for CMake module files
[2.529s] [34mcolcon.colcon_core.event_handler.log_command[0m [1;30mDEBUG[0m [32mInvoked command in '/home/nvidia/acfly_ws/build/fly_mission_gps' returned '0': CMAKE_PREFIX_PATH=/home/nvidia/acfly_ws/install/mavros_msgs:/home/nvidia/acfly_ws/install/mavros_extras:/home/nvidia/acfly_ws/install/mavros:/home/nvidia/acfly_ws/install/fly_mission_gps:/home/nvidia/acfly_ws/install/fly_mission:/home/nvidia/acfly_ws/install/libmavconn:/home/nvidia/acfly_ws/install/mavlink:/home/nvidia/ws_orbbec/install/orbbec_description:/home/nvidia/ws_orbbec/install/orbbec_camera:/home/nvidia/ws_orbbec/install/orbbec_camera_msgs:/home/nvidia/ws_livox/install/livox_ros_driver2:/home/nvidia/ws_point/install/pos_link:/home/nvidia/ws_point/install/point_lio:/home/nvidia/ws_point/install/pcl_cloud:/home/nvidia/ws_point/install/ac_link:/home/nvidia/ws_orbbec/install/gemini_vision:/opt/ros/humble LD_LIBRARY_PATH=/home/nvidia/acfly_ws/install/mavros_msgs/lib:/usr/local/lib:/home/nvidia/acfly_ws/install/mavros_extras/lib:/home/nvidia/acfly_ws/install/mavros/lib:/home/nvidia/acfly_ws/install/libmavconn/lib:/usr/local/lib:/home/nvidia/ws_orbbec/install/orbbec_camera/lib:/home/nvidia/ws_orbbec/install/orbbec_camera_msgs/lib:/home/nvidia/ws_livox/install/livox_ros_driver2/lib:/home/nvidia/ws_point/install/ac_link/lib:/opt/ros/humble/opt/rviz_ogre_vendor/lib:/opt/ros/humble/lib/aarch64-linux-gnu:/opt/ros/humble/lib /usr/bin/cmake --install /home/nvidia/acfly_ws/build/fly_mission_gps[0m
[2.530s] [34mcolcon.colcon_core.environment[0m [1;30mLevel 1[0m checking '/home/nvidia/acfly_ws/install/fly_mission_gps' for CMake config files
[2.530s] [34mcolcon.colcon_core.shell[0m [1;30mLevel 1[0m create_environment_hook('fly_mission_gps', 'cmake_prefix_path')
[2.531s] [34mcolcon.colcon_core.shell[0m [1;30mINFO[0m Creating environment hook '/home/nvidia/acfly_ws/install/fly_mission_gps/share/fly_mission_gps/hook/cmake_prefix_path.ps1'
[2.532s] [34mcolcon.colcon_core.shell[0m [1;30mINFO[0m Creating environment descriptor '/home/nvidia/acfly_ws/install/fly_mission_gps/share/fly_mission_gps/hook/cmake_prefix_path.dsv'
[2.532s] [34mcolcon.colcon_core.shell[0m [1;30mINFO[0m Creating environment hook '/home/nvidia/acfly_ws/install/fly_mission_gps/share/fly_mission_gps/hook/cmake_prefix_path.sh'
[2.533s] [34mcolcon.colcon_core.environment[0m [1;30mLevel 1[0m checking '/home/nvidia/acfly_ws/install/fly_mission_gps/lib'
[2.534s] [34mcolcon.colcon_core.environment[0m [1;30mLevel 1[0m checking '/home/nvidia/acfly_ws/install/fly_mission_gps/bin'
[2.534s] [34mcolcon.colcon_core.environment[0m [1;30mLevel 1[0m checking '/home/nvidia/acfly_ws/install/fly_mission_gps/lib/pkgconfig/fly_mission_gps.pc'
[2.534s] [34mcolcon.colcon_core.environment[0m [1;30mLevel 1[0m checking '/home/nvidia/acfly_ws/install/fly_mission_gps/lib/python3.10/site-packages'
[2.535s] [34mcolcon.colcon_core.environment[0m [1;30mLevel 1[0m checking '/home/nvidia/acfly_ws/install/fly_mission_gps/bin'
[2.535s] [34mcolcon.colcon_core.shell[0m [1;30mINFO[0m Creating package script '/home/nvidia/acfly_ws/install/fly_mission_gps/share/fly_mission_gps/package.ps1'
[2.536s] [34mcolcon.colcon_core.shell[0m [1;30mINFO[0m Creating package descriptor '/home/nvidia/acfly_ws/install/fly_mission_gps/share/fly_mission_gps/package.dsv'
[2.537s] [34mcolcon.colcon_core.shell[0m [1;30mINFO[0m Creating package script '/home/nvidia/acfly_ws/install/fly_mission_gps/share/fly_mission_gps/package.sh'
[2.538s] [34mcolcon.colcon_core.shell[0m [1;30mINFO[0m Creating package script '/home/nvidia/acfly_ws/install/fly_mission_gps/share/fly_mission_gps/package.bash'
[2.538s] [34mcolcon.colcon_core.shell[0m [1;30mINFO[0m Creating package script '/home/nvidia/acfly_ws/install/fly_mission_gps/share/fly_mission_gps/package.zsh'
[2.539s] [34mcolcon.colcon_core.environment[0m [1;30mLevel 1[0m create_file_with_runtime_dependencies(/home/nvidia/acfly_ws/install/fly_mission_gps/share/colcon-core/packages/fly_mission_gps)
[2.540s] [34mcolcon.colcon_core.environment[0m [1;30mLevel 1[0m create_environment_scripts_only(fly_mission_gps)
[2.540s] [34mcolcon.colcon_core.environment[0m [1;30mLevel 1[0m checking '/home/nvidia/acfly_ws/install/fly_mission_gps' for CMake module files
[2.541s] [34mcolcon.colcon_core.environment[0m [1;30mLevel 1[0m checking '/home/nvidia/acfly_ws/install/fly_mission_gps' for CMake config files
[2.541s] [34mcolcon.colcon_core.shell[0m [1;30mLevel 1[0m create_environment_hook('fly_mission_gps', 'cmake_prefix_path')
[2.542s] [34mcolcon.colcon_core.shell[0m [1;30mINFO[0m Creating environment hook '/home/nvidia/acfly_ws/install/fly_mission_gps/share/fly_mission_gps/hook/cmake_prefix_path.ps1'
[2.543s] [34mcolcon.colcon_core.shell[0m [1;30mINFO[0m Creating environment descriptor '/home/nvidia/acfly_ws/install/fly_mission_gps/share/fly_mission_gps/hook/cmake_prefix_path.dsv'
[2.543s] [34mcolcon.colcon_core.shell[0m [1;30mINFO[0m Creating environment hook '/home/nvidia/acfly_ws/install/fly_mission_gps/share/fly_mission_gps/hook/cmake_prefix_path.sh'
[2.544s] [34mcolcon.colcon_core.environment[0m [1;30mLevel 1[0m checking '/home/nvidia/acfly_ws/install/fly_mission_gps/lib'
[2.544s] [34mcolcon.colcon_core.environment[0m [1;30mLevel 1[0m checking '/home/nvidia/acfly_ws/install/fly_mission_gps/bin'
[2.544s] [34mcolcon.colcon_core.environment[0m [1;30mLevel 1[0m checking '/home/nvidia/acfly_ws/install/fly_mission_gps/lib/pkgconfig/fly_mission_gps.pc'
[2.545s] [34mcolcon.colcon_core.environment[0m [1;30mLevel 1[0m checking '/home/nvidia/acfly_ws/install/fly_mission_gps/lib/python3.10/site-packages'
[2.545s] [34mcolcon.colcon_core.environment[0m [1;30mLevel 1[0m checking '/home/nvidia/acfly_ws/install/fly_mission_gps/bin'
[2.546s] [34mcolcon.colcon_core.shell[0m [1;30mINFO[0m Creating package script '/home/nvidia/acfly_ws/install/fly_mission_gps/share/fly_mission_gps/package.ps1'
[2.547s] [34mcolcon.colcon_core.shell[0m [1;30mINFO[0m Creating package descriptor '/home/nvidia/acfly_ws/install/fly_mission_gps/share/fly_mission_gps/package.dsv'
[2.548s] [34mcolcon.colcon_core.shell[0m [1;30mINFO[0m Creating package script '/home/nvidia/acfly_ws/install/fly_mission_gps/share/fly_mission_gps/package.sh'
[2.548s] [34mcolcon.colcon_core.shell[0m [1;30mINFO[0m Creating package script '/home/nvidia/acfly_ws/install/fly_mission_gps/share/fly_mission_gps/package.bash'
[2.549s] [34mcolcon.colcon_core.shell[0m [1;30mINFO[0m Creating package script '/home/nvidia/acfly_ws/install/fly_mission_gps/share/fly_mission_gps/package.zsh'
[2.550s] [34mcolcon.colcon_core.environment[0m [1;30mLevel 1[0m create_file_with_runtime_dependencies(/home/nvidia/acfly_ws/install/fly_mission_gps/share/colcon-core/packages/fly_mission_gps)
[2.552s] [34mcolcon.colcon_core.environment[0m [1;30mLevel 1[0m create_environment_scripts_only(fly_mission)
[2.552s] [34mcolcon.colcon_core.environment[0m [1;30mLevel 1[0m checking '/home/nvidia/acfly_ws/install/fly_mission' for CMake module files
[2.553s] [34mcolcon.colcon_core.event_handler.log_command[0m [1;30mDEBUG[0m [32mInvoked command in '/home/nvidia/acfly_ws/build/fly_mission' returned '0': CMAKE_PREFIX_PATH=/home/nvidia/acfly_ws/install/mavros_msgs:/home/nvidia/acfly_ws/install/mavros_extras:/home/nvidia/acfly_ws/install/mavros:/home/nvidia/acfly_ws/install/fly_mission_gps:/home/nvidia/acfly_ws/install/fly_mission:/home/nvidia/acfly_ws/install/libmavconn:/home/nvidia/acfly_ws/install/mavlink:/home/nvidia/ws_orbbec/install/orbbec_description:/home/nvidia/ws_orbbec/install/orbbec_camera:/home/nvidia/ws_orbbec/install/orbbec_camera_msgs:/home/nvidia/ws_livox/install/livox_ros_driver2:/home/nvidia/ws_point/install/pos_link:/home/nvidia/ws_point/install/point_lio:/home/nvidia/ws_point/install/pcl_cloud:/home/nvidia/ws_point/install/ac_link:/home/nvidia/ws_orbbec/install/gemini_vision:/opt/ros/humble LD_LIBRARY_PATH=/home/nvidia/acfly_ws/install/mavros_msgs/lib:/usr/local/lib:/home/nvidia/acfly_ws/install/mavros_extras/lib:/home/nvidia/acfly_ws/install/mavros/lib:/home/nvidia/acfly_ws/install/libmavconn/lib:/usr/local/lib:/home/nvidia/ws_orbbec/install/orbbec_camera/lib:/home/nvidia/ws_orbbec/install/orbbec_camera_msgs/lib:/home/nvidia/ws_livox/install/livox_ros_driver2/lib:/home/nvidia/ws_point/install/ac_link/lib:/opt/ros/humble/opt/rviz_ogre_vendor/lib:/opt/ros/humble/lib/aarch64-linux-gnu:/opt/ros/humble/lib /usr/bin/cmake --install /home/nvidia/acfly_ws/build/fly_mission[0m
[2.554s] [34mcolcon.colcon_core.environment[0m [1;30mLevel 1[0m checking '/home/nvidia/acfly_ws/install/fly_mission' for CMake config files
[2.554s] [34mcolcon.colcon_core.shell[0m [1;30mLevel 1[0m create_environment_hook('fly_mission', 'cmake_prefix_path')
[2.555s] [34mcolcon.colcon_core.shell[0m [1;30mINFO[0m Creating environment hook '/home/nvidia/acfly_ws/install/fly_mission/share/fly_mission/hook/cmake_prefix_path.ps1'
[2.555s] [34mcolcon.colcon_core.shell[0m [1;30mINFO[0m Creating environment descriptor '/home/nvidia/acfly_ws/install/fly_mission/share/fly_mission/hook/cmake_prefix_path.dsv'
[2.556s] [34mcolcon.colcon_core.shell[0m [1;30mINFO[0m Creating environment hook '/home/nvidia/acfly_ws/install/fly_mission/share/fly_mission/hook/cmake_prefix_path.sh'
[2.557s] [34mcolcon.colcon_core.environment[0m [1;30mLevel 1[0m checking '/home/nvidia/acfly_ws/install/fly_mission/lib'
[2.557s] [34mcolcon.colcon_core.environment[0m [1;30mLevel 1[0m checking '/home/nvidia/acfly_ws/install/fly_mission/bin'
[2.557s] [34mcolcon.colcon_core.environment[0m [1;30mLevel 1[0m checking '/home/nvidia/acfly_ws/install/fly_mission/lib/pkgconfig/fly_mission.pc'
[2.558s] [34mcolcon.colcon_core.environment[0m [1;30mLevel 1[0m checking '/home/nvidia/acfly_ws/install/fly_mission/lib/python3.10/site-packages'
[2.558s] [34mcolcon.colcon_core.environment[0m [1;30mLevel 1[0m checking '/home/nvidia/acfly_ws/install/fly_mission/bin'
[2.559s] [34mcolcon.colcon_core.shell[0m [1;30mINFO[0m Creating package script '/home/nvidia/acfly_ws/install/fly_mission/share/fly_mission/package.ps1'
[2.560s] [34mcolcon.colcon_core.shell[0m [1;30mINFO[0m Creating package descriptor '/home/nvidia/acfly_ws/install/fly_mission/share/fly_mission/package.dsv'
[2.561s] [34mcolcon.colcon_core.shell[0m [1;30mINFO[0m Creating package script '/home/nvidia/acfly_ws/install/fly_mission/share/fly_mission/package.sh'
[2.562s] [34mcolcon.colcon_core.shell[0m [1;30mINFO[0m Creating package script '/home/nvidia/acfly_ws/install/fly_mission/share/fly_mission/package.bash'
[2.562s] [34mcolcon.colcon_core.shell[0m [1;30mINFO[0m Creating package script '/home/nvidia/acfly_ws/install/fly_mission/share/fly_mission/package.zsh'
[2.563s] [34mcolcon.colcon_core.environment[0m [1;30mLevel 1[0m create_file_with_runtime_dependencies(/home/nvidia/acfly_ws/install/fly_mission/share/colcon-core/packages/fly_mission)
[2.564s] [34mcolcon.colcon_core.environment[0m [1;30mLevel 1[0m create_environment_scripts_only(fly_mission)
[2.564s] [34mcolcon.colcon_core.environment[0m [1;30mLevel 1[0m checking '/home/nvidia/acfly_ws/install/fly_mission' for CMake module files
[2.565s] [34mcolcon.colcon_core.environment[0m [1;30mLevel 1[0m checking '/home/nvidia/acfly_ws/install/fly_mission' for CMake config files
[2.565s] [34mcolcon.colcon_core.shell[0m [1;30mLevel 1[0m create_environment_hook('fly_mission', 'cmake_prefix_path')
[2.566s] [34mcolcon.colcon_core.shell[0m [1;30mINFO[0m Creating environment hook '/home/nvidia/acfly_ws/install/fly_mission/share/fly_mission/hook/cmake_prefix_path.ps1'
[2.567s] [34mcolcon.colcon_core.shell[0m [1;30mINFO[0m Creating environment descriptor '/home/nvidia/acfly_ws/install/fly_mission/share/fly_mission/hook/cmake_prefix_path.dsv'
[2.567s] [34mcolcon.colcon_core.shell[0m [1;30mINFO[0m Creating environment hook '/home/nvidia/acfly_ws/install/fly_mission/share/fly_mission/hook/cmake_prefix_path.sh'
[2.569s] [34mcolcon.colcon_core.environment[0m [1;30mLevel 1[0m checking '/home/nvidia/acfly_ws/install/fly_mission/lib'
[2.569s] [34mcolcon.colcon_core.environment[0m [1;30mLevel 1[0m checking '/home/nvidia/acfly_ws/install/fly_mission/bin'
[2.569s] [34mcolcon.colcon_core.environment[0m [1;30mLevel 1[0m checking '/home/nvidia/acfly_ws/install/fly_mission/lib/pkgconfig/fly_mission.pc'
[2.569s] [34mcolcon.colcon_core.environment[0m [1;30mLevel 1[0m checking '/home/nvidia/acfly_ws/install/fly_mission/lib/python3.10/site-packages'
[2.570s] [34mcolcon.colcon_core.environment[0m [1;30mLevel 1[0m checking '/home/nvidia/acfly_ws/install/fly_mission/bin'
[2.570s] [34mcolcon.colcon_core.shell[0m [1;30mINFO[0m Creating package script '/home/nvidia/acfly_ws/install/fly_mission/share/fly_mission/package.ps1'
[2.571s] [34mcolcon.colcon_core.shell[0m [1;30mINFO[0m Creating package descriptor '/home/nvidia/acfly_ws/install/fly_mission/share/fly_mission/package.dsv'
[2.572s] [34mcolcon.colcon_core.shell[0m [1;30mINFO[0m Creating package script '/home/nvidia/acfly_ws/install/fly_mission/share/fly_mission/package.sh'
[2.573s] [34mcolcon.colcon_core.shell[0m [1;30mINFO[0m Creating package script '/home/nvidia/acfly_ws/install/fly_mission/share/fly_mission/package.bash'
[2.574s] [34mcolcon.colcon_core.shell[0m [1;30mINFO[0m Creating package script '/home/nvidia/acfly_ws/install/fly_mission/share/fly_mission/package.zsh'
[2.574s] [34mcolcon.colcon_core.environment[0m [1;30mLevel 1[0m create_file_with_runtime_dependencies(/home/nvidia/acfly_ws/install/fly_mission/share/colcon-core/packages/fly_mission)
[3.155s] [34mcolcon.colcon_core.event_handler.log_command[0m [1;30mDEBUG[0m [32mInvoked command in '/home/nvidia/acfly_ws/build/mavros' returned '0': CMAKE_PREFIX_PATH=/home/nvidia/acfly_ws/install/libmavconn:/home/nvidia/acfly_ws/install/mavros_msgs:/home/nvidia/acfly_ws/install/mavlink:/home/nvidia/acfly_ws/install/mavros_extras:/home/nvidia/acfly_ws/install/mavros:/home/nvidia/acfly_ws/install/fly_mission_gps:/home/nvidia/acfly_ws/install/fly_mission:/home/nvidia/ws_orbbec/install/orbbec_description:/home/nvidia/ws_orbbec/install/orbbec_camera:/home/nvidia/ws_orbbec/install/orbbec_camera_msgs:/home/nvidia/ws_livox/install/livox_ros_driver2:/home/nvidia/ws_point/install/pos_link:/home/nvidia/ws_point/install/point_lio:/home/nvidia/ws_point/install/pcl_cloud:/home/nvidia/ws_point/install/ac_link:/home/nvidia/ws_orbbec/install/gemini_vision:/opt/ros/humble LD_LIBRARY_PATH=/home/nvidia/acfly_ws/install/libmavconn/lib:/home/nvidia/acfly_ws/install/mavros_msgs/lib:/usr/local/lib:/home/nvidia/acfly_ws/install/mavros_extras/lib:/home/nvidia/acfly_ws/install/mavros/lib:/usr/local/lib:/home/nvidia/ws_orbbec/install/orbbec_camera/lib:/home/nvidia/ws_orbbec/install/orbbec_camera_msgs/lib:/home/nvidia/ws_livox/install/livox_ros_driver2/lib:/home/nvidia/ws_point/install/ac_link/lib:/opt/ros/humble/opt/rviz_ogre_vendor/lib:/opt/ros/humble/lib/aarch64-linux-gnu:/opt/ros/humble/lib /usr/bin/cmake --build /home/nvidia/acfly_ws/build/mavros -- -j8 -l8[0m
[3.158s] [34mcolcon.colcon_core.event_handler.log_command[0m [1;30mDEBUG[0m [32mInvoking command in '/home/nvidia/acfly_ws/build/mavros': CMAKE_PREFIX_PATH=/home/nvidia/acfly_ws/install/libmavconn:/home/nvidia/acfly_ws/install/mavros_msgs:/home/nvidia/acfly_ws/install/mavlink:/home/nvidia/acfly_ws/install/mavros_extras:/home/nvidia/acfly_ws/install/mavros:/home/nvidia/acfly_ws/install/fly_mission_gps:/home/nvidia/acfly_ws/install/fly_mission:/home/nvidia/ws_orbbec/install/orbbec_description:/home/nvidia/ws_orbbec/install/orbbec_camera:/home/nvidia/ws_orbbec/install/orbbec_camera_msgs:/home/nvidia/ws_livox/install/livox_ros_driver2:/home/nvidia/ws_point/install/pos_link:/home/nvidia/ws_point/install/point_lio:/home/nvidia/ws_point/install/pcl_cloud:/home/nvidia/ws_point/install/ac_link:/home/nvidia/ws_orbbec/install/gemini_vision:/opt/ros/humble LD_LIBRARY_PATH=/home/nvidia/acfly_ws/install/libmavconn/lib:/home/nvidia/acfly_ws/install/mavros_msgs/lib:/usr/local/lib:/home/nvidia/acfly_ws/install/mavros_extras/lib:/home/nvidia/acfly_ws/install/mavros/lib:/usr/local/lib:/home/nvidia/ws_orbbec/install/orbbec_camera/lib:/home/nvidia/ws_orbbec/install/orbbec_camera_msgs/lib:/home/nvidia/ws_livox/install/livox_ros_driver2/lib:/home/nvidia/ws_point/install/ac_link/lib:/opt/ros/humble/opt/rviz_ogre_vendor/lib:/opt/ros/humble/lib/aarch64-linux-gnu:/opt/ros/humble/lib /usr/bin/cmake --install /home/nvidia/acfly_ws/build/mavros[0m
[3.283s] [34mcolcon.colcon_core.environment[0m [1;30mLevel 1[0m create_environment_scripts_only(mavros)
[3.283s] [34mcolcon.colcon_core.environment[0m [1;30mLevel 1[0m checking '/home/nvidia/acfly_ws/install/mavros' for CMake module files
[3.284s] [34mcolcon.colcon_core.event_handler.log_command[0m [1;30mDEBUG[0m [32mInvoked command in '/home/nvidia/acfly_ws/build/mavros' returned '0': CMAKE_PREFIX_PATH=/home/nvidia/acfly_ws/install/libmavconn:/home/nvidia/acfly_ws/install/mavros_msgs:/home/nvidia/acfly_ws/install/mavlink:/home/nvidia/acfly_ws/install/mavros_extras:/home/nvidia/acfly_ws/install/mavros:/home/nvidia/acfly_ws/install/fly_mission_gps:/home/nvidia/acfly_ws/install/fly_mission:/home/nvidia/ws_orbbec/install/orbbec_description:/home/nvidia/ws_orbbec/install/orbbec_camera:/home/nvidia/ws_orbbec/install/orbbec_camera_msgs:/home/nvidia/ws_livox/install/livox_ros_driver2:/home/nvidia/ws_point/install/pos_link:/home/nvidia/ws_point/install/point_lio:/home/nvidia/ws_point/install/pcl_cloud:/home/nvidia/ws_point/install/ac_link:/home/nvidia/ws_orbbec/install/gemini_vision:/opt/ros/humble LD_LIBRARY_PATH=/home/nvidia/acfly_ws/install/libmavconn/lib:/home/nvidia/acfly_ws/install/mavros_msgs/lib:/usr/local/lib:/home/nvidia/acfly_ws/install/mavros_extras/lib:/home/nvidia/acfly_ws/install/mavros/lib:/usr/local/lib:/home/nvidia/ws_orbbec/install/orbbec_camera/lib:/home/nvidia/ws_orbbec/install/orbbec_camera_msgs/lib:/home/nvidia/ws_livox/install/livox_ros_driver2/lib:/home/nvidia/ws_point/install/ac_link/lib:/opt/ros/humble/opt/rviz_ogre_vendor/lib:/opt/ros/humble/lib/aarch64-linux-gnu:/opt/ros/humble/lib /usr/bin/cmake --install /home/nvidia/acfly_ws/build/mavros[0m
[3.285s] [34mcolcon.colcon_core.environment[0m [1;30mLevel 1[0m checking '/home/nvidia/acfly_ws/install/mavros' for CMake config files
[3.285s] [34mcolcon.colcon_core.shell[0m [1;30mLevel 1[0m create_environment_hook('mavros', 'cmake_prefix_path')
[3.286s] [34mcolcon.colcon_core.shell[0m [1;30mINFO[0m Creating environment hook '/home/nvidia/acfly_ws/install/mavros/share/mavros/hook/cmake_prefix_path.ps1'
[3.287s] [34mcolcon.colcon_core.shell[0m [1;30mINFO[0m Creating environment descriptor '/home/nvidia/acfly_ws/install/mavros/share/mavros/hook/cmake_prefix_path.dsv'
[3.287s] [34mcolcon.colcon_core.shell[0m [1;30mINFO[0m Creating environment hook '/home/nvidia/acfly_ws/install/mavros/share/mavros/hook/cmake_prefix_path.sh'
[3.288s] [34mcolcon.colcon_core.environment[0m [1;30mLevel 1[0m checking '/home/nvidia/acfly_ws/install/mavros/lib'
[3.288s] [34mcolcon.colcon_core.shell[0m [1;30mLevel 1[0m create_environment_hook('mavros', 'ld_library_path_lib')
[3.289s] [34mcolcon.colcon_core.shell[0m [1;30mINFO[0m Creating environment hook '/home/nvidia/acfly_ws/install/mavros/share/mavros/hook/ld_library_path_lib.ps1'
[3.289s] [34mcolcon.colcon_core.shell[0m [1;30mINFO[0m Creating environment descriptor '/home/nvidia/acfly_ws/install/mavros/share/mavros/hook/ld_library_path_lib.dsv'
[3.290s] [34mcolcon.colcon_core.shell[0m [1;30mINFO[0m Creating environment hook '/home/nvidia/acfly_ws/install/mavros/share/mavros/hook/ld_library_path_lib.sh'
[3.290s] [34mcolcon.colcon_core.environment[0m [1;30mLevel 1[0m checking '/home/nvidia/acfly_ws/install/mavros/bin'
[3.291s] [34mcolcon.colcon_core.environment[0m [1;30mLevel 1[0m checking '/home/nvidia/acfly_ws/install/mavros/lib/pkgconfig/mavros.pc'
[3.291s] [34mcolcon.colcon_core.environment[0m [1;30mLevel 1[0m checking '/home/nvidia/acfly_ws/install/mavros/lib/python3.10/site-packages'
[3.291s] [34mcolcon.colcon_core.environment[0m [1;30mLevel 1[0m checking '/home/nvidia/acfly_ws/install/mavros/bin'
[3.292s] [34mcolcon.colcon_core.shell[0m [1;30mINFO[0m Creating package script '/home/nvidia/acfly_ws/install/mavros/share/mavros/package.ps1'
[3.294s] [34mcolcon.colcon_core.shell[0m [1;30mINFO[0m Creating package descriptor '/home/nvidia/acfly_ws/install/mavros/share/mavros/package.dsv'
[3.295s] [34mcolcon.colcon_core.shell[0m [1;30mINFO[0m Creating package script '/home/nvidia/acfly_ws/install/mavros/share/mavros/package.sh'
[3.296s] [34mcolcon.colcon_core.shell[0m [1;30mINFO[0m Creating package script '/home/nvidia/acfly_ws/install/mavros/share/mavros/package.bash'
[3.296s] [34mcolcon.colcon_core.shell[0m [1;30mINFO[0m Creating package script '/home/nvidia/acfly_ws/install/mavros/share/mavros/package.zsh'
[3.297s] [34mcolcon.colcon_core.environment[0m [1;30mLevel 1[0m create_file_with_runtime_dependencies(/home/nvidia/acfly_ws/install/mavros/share/colcon-core/packages/mavros)
[3.298s] [34mcolcon.colcon_core.environment[0m [1;30mLevel 1[0m create_environment_scripts_only(mavros)
[3.298s] [34mcolcon.colcon_core.environment[0m [1;30mLevel 1[0m checking '/home/nvidia/acfly_ws/install/mavros' for CMake module files
[3.299s] [34mcolcon.colcon_core.environment[0m [1;30mLevel 1[0m checking '/home/nvidia/acfly_ws/install/mavros' for CMake config files
[3.300s] [34mcolcon.colcon_core.shell[0m [1;30mLevel 1[0m create_environment_hook('mavros', 'cmake_prefix_path')
[3.300s] [34mcolcon.colcon_core.shell[0m [1;30mINFO[0m Creating environment hook '/home/nvidia/acfly_ws/install/mavros/share/mavros/hook/cmake_prefix_path.ps1'
[3.301s] [34mcolcon.colcon_core.shell[0m [1;30mINFO[0m Creating environment descriptor '/home/nvidia/acfly_ws/install/mavros/share/mavros/hook/cmake_prefix_path.dsv'
[3.301s] [34mcolcon.colcon_core.shell[0m [1;30mINFO[0m Creating environment hook '/home/nvidia/acfly_ws/install/mavros/share/mavros/hook/cmake_prefix_path.sh'
[3.302s] [34mcolcon.colcon_core.environment[0m [1;30mLevel 1[0m checking '/home/nvidia/acfly_ws/install/mavros/lib'
[3.302s] [34mcolcon.colcon_core.shell[0m [1;30mLevel 1[0m create_environment_hook('mavros', 'ld_library_path_lib')
[3.303s] [34mcolcon.colcon_core.shell[0m [1;30mINFO[0m Creating environment hook '/home/nvidia/acfly_ws/install/mavros/share/mavros/hook/ld_library_path_lib.ps1'
[3.303s] [34mcolcon.colcon_core.shell[0m [1;30mINFO[0m Creating environment descriptor '/home/nvidia/acfly_ws/install/mavros/share/mavros/hook/ld_library_path_lib.dsv'
[3.304s] [34mcolcon.colcon_core.shell[0m [1;30mINFO[0m Creating environment hook '/home/nvidia/acfly_ws/install/mavros/share/mavros/hook/ld_library_path_lib.sh'
[3.304s] [34mcolcon.colcon_core.environment[0m [1;30mLevel 1[0m checking '/home/nvidia/acfly_ws/install/mavros/bin'
[3.304s] [34mcolcon.colcon_core.environment[0m [1;30mLevel 1[0m checking '/home/nvidia/acfly_ws/install/mavros/lib/pkgconfig/mavros.pc'
[3.305s] [34mcolcon.colcon_core.environment[0m [1;30mLevel 1[0m checking '/home/nvidia/acfly_ws/install/mavros/lib/python3.10/site-packages'
[3.305s] [34mcolcon.colcon_core.environment[0m [1;30mLevel 1[0m checking '/home/nvidia/acfly_ws/install/mavros/bin'
[3.306s] [34mcolcon.colcon_core.shell[0m [1;30mINFO[0m Creating package script '/home/nvidia/acfly_ws/install/mavros/share/mavros/package.ps1'
[3.307s] [34mcolcon.colcon_core.shell[0m [1;30mINFO[0m Creating package descriptor '/home/nvidia/acfly_ws/install/mavros/share/mavros/package.dsv'
[3.307s] [34mcolcon.colcon_core.shell[0m [1;30mINFO[0m Creating package script '/home/nvidia/acfly_ws/install/mavros/share/mavros/package.sh'
[3.308s] [34mcolcon.colcon_core.shell[0m [1;30mINFO[0m Creating package script '/home/nvidia/acfly_ws/install/mavros/share/mavros/package.bash'
[3.309s] [34mcolcon.colcon_core.shell[0m [1;30mINFO[0m Creating package script '/home/nvidia/acfly_ws/install/mavros/share/mavros/package.zsh'
[3.309s] [34mcolcon.colcon_core.environment[0m [1;30mLevel 1[0m create_file_with_runtime_dependencies(/home/nvidia/acfly_ws/install/mavros/share/colcon-core/packages/mavros)
[3.310s] [34mcolcon.colcon_ros.task.ament_cmake.build[0m [1;30mINFO[0m Building ROS package in '/home/nvidia/acfly_ws/src/acfly_mavros/mavros/mavros_extras' with build type 'ament_cmake'
[3.310s] [34mcolcon.colcon_cmake.task.cmake.build[0m [1;30mINFO[0m Building CMake package in '/home/nvidia/acfly_ws/src/acfly_mavros/mavros/mavros_extras'
[3.311s] [34mcolcon.colcon_core.shell[0m [1;30mINFO[0m Skip shell extension 'powershell' for command environment: Not usable outside of PowerShell
[3.311s] [34mcolcon.colcon_core.shell[0m [1;30mDEBUG[0m [32mSkip shell extension 'dsv' for command environment[0m
[3.340s] [34mcolcon.colcon_core.event_handler.log_command[0m [1;30mDEBUG[0m [32mInvoking command in '/home/nvidia/acfly_ws/build/mavros_extras': CMAKE_PREFIX_PATH=/home/nvidia/acfly_ws/install/mavros:/home/nvidia/acfly_ws/install/libmavconn:/home/nvidia/acfly_ws/install/mavros_msgs:/home/nvidia/acfly_ws/install/mavlink:/home/nvidia/acfly_ws/install/mavros_extras:/home/nvidia/acfly_ws/install/fly_mission_gps:/home/nvidia/acfly_ws/install/fly_mission:/home/nvidia/ws_orbbec/install/orbbec_description:/home/nvidia/ws_orbbec/install/orbbec_camera:/home/nvidia/ws_orbbec/install/orbbec_camera_msgs:/home/nvidia/ws_livox/install/livox_ros_driver2:/home/nvidia/ws_point/install/pos_link:/home/nvidia/ws_point/install/point_lio:/home/nvidia/ws_point/install/pcl_cloud:/home/nvidia/ws_point/install/ac_link:/home/nvidia/ws_orbbec/install/gemini_vision:/opt/ros/humble LD_LIBRARY_PATH=/home/nvidia/acfly_ws/install/mavros/lib:/home/nvidia/acfly_ws/install/libmavconn/lib:/home/nvidia/acfly_ws/install/mavros_msgs/lib:/usr/local/lib:/home/nvidia/acfly_ws/install/mavros_extras/lib:/usr/local/lib:/home/nvidia/ws_orbbec/install/orbbec_camera/lib:/home/nvidia/ws_orbbec/install/orbbec_camera_msgs/lib:/home/nvidia/ws_livox/install/livox_ros_driver2/lib:/home/nvidia/ws_point/install/ac_link/lib:/opt/ros/humble/opt/rviz_ogre_vendor/lib:/opt/ros/humble/lib/aarch64-linux-gnu:/opt/ros/humble/lib /usr/bin/cmake --build /home/nvidia/acfly_ws/build/mavros_extras -- -j8 -l8[0m
[4.068s] [34mcolcon.colcon_core.event_handler.log_command[0m [1;30mDEBUG[0m [32mInvoked command in '/home/nvidia/acfly_ws/build/mavros_extras' returned '0': CMAKE_PREFIX_PATH=/home/nvidia/acfly_ws/install/mavros:/home/nvidia/acfly_ws/install/libmavconn:/home/nvidia/acfly_ws/install/mavros_msgs:/home/nvidia/acfly_ws/install/mavlink:/home/nvidia/acfly_ws/install/mavros_extras:/home/nvidia/acfly_ws/install/fly_mission_gps:/home/nvidia/acfly_ws/install/fly_mission:/home/nvidia/ws_orbbec/install/orbbec_description:/home/nvidia/ws_orbbec/install/orbbec_camera:/home/nvidia/ws_orbbec/install/orbbec_camera_msgs:/home/nvidia/ws_livox/install/livox_ros_driver2:/home/nvidia/ws_point/install/pos_link:/home/nvidia/ws_point/install/point_lio:/home/nvidia/ws_point/install/pcl_cloud:/home/nvidia/ws_point/install/ac_link:/home/nvidia/ws_orbbec/install/gemini_vision:/opt/ros/humble LD_LIBRARY_PATH=/home/nvidia/acfly_ws/install/mavros/lib:/home/nvidia/acfly_ws/install/libmavconn/lib:/home/nvidia/acfly_ws/install/mavros_msgs/lib:/usr/local/lib:/home/nvidia/acfly_ws/install/mavros_extras/lib:/usr/local/lib:/home/nvidia/ws_orbbec/install/orbbec_camera/lib:/home/nvidia/ws_orbbec/install/orbbec_camera_msgs/lib:/home/nvidia/ws_livox/install/livox_ros_driver2/lib:/home/nvidia/ws_point/install/ac_link/lib:/opt/ros/humble/opt/rviz_ogre_vendor/lib:/opt/ros/humble/lib/aarch64-linux-gnu:/opt/ros/humble/lib /usr/bin/cmake --build /home/nvidia/acfly_ws/build/mavros_extras -- -j8 -l8[0m
[4.071s] [34mcolcon.colcon_core.event_handler.log_command[0m [1;30mDEBUG[0m [32mInvoking command in '/home/nvidia/acfly_ws/build/mavros_extras': CMAKE_PREFIX_PATH=/home/nvidia/acfly_ws/install/mavros:/home/nvidia/acfly_ws/install/libmavconn:/home/nvidia/acfly_ws/install/mavros_msgs:/home/nvidia/acfly_ws/install/mavlink:/home/nvidia/acfly_ws/install/mavros_extras:/home/nvidia/acfly_ws/install/fly_mission_gps:/home/nvidia/acfly_ws/install/fly_mission:/home/nvidia/ws_orbbec/install/orbbec_description:/home/nvidia/ws_orbbec/install/orbbec_camera:/home/nvidia/ws_orbbec/install/orbbec_camera_msgs:/home/nvidia/ws_livox/install/livox_ros_driver2:/home/nvidia/ws_point/install/pos_link:/home/nvidia/ws_point/install/point_lio:/home/nvidia/ws_point/install/pcl_cloud:/home/nvidia/ws_point/install/ac_link:/home/nvidia/ws_orbbec/install/gemini_vision:/opt/ros/humble LD_LIBRARY_PATH=/home/nvidia/acfly_ws/install/mavros/lib:/home/nvidia/acfly_ws/install/libmavconn/lib:/home/nvidia/acfly_ws/install/mavros_msgs/lib:/usr/local/lib:/home/nvidia/acfly_ws/install/mavros_extras/lib:/usr/local/lib:/home/nvidia/ws_orbbec/install/orbbec_camera/lib:/home/nvidia/ws_orbbec/install/orbbec_camera_msgs/lib:/home/nvidia/ws_livox/install/livox_ros_driver2/lib:/home/nvidia/ws_point/install/ac_link/lib:/opt/ros/humble/opt/rviz_ogre_vendor/lib:/opt/ros/humble/lib/aarch64-linux-gnu:/opt/ros/humble/lib /usr/bin/cmake --install /home/nvidia/acfly_ws/build/mavros_extras[0m
[4.120s] [34mcolcon.colcon_core.environment[0m [1;30mLevel 1[0m create_environment_scripts_only(mavros_extras)
[4.120s] [34mcolcon.colcon_core.environment[0m [1;30mLevel 1[0m checking '/home/nvidia/acfly_ws/install/mavros_extras' for CMake module files
[4.121s] [34mcolcon.colcon_core.event_handler.log_command[0m [1;30mDEBUG[0m [32mInvoked command in '/home/nvidia/acfly_ws/build/mavros_extras' returned '0': CMAKE_PREFIX_PATH=/home/nvidia/acfly_ws/install/mavros:/home/nvidia/acfly_ws/install/libmavconn:/home/nvidia/acfly_ws/install/mavros_msgs:/home/nvidia/acfly_ws/install/mavlink:/home/nvidia/acfly_ws/install/mavros_extras:/home/nvidia/acfly_ws/install/fly_mission_gps:/home/nvidia/acfly_ws/install/fly_mission:/home/nvidia/ws_orbbec/install/orbbec_description:/home/nvidia/ws_orbbec/install/orbbec_camera:/home/nvidia/ws_orbbec/install/orbbec_camera_msgs:/home/nvidia/ws_livox/install/livox_ros_driver2:/home/nvidia/ws_point/install/pos_link:/home/nvidia/ws_point/install/point_lio:/home/nvidia/ws_point/install/pcl_cloud:/home/nvidia/ws_point/install/ac_link:/home/nvidia/ws_orbbec/install/gemini_vision:/opt/ros/humble LD_LIBRARY_PATH=/home/nvidia/acfly_ws/install/mavros/lib:/home/nvidia/acfly_ws/install/libmavconn/lib:/home/nvidia/acfly_ws/install/mavros_msgs/lib:/usr/local/lib:/home/nvidia/acfly_ws/install/mavros_extras/lib:/usr/local/lib:/home/nvidia/ws_orbbec/install/orbbec_camera/lib:/home/nvidia/ws_orbbec/install/orbbec_camera_msgs/lib:/home/nvidia/ws_livox/install/livox_ros_driver2/lib:/home/nvidia/ws_point/install/ac_link/lib:/opt/ros/humble/opt/rviz_ogre_vendor/lib:/opt/ros/humble/lib/aarch64-linux-gnu:/opt/ros/humble/lib /usr/bin/cmake --install /home/nvidia/acfly_ws/build/mavros_extras[0m
[4.122s] [34mcolcon.colcon_core.environment[0m [1;30mLevel 1[0m checking '/home/nvidia/acfly_ws/install/mavros_extras' for CMake config files
[4.122s] [34mcolcon.colcon_core.shell[0m [1;30mLevel 1[0m create_environment_hook('mavros_extras', 'cmake_prefix_path')
[4.123s] [34mcolcon.colcon_core.shell[0m [1;30mINFO[0m Creating environment hook '/home/nvidia/acfly_ws/install/mavros_extras/share/mavros_extras/hook/cmake_prefix_path.ps1'
[4.124s] [34mcolcon.colcon_core.shell[0m [1;30mINFO[0m Creating environment descriptor '/home/nvidia/acfly_ws/install/mavros_extras/share/mavros_extras/hook/cmake_prefix_path.dsv'
[4.124s] [34mcolcon.colcon_core.shell[0m [1;30mINFO[0m Creating environment hook '/home/nvidia/acfly_ws/install/mavros_extras/share/mavros_extras/hook/cmake_prefix_path.sh'
[4.125s] [34mcolcon.colcon_core.environment[0m [1;30mLevel 1[0m checking '/home/nvidia/acfly_ws/install/mavros_extras/lib'
[4.125s] [34mcolcon.colcon_core.shell[0m [1;30mLevel 1[0m create_environment_hook('mavros_extras', 'ld_library_path_lib')
[4.126s] [34mcolcon.colcon_core.shell[0m [1;30mINFO[0m Creating environment hook '/home/nvidia/acfly_ws/install/mavros_extras/share/mavros_extras/hook/ld_library_path_lib.ps1'
[4.126s] [34mcolcon.colcon_core.shell[0m [1;30mINFO[0m Creating environment descriptor '/home/nvidia/acfly_ws/install/mavros_extras/share/mavros_extras/hook/ld_library_path_lib.dsv'
[4.127s] [34mcolcon.colcon_core.shell[0m [1;30mINFO[0m Creating environment hook '/home/nvidia/acfly_ws/install/mavros_extras/share/mavros_extras/hook/ld_library_path_lib.sh'
[4.127s] [34mcolcon.colcon_core.environment[0m [1;30mLevel 1[0m checking '/home/nvidia/acfly_ws/install/mavros_extras/bin'
[4.128s] [34mcolcon.colcon_core.environment[0m [1;30mLevel 1[0m checking '/home/nvidia/acfly_ws/install/mavros_extras/lib/pkgconfig/mavros_extras.pc'
[4.128s] [34mcolcon.colcon_core.environment[0m [1;30mLevel 1[0m checking '/home/nvidia/acfly_ws/install/mavros_extras/lib/python3.10/site-packages'
[4.128s] [34mcolcon.colcon_core.environment[0m [1;30mLevel 1[0m checking '/home/nvidia/acfly_ws/install/mavros_extras/bin'
[4.129s] [34mcolcon.colcon_core.shell[0m [1;30mINFO[0m Creating package script '/home/nvidia/acfly_ws/install/mavros_extras/share/mavros_extras/package.ps1'
[4.130s] [34mcolcon.colcon_core.shell[0m [1;30mINFO[0m Creating package descriptor '/home/nvidia/acfly_ws/install/mavros_extras/share/mavros_extras/package.dsv'
[4.131s] [34mcolcon.colcon_core.shell[0m [1;30mINFO[0m Creating package script '/home/nvidia/acfly_ws/install/mavros_extras/share/mavros_extras/package.sh'
[4.131s] [34mcolcon.colcon_core.shell[0m [1;30mINFO[0m Creating package script '/home/nvidia/acfly_ws/install/mavros_extras/share/mavros_extras/package.bash'
[4.132s] [34mcolcon.colcon_core.shell[0m [1;30mINFO[0m Creating package script '/home/nvidia/acfly_ws/install/mavros_extras/share/mavros_extras/package.zsh'
[4.132s] [34mcolcon.colcon_core.environment[0m [1;30mLevel 1[0m create_file_with_runtime_dependencies(/home/nvidia/acfly_ws/install/mavros_extras/share/colcon-core/packages/mavros_extras)
[4.133s] [34mcolcon.colcon_core.environment[0m [1;30mLevel 1[0m create_environment_scripts_only(mavros_extras)
[4.134s] [34mcolcon.colcon_core.environment[0m [1;30mLevel 1[0m checking '/home/nvidia/acfly_ws/install/mavros_extras' for CMake module files
[4.134s] [34mcolcon.colcon_core.environment[0m [1;30mLevel 1[0m checking '/home/nvidia/acfly_ws/install/mavros_extras' for CMake config files
[4.135s] [34mcolcon.colcon_core.shell[0m [1;30mLevel 1[0m create_environment_hook('mavros_extras', 'cmake_prefix_path')
[4.135s] [34mcolcon.colcon_core.shell[0m [1;30mINFO[0m Creating environment hook '/home/nvidia/acfly_ws/install/mavros_extras/share/mavros_extras/hook/cmake_prefix_path.ps1'
[4.136s] [34mcolcon.colcon_core.shell[0m [1;30mINFO[0m Creating environment descriptor '/home/nvidia/acfly_ws/install/mavros_extras/share/mavros_extras/hook/cmake_prefix_path.dsv'
[4.136s] [34mcolcon.colcon_core.shell[0m [1;30mINFO[0m Creating environment hook '/home/nvidia/acfly_ws/install/mavros_extras/share/mavros_extras/hook/cmake_prefix_path.sh'
[4.137s] [34mcolcon.colcon_core.environment[0m [1;30mLevel 1[0m checking '/home/nvidia/acfly_ws/install/mavros_extras/lib'
[4.137s] [34mcolcon.colcon_core.shell[0m [1;30mLevel 1[0m create_environment_hook('mavros_extras', 'ld_library_path_lib')
[4.138s] [34mcolcon.colcon_core.shell[0m [1;30mINFO[0m Creating environment hook '/home/nvidia/acfly_ws/install/mavros_extras/share/mavros_extras/hook/ld_library_path_lib.ps1'
[4.138s] [34mcolcon.colcon_core.shell[0m [1;30mINFO[0m Creating environment descriptor '/home/nvidia/acfly_ws/install/mavros_extras/share/mavros_extras/hook/ld_library_path_lib.dsv'
[4.139s] [34mcolcon.colcon_core.shell[0m [1;30mINFO[0m Creating environment hook '/home/nvidia/acfly_ws/install/mavros_extras/share/mavros_extras/hook/ld_library_path_lib.sh'
[4.139s] [34mcolcon.colcon_core.environment[0m [1;30mLevel 1[0m checking '/home/nvidia/acfly_ws/install/mavros_extras/bin'
[4.139s] [34mcolcon.colcon_core.environment[0m [1;30mLevel 1[0m checking '/home/nvidia/acfly_ws/install/mavros_extras/lib/pkgconfig/mavros_extras.pc'
[4.140s] [34mcolcon.colcon_core.environment[0m [1;30mLevel 1[0m checking '/home/nvidia/acfly_ws/install/mavros_extras/lib/python3.10/site-packages'
[4.140s] [34mcolcon.colcon_core.environment[0m [1;30mLevel 1[0m checking '/home/nvidia/acfly_ws/install/mavros_extras/bin'
[4.141s] [34mcolcon.colcon_core.shell[0m [1;30mINFO[0m Creating package script '/home/nvidia/acfly_ws/install/mavros_extras/share/mavros_extras/package.ps1'
[4.142s] [34mcolcon.colcon_core.shell[0m [1;30mINFO[0m Creating package descriptor '/home/nvidia/acfly_ws/install/mavros_extras/share/mavros_extras/package.dsv'
[4.143s] [34mcolcon.colcon_core.shell[0m [1;30mINFO[0m Creating package script '/home/nvidia/acfly_ws/install/mavros_extras/share/mavros_extras/package.sh'
[4.144s] [34mcolcon.colcon_core.shell[0m [1;30mINFO[0m Creating package script '/home/nvidia/acfly_ws/install/mavros_extras/share/mavros_extras/package.bash'
[4.144s] [34mcolcon.colcon_core.shell[0m [1;30mINFO[0m Creating package script '/home/nvidia/acfly_ws/install/mavros_extras/share/mavros_extras/package.zsh'
[4.145s] [34mcolcon.colcon_core.environment[0m [1;30mLevel 1[0m create_file_with_runtime_dependencies(/home/nvidia/acfly_ws/install/mavros_extras/share/colcon-core/packages/mavros_extras)
[4.145s] [34mcolcon.colcon_parallel_executor.executor.parallel[0m [1;30mDEBUG[0m [32mclosing loop[0m
[4.146s] [34mcolcon.colcon_parallel_executor.executor.parallel[0m [1;30mDEBUG[0m [32mloop closed[0m
[4.146s] [34mcolcon.colcon_parallel_executor.executor.parallel[0m [1;30mDEBUG[0m [32mrun_until_complete finished with '0'[0m
[4.147s] [34mcolcon.colcon_core.event_reactor[0m [1;30mDEBUG[0m [32mjoining thread[0m
[4.156s] [34mcolcon.colcon_core.plugin_system[0m [1;30mINFO[0m Skipping extension 'colcon_notification.desktop_notification.terminal_notifier': Not used on non-Darwin systems
[4.157s] [34mcolcon.colcon_core.plugin_system[0m [1;30mINFO[0m Skipping extension 'colcon_notification.desktop_notification.win32': Not used on non-Windows systems
[4.157s] [34mcolcon.colcon_notification.desktop_notification[0m [1;30mINFO[0m Sending desktop notification using 'notify2'
[4.177s] [34mcolcon.colcon_core.event_reactor[0m [1;30mDEBUG[0m [32mjoined thread[0m
[4.178s] [34mcolcon.colcon_core.shell[0m [1;30mINFO[0m Creating prefix script '/home/nvidia/acfly_ws/install/local_setup.ps1'
[4.181s] [34mcolcon.colcon_core.shell[0m [1;30mINFO[0m Creating prefix util module '/home/nvidia/acfly_ws/install/_local_setup_util_ps1.py'
[4.183s] [34mcolcon.colcon_core.shell[0m [1;30mINFO[0m Creating prefix chain script '/home/nvidia/acfly_ws/install/setup.ps1'
[4.187s] [34mcolcon.colcon_core.shell[0m [1;30mINFO[0m Creating prefix script '/home/nvidia/acfly_ws/install/local_setup.sh'
[4.188s] [34mcolcon.colcon_core.shell[0m [1;30mINFO[0m Creating prefix util module '/home/nvidia/acfly_ws/install/_local_setup_util_sh.py'
[4.190s] [34mcolcon.colcon_core.shell[0m [1;30mINFO[0m Creating prefix chain script '/home/nvidia/acfly_ws/install/setup.sh'
[4.194s] [34mcolcon.colcon_core.shell[0m [1;30mINFO[0m Creating prefix script '/home/nvidia/acfly_ws/install/local_setup.bash'
[4.195s] [34mcolcon.colcon_core.shell[0m [1;30mINFO[0m Creating prefix chain script '/home/nvidia/acfly_ws/install/setup.bash'
[4.200s] [34mcolcon.colcon_core.shell[0m [1;30mINFO[0m Creating prefix script '/home/nvidia/acfly_ws/install/local_setup.zsh'
[4.201s] [34mcolcon.colcon_core.shell[0m [1;30mINFO[0m Creating prefix chain script '/home/nvidia/acfly_ws/install/setup.zsh'
